Promoter,Threshold,Activation,S5PInt,S2PInt,Contact,DistActivation
1,10,1,20.1255,0.540541,17.3,127.064
1,10,1,27.0812,0.540541,20.66,136.744
1,10,1,23.6527,0.540541,17.39,109.615
1,10,1,15.3823,0,12.15,0
1,10,1,3.396,1.08108,1.53,124.36
1,10,1,39.0749,0.562162,31.17,125.367
1,10,1,41.3691,1.62162,32.61,119.319
1,10,1,12.0407,0.540541,8.8,113.207
1,10,1,52.741,4.86486,45.55,129.698
1,10,1,29.8635,3.78378,22.61,159.359
1,10,1,34.36,1.08108,28.87,124.44
1,10,1,37.1321,0.540541,28.42,102.907
1,10,1,43.8453,2.94054,39.28,132.543
1,10,1,50.048,1.62162,41.85,122.112
1,10,1,32.7803,0.540541,27.22,131.394
1,10,1,23.3002,0.540541,17.16,134.975
1,10,1,27.8252,2.16216,23.04,126.772
1,10,1,38.9887,0.540541,30.62,121.757
1,10,1,29.9635,0,24.61,0
1,10,1,20.5334,0,16.07,0
1,20,1,40.4839,2.16216,33.17,111.381
1,20,1,33.8363,1.08108,25.85,110.833
1,20,1,42.9991,1.08108,34.09,123.097
1,20,1,45.92,0.540541,35.94,131.144
1,20,1,37.4897,1.54595,29.88,120.374
1,20,1,7.9154,1.08108,5.43,119.028
1,20,1,2.4169,0,0.15,0
1,20,1,19.1235,0.540541,13.66,135.066
1,20,1,10.6554,2.16216,7.7,156.779
1,20,1,10.5256,0.540541,9.52,146.784
1,20,1,42.1143,1.42703,32.81,122.27
1,20,1,23.3632,0,19.01,0
1,20,1,35.8006,1.08108,28.89,112.178
1,20,1,24.5219,1.42703,20.64,177.098
1,20,1,21.3486,0.540541,15.48,159.531
1,20,1,19.5034,0.540541,16.31,114.769
1,20,1,16.7094,0.540541,14.15,144.595
1,20,1,3.1708,0,0.92,0
1,20,1,31.641,1.62162,26.77,115.525
1,20,1,21.0999,3.24324,17.93,113.387
1,30,1,9.6084,0,7.81,0
1,30,1,30.9705,1.62162,24.03,125.884
1,30,1,1.7504,0,0.09,0
1,30,1,21.2963,2.16216,17.77,119.937
1,30,1,37.5103,1.08108,33.02,134.434
1,30,1,10.1493,0.540541,6.94,157.659
1,30,1,37.1459,1.62162,30.31,115.746
1,30,1,44.6311,1.08108,36.49,126.463
1,30,1,17.6827,0.540541,12.61,130.397
1,30,1,2.4726,0,0.02,0
1,30,1,22.4599,1.62162,18.04,129.916
1,30,1,30.2002,0.540541,23.57,115.753
1,30,1,46.3678,0.540541,37.63,115.973
1,30,1,23.8412,1.08108,20.87,124.146
1,30,1,33.6418,0.540541,26.67,115.663
1,30,1,2.003,0,0.08,0
1,30,1,44.4058,2.16216,38,118.154
1,30,1,31.2846,0,28.25,0
1,30,1,5.2334,0.540541,2.92,126.098
1,30,1,15.9301,0.540541,10.41,122.176
1,40,1,23.8203,0,18.66,0
1,40,1,30.6576,1.08108,22.46,114.553
1,40,1,43.4375,2.7027,36.74,120.801
1,40,1,7.3268,0.540541,4.71,119.795
1,40,1,21.4299,1.08108,17.71,130.928
1,40,1,18.108,1.08108,14.44,135.9
1,40,1,19.4959,0.540541,17.62,136.683
1,40,1,23.9709,0.540541,18.49,132.689
1,40,1,10.4129,0.540541,8.03,132.596
1,40,1,22.1362,0.540541,17.39,123.239
1,40,1,41.6276,0.540541,33.98,125.447
1,40,1,33.8867,0.540541,28.62,113.875
1,40,1,8.0016,0.540541,5.57,124
1,40,1,13.8024,1.62162,10.75,112.452
1,40,1,8.2744,0,4.9,0
1,40,1,34.2026,0,24.65,0
1,40,1,8.4225,0.540541,5.66,121.056
1,40,1,21.3203,0,15.28,0
1,40,1,54.9817,2.7027,50.59,133.886
1,40,1,17.454,0.540541,13.78,113.371
1,50,1,17.2198,1.08108,13.15,143.587
1,50,1,2.1256,0,0,0
1,50,1,23.2406,1.45946,20.49,129.324
1,50,1,19.5166,0,14.67,0
1,50,1,27.3178,2.16216,19.63,123.328
1,50,1,35.5777,0.540541,27.56,137.684
1,50,1,2.1265,0,0.06,0
1,50,1,32.1049,2.16216,25.19,114.033
1,50,1,8.5292,0.540541,5.8,129.432
1,50,1,51.6746,4.32432,47.25,124.473
1,50,1,12.1154,0,8.12,0
1,50,1,33.2329,0.540541,25.95,130.951
1,50,1,2.4635,0,0.04,0
1,50,1,19.5994,0.540541,14.76,113.705
1,50,1,29.0146,1.08108,22.22,128.88
1,50,1,58.6937,1.62162,46.07,112.919
1,50,1,39.3043,3.78378,35.17,127.215
1,50,1,36.5495,2.7027,31.92,124.32
1,50,1,49.3497,2.16216,42.64,121.941
1,50,1,13.043,1.62162,12.25,130.775
1,60,1,40.7731,0.540541,34.21,121.999
1,60,1,29.9115,0.540541,25.06,115.92
1,60,1,49.7488,1.08108,40.85,129.016
1,60,1,23.5041,2.45405,18.58,112.356
1,60,1,14.2584,0,11.99,0
1,60,1,29.8768,3.24324,24.61,123.438
1,60,1,29.1106,0.540541,21.54,121.743
1,60,1,17.319,1.08108,12.62,116.839
1,60,1,28.1842,0,23.68,0
1,60,1,30.9265,1.08108,24.79,129.166
1,60,1,16.8598,1.08108,11.46,124.896
1,60,1,51.2107,1.62162,40.36,118.04
1,60,1,23.8267,0.540541,20.74,107.068
1,60,1,10.2852,0,7.87,0
1,60,1,47.3168,0.540541,39.06,123.592
1,60,1,16.8869,0,13.51,0
1,60,1,23.0355,1.62162,18.72,126.999
1,60,1,55.6707,1.08108,42.31,119.54
1,60,1,39.134,1.62162,31.51,115.062
1,60,1,23.758,1.62162,19.73,119.931
1,70,1,35.8192,1.08108,28.98,112.682
1,70,1,40.3974,0,33.58,0
1,70,1,16.7375,0.540541,13.23,105.784
1,70,1,22.6351,1.08108,15.36,125.348
1,70,1,48.4196,2.7027,43.32,125.391
1,70,1,24.2004,2.16216,20.35,129.873
1,70,1,49.6694,2.16216,40.19,127.876
1,70,1,27.9606,1.62162,22.34,123.561
1,70,1,9.7368,0,6.84,0
1,70,1,7.3416,0,4.37,0
1,70,1,21.4902,1.62162,15.36,124.107
1,70,1,51.6645,1.62162,45.14,122.128
1,70,1,45.1084,1.08108,36.76,118.803
1,70,1,2.241,0,0,0
1,70,1,19.6868,0,15.35,0
1,70,1,35.7375,0,32.26,0
1,70,1,19.4642,2.7027,15.52,123.889
1,70,1,43.0863,0.540541,38.48,108.063
1,70,1,27.976,0.540541,25.22,107.373
1,70,1,14.8494,0,9.09,0
1,75,1,24.5138,1.62162,19.91,124.423
1,75,1,26.8018,1.08108,22.8,125.429
1,75,1,46.7977,0.540541,38.99,118.097
1,75,1,28.3597,1.08108,24.37,119.265
1,75,1,23.9373,0.540541,19.12,114.762
1,75,1,55.5374,2.16216,42.23,112.904
1,75,1,45.0788,1.08108,39.12,123.067
1,75,1,33.395,1.62162,26.47,114.076
1,75,1,45.0679,2.7027,37.72,134.329
1,75,1,50.4746,3.24324,42.96,123.223
1,75,1,20.5929,0.540541,16.52,115.976
1,75,1,48.4294,1.08108,38.64,123.598
1,75,1,11.5859,0.540541,8.81,121.484
1,75,1,19.3886,0.540541,14.69,118.546
1,75,1,21.5871,0,16.08,0
1,75,1,25.0302,1.08108,19.97,136.098
1,75,1,20.2928,0.540541,14.54,119.245
1,75,1,49.0593,2.16216,42.41,120.396
1,75,1,10.2144,0,6.97,0
1,75,1,24.3536,0.540541,20.58,145.433
1,80,1,24.6051,0.540541,20.06,115.551
1,80,1,9.245,0,5.03,0
1,80,1,43.0274,1.08108,38.53,130.935
1,80,1,22.5993,0,17.94,0
1,80,1,39.4303,1.08108,31.33,128.253
1,80,1,22.5289,0,17.13,0
1,80,1,26.9289,0.540541,19.89,110.049
1,80,1,26.6856,0,21.53,0
1,80,1,19.7769,0.540541,14.65,141.226
1,80,1,19.2516,1.08108,17.11,143.193
1,80,1,16.4856,0,11.51,0
1,80,1,40.9715,0,32.86,0
1,80,1,18.6181,0,13.59,0
1,80,1,2.3051,0,0.01,0
1,80,1,15.9922,1.08108,12.69,117.829
1,80,1,16.1137,0,11.41,0
1,80,1,21.6318,1.08108,17.29,140.242
1,80,1,40.3157,0.540541,34.56,118.526
1,80,1,53.4053,2.7027,42.74,115.582
1,80,1,35.6534,0.540541,27.14,114.238
1,90,1,37.6435,1.15676,28.76,116.763
1,90,1,21.9802,0,16.75,0
1,90,1,31.243,0.475676,23.7,123.502
1,90,1,47.0712,1.62162,39.42,123.076
1,90,1,53.2875,2.7027,47.61,125.953
1,90,1,4.9515,0,2.31,0
1,90,1,7.2873,1.08108,6.21,119.239
1,90,1,2.1726,0,0.02,0
1,90,1,17.7084,0.540541,14.72,134.735
1,90,1,24.5596,1.62162,21.83,127.073
1,90,1,40.8371,0,29.76,0
1,90,1,35.5114,0,28.81,0
1,90,1,18.5915,0.540541,14.34,107.992
1,90,1,31.1324,0.540541,23.41,118.164
1,90,1,25.201,1.08108,20.17,112.671
1,90,1,13.0695,0,9.03,0
1,90,1,2.1467,0,0.13,0
1,90,1,31.9576,0.540541,26.1,117.047
1,90,1,24.21,1.08108,19.79,127.168
1,90,1,36.6467,2.16216,28.37,121.36
1,100,1,14.5779,0,10.49,0
1,100,1,22.1963,0,16.53,0
1,100,1,31.9011,0.540541,23.52,138.16
1,100,1,18.8556,0,13.93,0
1,100,1,38.867,1.08108,32.39,128.224
1,100,1,9.911,0.540541,6.67,135.376
1,100,1,32.7282,0.540541,29.61,135.459
1,100,1,18.1956,1.08108,13.31,133.786
1,100,1,14.9501,0,11.05,0
1,100,1,35.4735,0.540541,28.54,131.107
1,100,1,16.7855,0.540541,12,117.208
1,100,1,34.3183,1.08108,29.62,120.251
1,100,1,29.7523,1.08108,24.99,110.233
1,100,1,37.8017,0.540541,31.4,111.7
1,100,1,20.6701,0.454054,16.28,111.951
1,100,1,20.2697,0.540541,16.25,142.839
1,100,1,15.6497,0,11.52,0
1,100,1,39.454,1.08108,37.1,159.245
1,100,1,2.4434,0,0.05,0
1,100,1,34.674,1.54595,29.84,113.848
1,10,5,9.2935,1.08108,6.78,116.755
1,10,5,5.5505,0.540541,2.63,307.242
1,10,5,12.6586,1.66486,8.38,118.461
1,10,5,3.0055,0.540541,0.34,286.824
1,10,5,18.2029,4.86486,15.11,155.347
1,10,5,14.9428,3.78378,12.48,148.652
1,10,5,9.7389,0.540541,7.95,126.423
1,10,5,13.4215,2.7027,11,131.521
1,10,5,37.1507,8.64865,32.93,126.695
1,10,5,22.7418,4.86486,19.79,184.969
1,10,5,11.4105,3.24324,8.89,131.113
1,10,5,18.7261,3.81622,17.62,119.059
1,10,5,22.9977,4.32432,18.38,116.896
1,10,5,27.0448,7.92432,22.82,175.157
1,10,5,11.7374,2.7027,8.26,166.67
1,10,5,15.0534,3.24324,12.47,131.266
1,10,5,37.2888,6.48649,29.22,123.413
1,10,5,2.4086,0,0.57,0
1,10,5,14.4327,3.78378,12.62,139.731
1,10,5,24.2594,6.11892,20.92,164.314
1,20,5,7.3792,1.27568,4.47,119.208
1,20,5,10.564,2.81081,9.43,124.478
1,20,5,10.2887,1.08108,7.94,109.995
1,20,5,17.2587,5.40541,13.87,147.754
1,20,5,2.3824,0,0.11,0
1,20,5,9.0406,1.76216,6.7,115.699
1,20,5,23.8018,4.32432,23.08,116.954
1,20,5,5.021,1.62162,2.88,178.416
1,20,5,5.8441,2.16216,4.88,186.852
1,20,5,23.8519,4.32432,19.45,173.135
1,20,5,4.2025,1.08108,2.5,124.212
1,20,5,5.4512,0,2.76,0
1,20,5,8.0601,0.540541,7.37,136.299
1,20,5,9.3455,4.32432,8.68,138.358
1,20,5,12.43,1.08108,9.33,207.596
1,20,5,24.6681,7.02703,23.89,137.73
1,20,5,10.3785,3.28649,9.33,157.446
1,20,5,11.8197,2.7027,9.86,122.406
1,20,5,30.4508,4.61622,25.68,179.574
1,20,5,20.6815,5.40541,16.76,156.662
1,30,5,31.1816,2.7027,23.7,116.832
1,30,5,8.8737,1.40541,6.97,117.325
1,30,5,21.6057,3.24324,15.97,128.99
1,30,5,22.5964,4.90811,19.97,145.918
1,30,5,18.0926,3.24324,13.19,145.792
1,30,5,23.2162,2.16216,19.15,117.997
1,30,5,10.9995,3.24324,8.29,155.521
1,30,5,12.2302,1.58919,8.68,118.915
1,30,5,4.8326,1.62162,3.2,131.465
1,30,5,23.1663,4.61622,21.17,144.136
1,30,5,20.5133,3.78378,17.66,137.167
1,30,5,15.4634,1.76216,12.74,120.197
1,30,5,20.3288,5.40541,15.91,134.796
1,30,5,26.7027,6.48649,21.67,123.596
1,30,5,4.8812,1.08108,2.7,113.364
1,30,5,24.6464,4.42162,19.58,122.004
1,30,5,11.3541,1.62162,8.41,134.952
1,30,5,25.5476,4.90811,23.06,120.509
1,30,5,31.0242,7.02703,25.96,122.829
1,30,5,10.1588,2.16216,7.58,136.665
1,40,5,11.6191,2.7027,8.27,149.733
1,40,5,2.2399,0,0.26,0
1,40,5,14.5406,2.16216,10.44,119.432
1,40,5,19.7949,3.78378,15.47,127.213
1,40,5,35.9775,7.56757,33.73,120.973
1,40,5,1.7818,0,0.19,0
1,40,5,10.2281,2.37838,9.52,119.177
1,40,5,10.1511,2.7027,7.6,153.35
1,40,5,15.9011,4.32432,12.29,145.698
1,40,5,2.0521,0,0,0
1,40,5,15.9226,3.24324,14.17,117.247
1,40,5,15.658,4.86486,12.84,120.399
1,40,5,11.4861,3.24324,9.22,121.324
1,40,5,18.8939,3.24324,14.73,120.05
1,40,5,2.2572,0,0.07,0
1,40,5,29.3812,2.7027,22.89,117.972
1,40,5,2.0314,0,0.01,0
1,40,5,2.595,0,0.54,0
1,40,5,2.4716,0,0.2,0
1,40,5,14.0603,2.16216,11.01,130.4
1,50,5,2.3467,0,0,0
1,50,5,19.4565,3.24324,18.03,141.504
1,50,5,9.2417,0.540541,7.27,116.947
1,50,5,15.8267,4.32432,12.84,159.29
1,50,5,1.963,0,0,0
1,50,5,5.113,1.08108,3.59,112.396
1,50,5,4.3174,0.540541,2.24,123.748
1,50,5,2.0229,0,0,0
1,50,5,5.708,1.62162,2.86,114.699
1,50,5,2.8534,0.540541,1.46,106.345
1,50,5,14.8465,2.16216,12.96,119.536
1,50,5,15.3876,3.24324,12.71,168.554
1,50,5,14.8949,2.7027,10.84,108.403
1,50,5,11.6693,1.08108,9.46,148.29
1,50,5,32.7033,5.9027,30.13,124.05
1,50,5,27.69,7.22162,22.15,132.535
1,50,5,11.3657,4.32432,9.37,154.036
1,50,5,9.0587,1.08108,7.06,123.241
1,50,5,31.3878,5.40541,25.61,148.205
1,50,5,12.8042,1.80541,9.32,117.086
1,60,5,21.2077,3.56757,17.36,117.28
1,60,5,12.6548,0.540541,9.23,115.995
1,60,5,9.7367,2.16216,6.48,120.85
1,60,5,21.1871,5.40541,17.83,119.257
1,60,5,4.98,0,2.3,0
1,60,5,17.1076,3.24324,14.12,121.46
1,60,5,13.6182,3.24324,10.12,134.614
1,60,5,7.1478,1.08108,4.84,118.47
1,60,5,23.3221,3.15676,19.64,118.526
1,60,5,15.9388,3.24324,12.02,117.883
1,60,5,15.5445,2.7027,11.7,124.61
1,60,5,26.1559,4.42162,21.73,129.715
1,60,5,17.4643,2.16216,13.72,128.145
1,60,5,22.5439,5.09189,19.59,122.212
1,60,5,36.8236,3.78378,33.47,126.135
1,60,5,8.3919,1.08108,6.12,122.499
1,60,5,24.2138,4.06486,22.39,124.84
1,60,5,26.1857,8.10811,24.78,122.196
1,60,5,9.3795,0.540541,7.18,123.23
1,60,5,17.2945,5.85946,15.46,135.551
1,70,5,32.9123,5.40541,29.8,119.028
1,70,5,10.2664,2.7027,7.01,135.697
1,70,5,20.4778,2.08649,15.44,121.48
1,70,5,26.9994,4.32432,24.27,119.65
1,70,5,1.7636,0,0,0
1,70,5,11.0219,1.08108,8.27,117.648
1,70,5,31.4799,7.9027,27.93,120.995
1,70,5,11.5527,0.540541,7.71,117.369
1,70,5,14.6951,1.62162,11.47,126.088
1,70,5,36.5813,4.32432,30.94,116.78
1,70,5,7.6518,1.08108,5.07,105.67
1,70,5,5.8759,0.540541,3.36,131.741
1,70,5,33.7747,5.94595,26.46,133.084
1,70,5,20.5709,4.32432,15.83,140.665
1,70,5,18.6526,2.7027,16.61,139.976
1,70,5,2.2658,0,0.09,0
1,70,5,11.2814,2.16216,8.24,124.066
1,70,5,17.1664,4.32432,14.48,149.198
1,70,5,20.5259,2.16216,16.63,116.942
1,70,5,18.1922,3.24324,14.17,142.816
1,75,5,21.693,2.7027,16.66,117.524
1,75,5,26.0878,4.32432,20.8,118.192
1,75,5,2.7946,0.540541,1.01,100.573
1,75,5,17.6065,2.16216,13.63,122.283
1,75,5,11.0086,3.24324,8.77,120.086
1,75,5,26.1463,3.24324,22.63,122.647
1,75,5,37.0298,4.23784,33.59,122.177
1,75,5,16.5723,4.32432,14.67,120.257
1,75,5,30.8866,5.40541,27.23,127.283
1,75,5,2.1055,0,0.12,0
1,75,5,12.2756,2.84324,8.96,119.571
1,75,5,26.9042,2.74595,24.27,122.016
1,75,5,42.6749,7.02703,34.52,120.413
1,75,5,45.9191,5.40541,37.96,132.409
1,75,5,39.9753,4.86486,36.64,121.239
1,75,5,17.6356,3.24324,14.29,137.204
1,75,5,2.2494,0,0,0
1,75,5,13.6962,2.7027,11.13,151.522
1,75,5,18.1312,4.32432,15.76,131.954
1,75,5,21.5393,2.7027,17.55,125.356
1,80,5,10.912,2.47568,11.41,146.488
1,80,5,23.7009,3.24324,19.17,121.059
1,80,5,9.1358,1.08108,6.08,116.735
1,80,5,10.5759,2.16216,8.64,119.872
1,80,5,2.5555,0,0,0
1,80,5,16.3359,1.62162,13.09,118.267
1,80,5,25.3589,3.97838,22.92,122.283
1,80,5,31.6046,4.86486,25.07,121.78
1,80,5,16.1527,0.540541,13.18,117.559
1,80,5,13.2123,2.7027,10.69,116.522
1,80,5,17.3733,2.7027,13.25,121.161
1,80,5,6.1996,1.62162,4.27,125.526
1,80,5,13.669,3.24324,10.91,174.722
1,80,5,4.3305,0.540541,2.18,142.255
1,80,5,34.9299,4.86486,29.08,126.299
1,80,5,12.9616,2.7027,9.31,149.905
1,80,5,12.8238,2.16216,10.09,126.101
1,80,5,23.4282,2.16216,16.74,117.829
1,80,5,2.323,0,0.04,0
1,80,5,20.5361,3.78378,18.17,124.436
1,90,5,22.551,3.78378,17.52,121.937
1,90,5,18.3656,3.78378,16.39,117.066
1,90,5,15.3231,1.08108,13.13,126.714
1,90,5,39.3981,5.94595,34.02,143.235
1,90,5,5.4144,0.540541,2.87,282.127
1,90,5,22.7119,1.89189,18.45,124.661
1,90,5,2.6089,0.540541,0.52,117.157
1,90,5,20.5707,3.78378,16.95,126.093
1,90,5,37.4871,5.94595,33.11,137.164
1,90,5,21.9523,1.62162,17.13,120.325
1,90,5,13.6487,1.08108,9.72,119.041
1,90,5,13.5204,2.16216,10.67,122.135
1,90,5,20.605,1.66486,16.62,124.275
1,90,5,14.8565,2.91892,12.55,116.782
1,90,5,23.4523,3.78378,18.84,123.347
1,90,5,11.9899,2.7027,8.93,124.746
1,90,5,19.3888,3.78378,18.73,126.685
1,90,5,18.9727,3.24324,15.21,117.183
1,90,5,20.7519,1.62162,18.14,129.826
1,90,5,18.0063,1.62162,13.98,116.88
1,100,5,28.9672,3.89189,24.16,123.489
1,100,5,23.0513,2.16216,18.31,145.735
1,100,5,3.7896,0.540541,1.2,118.255
1,100,5,9.4847,1.08108,6.68,129.801
1,100,5,27.5717,5.04865,23.92,127.583
1,100,5,33.5765,6.59459,32.57,141.201
1,100,5,7.1933,0.540541,4.26,113.361
1,100,5,23.4957,1.08108,19.09,120.475
1,100,5,16.716,2.7027,12.48,125.517
1,100,5,27.6142,5.94595,23.34,137.104
1,100,5,25.3847,1.62162,18.62,121.208
1,100,5,17.6784,1.62162,16.09,132.601
1,100,5,30.4068,3.24324,23.88,121.449
1,100,5,6.8364,1.08108,6.41,124.756
1,100,5,25.4191,3.78378,21.88,119.029
1,100,5,14.2282,1.62162,12.32,130.389
1,100,5,20.3867,3.78378,17.67,125.678
1,100,5,8.8485,1.62162,7.15,130.304
1,100,5,13.766,0.540541,11.73,145.222
1,100,5,5.7062,1.08108,2.73,116.307
1,10,10,3.8859,2.7027,2.79,147.971
1,10,10,2.1719,0,0.02,0
1,10,10,13.6212,6.77838,11.55,170.377
1,10,10,9.4249,3.24324,6.81,167.075
1,10,10,4.0444,0,2.18,0
1,10,10,12.9652,7.02703,11.52,168.777
1,10,10,16.9765,9.18919,16.68,176.426
1,10,10,20.9533,9.35135,20.68,128.679
1,10,10,21.3256,6.48649,16.63,180.718
1,10,10,19.5405,9.14595,16.92,152.158
1,10,10,13.4375,5.40541,13.24,136.125
1,10,10,4.3496,3.24324,2.77,218.742
1,10,10,13.0853,4.32432,11.21,136.523
1,10,10,15.092,8.10811,13.82,193.772
1,10,10,9.4773,5.40541,8.24,177.688
1,10,10,8.7205,2.48649,6.66,160.71
1,10,10,10.5319,3.24324,7.77,113.235
1,10,10,5.2183,2.7027,4.53,151.282
1,10,10,2.3613,0.540541,0.12,292.299
1,10,10,16.9786,7.56757,14.08,147.292
1,20,10,16.2786,5.40541,14.68,143.892
1,20,10,3.5315,1.08108,1.33,160.572
1,20,10,8.7769,3.78378,7.44,174.622
1,20,10,27.4045,5.2,23.88,136.728
1,20,10,2.0454,0,0.16,0
1,20,10,8.577,5.94595,8.7,140.271
1,20,10,11.4295,4.32432,8.87,119.883
1,20,10,3.5795,2.16216,2.13,214.584
1,20,10,5.215,3.78378,3.85,158.975
1,20,10,26.5842,8.84324,22.63,144.052
1,20,10,17.1361,3.24324,14.81,166.13
1,20,10,7.9458,2.7027,6.13,142.231
1,20,10,7.516,3.24324,6.17,150.384
1,20,10,14.8784,6.48649,12,179.211
1,20,10,4.5366,3.24324,2.64,233.638
1,20,10,20.5072,10.8108,20.31,146.558
1,20,10,17.928,7.2,14.09,167.106
1,20,10,10.1035,4.19459,7.67,150.317
1,20,10,26.3192,12.4324,23.05,155.399
1,20,10,8.2572,4.86486,6.78,142.837
1,30,10,23.3125,11.3514,20.78,139.364
1,30,10,13.9681,5.94595,12.12,164.012
1,30,10,4.2544,0.540541,2.92,127.925
1,30,10,14.1335,4.55135,11.34,145.057
1,30,10,10.7043,5.68649,7.56,205.569
1,30,10,9.1377,4.86486,7.01,142.878
1,30,10,19.4949,7.02703,19.75,127.011
1,30,10,2.8631,1.08108,1.35,123.734
1,30,10,21.1671,3.78378,16.19,122.879
1,30,10,15.6166,7.56757,13.22,132.104
1,30,10,13.0087,3.78378,10.29,148.27
1,30,10,23.2933,7.02703,19.92,117.571
1,30,10,24.0269,8.46486,19.57,173.729
1,30,10,37.6305,14.3135,32.74,133.736
1,30,10,13.5899,4.32432,12.57,143.668
1,30,10,4.1385,1.08108,1.92,141.409
1,30,10,11.3592,1.62162,8.64,122.088
1,30,10,11.6405,3.78378,9.78,122.105
1,30,10,1.7819,0,0.32,0
1,30,10,27.9485,8.07568,24.91,118.646
1,40,10,19.2838,7.56757,16.25,141.443
1,40,10,34.2737,10.3459,30.47,121.43
1,40,10,12.4706,4.86486,10.21,139.968
1,40,10,5.2766,2.7027,4.18,133.906
1,40,10,8.7396,4.32432,7.36,119.8
1,40,10,4.8252,1.62162,3.36,145.556
1,40,10,22.8252,8.64865,20.1,144.191
1,40,10,12.6901,3.24324,10.12,144.404
1,40,10,16.7358,3.24324,14.96,128.427
1,40,10,7.6827,2.7027,5.89,140.572
1,40,10,3.3853,0.540541,1.1,109.396
1,40,10,10.7104,1.62162,7.98,127.425
1,40,10,26.2044,10.8108,24.55,131
1,40,10,17.2694,2.7027,15.75,130.741
1,40,10,6.2755,2.16216,3.44,148.273
1,40,10,9.8382,3.68649,8.65,137.275
1,40,10,11.3515,3.32973,8.44,115.424
1,40,10,4.9809,0.378378,2.42,119.945
1,40,10,2.1897,0,0.11,0
1,40,10,15.1015,5.40541,11.95,130.157
1,50,10,13.0817,4.90811,11.7,147.218
1,50,10,4.7716,2.16216,2.56,196.393
1,50,10,21.8534,9.5027,20.13,126.422
1,50,10,10.5656,2.7027,7.79,160.938
1,50,10,5.1077,1.08108,3.46,131.84
1,50,10,5.7793,2.16216,4.43,115.274
1,50,10,33.7629,6.48649,28.74,126.065
1,50,10,13.4648,4.33514,12.18,149.261
1,50,10,12.2423,2.7027,11.02,147.21
1,50,10,2.9101,0.540541,0.96,116.227
1,50,10,10.1811,3.78378,8.08,171.563
1,50,10,6.5806,2.7027,5.39,131.336
1,50,10,5.4886,3.24324,4.25,144.797
1,50,10,25.8146,9.01622,24.26,133.429
1,50,10,7.0341,2.16216,5.24,148.315
1,50,10,28.9724,8.31351,25.5,141.801
1,50,10,4.8352,1.08108,3.22,135.074
1,50,10,13.3902,4.86486,11.36,129.524
1,50,10,22.8514,6.48649,23.15,120.072
1,50,10,19.6502,5.6,16.04,154.039
1,60,10,10.3882,2.16216,8.91,158.493
1,60,10,12.1123,1.85946,10.12,131.175
1,60,10,31.8831,10.2703,28.64,122.217
1,60,10,14.4675,4.32432,13.39,141.263
1,60,10,12.0677,3.41622,9.79,142.456
1,60,10,12.0859,4.32432,10.59,133.059
1,60,10,9.0536,4.86486,7.45,132.738
1,60,10,11.0819,5.40541,10.1,126.043
1,60,10,2.8229,1.08108,1.83,136.05
1,60,10,6.7036,1.62162,4.12,160.841
1,60,10,14.4003,5.94595,13.08,130.998
1,60,10,19.3464,6.48649,16.72,127.62
1,60,10,9.2569,3.24324,7.64,119.371
1,60,10,9.6481,4.32432,7.94,151.183
1,60,10,14.6963,3.24324,12.05,149.665
1,60,10,17.5586,5.83784,16.58,125.995
1,60,10,4.2684,0.540541,1.81,109.491
1,60,10,17.1975,2.16216,14.03,118.115
1,60,10,3.8574,0.540541,1.38,130.561
1,60,10,9.4928,3.23243,7.55,141.405
1,70,10,2.0404,0,0,0
1,70,10,14.8713,5.94595,12.17,130.683
1,70,10,14.2961,4.32432,11.89,151.18
1,70,10,13.4352,5.40541,10.82,122.846
1,70,10,2.7595,0,0.5,0
1,70,10,22.4296,9.09189,20.8,145.888
1,70,10,9.4332,1.08108,6.71,111.738
1,70,10,20.949,9.72973,20.44,134.314
1,70,10,13.6034,3.78378,10.22,134.349
1,70,10,8.8993,5.51351,8.27,161.278
1,70,10,11.8072,3.78378,9.77,138.426
1,70,10,24.5664,8.10811,22.21,128.566
1,70,10,5.1521,1.62162,3.51,125.686
1,70,10,2.1234,0,0.01,0
1,70,10,9.7323,3.24324,7.67,138.061
1,70,10,15.9835,3.78378,15.1,126.702
1,70,10,21.8983,7.56757,17.95,143.577
1,70,10,24.0104,6.48649,20.89,122.224
1,70,10,20.7603,5.94595,17.77,139.443
1,70,10,10.3563,3.24324,7.81,131.513
1,75,10,4.1577,1.62162,3.4,137.149
1,75,10,4.0648,1.08108,2.12,119.972
1,75,10,15.2387,6.48649,13.52,130.604
1,75,10,8.3958,3.24324,7,121.733
1,75,10,13.0599,3.24324,11.03,154.234
1,75,10,2.1224,0,0.02,0
1,75,10,6.3675,2.16216,5.33,158.243
1,75,10,11.9092,2.7027,9.57,116.049
1,75,10,17.1514,4.86486,14.15,120.281
1,75,10,7.9635,2.16216,6.84,132.661
1,75,10,23.3137,4.32432,20.06,122.059
1,75,10,14.7627,3.78378,12.3,127.953
1,75,10,11.1671,2.7027,8.51,124.45
1,75,10,4.1992,0,1.64,0
1,75,10,29.1784,6.3027,24.12,122.754
1,75,10,12.4095,3.78378,10.74,121.535
1,75,10,10.2546,2.7027,8.87,119.42
1,75,10,20.3025,6.54054,16.43,131.399
1,75,10,13.0783,3.78378,12.89,128.512
1,75,10,27.5115,6.55135,24.32,121.855
1,80,10,11.4195,4.32432,9.87,125.233
1,80,10,15.0425,4.32432,12.4,121.775
1,80,10,7.4612,2.7027,5.47,124.215
1,80,10,10.1262,3.78378,8.04,149.321
1,80,10,13.387,3.24324,11.74,119.418
1,80,10,8.1795,1.62162,4.76,128.707
1,80,10,12.6501,4.86486,11.19,131.905
1,80,10,22.2764,7.02703,22.08,143.423
1,80,10,20.2406,3.78378,17.31,130.687
1,80,10,35.2723,3.78378,32.39,121.915
1,80,10,24.6354,8.64865,21.72,148.182
1,80,10,4.5525,1.01622,3.08,140.065
1,80,10,4.4912,1.08108,2.17,164.508
1,80,10,4.9991,1.08108,3.73,135.101
1,80,10,13.6985,4.21622,10.95,117.263
1,80,10,17.0511,3.24324,14.17,126.872
1,80,10,11.0414,3.78378,9.01,120.417
1,80,10,35.3233,10.2703,33.09,130.845
1,80,10,3.3287,0.540541,0.94,127.253
1,80,10,14.4152,3.24324,11.63,135.427
1,90,10,2.7202,0,0.04,0
1,90,10,13.8933,5.40541,10.58,147.677
1,90,10,15.1886,1.62162,12.3,113.18
1,90,10,3.5207,0.540541,1.52,129.608
1,90,10,22.751,4.86486,20.4,137.916
1,90,10,25.1024,4.23784,23.32,125.688
1,90,10,8.5247,2.16216,6.49,122.191
1,90,10,12.4153,4.86486,9.87,124.436
1,90,10,11.9348,3.78378,9.1,126.219
1,90,10,5.8861,1.08108,3.27,119.462
1,90,10,2.2583,0,0.01,0
1,90,10,19.3139,4.86486,17.79,119.943
1,90,10,14.9978,3.78378,10.39,128.313
1,90,10,3.7447,0,1.55,0
1,90,10,23.8503,6.11892,21.71,127.948
1,90,10,13.1274,2.7027,11.06,123.204
1,90,10,5.0656,1.08108,3.35,125.028
1,90,10,13.964,5.40541,10.93,134.532
1,90,10,20.3544,4.86486,19.02,146.552
1,90,10,24.5936,5.25405,20.19,134.366
1,100,10,10.8515,2.16216,9.53,123.494
1,100,10,18.7419,2.7027,15.96,126.614
1,100,10,11.9767,2.82162,8.23,136.279
1,100,10,25.4623,5.53514,23.76,128.197
1,100,10,11.8698,2.7027,9.23,128.714
1,100,10,14.4908,2.7027,11.62,124.625
1,100,10,20.1822,4.62703,17.13,130.847
1,100,10,29.5026,4.86486,23.22,134.548
1,100,10,5.9265,1.62162,4.52,134.606
1,100,10,22.3736,6.48649,19.89,135.643
1,100,10,30.6926,6.72432,28.41,128.648
1,100,10,28.9377,4.92973,23.6,120.312
1,100,10,9.4382,2.16216,8.04,121.141
1,100,10,16.5783,3.78378,12.39,133.845
1,100,10,27.1747,7.56757,23.42,139.341
1,100,10,10.4795,1.62162,7.57,124.882
1,100,10,6.0246,0.745946,4.03,123.071
1,100,10,11.1735,1.62162,9.4,134.498
1,100,10,21.3626,5.40541,17.12,151.805
1,100,10,20.3615,5.94595,17.83,118.813
1,10,15,5.5493,3.78378,4.47,162.157
1,10,15,5.9679,3.24324,3.89,163.968
1,10,15,10.5494,5.94595,9.76,169.152
1,10,15,7.0662,3.01622,5.5,184.558
1,10,15,2.3576,0,0.1,0
1,10,15,8.548,5.40541,6.98,150.408
1,10,15,16.179,11.027,15.27,167.987
1,10,15,19.5272,11.8919,20.05,155.097
1,10,15,27.8685,11.3514,25.76,164.877
1,10,15,4.4661,1.62162,2.18,183.493
1,10,15,5.312,1.62162,3.54,167.347
1,10,15,14.8914,8,13.66,171.623
1,10,15,7.4364,4.32432,5.79,182.24
1,10,15,13.3161,5.40541,10.96,136.616
1,10,15,8.3697,4.86486,8.1,133.371
1,10,15,17.954,12.6595,16.16,181.543
1,10,15,4.6787,2.47568,3.15,205.227
1,10,15,9.6392,8.10811,9.98,180.99
1,10,15,8.861,4.86486,7.74,145.048
1,10,15,5.2965,2.7027,5.01,128.669
1,20,15,3.7993,2.16216,1.74,201.327
1,20,15,1.8654,0,0.08,0
1,20,15,7.5032,3.57838,5.63,167.216
1,20,15,7.6854,2.7027,4.79,171.244
1,20,15,7.6284,3.02703,6.02,146.234
1,20,15,6.6323,3.24324,6.2,157.859
1,20,15,11.2918,8.10811,10.46,155.957
1,20,15,4.0205,2.16216,1.34,194.87
1,20,15,8.4795,5.40541,7,159.704
1,20,15,10.5634,5.94595,9.76,128.432
1,20,15,10.9061,6,8.44,148.02
1,20,15,9.2598,7.02703,8.53,146.741
1,20,15,6.1393,3.24324,5.27,128.499
1,20,15,3.1774,0.540541,0.79,131.142
1,20,15,19.0432,8.27027,18.64,152.202
1,20,15,10.7763,4.86486,9.95,138.413
1,20,15,2.2202,0,0.01,0
1,20,15,3.487,2.16216,2.45,163.443
1,20,15,7.7857,4.62703,6.73,154.583
1,20,15,29.2581,16.2162,28.26,140.435
1,30,15,8.1895,4.05405,5.81,147.591
1,30,15,11.6556,5.40541,11.01,132.836
1,30,15,5.7834,2.16216,3.88,164.291
1,30,15,18.2934,5.14595,14.69,127.761
1,30,15,11.1845,4.7027,10.24,166.613
1,30,15,8.9314,3.78378,7.42,149.386
1,30,15,8.4426,3.24324,7.37,134.349
1,30,15,12.0818,8.72432,12.43,146.62
1,30,15,17.0432,8.64865,15.59,156.31
1,30,15,13.3843,2.84324,10.45,180.531
1,30,15,6.2406,1.42703,4.05,117.176
1,30,15,8.825,4.86486,7.23,152.703
1,30,15,3.6836,2.16216,1.81,172.928
1,30,15,22.6633,14.5946,20.76,159.317
1,30,15,8.9645,2.7027,7.03,144.65
1,30,15,5.8414,3.24324,4.22,137.672
1,30,15,10.9091,5.35135,8.07,172.309
1,30,15,7.3082,3.24324,6.19,129.949
1,30,15,6.6708,4.86486,6.28,124.065
1,30,15,14.6089,4.86486,11.33,172.278
1,40,15,4.3348,1.62162,2.21,120.945
1,40,15,11.0551,5.94595,7.73,167.454
1,40,15,12.0615,3.78378,10.66,130.825
1,40,15,8.8462,4.57297,7.11,141.643
1,40,15,4.3834,3.07027,3.22,178.432
1,40,15,9.3118,4.86486,8.13,183.646
1,40,15,23.0155,10.0757,21.78,134.75
1,40,15,20.1232,8.10811,19.14,138.802
1,40,15,3.3084,1.08108,1.52,197.326
1,40,15,17.8839,10.2703,15.42,129.089
1,40,15,12.5823,5.40541,11.5,127.968
1,40,15,13.6637,5.94595,12.39,135.901
1,40,15,11.6022,6.02162,8.82,160.152
1,40,15,5.1655,1.62162,2.54,126.992
1,40,15,8.8789,4.84324,7.21,160.405
1,40,15,6.1054,2.16216,4.17,189.814
1,40,15,1.8003,0,0,0
1,40,15,5.2085,2.15135,3.43,181.876
1,40,15,13.4462,4.86486,12,124.478
1,40,15,8.113,2.16216,5.37,141.526
1,50,15,7.7405,3.78378,6.52,168.164
1,50,15,16.0456,5.94595,14.74,134.057
1,50,15,5.9839,1.62162,3.81,117.305
1,50,15,2.2315,0.540541,0.31,123.711
1,50,15,10.0812,4.76757,8.51,142.143
1,50,15,2.3899,0,0.27,0
1,50,15,5.9658,2.7027,4.61,127.035
1,50,15,6.1894,2.97297,5.06,152.09
1,50,15,5.2161,2.7027,3.55,157.222
1,50,15,10.3664,4.32432,7.79,151.284
1,50,15,28.1262,10.8108,25.54,139.709
1,50,15,2.3384,0,0,0
1,50,15,12.1651,5.83784,10.48,146.868
1,50,15,7.2964,3.24324,5.31,145.052
1,50,15,5.4221,3.78378,3.52,155.996
1,50,15,4.4672,1.08108,2.09,119.696
1,50,15,10.7446,7.02703,9.78,133.028
1,50,15,18.6927,9.72973,18.5,142.501
1,50,15,10.4704,4.86486,7.97,182.604
1,50,15,2.6584,0,0.07,0
1,60,15,8.1295,4.46486,7.64,131.277
1,60,15,12.7033,8.10811,12.88,128.662
1,60,15,4.0191,1.08108,1.78,117.222
1,60,15,10.0234,3.24324,7.81,133.333
1,60,15,22.809,12.5081,23.45,127.465
1,60,15,3.1991,0.691892,1.43,126.114
1,60,15,11.0327,3.78378,9.61,141.102
1,60,15,14.1062,5.94595,12.65,118.311
1,60,15,2.7357,0.302703,1.44,126.465
1,60,15,16.5032,7.45946,14.95,136.716
1,60,15,8.2761,2.77838,4.65,152.921
1,60,15,9.7284,4.86486,9.19,127.862
1,60,15,2.4392,0.540541,0.58,263.954
1,60,15,9.1076,3.78378,7.59,139.526
1,60,15,4.7319,2.16216,3,149.646
1,60,15,12.9959,4.32432,9.75,149.817
1,60,15,22.8917,6.48649,20.12,129.275
1,60,15,10.8172,5.55676,7.97,161.425
1,60,15,17.8882,9.18919,17.17,137.045
1,60,15,3.2146,1.62162,1.94,129.353
1,70,15,12.6026,7.56757,13.04,124.497
1,70,15,12.9542,6.48649,10.86,140.714
1,70,15,7.1252,3.24324,5.82,142.76
1,70,15,7.6708,1.08108,5.62,131.289
1,70,15,10.8722,3.24324,10.01,150.352
1,70,15,18.5483,6.95135,14.62,142.989
1,70,15,6.2304,1.62162,4.53,150.169
1,70,15,7.5979,2.16216,5.47,163.744
1,70,15,12.0479,1.08108,8.95,119.324
1,70,15,7.9522,3.24324,7.24,131.272
1,70,15,2.8247,0.540541,0.71,143.694
1,70,15,4.1629,2.16216,2.26,156.881
1,70,15,15.91,7.02703,15.29,135.816
1,70,15,18.6334,8.10811,15.09,132.361
1,70,15,7.707,3.24324,6.44,130.491
1,70,15,2.7207,0,0.88,0
1,70,15,22.8039,7.56757,19.93,127.811
1,70,15,4.4995,1.62162,2.91,162.261
1,70,15,8.0383,2.16216,6.15,111.884
1,70,15,8.074,4.86486,6.79,133.634
1,75,15,9.4611,2.7027,7.41,132.583
1,75,15,13.0664,6.48649,12.12,126.455
1,75,15,2.5975,0,0.38,0
1,75,15,8.4653,4.32432,7.76,136.658
1,75,15,10.4283,2.7027,8.78,118.399
1,75,15,3.3385,1.08108,1.74,134.457
1,75,15,6.9598,2.36757,5.15,124.576
1,75,15,14.2327,5.40541,12.1,124.411
1,75,15,25.4255,8.64865,21.5,152.397
1,75,15,9.7087,4.86486,7.78,138.95
1,75,15,7.9301,3.24324,6.7,126.152
1,75,15,13.6728,4.86486,12.16,134.443
1,75,15,12.4884,4.86486,10.48,134.962
1,75,15,10.311,4.86486,8.84,133.026
1,75,15,3.5811,1.37297,1.89,167.399
1,75,15,2.588,0,0.19,0
1,75,15,26.7983,9.72973,24.72,131.896
1,75,15,3.3518,1.62162,1.62,177.173
1,75,15,12.4386,4.86486,10.3,127.802
1,75,15,9.7655,4.57297,7.01,133.675
1,80,15,10.2134,4.86486,9.58,116.013
1,80,15,6.982,1.30811,5.94,136.552
1,80,15,7.9291,4.72432,6.46,123.501
1,80,15,21.1006,6.91892,18.58,127.744
1,80,15,9.1757,3.24324,7.3,137.556
1,80,15,12.0252,4.73514,10.21,152.526
1,80,15,5.8689,2.7027,4.08,150.687
1,80,15,5.9461,1.62162,4.22,134.52
1,80,15,7.8115,2.7027,6.04,121.382
1,80,15,19.8639,7.56757,18.21,136.968
1,80,15,6.402,2.15135,4.19,164.065
1,80,15,4.0665,0.540541,1.6,133.945
1,80,15,3.6993,0,2.41,0
1,80,15,6.39,2.7027,4.1,150.243
1,80,15,2.4817,0.540541,0.64,128.271
1,80,15,4.378,1.08108,3.16,119.068
1,80,15,7.9754,2.7027,6.23,126.462
1,80,15,2.1216,0,0.21,0
1,80,15,22.6316,9.72973,19.81,128.116
1,80,15,12.6264,5.94595,10.76,152.322
1,90,15,22.8573,5.40541,21.77,128.565
1,90,15,16.5576,4.86486,15.05,122.781
1,90,15,9.6394,2.16216,7.12,116.852
1,90,15,5.244,2.16216,4.05,125.157
1,90,15,3.693,0.540541,1.71,120.204
1,90,15,3.2263,0.540541,1.14,108.068
1,90,15,11.6729,4.32432,10.37,125.899
1,90,15,24.1547,11.8919,23.76,142.329
1,90,15,11.2478,4.99459,9.18,131.795
1,90,15,12.2431,5.40541,10.34,139.874
1,90,15,3.4587,0.540541,2.08,145.489
1,90,15,3.8077,0.540541,1.64,147.247
1,90,15,5.6126,1.62162,3.07,127.059
1,90,15,25.9328,7.67568,22.86,149.688
1,90,15,7.2527,4.32432,5.47,117.582
1,90,15,7.9633,3.45946,6.47,144.528
1,90,15,7.5095,2.7027,5.68,115.091
1,90,15,27.1615,12.4324,25.29,129.87
1,90,15,5.4285,1.62162,3.99,159.495
1,90,15,3.7541,1.08108,1.51,111.112
1,100,15,31.0611,9.34054,27.98,125.3
1,100,15,18.7179,7.56757,16.59,123.631
1,100,15,13.8904,4.32432,10.92,122.57
1,100,15,8.1631,1.76216,5.81,115.607
1,100,15,7.1475,0.540541,4.35,120.837
1,100,15,2.7699,0.540541,0.42,193.468
1,100,15,15.6297,3.93514,12.92,144.387
1,100,15,6.7452,2.16216,5.42,125.045
1,100,15,11.3626,1.08108,9.55,126.882
1,100,15,8.0374,2.7027,5.69,123.706
1,100,15,21.056,3.96757,18.88,119.629
1,100,15,4.572,0.0108108,2.2,137.838
1,100,15,2.8135,0,1.34,0
1,100,15,18.7078,5.94595,18.2,143.736
1,100,15,17.2683,7.56757,16.88,133.264
1,100,15,4.8075,1.08108,2.33,111.561
1,100,15,9.2564,2.67027,6.55,125.559
1,100,15,3.6343,0.540541,1.52,134.291
1,100,15,4.9024,1.62162,3.31,127.776
1,100,15,13.5163,2.16216,12.07,119.128
1,10,20,9.3508,4.32432,7.7,139.291
1,10,20,6.4162,2.7027,3.73,185.486
1,10,20,1.786,0,0.05,0
1,10,20,4.7159,2.7027,3.29,139.94
1,10,20,10.3383,7.41622,9.12,149.07
1,10,20,9.168,8.64865,8.26,185.22
1,10,20,11.009,6.48649,10.12,153.186
1,10,20,11.5439,11.8919,11.59,198.473
1,10,20,15.1299,9.63243,15.44,159.237
1,10,20,6.6615,5.40541,4.97,170.488
1,10,20,4.8028,4.86486,4.36,225.6
1,10,20,7.0444,3.78378,6.48,154.574
1,10,20,8.7181,9.18919,9.46,168.443
1,10,20,14.0618,14.3351,12.21,181.155
1,10,20,11.7712,8.64865,11.58,154.342
1,10,20,5.8118,2.7027,3.98,186.896
1,10,20,12.2202,7.02703,11.24,179.081
1,10,20,3.4434,4.32432,2.22,211.954
1,10,20,7.0739,7.56757,5.38,209.159
1,10,20,3.1135,1.08108,1.5,124.607
1,20,20,14.1521,9.76216,12.88,171.131
1,20,20,4.8654,4.86486,4.97,162.787
1,20,20,6.4957,5.61081,4.43,193.631
1,20,20,10.1401,3.24324,8.33,146.769
1,20,20,10.7612,5.94595,7.99,176.462
1,20,20,6.2378,5.6,4.82,169.879
1,20,20,3.0502,1.08108,0.85,130.238
1,20,20,2.9961,0.540541,0.99,117.58
1,20,20,11.6711,5.53514,10.87,149.488
1,20,20,6.3119,5.94595,5.18,145.534
1,20,20,9.1397,10.2703,7.99,198.354
1,20,20,9.7881,4.32432,7.18,141.86
1,20,20,10.1329,8.64865,10.33,177.142
1,20,20,10.7778,7.96757,9.26,160.539
1,20,20,8.6212,7.56757,5.54,192.647
1,20,20,7.6431,4.86486,6.21,182.361
1,20,20,17.6083,10.9838,15.74,150.465
1,20,20,11.704,8.64865,12.9,149.263
1,20,20,16.2993,7.56757,13.52,138.942
1,20,20,5.5698,3.24324,4.21,178.027
1,30,20,11.1543,6.58378,10.69,135.671
1,30,20,13.7938,7.02703,11.63,177.888
1,30,20,5.6559,2.21622,4.31,117.563
1,30,20,1.8821,0,0,0
1,30,20,6.6274,5.40541,5.37,189.678
1,30,20,12.4762,8.64865,9.9,154.961
1,30,20,8.5123,9.24324,9.37,156.371
1,30,20,7.3488,4.86486,6.82,148.128
1,30,20,2.227,0,0,0
1,30,20,4.9038,3.24324,3.46,145.289
1,30,20,4.5149,2.16216,3.1,128.865
1,30,20,7.0353,2.7027,4.55,133.034
1,30,20,17.8639,13.9027,14.81,164.135
1,30,20,11.4609,8.28108,10.07,175.305
1,30,20,3.9476,2.7027,2.93,154.935
1,30,20,9.4054,5.40541,8.22,172.779
1,30,20,2.9715,1.23243,1.26,171.325
1,30,20,4.7122,2.7027,3.24,158.243
1,30,20,19.2341,13.5135,17.66,155.163
1,30,20,6.943,6.48649,5.98,179.413
1,40,20,12.1336,9.72973,12.1,162.269
1,40,20,4.9456,2.7027,4.09,148.09
1,40,20,9.9118,7.44865,8.59,169.313
1,40,20,2.2536,0.0540541,0.11,303.759
1,40,20,15.6883,5.40541,12.83,158.618
1,40,20,14.7845,11.3514,14.38,161.458
1,40,20,7.0524,4.32432,5.2,161.188
1,40,20,4.1193,1.62162,2.48,132.868
1,40,20,9.0629,4.86486,7.93,145.823
1,40,20,10.6933,4.86486,7.88,173.19
1,40,20,7.7643,3.24324,5.66,129.97
1,40,20,11.2591,4.94054,8.51,144.592
1,40,20,5.5917,3.24324,3.55,173.802
1,40,20,4.4769,2.16216,2.56,126.863
1,40,20,3.7121,1.08108,1.51,155.984
1,40,20,4.4933,1.62162,3.04,132.085
1,40,20,17.8095,11.9459,15.95,149.379
1,40,20,7.3904,2.16216,4,161.815
1,40,20,10.9865,6.33514,10.13,151.045
1,40,20,7.0642,3.78378,7.45,132.549
1,50,20,8.4252,2.16216,5.66,135.792
1,50,20,24.9665,12.973,23.77,148.77
1,50,20,7.8315,4.32432,6.45,124.148
1,50,20,7.433,4.32432,6.15,179.215
1,50,20,11.2734,5.94595,9.89,140.088
1,50,20,4.0973,2.7027,1.76,178.654
1,50,20,10.6955,3.32973,7.81,171.197
1,50,20,13.0793,11.8919,13.2,156.622
1,50,20,10.3588,3.61081,9.52,135.401
1,50,20,3.5756,2.16216,1.16,202.11
1,50,20,11.9339,7.56757,12.48,126.807
1,50,20,9.4975,4.94054,6.83,156.444
1,50,20,6.9343,2.41081,4.26,144.024
1,50,20,5.4396,3.6973,3.55,151.123
1,50,20,4.5231,2.16216,3.68,123.497
1,50,20,2.2626,0,0.08,0
1,50,20,16.6364,9.72973,16.58,144.889
1,50,20,3.8342,2.7027,1.99,173.13
1,50,20,2.2751,0,0.15,0
1,50,20,4.2312,2.16216,2.09,216.887
1,60,20,6.4422,1.70811,4.28,195.84
1,60,20,3.0499,0.540541,0.86,147.937
1,60,20,8.1226,4.03243,6.43,186.056
1,60,20,11.8372,5.94595,9.11,137.895
1,60,20,4.4295,2.16216,2.3,139.832
1,60,20,2.3764,0,0,0
1,60,20,10.2597,5.94595,8.65,154.724
1,60,20,5.2848,2.7027,4.04,144.566
1,60,20,8.449,5.40541,6.37,173.342
1,60,20,8.0122,5.40541,7.83,155.041
1,60,20,4.1827,1.62162,1.97,133.25
1,60,20,5.4481,2.16216,3.35,183.521
1,60,20,14.3342,8.21622,12.69,124.939
1,60,20,4.5753,1.62162,2.64,163.584
1,60,20,8.7058,5.94595,8.28,133.502
1,60,20,8.1685,4.72432,6.76,131.18
1,60,20,9.2572,7.56757,7.14,149.883
1,60,20,7.7866,3.6,5.01,136.792
1,60,20,14.3685,8.10811,12.53,156.739
1,60,20,4.3922,2.16216,2.84,233.295
1,70,20,18.282,7.71892,17.86,125.048
1,70,20,9.1285,4.44324,7.36,135.513
1,70,20,8.1008,8.07568,8.78,142.785
1,70,20,5.8233,4.32432,4.29,164.863
1,70,20,7.2229,2.7027,5.72,124.221
1,70,20,11.9107,8.10811,10.71,133.844
1,70,20,9.4069,5.94595,9.85,142.823
1,70,20,5.4043,3.78378,4.71,126.218
1,70,20,10.0235,5.40541,9.11,150.586
1,70,20,5.4862,2.7027,3.52,119.46
1,70,20,10.4078,4.86486,8.87,116.8
1,70,20,28.4337,14.6162,27.69,139.062
1,70,20,12.3794,7.02703,11.59,123.785
1,70,20,9.8317,4.74595,7.92,133.907
1,70,20,2.2398,0,0,0
1,70,20,3.4706,0.540541,1.5,128.825
1,70,20,3.7161,2.16216,1.67,162.505
1,70,20,14.0343,3.83784,10.65,161.827
1,70,20,13.8113,7.42703,12.21,151.296
1,70,20,3.8294,1.08108,1.85,118.32
1,75,20,7.2816,3.65405,6.15,147.022
1,75,20,4.961,2.16216,3.59,125.089
1,75,20,12.9033,6.48649,12.04,125.377
1,75,20,6.9145,4.32432,5.5,162.083
1,75,20,8.7641,3.78378,7.2,142.546
1,75,20,2.7957,1.08108,1.02,197.59
1,75,20,5.1608,2.7027,3.46,148.496
1,75,20,8.9956,5.6973,8.07,133.039
1,75,20,3.6452,1.62162,2.57,116.165
1,75,20,7.1348,3.78378,5.96,138.712
1,75,20,11.1799,3.48108,8.48,123.817
1,75,20,23.9966,9.12432,24.26,131.822
1,75,20,3.8937,1.08108,2.51,137.843
1,75,20,10.8562,5.40541,10.36,128.956
1,75,20,13.6406,5.96757,12.83,149.893
1,75,20,17.586,8.64865,16.92,126.181
1,75,20,5.9397,2.16216,4.77,119.749
1,75,20,14.4809,10.8432,15.13,141.751
1,75,20,8.3226,2.16216,6.12,147.463
1,75,20,5.0678,1.62162,3.4,117.791
1,80,20,3.9296,1.62162,1.47,133.66
1,80,20,5.5111,2.7027,2.16,144.559
1,80,20,6.1979,2.7027,3.7,174.85
1,80,20,4.7132,1.62162,1.82,158.176
1,80,20,8.1453,5.40541,6,162.358
1,80,20,8.5225,4.32432,6.72,144.761
1,80,20,22.9331,8.16216,22.19,124.882
1,80,20,16.9521,9.56757,14.75,128.728
1,80,20,10.8915,6.18378,9.53,133.43
1,80,20,11.9885,5.40541,9.45,129.491
1,80,20,3.902,1.62162,1.98,122.463
1,80,20,6.323,3.24324,4.83,154.342
1,80,20,20.8655,10.3676,18.2,126.178
1,80,20,2.2203,0,0.21,0
1,80,20,9.4159,3.78378,7.29,124.661
1,80,20,13.9648,6.48649,11.59,139.1
1,80,20,11.9613,4.32432,10.37,119.986
1,80,20,17.0085,6.48649,14.26,128.442
1,80,20,6.305,2.7027,3.85,147.204
1,80,20,15.0915,4.74595,12.6,128.605
1,90,20,5.6986,2.7027,4.97,123.594
1,90,20,12.227,3.78378,10.45,141.863
1,90,20,3.1695,0.540541,1.17,135.12
1,90,20,15.9247,3.24324,12.03,119.544
1,90,20,19.2116,7.56757,17.46,139.795
1,90,20,2.0212,0,0,0
1,90,20,4.492,1.08108,1.99,194.902
1,90,20,9.046,3.78378,7.37,140.437
1,90,20,14.4954,4.75676,11.72,158.087
1,90,20,8.1715,2.16216,6.61,123.221
1,90,20,6.2693,3.24324,3.66,166.705
1,90,20,5.6168,1.49189,4.36,111.126
1,90,20,1.8622,0,0,0
1,90,20,5.8596,1.62162,4,131.239
1,90,20,6.2385,3.72973,4.97,157.227
1,90,20,11.5528,5.44865,8.88,146.332
1,90,20,14.0153,4.86486,11.98,132.723
1,90,20,13.0644,4.32432,11.48,120.38
1,90,20,3.4593,0,1.15,0
1,90,20,13.2057,3.92432,12.22,136.175
1,100,20,14.091,3.78378,11.7,123.096
1,100,20,6.8005,2.16216,4.17,124.898
1,100,20,21.97,9.47027,20.59,126.838
1,100,20,15.0067,7.56757,14.19,143.74
1,100,20,7.6118,1.08108,4.68,112.247
1,100,20,2.1792,0,0,0
1,100,20,15.1502,5.13514,11.36,125.579
1,100,20,3.4479,0.540541,1.52,119.563
1,100,20,13.7342,3.94595,11.89,138.345
1,100,20,11.7853,4.32432,10.93,130.573
1,100,20,30.7267,11.8919,28.23,122.586
1,100,20,11.5999,4.32432,9.47,124.729
1,100,20,23.8745,11.3514,25.97,135.29
1,100,20,6.6255,2.7027,5.1,117.933
1,100,20,8.441,4.32432,6.77,130.592
1,100,20,28.6288,10.2703,25.73,133.589
1,100,20,3.9247,0.540541,2.02,140.815
1,100,20,19.1697,5.94595,16.54,125.266
1,100,20,15.6967,9.18919,14.21,148.162
1,100,20,9.7044,4.32432,7.65,118.93
1,10,25,6.4815,4.32432,5.71,153.058
1,10,25,8.7158,5.40541,5.31,164.882
1,10,25,8.0825,9.72973,8.77,198.636
1,10,25,9.9499,9.00541,8.92,188.925
1,10,25,9.8492,7.9027,9.19,190.659
1,10,25,12.0628,8.10811,11.86,181.417
1,10,25,4.709,4.86486,2.38,303.07
1,10,25,20.5664,20.5405,20.2,183.131
1,10,25,5.0647,5.40541,4.16,211.473
1,10,25,3.1185,2.16216,1.94,163.918
1,10,25,5.0942,5.94595,4.48,242.912
1,10,25,12.081,11.6649,13.57,168.462
1,10,25,2.5983,1.62162,0.63,269.812
1,10,25,4.5554,3.78378,2.55,226.598
1,10,25,3.6649,2.16216,2.44,170.434
1,10,25,6.1641,5.40541,4.65,183.368
1,10,25,7.1771,4.32432,6.77,119.595
1,10,25,6.0114,3.24324,3.96,185.218
1,10,25,3.7308,3.24324,2.55,201.516
1,10,25,5.8951,8.10811,4,206.636
1,20,25,18.9737,18.9189,19.72,167.238
1,20,25,4.5782,2.7027,2.57,178.615
1,20,25,4.3789,3.78378,3.2,181.586
1,20,25,5.9308,2.7027,5.39,128.313
1,20,25,5.9161,3.79459,3.83,173.041
1,20,25,2.1913,0.540541,0.23,327.499
1,20,25,7.1958,5.94595,6.67,143.256
1,20,25,10.7639,7.56757,9.38,175.294
1,20,25,9.5279,6.62703,8.3,163.048
1,20,25,13.0761,9.72973,11.47,150.367
1,20,25,9.9346,10.8108,8.36,182.928
1,20,25,4.5036,3.24324,2.78,179.264
1,20,25,2.8396,1.08108,1.17,145.862
1,20,25,13.1515,10.2703,11.32,167.882
1,20,25,6.539,1.96757,4.65,122.331
1,20,25,9.4938,5.40541,7.34,131.228
1,20,25,3.4229,1.62162,2.04,137.737
1,20,25,11.7047,8.64865,10.56,150.208
1,20,25,9.3908,8.55135,7.81,185.009
1,20,25,6.159,8.10811,5.15,170.877
1,30,25,16.0838,10.8108,15.41,143.014
1,30,25,3.7826,4.99459,3.43,150.362
1,30,25,5.0136,5.40541,4.66,169.846
1,30,25,6.8101,4.32432,5.75,152.613
1,30,25,6.8294,3.32973,4.54,132.779
1,30,25,5.0888,3.24324,2.57,200.642
1,30,25,11.6548,8.10811,11.07,153.173
1,30,25,2.6219,1.08108,1.43,139.519
1,30,25,14.0128,12.973,12.87,168.699
1,30,25,11.0319,9.18919,10.2,180.19
1,30,25,11.5873,6.48649,9.29,152.702
1,30,25,15.8618,13.5135,14.81,140.386
1,30,25,5.8901,4.32432,4.57,141.663
1,30,25,14.7875,12.4324,14.47,165.009
1,30,25,16.5461,11.6216,17.24,145.263
1,30,25,11.4536,10.4432,11.33,150.996
1,30,25,3.3394,1.08108,2.08,123.982
1,30,25,5.307,2.7027,3.32,220.53
1,30,25,5.326,4.83243,3.2,175.423
1,30,25,3.4816,1.08108,1.31,129.666
1,40,25,5.4274,3.24324,4.3,150.033
1,40,25,9.3766,8.57297,8.31,188.781
1,40,25,6.7488,4.32432,4.15,162.302
1,40,25,2.2366,0,0,0
1,40,25,8.0729,5.40541,6.24,134.931
1,40,25,9.2139,9.18919,8.24,176.933
1,40,25,4.3942,3.78378,3.75,154.368
1,40,25,14.836,12.3243,14.47,156.984
1,40,25,11.8379,9.52432,12.11,141.293
1,40,25,8.7105,5.94595,6.17,182.207
1,40,25,5.4219,3.78378,3.6,180.219
1,40,25,11.7369,7.56757,11.14,154.789
1,40,25,6.7564,4.82162,5.95,118.376
1,40,25,2.9063,0.540541,0.44,139.9
1,40,25,3.9394,0.345946,1.39,115.761
1,40,25,5.2744,3.78378,4.08,130.861
1,40,25,9.446,7.43784,7.17,192.734
1,40,25,6.3969,2.7027,3.37,217.485
1,40,25,8.2204,4.32432,6.26,144.75
1,40,25,8.2251,4.86486,7.93,159.811
1,50,25,7.9391,5.40541,6.34,141.192
1,50,25,8.405,5.26486,9.68,142.858
1,50,25,7.9223,3.78378,6.26,152.83
1,50,25,2.9356,1.08108,0.9,183.551
1,50,25,6.0416,4.77838,5.63,156.531
1,50,25,7.6361,3.78378,6.21,132.858
1,50,25,6.8246,3.55676,4.74,147.317
1,50,25,9.3666,8.10811,8.8,158.83
1,50,25,2.9348,1.08108,0.93,179.198
1,50,25,2.3132,0,0.04,0
1,50,25,10.9118,9.72973,10.17,157.388
1,50,25,9.465,7.02703,7.43,151.221
1,50,25,4.6124,3.81622,2.86,166.096
1,50,25,13.7769,4.86486,11.72,147.091
1,50,25,2.1429,0,0.3,0
1,50,25,4.4478,2.7027,2.99,138.363
1,50,25,15.6872,9.18919,13.28,157.281
1,50,25,9.9093,5.03784,7.74,143.264
1,50,25,9.5942,4.86486,8.34,124.605
1,50,25,6.9052,3.38378,4.84,143.518
1,60,25,3.8905,0.540541,1.53,113.813
1,60,25,18.6471,12.4324,19.11,156.304
1,60,25,8.7835,6.99459,7.24,185.113
1,60,25,7.3455,4.32432,4.46,172.604
1,60,25,7.5664,4.86486,6.72,154.514
1,60,25,4.674,1.62162,2.54,163.583
1,60,25,4.8068,3.78378,3.57,159.468
1,60,25,2.98,1.08108,2.05,134.657
1,60,25,3.0513,0.540541,0.39,116.647
1,60,25,7.6217,5.40541,6.48,121.408
1,60,25,5.7767,3.22162,5.59,125.523
1,60,25,6.2034,5.27568,5.38,157.165
1,60,25,5.9297,2.7027,4.45,162.001
1,60,25,2.1718,0,0.09,0
1,60,25,4.3783,1.08108,1.98,121.455
1,60,25,10.9787,6.74595,8.52,140.662
1,60,25,5.7344,2.77838,3.83,168.593
1,60,25,7.6127,4.33514,5.46,141.324
1,60,25,21.3394,15.9243,23.26,132.904
1,60,25,2.1425,0,0.26,0
1,70,25,2.4095,1.08108,0.47,197.22
1,70,25,3.6769,1.08108,2.21,119.735
1,70,25,4.728,2.7027,2.85,179.073
1,70,25,12.0474,6.90811,11.56,140.275
1,70,25,9.0489,5.40541,6.69,153.773
1,70,25,2.4172,0,0.21,0
1,70,25,5.8461,3.24324,3.5,174.478
1,70,25,3.7447,2.16216,1.92,193.857
1,70,25,19.1133,12.973,18.46,143.591
1,70,25,4.7519,3.24324,3.84,123.529
1,70,25,7.9806,2.7027,7.7,135.434
1,70,25,4.8994,2.7027,2.98,130.403
1,70,25,8.8539,8.95135,7.9,162.924
1,70,25,17.3369,10.3892,16.18,141.253
1,70,25,8.0371,4.95135,5.23,175.776
1,70,25,11.1498,8.10811,12.26,148.328
1,70,25,19.0746,14.0541,17.84,145.599
1,70,25,3.9049,0.540541,2.09,132.995
1,70,25,2.9819,1.08108,1,131.941
1,70,25,13.8767,10.9838,13.45,150.163
1,75,25,18.3066,13.2973,17,150.99
1,75,25,6.1732,3.25405,4.84,176.967
1,75,25,25.609,14.8108,25.84,139.623
1,75,25,16.5186,9.15676,16.81,131.782
1,75,25,13.8174,7.38378,13.03,127.384
1,75,25,7.8636,6.48649,6.42,161.662
1,75,25,4.7549,1.75135,2.07,172.642
1,75,25,15.0839,11.3514,15.42,129.584
1,75,25,3.177,1.08108,1.8,129.157
1,75,25,2.8084,1.62162,0.55,198.586
1,75,25,3.1164,1.08108,0.93,186.475
1,75,25,2.5338,0,0.04,0
1,75,25,12.024,4.86486,10.88,129.101
1,75,25,13.3845,7.02703,14.17,122.189
1,75,25,9.653,5.64324,7.26,130.452
1,75,25,3.2924,0.540541,0.79,114.355
1,75,25,7.5465,2.7027,6.03,117.112
1,75,25,8.963,4.86486,6.69,142.755
1,75,25,7.4177,4.32432,6.77,124.785
1,75,25,7.9908,3.24324,6.76,142.773
1,80,25,6.7308,4.86486,5.24,165.494
1,80,25,3.2354,0.540541,0.73,142.542
1,80,25,3.8754,2.7027,2.86,144.952
1,80,25,6.714,2.19459,4.48,156.123
1,80,25,17.0056,9.18919,18.46,142.294
1,80,25,3.8292,1.62162,1.95,129.242
1,80,25,1.8673,0,0.1,0
1,80,25,3.6216,1.62162,1.31,142.014
1,80,25,11.235,7.56757,11.5,130.063
1,80,25,8.9513,6.67027,8.03,143.975
1,80,25,9.5313,4.60541,7.38,127.863
1,80,25,8.4465,6.28108,9.52,125.654
1,80,25,12.9701,8.36757,12.5,146.437
1,80,25,12.4487,10.2703,12.27,141.524
1,80,25,6.6064,3.78378,5.73,123.941
1,80,25,7.5026,1.62162,4.71,121.29
1,80,25,14.2485,6.68108,12.92,128.466
1,80,25,17.9116,10.6811,17.29,158.193
1,80,25,7.147,2.16216,4.83,154.978
1,80,25,2.5686,0.540541,1.53,110.707
1,90,25,6.7288,4.56216,5.42,162.519
1,90,25,2.1893,0.540541,0.26,148.053
1,90,25,5.1778,3.78378,3.98,143.23
1,90,25,8.5488,5.94595,7.84,148.219
1,90,25,4.9616,2.16216,2.99,113.527
1,90,25,14.5935,7.23243,14.14,134.048
1,90,25,16.3764,12.973,16.18,137.655
1,90,25,3.206,0.540541,0.95,120.395
1,90,25,8.8263,5.14595,7.46,136.206
1,90,25,7.8075,1.6973,5.24,125.041
1,90,25,8.9985,3.78378,7.57,155.042
1,90,25,9.5138,3.67568,7.61,126.656
1,90,25,4.6636,1.62162,2.53,125.018
1,90,25,4.2439,0.540541,2.4,104.297
1,90,25,5.3741,2.7027,4.35,125.146
1,90,25,7.2362,3.78378,6.19,149.301
1,90,25,4.4343,1.08108,2.77,120.901
1,90,25,9.0534,3.61081,5.54,169.13
1,90,25,23.0921,12.4324,21.45,126.094
1,90,25,10.3721,5.13514,8.05,119.786
1,100,25,7.9875,4.32432,6.5,130.693
1,100,25,6.6067,1.62162,4.47,127.483
1,100,25,7.7224,4.86486,7.14,150.322
1,100,25,17.0381,5.82703,15.06,133.149
1,100,25,6.1538,2.16216,4.13,140.563
1,100,25,11.6032,5.25405,9.97,144.755
1,100,25,19.9292,9.72973,17.79,125.394
1,100,25,6.3023,2.16216,5.8,118.266
1,100,25,15.4834,6.86486,14.26,128.549
1,100,25,8.1945,2.7027,6.51,128.959
1,100,25,8.9423,3.78378,7.59,120.063
1,100,25,10.8489,7.91351,10.25,140.398
1,100,25,9.4254,3.24324,6.7,149.271
1,100,25,9.2966,2.82162,7.18,131.033
1,100,25,20.4157,8.10811,21.43,136.422
1,100,25,12.6522,5.40541,10.04,130.037
1,100,25,10.0115,3.24324,7.5,128.85
1,100,25,17.2404,8.64865,15.18,137.707
1,100,25,7.874,4.32432,4.94,134.396
1,100,25,19.6941,6.48649,16.96,115.952
1,10,30,4.1209,2.16216,1.77,212.069
1,10,30,10.8636,6.90811,10.68,154.733
1,10,30,12.308,16.7568,15.32,190.193
1,10,30,3.2098,2.7027,1.62,185.924
1,10,30,4.615,4.10811,3.17,282.359
1,10,30,10.2032,9.72973,8.62,188.436
1,10,30,6.2879,7.02703,5.46,207.447
1,10,30,8.564,5.94595,6.91,202.909
1,10,30,2.1483,0,0.03,0
1,10,30,11.3142,8.64865,10.38,151.107
1,10,30,4.1253,3.78378,3.32,212.33
1,10,30,6.02,4.32432,4.02,209.593
1,10,30,4.4592,3.78378,3.34,217.164
1,10,30,4.4448,4.86486,4.01,204.5
1,10,30,4.9109,3.67568,3.34,193.903
1,10,30,3.8887,2.7027,2.18,216.181
1,10,30,3.4275,2.7027,1.61,221.362
1,10,30,13.2566,10.8649,12.13,189.23
1,10,30,3.6141,1.62162,2.65,131.178
1,10,30,7.1344,6.48649,7.01,178.906
1,20,30,3.8778,2.7027,2.16,180.521
1,20,30,6.8882,4.86486,5.18,180.914
1,20,30,5.1258,4.86486,3.64,166.639
1,20,30,4.9355,4.86486,3.85,220.983
1,20,30,7.2926,7.25405,5.33,179.499
1,20,30,3.6531,2.7027,1.49,240.979
1,20,30,3.1124,1.62162,1.1,191.389
1,20,30,13.9366,12.9297,14.87,157.74
1,20,30,7.4129,7.56757,7.77,178.611
1,20,30,11.0537,10.8865,12.25,146.448
1,20,30,10.9566,8.75676,10.29,153.988
1,20,30,5.0189,4.32432,3.95,180.746
1,20,30,5.7381,4.69189,4.55,174.622
1,20,30,7.0942,8.10811,6.88,176.676
1,20,30,4.0835,3.78378,1.79,188.222
1,20,30,8.8872,7.41622,9.15,182.583
1,20,30,2.5339,0.540541,0.03,273.308
1,20,30,3.8519,2.7027,2.67,161.957
1,20,30,7.6632,7.56757,5.31,169.48
1,20,30,11.2124,9.72973,10.56,137.554
1,30,30,2.1962,0,0,0
1,30,30,9.5398,7.56757,8.98,156.72
1,30,30,8.2049,4.7027,6.74,168.86
1,30,30,7.2789,6.48649,6.12,200.906
1,30,30,11.726,10.2703,12.38,157.594
1,30,30,4.5922,2.94054,3.6,152.55
1,30,30,9.9369,7.68649,8.06,151.838
1,30,30,5.8855,3.81622,4.44,186.653
1,30,30,6.8947,4.86486,5.95,148.179
1,30,30,7.7762,7.56757,5.33,209.22
1,30,30,9.8525,6.48649,8.05,164.495
1,30,30,6.413,4.32432,5.58,150.488
1,30,30,15.4954,12.6703,15.62,152.286
1,30,30,7.5425,5.14595,6.81,144.517
1,30,30,4.3463,3.42703,2.02,218.92
1,30,30,8.3856,7.87027,7.69,172.259
1,30,30,7.0159,5.26486,5.22,194.985
1,30,30,9.3003,9.94595,9.11,158.323
1,30,30,13.4657,11.3514,13.5,160.454
1,30,30,5.107,3.78378,3.28,168.259
1,40,30,2.0849,0,0.01,0
1,40,30,7.0139,5.62162,5.96,176.769
1,40,30,2.3635,0.540541,0.68,128.602
1,40,30,12.3184,9.72973,14.6,138.808
1,40,30,5.1398,4.86486,5.19,175.905
1,40,30,3.1787,1.08108,1.8,167.806
1,40,30,2.3691,0,0.07,0
1,40,30,12.1762,7.56757,11.83,161.445
1,40,30,4.6777,2.16216,3.15,150.668
1,40,30,2.761,0.540541,0.67,130.49
1,40,30,9.0222,4.86486,7.64,132.04
1,40,30,4.0806,2.42162,2.23,187.964
1,40,30,3.7818,1.08108,1.53,173.961
1,40,30,2.3719,0.540541,0.15,284.911
1,40,30,4.1513,1.56757,2.53,164.22
1,40,30,7.1025,6.99459,6.23,170.682
1,40,30,10.3147,7.53514,8.93,137.484
1,40,30,12.7956,9.08108,12.76,147.901
1,40,30,11.582,13.027,13.05,174.236
1,40,30,8.2665,5.30811,6.57,184.303
1,50,30,7.566,3.24324,5.29,132.54
1,50,30,5.3463,3.00541,4.29,143.107
1,50,30,13.7475,10.1946,13.97,140.92
1,50,30,9.4356,5.94595,7.45,129.43
1,50,30,3.1489,0.540541,1.34,138.733
1,50,30,8.3445,3.24324,6.7,127.353
1,50,30,6.4742,4.78919,4.45,194.208
1,50,30,8.2657,5.94595,7.29,161.718
1,50,30,14.5293,13.4162,14.6,151.494
1,50,30,5.1018,2.7027,2.95,175.068
1,50,30,9.9188,6.74595,9.51,139.385
1,50,30,10.251,7.56757,7.91,189.872
1,50,30,1.8932,0,0.11,0
1,50,30,4.6408,3.78378,4.18,124.149
1,50,30,7.3631,5.85946,7.47,146.648
1,50,30,1.9896,0,0,0
1,50,30,13.2731,10.2703,11.45,154.498
1,50,30,6.1623,3.78378,5.28,169.692
1,50,30,13.6652,8.64865,12.34,157.022
1,50,30,9.2023,5.44865,7.45,161.393
1,60,30,8.7407,4.51892,6.53,164.686
1,60,30,10.9332,7.62162,9.34,162.608
1,60,30,12.9517,8.64865,11.08,149.022
1,60,30,13.0429,11.3405,11.96,136.421
1,60,30,3.2957,1.62162,1.27,162.262
1,60,30,5.3114,2.7027,3.96,172.603
1,60,30,9.4929,6.48649,8.67,140.93
1,60,30,6.0655,3.24324,5.46,133.123
1,60,30,11.5036,8.25946,9.19,157.181
1,60,30,6.5365,3.11351,5.45,133.447
1,60,30,7.4577,4.86486,5.63,145.624
1,60,30,5.3402,2.16216,3.12,162.662
1,60,30,7.206,5.98919,5.96,155.117
1,60,30,3.32,1.58919,1.44,195.917
1,60,30,10.4979,9.18919,9.31,154.773
1,60,30,5.8566,5.08108,4.61,181.799
1,60,30,2.5423,1.62162,1.73,134.949
1,60,30,5.323,3.24324,4.21,144.972
1,60,30,3.807,1.62162,2.32,118.196
1,60,30,7.4143,4.32432,6.63,131.762
1,70,30,5.8689,2.7027,3.78,139.271
1,70,30,4.2573,2.16216,2.71,119.367
1,70,30,13.9097,7.64324,13.64,135.212
1,70,30,19.7507,14.5946,20.18,140.666
1,70,30,9.5891,4.32432,9.38,126.506
1,70,30,14.676,13.5135,14.88,150.231
1,70,30,7.7186,6.48649,6.64,141.703
1,70,30,11.9755,7.56757,11.34,147.551
1,70,30,11.808,7.56757,9.82,156.169
1,70,30,7.1988,5.40541,5.02,148.13
1,70,30,3.3862,0.540541,2.12,123.107
1,70,30,2.7869,0.540541,0.82,137.897
1,70,30,12.9265,10.2703,11.26,154.179
1,70,30,12.2684,9.40541,11.85,132.303
1,70,30,3.1217,0.540541,0.64,131.856
1,70,30,9.5154,5.94595,8.01,142.372
1,70,30,14.458,9.72973,12.8,142.604
1,70,30,6.1911,4.32432,6.61,127.246
1,70,30,9.7026,5.94595,8.96,147.775
1,70,30,3.5658,3.24324,3.22,128.264
1,75,30,7.5656,5.72973,5.18,151.154
1,75,30,3.2822,1.08108,0.96,136.937
1,75,30,9.9545,6.43243,7.85,140.064
1,75,30,7.964,4.86486,6.08,147.84
1,75,30,12.5068,9.57838,12.39,151.283
1,75,30,12.4809,5.28649,10.41,134.252
1,75,30,15.5774,12.0757,14.21,159.315
1,75,30,9.4509,8.10811,7.84,140.153
1,75,30,10.846,6.75676,9.89,164.87
1,75,30,15.6493,11.3514,15.47,123.426
1,75,30,14.4908,9.75135,13.19,135.703
1,75,30,14.4668,8.0973,12.52,144.217
1,75,30,7.0529,5.84865,5.19,161.736
1,75,30,19.5825,14.4324,20.84,130.657
1,75,30,7.7606,3.78378,6.37,147.805
1,75,30,10.6379,3.24324,9.35,121.929
1,75,30,14.4039,8.45405,13.06,143.447
1,75,30,9.7354,6.48649,10.04,138.944
1,75,30,11.3202,4.32432,9.32,119.909
1,75,30,8.8804,7.02703,7.85,141.716
1,80,30,4.4778,1.08108,3.2,130.16
1,80,30,10.5814,7.65405,9.08,171.179
1,80,30,7.9261,5.12432,7.18,156.792
1,80,30,7.3167,3.78378,6.24,128.049
1,80,30,12.6508,7.93514,13.78,138.656
1,80,30,7.3094,3.96757,6.82,124.783
1,80,30,5.4742,3.24324,3.9,150.826
1,80,30,7.7438,2.16216,6.51,127.227
1,80,30,3.6901,1.08108,2.93,137.602
1,80,30,23.493,13.1676,21.26,130.399
1,80,30,10.1431,5.94595,7.72,157.638
1,80,30,6.7022,4.86486,7.17,137.012
1,80,30,6.0253,1.62162,3.86,139.638
1,80,30,14.2713,9.72973,13.17,136.975
1,80,30,3.1361,1.28649,2.14,124.085
1,80,30,3.0493,1.08108,0.51,200.834
1,80,30,2.5486,0.540541,0.49,131.803
1,80,30,5.1323,1.08108,3.65,137.733
1,80,30,11.8285,6.28108,10.11,129.894
1,80,30,2.6653,0,0.69,0
1,90,30,6.9022,2.16216,5.11,125.365
1,90,30,3.8045,1.62162,1.86,167.285
1,90,30,3.6558,0.540541,1.94,138.58
1,90,30,15.1141,6.82162,12.29,129.519
1,90,30,8.6551,5.94595,7.31,153.5
1,90,30,11.7179,7.56757,11.62,138.915
1,90,30,4.8671,1.08108,3.53,142.815
1,90,30,17.0145,7.56757,15.93,132.338
1,90,30,2.4011,0.540541,0.44,136.602
1,90,30,5.759,3.24324,3.65,119.651
1,90,30,2.4138,0,0.08,0
1,90,30,8.2728,5.05946,6.88,125.287
1,90,30,7.9548,3.24324,6.3,118.658
1,90,30,8.0715,4.32432,6.85,126.758
1,90,30,6.2602,4.59459,4.65,170.299
1,90,30,12.562,6.48649,14.16,124.644
1,90,30,8.2755,3.25405,7.42,144.396
1,90,30,9.2393,3.85946,7.67,139.219
1,90,30,10.6572,6.48649,9.84,163.536
1,90,30,6.782,2.72432,5.68,123.439
1,100,30,7.1432,2.7027,5.22,152.001
1,100,30,5.2453,0.972973,2.74,117.555
1,100,30,19.1218,9.18919,17.95,131.491
1,100,30,13.8333,8.25946,13.25,146.522
1,100,30,14.2834,5.40541,11.48,130.617
1,100,30,3.8045,0.540541,1.52,106.654
1,100,30,4.8876,3.24324,3.38,133.083
1,100,30,2.062,0,0,0
1,100,30,4.5821,0,1.82,0
1,100,30,9.0184,6.10811,8.09,131.021
1,100,30,1.8142,0,0,0
1,100,30,12.818,5.40541,12.01,132.193
1,100,30,10.4419,5.40541,9.75,139.824
1,100,30,12.3328,4.86486,10.44,138.739
1,100,30,3.931,2.16216,1.67,183.465
1,100,30,4.7921,2.54054,3.64,159.64
1,100,30,9.7426,6.02162,7.92,151.774
1,100,30,10.022,2.62703,7.09,152.875
1,100,30,8.3283,3.78378,6.89,138.964
1,100,30,2.5393,0,0.02,0
1,10,50,3.2653,2.16216,2.1,125.674
1,10,50,10.7823,14.0541,10.88,192.869
1,10,50,6.7865,8.10811,5.88,186.163
1,10,50,5.5192,7.56757,3.6,210.125
1,10,50,2.1937,0,0,0
1,10,50,5.2878,6.48649,3.22,242.739
1,10,50,2.9453,2.7027,1.81,183.492
1,10,50,3.9114,2.7027,2.37,145.455
1,10,50,3.2361,2.7027,1.73,209.843
1,10,50,6.115,12.6595,6.26,218.073
1,10,50,4.7126,4.32432,3.87,166.571
1,10,50,6.0933,5.75135,5.7,137.18
1,10,50,7.096,11.3189,6.14,231.14
1,10,50,6.9919,13.427,8.35,220.506
1,10,50,4.2213,5.40541,3.64,200.263
1,10,50,9.6654,11.3514,8.49,214.454
1,10,50,2.2559,0.540541,0.42,135.022
1,10,50,10.1472,13.6324,11.61,185.633
1,10,50,2.8966,1.62162,0.48,293.104
1,10,50,6.3813,5.94595,5.06,193.79
1,20,50,4.0346,3.78378,2.36,181.987
1,20,50,8.3569,10.8108,7.91,166.374
1,20,50,8.2435,11.3514,8.52,177.322
1,20,50,5.0352,6.98378,4.27,198.088
1,20,50,2.5689,0.540541,0.35,151.868
1,20,50,3.7941,3.78378,2.6,245.12
1,20,50,2.5107,1.08108,0.7,183.974
1,20,50,3.5539,2.7027,1.05,251.85
1,20,50,2.6855,1.08108,0.27,239.097
1,20,50,7.7657,9.72973,7.16,177.001
1,20,50,3.1279,2.16216,2.38,144.95
1,20,50,11.7029,17.1135,14.03,164.401
1,20,50,4.228,6.48649,2.19,252.022
1,20,50,5.1636,5.58919,4.65,169.91
1,20,50,3.2114,2.07568,2.02,189.907
1,20,50,4.392,1.62162,1.56,206.713
1,20,50,5.8483,8.64865,5.69,187.056
1,20,50,6.9154,11.1027,7.52,175.961
1,20,50,3.7371,4.86486,3.05,194.816
1,20,50,2.3962,0.12973,0.26,108.809
1,30,50,6.3566,7.56757,5.52,189.895
1,30,50,2.2503,1.62162,0.33,258.962
1,30,50,6.2083,8.10811,6.3,175.573
1,30,50,6.0735,8.83243,4.78,216.699
1,30,50,7.3219,8.46486,6.06,187.38
1,30,50,6.7623,4.32432,5.44,145.901
1,30,50,7.8339,10.2378,7.22,174.626
1,30,50,5.9813,4.75676,4.5,167.099
1,30,50,8.2295,4.59459,6.47,151.602
1,30,50,2.4843,0,0.03,0
1,30,50,4.0003,4.82162,2.63,213.833
1,30,50,5.6848,5.94595,3.95,167.823
1,30,50,8.1957,7.18919,6.28,191.301
1,30,50,4.6277,3.24324,3.34,176.894
1,30,50,2.5206,0,0.02,0
1,30,50,4.4454,3.78378,3.49,162.414
1,30,50,9.7914,11.8919,9.99,183.949
1,30,50,5.011,6.33514,4.2,176.607
1,30,50,3.4627,2.7027,1.88,178.448
1,30,50,4.9491,5.94595,4.68,203.12
1,40,50,5.9804,6.48649,4.26,170.006
1,40,50,2.6085,1.62162,0.2,280.621
1,40,50,10.3479,14.5946,12.11,164.968
1,40,50,2.2563,0.540541,0.39,276.371
1,40,50,3.2967,3.24324,1.62,187.507
1,40,50,9.5309,10.4324,9.96,167.979
1,40,50,6.2106,7.56757,4.42,190.089
1,40,50,5.1417,6.48649,3.44,199.005
1,40,50,6.6771,5.40541,5.55,150.607
1,40,50,10.4824,10.8108,11,152.01
1,40,50,5.2868,4.32432,4.76,127.076
1,40,50,4.3695,1.62162,1.79,162.978
1,40,50,7.5324,9.72973,7.39,164.529
1,40,50,4.5246,4.32432,3.46,153.393
1,40,50,7.7497,10.2703,9.21,159.793
1,40,50,6.0054,6.48649,5.42,173.898
1,40,50,4.1347,3.78378,3.2,144.515
1,40,50,2.9032,2.16216,1.38,220.331
1,40,50,2.6399,1.08108,0.83,206.631
1,40,50,4.6928,5.40541,4.57,160.896
1,50,50,5.5381,5.37297,4.56,151.261
1,50,50,5.2085,4.69189,3.49,156.601
1,50,50,4.7269,4.42162,3.63,165.348
1,50,50,2.6935,0.540541,0.41,241.588
1,50,50,8.6617,7.92432,8,165.031
1,50,50,4.8252,4.86486,3.53,184.29
1,50,50,8.8168,9.96757,8.95,167.375
1,50,50,11.0477,12.7459,12,142.614
1,50,50,4.5539,3.78378,4,158.748
1,50,50,2.9366,1.62162,0.47,215.847
1,50,50,4.9434,4.32432,3.6,170.339
1,50,50,7.6865,8.10811,5.86,181.27
1,50,50,5.1155,3.78378,4.16,149.305
1,50,50,7.0551,3.24324,3.6,149.134
1,50,50,3.1029,2.16216,2.24,194.775
1,50,50,6.288,5.31892,5.5,168.931
1,50,50,4.3397,3.78378,2.72,188.323
1,50,50,14.0425,14.7568,17.39,153.13
1,50,50,12.2623,11.8811,13.39,139.416
1,50,50,9.2227,11.8919,8.35,183.158
1,60,50,10.5148,11.3514,8.47,158.01
1,60,50,5.0996,3.78378,2.24,182.24
1,60,50,7.851,5.63243,5.53,154.548
1,60,50,4.8972,3.78378,2.91,187.501
1,60,50,7.4531,5.38378,5.01,155.053
1,60,50,5.6512,5.40541,4.37,161.814
1,60,50,3.3586,2.16216,2.04,131.241
1,60,50,2.5569,0.540541,0.5,112.897
1,60,50,8.1887,10.2703,8.08,153.91
1,60,50,12.5458,12.0973,12.79,155.62
1,60,50,7.4476,6.86486,6.2,170.888
1,60,50,3.2328,0.540541,1.53,129.505
1,60,50,4.3297,3.78378,2.76,196.096
1,60,50,4.8488,7.02703,5.83,140.696
1,60,50,2.8715,0.540541,0.82,132.522
1,60,50,10.3939,13.2865,11.1,149.444
1,60,50,4.6885,3.24324,3.92,135.232
1,60,50,4.1396,2.7027,2.72,180.877
1,60,50,5.3399,4.86486,3.58,161.025
1,60,50,10.8477,11.8703,12.36,133.978
1,70,50,2.216,0,0.24,0
1,70,50,5.2658,3.78378,3.24,172.192
1,70,50,12.0831,11.3514,12.54,144.995
1,70,50,6.9908,5.40541,6.21,136.79
1,70,50,8.5235,8.12973,7.74,150.085
1,70,50,12.399,10.2703,13.52,147.853
1,70,50,4.5906,3.24324,2.44,167.535
1,70,50,2.7319,0.540541,0.7,129.666
1,70,50,7.1307,7.81622,6.5,161.549
1,70,50,7.9044,7.02703,7.24,164.906
1,70,50,3.6358,1.62162,1.36,159.208
1,70,50,11.5754,12.1297,12,156.545
1,70,50,4.4956,3.24324,3.33,155.413
1,70,50,4.4203,3.24324,3.13,146.209
1,70,50,3.0082,1.34054,1.56,120.554
1,70,50,2.8123,2.7027,1.32,248.974
1,70,50,8.0487,5.40541,6.43,143.65
1,70,50,7.4898,8.64865,7.83,169.129
1,70,50,6.7165,6.48649,8.17,153.335
1,70,50,9.5534,8.58378,9.52,134.156
1,75,50,8.6538,6.19459,7.5,149.437
1,75,50,5.1213,2.7027,3.07,175.496
1,75,50,3.3508,2.7027,2.14,135.315
1,75,50,7.0728,5.40541,5.57,157.262
1,75,50,8.25,8.97297,8.15,149.456
1,75,50,4.6533,3.53514,3.7,162.308
1,75,50,2.0232,0,0,0
1,75,50,2.9501,0,0.77,0
1,75,50,7.9052,5.40541,5.91,133.787
1,75,50,11.3588,9.72973,10.88,147.632
1,75,50,2.4289,0.540541,0.32,246.194
1,75,50,8.218,7.56757,6.85,161.522
1,75,50,13.5081,11.4054,14.02,149.902
1,75,50,7.0429,4.86486,6.67,157.778
1,75,50,5.8144,5.40541,5.14,132.088
1,75,50,2.428,0,0.02,0
1,75,50,5.4165,3.32973,3.85,176.749
1,75,50,7.7437,6.18378,4.09,176.597
1,75,50,14.3006,12.7892,15.37,144.984
1,75,50,2.6523,1.62162,0.31,266.38
1,80,50,2.2743,0,0.3,0
1,80,50,16.7021,15.8486,15.5,156.453
1,80,50,7.8675,8.25946,8.52,170.394
1,80,50,10.4223,7.27568,8.24,158.413
1,80,50,3.1062,1.62162,1.9,143.002
1,80,50,4.9164,4.32432,2.98,170.796
1,80,50,6.4684,2.7027,4.26,127.133
1,80,50,3.7163,2.16216,2.59,155.028
1,80,50,2.8662,2.16216,2.05,183.599
1,80,50,15.3239,11.4919,14.11,150.736
1,80,50,3.8634,1.62162,1.8,124.022
1,80,50,2.7015,0,0.01,0
1,80,50,4.8803,2.16216,3.28,128.082
1,80,50,4.7503,3.38378,3.06,133.914
1,80,50,9.6113,9.04865,8.95,173.897
1,80,50,2.957,1.62162,1.27,132.022
1,80,50,7.1888,6.48649,5.65,151.47
1,80,50,7.4605,5.93514,7.42,146.092
1,80,50,9.629,9.18919,8.62,149.547
1,80,50,2.1398,0,0.03,0
1,90,50,6.0315,4.32432,4.5,117.69
1,90,50,4.5552,3.24324,3.6,124.34
1,90,50,2.4863,0.540541,0.36,250.002
1,90,50,4.6645,2.25946,3.09,146.855
1,90,50,3.4351,1.08108,1.4,121.788
1,90,50,2.5519,0.540541,0.82,124.699
1,90,50,5.633,3.62162,3.26,176.405
1,90,50,9.7222,7.56757,8.46,171.623
1,90,50,4.1001,1.9027,2.76,140.946
1,90,50,3.7069,1.62162,2.09,116.623
1,90,50,3.9348,1.62162,1.75,189.759
1,90,50,7.7718,6,7.3,139.216
1,90,50,7.2271,4.32432,6.27,142.216
1,90,50,2.5002,0.540541,0.91,121.2
1,90,50,9.6483,8.64865,8.41,166.694
1,90,50,6.7211,5.70811,6.85,147.969
1,90,50,2.2098,0,0.01,0
1,90,50,8.217,6.04324,8.42,148.563
1,90,50,10.0727,5.94595,7.62,144.903
1,90,50,8.1589,9.18919,5.95,156.976
1,100,50,8.5243,5.40541,7.96,119.823
1,100,50,7.3061,4.86486,6.25,155.332
1,100,50,2.4934,0,0.19,0
1,100,50,7.8894,3.24324,5.86,152.515
1,100,50,7.0274,2.7027,6.15,129.392
1,100,50,8.8596,7.56757,7.18,141.328
1,100,50,5.2529,2.7027,3.52,143.296
1,100,50,5.1982,3.30811,3.54,203.058
1,100,50,8.2053,7.56757,7.57,145.716
1,100,50,7.3876,4.86486,6.56,157.056
1,100,50,9.4508,6.54054,8.81,139.251
1,100,50,4.5919,2.7027,2.79,129.022
1,100,50,22.9845,15.1351,22.91,148.192
1,100,50,7.4762,2.7027,6.49,143.501
1,100,50,2.8258,0.540541,0.85,113.474
1,100,50,2.4405,0.540541,0.1,278.147
1,100,50,16.7729,14.7676,17.9,139.795
1,100,50,9.3176,6.82162,7.81,155.309
1,100,50,10.5159,7.41622,9.86,128.291
1,100,50,6.0158,2.7027,4.67,125.663
1,10,75,4.6682,7.56757,3.62,210.968
1,10,75,2.0002,0.540541,0.02,327.636
1,10,75,4.2582,7.15676,3.15,206.084
1,10,75,5.6639,9.72973,6.18,215.207
1,10,75,3.4272,4.86486,1.6,253.302
1,10,75,10.5731,20.5405,11.89,208.13
1,10,75,8.4113,14.0541,7.42,242.775
1,10,75,5.2257,8.64865,5.03,215.548
1,10,75,4.1244,5.68649,3.03,217.37
1,10,75,2.5215,1.62162,0.89,187.038
1,10,75,8.5741,10.2703,8.87,172.971
1,10,75,3.8636,5.40541,1.83,238.668
1,10,75,8.7458,13.4162,8.88,204.392
1,10,75,7.3658,13.9135,7.13,248.259
1,10,75,8.2784,15.6649,11.55,207.482
1,10,75,2.1113,2.16216,0.02,305.068
1,10,75,5.0777,5.94595,3.86,208.681
1,10,75,3.6552,5.40541,2.66,204.993
1,10,75,2.3605,2.16216,0.91,306.862
1,10,75,5.25,10.2703,4.18,253.458
1,20,75,7.4829,13.5135,8.05,185.988
1,20,75,3.4313,3.24324,2.18,192.697
1,20,75,8.4944,12.0108,9.32,191.349
1,20,75,5.9075,10.2811,5.45,212.53
1,20,75,7.0353,10.0541,5.93,188.357
1,20,75,2.9852,3.2,1.77,133.464
1,20,75,2.8642,3.24324,1.76,182.683
1,20,75,3.091,2.16216,0.81,215.735
1,20,75,2.9573,2.16216,2.13,128.952
1,20,75,3.9856,5.40541,2.66,211.11
1,20,75,2.7086,2.16216,1,293.775
1,20,75,3.1872,1.62162,1.26,198.211
1,20,75,3.1971,3.24324,2.15,187.146
1,20,75,2.8666,4.86486,0.85,262.382
1,20,75,3.2864,2.7027,2.62,230.555
1,20,75,3.291,3.78378,1.82,197.67
1,20,75,5.3797,8.41081,4.04,213.046
1,20,75,6.2602,10.1622,7.14,169.92
1,20,75,5.5904,6.48649,3.76,176.799
1,20,75,2.2972,0,0.08,0
1,30,75,2.9364,2.16216,1.67,168.923
1,30,75,3.3714,4.32432,1.45,224.367
1,30,75,4.5544,3.78378,3.92,170.295
1,30,75,3.1216,3.24324,1.2,180
1,30,75,4.9666,7.00541,4.76,191.078
1,30,75,5.7708,7.56757,5.48,190.731
1,30,75,4.8952,6.08649,4.17,166.914
1,30,75,14.4439,24.5946,16.13,185.942
1,30,75,4.9846,8.88649,3.17,219.148
1,30,75,10.8721,23.2757,13.74,184.752
1,30,75,4.8382,7.17838,3.69,221.884
1,30,75,8.9753,14.8108,9.26,219.477
1,30,75,4.264,5.40541,4.7,171.656
1,30,75,5.0896,5.94595,4.17,193.631
1,30,75,9.2184,14.5946,10.71,165.541
1,30,75,9.0484,12.4324,9.23,182.468
1,30,75,5.2097,4.86486,3.21,193.138
1,30,75,4.7163,7.56757,4.3,197.196
1,30,75,7.3797,10.627,7.96,172.294
1,30,75,7.5135,11.6324,8,173.777
1,40,75,3.1305,3.71892,2.51,199.928
1,40,75,2.3534,0,0.32,0
1,40,75,8.5555,11.4162,9.02,174.441
1,40,75,3.4123,3.24324,2.55,194.547
1,40,75,2.1847,0,0.07,0
1,40,75,5.1043,5.28649,3.68,195.482
1,40,75,8.1705,10.8324,8.86,192.754
1,40,75,5.9575,7.23243,5.61,173.977
1,40,75,3.5121,1.08108,1.33,211.059
1,40,75,12.2245,19.4595,14.11,177.085
1,40,75,6.2068,8.64865,6.51,159.433
1,40,75,3.6402,4.17297,3.28,173.405
1,40,75,4.0546,4.87568,3.26,192.013
1,40,75,3.5701,4.32432,3.05,165.548
1,40,75,3.3192,2.7027,1.53,205.725
1,40,75,7.2526,11.5027,7.93,183.984
1,40,75,3.9943,4.32432,1.54,242.773
1,40,75,5.9004,6.65946,4.99,188.674
1,40,75,2.7684,1.08108,0.19,258.636
1,40,75,3.1449,2.7027,1.74,181.78
1,50,75,2.3344,0.540541,0.32,140.226
1,50,75,9.3842,12.973,10.27,174.239
1,50,75,8.3804,10.2703,7.61,174.53
1,50,75,6.3397,9.18919,6.65,173.894
1,50,75,2.1095,0.540541,0.32,256.491
1,50,75,2.5694,0.540541,0.36,135.489
1,50,75,5.6975,7.02703,4.96,158.069
1,50,75,5.5548,6.48649,4.01,186.79
1,50,75,2.7296,1.08108,0.54,205.224
1,50,75,2.7588,2.16216,0.32,267.183
1,50,75,5.1326,6.3027,3.06,219.703
1,50,75,9.7407,15.6757,11.82,167.241
1,50,75,4.7912,4.86486,2.98,202.547
1,50,75,3.4376,2.02162,1.95,170.749
1,50,75,4.8667,4.86486,4.37,175.666
1,50,75,9.5463,12.6811,10.53,164.609
1,50,75,7.5454,10.2703,7.23,151.685
1,50,75,3.9128,3.78378,1.86,223.136
1,50,75,4.7591,4.74595,2.95,193.328
1,50,75,4.6234,4.86486,3.62,197.091
1,60,75,5.4416,6.61622,5.97,142.464
1,60,75,7.372,7.02703,7.08,159.028
1,60,75,3.4165,2.51892,3.16,123.592
1,60,75,4.8336,4.67027,3.5,179.395
1,60,75,2.4845,0.540541,0.13,285.076
1,60,75,5.6672,8.64865,5.46,203.597
1,60,75,3.586,2.16216,2.11,141.195
1,60,75,4.0428,3.24324,3.38,165.468
1,60,75,3.678,2.16216,2.27,161.348
1,60,75,5.9178,8.64865,5.9,177.299
1,60,75,5.7466,8.64865,7.23,148.379
1,60,75,6.4105,7.95676,6.86,165.569
1,60,75,4.1171,3.24324,2.68,162.69
1,60,75,5.7161,4.71351,4.51,143.15
1,60,75,6.81,7.56757,4.66,175.876
1,60,75,5.859,6.48649,4.41,164.284
1,60,75,7.9029,10.8649,7.65,167.861
1,60,75,2.5892,0.540541,0.57,225.475
1,60,75,7.0383,10.0649,6.49,193.402
1,60,75,3.7749,2.7027,1.82,188.721
1,70,75,2.6807,1.62162,1.18,173.726
1,70,75,3.688,3.78378,2.7,142.874
1,70,75,6.4253,4.43243,4.72,166.107
1,70,75,6.6788,7.68649,7.29,146.37
1,70,75,2.0161,0,0,0
1,70,75,5.119,5.40541,3.34,188.232
1,70,75,10.4309,14.1189,12.08,175.122
1,70,75,5.6655,4.86486,4.47,151.032
1,70,75,5.028,3.78378,4.29,138.788
1,70,75,3.0269,1.62162,1.96,144.204
1,70,75,8.8705,12.4324,8.49,161.088
1,70,75,3.4074,3.24324,1.65,208.908
1,70,75,5.0557,3.36216,3.01,157.524
1,70,75,10.1278,13.5135,9.95,167.38
1,70,75,3.8926,3.00541,1.82,129.56
1,70,75,2.8895,1.08108,0.63,161.649
1,70,75,6.4928,8.36757,5.02,183.982
1,70,75,5.9168,7.02703,5.74,142.323
1,70,75,8.1234,5.40541,6.62,155.451
1,70,75,6.4424,5.40541,5.06,143.843
1,75,75,2.633,0.540541,0.38,155.242
1,75,75,4.8037,4.32432,3.48,160.962
1,75,75,7.4454,7.21081,4.36,191.33
1,75,75,4.3095,2.7027,2.51,132.258
1,75,75,5.0359,5.12432,4.03,179.058
1,75,75,9.2356,9.18919,10,158.606
1,75,75,2.9413,1.62162,0.34,193.865
1,75,75,2.5003,1.62162,0.67,172.9
1,75,75,5.2099,3.24324,3.46,150.818
1,75,75,8.3205,9.72973,9.28,163.979
1,75,75,4.7194,4.96216,3.23,186.415
1,75,75,12.3427,12.4,10.99,179.719
1,75,75,12.1326,15.1351,13.27,158.718
1,75,75,4.3263,4.32432,2.99,165.443
1,75,75,5.0346,4.47568,2.18,206.135
1,75,75,6.1496,5.94595,5.87,145.866
1,75,75,3.123,1.08108,1.05,188.893
1,75,75,3.7494,1.62162,1.25,185.121
1,75,75,5.2992,4.32432,3.58,179.69
1,75,75,5.2144,3.65405,3.97,130.398
1,80,75,8.5943,9.83784,10.45,146.665
1,80,75,9.4484,10,8.39,161.745
1,80,75,6.3522,5.94595,5.24,165.259
1,80,75,3.16772,0.616216,1.07,160.106
1,80,75,3.16086,0.742407,0.994357,131.27
1,80,75,6.4095,5.94595,5.11,158.096
1,80,75,2.6509,0.540541,0.68,156.222
1,80,75,6.602,7.56757,5.84,172.924
1,80,75,6.1376,6.48649,6.18,158.604
1,80,75,3.4592,2.16216,2.39,129.544
1,80,75,8.0698,9.18919,9.24,150.735
1,80,75,6.4918,8.12973,6.42,169.818
1,80,75,11.2753,16.2162,11.53,171.846
1,80,75,2.5618,0.540541,0.61,124.878
1,80,75,10.5001,10.6919,10.52,146.553
1,80,75,4.4963,2.3027,2.07,133.656
1,80,75,5.9959,5.94595,5.81,169.01
1,80,75,3.7809,2.16216,2.45,113.927
1,80,75,2.3367,0.562162,0.54,196.442
1,80,75,3.1037,0.540541,0.39,250.383
1,90,75,2.2303,0,0.02,0
1,90,75,4.5385,2.7027,3.54,139.932
1,90,75,11.2337,10.7784,11.52,166.238
1,90,75,2.4695,0.540541,0.65,125.806
1,90,75,6.6968,7.56757,5.6,174.831
1,90,75,9.5745,9.72973,8.81,152.154
1,90,75,7.5788,6.48649,5.73,164.696
1,90,75,4.5826,4.32432,3.18,180.799
1,90,75,5.1702,4.32432,4.34,127.328
1,90,75,4.6452,3.24324,3.1,165.238
1,90,75,4.7118,3.78378,3.05,147.801
1,90,75,10.8095,9.18919,11.5,138.973
1,90,75,7.332,6.19459,5.72,143.657
1,90,75,3.8152,2.7027,2.37,131.039
1,90,75,4.7265,3.24324,1.87,215.4
1,90,75,11.0912,10.2703,11.44,160.88
1,90,75,5.5552,3.24324,4.89,118.783
1,90,75,9.0708,8.16216,10.52,136.504
1,90,75,9.2156,8.10811,9.64,160.305
1,90,75,8.1905,7.58919,7.11,126.006
1,100,75,6.6055,2.16216,4.1,123.706
1,100,75,4.3376,1.62162,2.53,120.632
1,100,75,5.0457,3.24324,3.4,125.995
1,100,75,8.4116,6.48649,8.3,134.521
1,100,75,7.6288,3.78378,4.63,137.495
1,100,75,1.9105,0,0,0
1,100,75,7.4249,4.86486,5.18,129.827
1,100,75,3.1171,0.540541,1.43,142.688
1,100,75,4.0827,2.7027,2.24,166.71
1,100,75,5.7676,3.78378,2.89,155.571
1,100,75,6.2664,5.40541,5.81,170.306
1,100,75,10.6738,8.64865,9.47,154.934
1,100,75,6.403,6.86486,5.8,166.776
1,100,75,8.0626,8.4973,7.63,149.385
1,100,75,13.0685,8.64865,11.49,164.628
1,100,75,8.575,6.48649,7.92,133.625
1,100,75,1.9237,0.540541,0.16,262.953
1,100,75,3.1432,1.51351,1.44,128.235
1,100,75,8.6189,7.02703,8.22,160.486
1,100,75,10.5563,9.72973,10.54,146.501
1,10,100,4.6034,7.66486,3.14,215.467
1,10,100,3.2365,5.40541,3.36,230.221
1,10,100,9.1165,19.4595,10.51,213.194
1,10,100,3.448,7.02703,3.51,228.133
1,10,100,4.0883,9.16757,4.06,235.386
1,10,100,5.627,12.4324,4.99,234.528
1,10,100,7.6817,18.2703,8.82,255.956
1,10,100,2.1286,0.540541,0.06,289.553
1,10,100,4.3459,7.02703,3.39,225.516
1,10,100,14.4682,28.8108,18.07,200.237
1,10,100,4.4344,11.3514,4.13,273.409
1,10,100,3.8011,6.48649,3.67,266.405
1,10,100,8.1052,16.6378,8.92,194.268
1,10,100,5.1161,11.3514,5.27,225.695
1,10,100,4.4851,8.10811,3.78,251.874
1,10,100,5.6067,14.0324,4.47,247.114
1,10,100,6.5537,13.5135,7.46,215.959
1,10,100,2.9782,3.78378,0.95,353.705
1,10,100,6.8948,16.7568,8.76,222.835
1,10,100,4.0883,6.48649,3.28,229.907
1,20,100,4.639,5.77297,3.95,226.95
1,20,100,2.3069,2.16216,1.16,213.601
1,20,100,6.2082,14.7351,7.07,224.141
1,20,100,6.4164,12.7243,6.6,210.128
1,20,100,5.1233,7.31892,4.91,177.054
1,20,100,3.0547,2.7027,1.72,180.16
1,20,100,6.6246,14.5946,7.07,206.74
1,20,100,5.1343,10.2703,4.73,217.227
1,20,100,4.6838,9.71892,3.39,234.458
1,20,100,4.4503,5.40541,3.51,195.937
1,20,100,2.0981,0,0.02,0
1,20,100,2.5831,1.62162,0.87,217.928
1,20,100,4.1703,5.83784,1.37,230.8
1,20,100,5.2111,10.2703,5.49,197.067
1,20,100,3.8924,8.55135,4.4,193.352
1,20,100,8.0411,16.1189,8.78,200.487
1,20,100,2.8516,4.32432,1.48,221.076
1,20,100,3.418,4.32432,0.94,249.316
1,20,100,4.2677,6.48649,3.36,208.044
1,20,100,5.3633,8.84324,4.73,195.505
1,30,100,6.6743,10.9838,6.28,197.022
1,30,100,4.2298,6.54054,2.96,223.255
1,30,100,3.6552,4.32432,1.62,268.316
1,30,100,4.6832,6.02162,4.68,156.62
1,30,100,5.0751,6.48649,4.25,193.02
1,30,100,10.5894,22.7027,9.99,213.342
1,30,100,6.9474,11.3514,8.49,174.436
1,30,100,6.3789,9.18919,4.48,215.777
1,30,100,5.2386,6.75676,4.53,180.317
1,30,100,2.786,1.62162,0.76,239.169
1,30,100,2.8015,3.24324,2.31,194.465
1,30,100,4.8626,7.56757,3.66,215.04
1,30,100,5.5042,7.56757,4.15,191.054
1,30,100,9.31,16.7568,10.8,175.736
1,30,100,3.0599,3.24324,1.38,211.926
1,30,100,4.4742,6.48649,3.48,203.706
1,30,100,5.7531,10.4216,4.85,194.673
1,30,100,1.9392,0,0.13,0
1,30,100,2.9561,3.24324,1.63,193.013
1,30,100,2.2148,0,0.02,0
1,40,100,6.7232,13.5135,6.49,209.008
1,40,100,8.2686,17.8378,9.68,191.923
1,40,100,7.3589,13.5135,9.06,191.7
1,40,100,4.9918,7.02703,4.8,201.3
1,40,100,5.3019,6.48649,6.53,149.896
1,40,100,11.0853,16.7568,13.45,166.196
1,40,100,3.5045,2.44324,2.11,181.721
1,40,100,5.6313,9.72973,5.35,197.184
1,40,100,7.1421,9.27568,7.1,174.147
1,40,100,3.5995,3.24324,1.55,221.414
1,40,100,3.6973,3.78378,1.84,218.051
1,40,100,7.3901,9.72973,6.92,183.961
1,40,100,5.3221,6.48649,5.31,154.011
1,40,100,3.1424,3.78378,2.46,167.137
1,40,100,6.9848,11.3514,6.98,200.301
1,40,100,5.3073,5.94595,4.03,196.505
1,40,100,5.058,6.77838,3.69,186.267
1,40,100,3.8398,4.86486,2.66,157.28
1,40,100,4.1087,5.94595,3.35,178.976
1,40,100,4.2078,4.33514,3.53,167.197
1,50,100,3.9545,5.94595,3.19,237.573
1,50,100,6.9896,11.3514,6.73,190.441
1,50,100,4.1461,3.24324,2.62,186.685
1,50,100,3.6864,2.7027,2.34,132.942
1,50,100,4.0806,3.78378,1.3,223.474
1,50,100,11.6446,20.8432,14.11,174.622
1,50,100,4.1274,3.24324,3.51,138.655
1,50,100,12.1545,22.3459,13.87,175.187
1,50,100,6.4656,7.92432,5.41,183.922
1,50,100,5.8855,9.18919,6.83,172.632
1,50,100,3.2403,2.16216,1.47,170.863
1,50,100,6.2516,9.82703,5.7,171.326
1,50,100,6.3072,9.18919,6.66,177.532
1,50,100,8.1264,9.18919,7.62,193.563
1,50,100,7.8086,12.5405,7.37,186.812
1,50,100,2.5931,1.08108,0.26,229.342
1,50,100,2.2524,1.08108,0.08,307.834
1,50,100,6.7532,10.8108,8.68,170.001
1,50,100,2.3229,0.0864865,0.48,122.197
1,50,100,3.5217,3.28649,2.5,203.624
1,60,100,2.7141,1.08108,1.34,138.309
1,60,100,4.7244,4.55135,2.85,201.623
1,60,100,2.7832,1.62162,0.61,233.288
1,60,100,8.0925,14.5514,10.21,155.451
1,60,100,3.6274,2.16216,1.77,181.565
1,60,100,3.8167,3.96757,3.79,146.557
1,60,100,4.8776,4.32432,4.04,149.218
1,60,100,4.6077,6.48649,3.37,203.95
1,60,100,3.6163,3.45946,3.24,173.71
1,60,100,5.4368,7.24324,4.63,197.002
1,60,100,3.4402,3.32973,1.31,240.826
1,60,100,7.3479,10.8108,6.85,195.583
1,60,100,4.1102,4.86486,2.93,162.621
1,60,100,2.7097,1.35135,0.65,153.767
1,60,100,4.9054,5.40541,4.22,167.81
1,60,100,4.5262,6.48649,5.06,158.446
1,60,100,4.2334,3.78378,1.92,189.014
1,60,100,4.7639,5.40541,3.75,160.752
1,60,100,6.8741,11.827,6.1,194.917
1,60,100,3.9368,2.7027,1.36,174.806
1,70,100,7.2641,7.40541,7.04,178.231
1,70,100,9.081,12.973,8.95,175.671
1,70,100,3.0825,1.27568,1.54,186.245
1,70,100,2.5132,0.540541,0.07,287.086
1,70,100,6.0072,6.12973,6.08,155.935
1,70,100,6.7042,5.94595,7.96,133.28
1,70,100,5.0366,5.62162,3.79,189.469
1,70,100,9.3402,11.5892,10.4,174.371
1,70,100,5.1484,5.40541,3.15,171.134
1,70,100,3.1224,2.27027,1.01,195.438
1,70,100,5.5197,8.10811,5.14,190.167
1,70,100,6.8373,8.60541,6.12,179.164
1,70,100,2.517,0.540541,0.28,235.15
1,70,100,8.3394,9.80541,9.66,152.18
1,70,100,7.9528,10.3568,8.21,177.854
1,70,100,4.0988,5.40541,3.66,173.589
1,70,100,7.8911,11.8919,7.82,153.053
1,70,100,5.1164,4.86486,5.62,130.134
1,70,100,4.9602,5.40541,4.04,171.907
1,70,100,4.9603,4.86486,2.63,230.998
1,75,100,3.6691,2.7027,2.4,167.03
1,75,100,2.1325,0.291892,0.41,123.455
1,75,100,2.0278,0,0,0
1,75,100,3.0648,1.08108,1.41,122.964
1,75,100,8.4577,9.76216,8.22,165.211
1,75,100,13.0216,17.8378,13.71,173.591
1,75,100,7.3202,9.72973,7.71,179.453
1,75,100,5.1248,5.94595,3.81,165.967
1,75,100,7.0288,8.97297,7.3,156.05
1,75,100,8.7145,12.8108,8.34,184.452
1,75,100,9.0649,9.32973,8.49,168.269
1,75,100,4.3225,4.60541,2.84,172.82
1,75,100,5.9077,8.10811,6.37,181.927
1,75,100,6.4076,6.48649,4.74,170.141
1,75,100,3.8099,3.24324,2.25,173.172
1,75,100,2.5544,0.540541,0.27,142.021
1,75,100,4.4582,3.79459,3.35,123.229
1,75,100,7.2242,10.2703,7.2,188.045
1,75,100,4.813,4.86486,3.73,124.912
1,75,100,4.107,4.65946,3.82,158.619
1,80,100,7.1083,9.1027,8.54,167.535
1,80,100,3.468,2.7027,2.13,200.589
1,80,100,2.0219,0,0.04,0
1,80,100,3.808,3.39459,2.46,129.397
1,80,100,4.4913,3.92432,3.07,183.15
1,80,100,5.611,8.35676,5.31,163.197
1,80,100,4.1074,4.32432,2.58,149.083
1,80,100,5.136,4.86486,3.41,177.38
1,80,100,4.9316,4.86486,2.88,210.045
1,80,100,5.159,5.94595,3.87,179.16
1,80,100,2.5636,1.08108,0.62,198.165
1,80,100,3.3357,2.16216,2,147.002
1,80,100,2.4281,0.540541,0.1,258.394
1,80,100,4.1746,3.24324,2.49,174.283
1,80,100,3.2523,1.62162,1.2,133.249
1,80,100,7.1426,10.4865,7.26,158.578
1,80,100,5.7033,5.94595,6.66,124.109
1,80,100,4.8036,4.63784,3.92,148.294
1,80,100,4.5171,4.86486,5.04,149.564
1,80,100,4.718,3.78378,3.45,160.636
1,90,100,2.1794,0,0.11,0
1,90,100,2.3703,0,0.63,0
1,90,100,2.3367,0.540541,0.74,136.084
1,90,100,6.6451,6.12973,5.07,177.549
1,90,100,6.2307,5.40541,4.86,171.944
1,90,100,5.0366,5.94595,3.87,178.65
1,90,100,6.2823,5.40541,5.04,167.189
1,90,100,3.7474,2.7027,2.15,152.98
1,90,100,3.5905,1.91351,2.03,129.193
1,90,100,7.8781,7.48108,7.71,135.195
1,90,100,8.5641,10.2703,7.65,160.305
1,90,100,2.5689,0.540541,0.41,116.597
1,90,100,2.4862,1.08108,1.04,130.33
1,90,100,3.2339,2.11892,1.89,157.942
1,90,100,4.6411,3.24324,3.21,124.639
1,90,100,4.6141,3.78378,3.21,183.148
1,90,100,10.205,12.4324,11.29,143.26
1,90,100,3.1554,1.08108,1.24,120.286
1,90,100,7.2135,8.64865,6.58,168.067
1,90,100,4.2492,3.24324,2.66,175.299
1,100,100,3.5008,1.08108,1.84,122.759
1,100,100,7.8947,7.52432,7.12,165.39
1,100,100,9.4963,9.18919,8.94,144.001
1,100,100,4.6597,3.24324,2.88,152.879
1,100,100,1.9983,0,0.01,0
1,100,100,9.4713,10.8108,9.33,154.664
1,100,100,11.8904,12.7243,14.68,146.375
1,100,100,7.3159,7.02703,6.29,163.558
1,100,100,3.2424,1.62162,1.2,168.26
1,100,100,6.2367,3.78378,4.63,139.488
1,100,100,8.2514,7.02703,7.99,145.676
1,100,100,5.883,5.40541,4.85,155.707
1,100,100,3.7233,2.7027,2.28,169.351
1,100,100,6.9962,8.10811,6.59,154.015
1,100,100,4.9944,4.32432,3.72,189.259
1,100,100,3.4473,1.45946,1.87,131.365
1,100,100,8.7207,7.02703,8.94,154.107
1,100,100,1.7558,0,0,0
1,100,100,3.4376,1.62162,1.37,112.086
1,100,100,6.696,6.48649,7.16,138.293
2,10,1,2.9719,0,0,0
2,10,1,41.6839,1.62162,21.35,121.221
2,10,1,49.6595,1.54595,26.67,117.952
2,10,1,8.0146,0,2.93,0
2,10,1,60.4311,2.16216,34.25,153.199
2,10,1,59.3472,2.16216,32.22,154.097
2,10,1,36.7785,0.540541,19.23,124.299
2,10,1,64.0259,1.08108,33.15,124.3
2,10,1,45.6488,2.7027,24.98,121.512
2,10,1,56.128,3.05946,30.37,124.749
2,10,1,36.5403,2.16216,19.47,123.13
2,10,1,21.3614,1.40541,10.35,110.605
2,10,1,82.1841,2.7027,42.92,162.896
2,10,1,77.3485,2.7027,40.75,109.93
2,10,1,68.0003,5.40541,39.39,139.549
2,10,1,54.0619,3.24324,30.81,152.903
2,10,1,53.9541,1.62162,28.21,112.439
2,10,1,31.8315,0.540541,17.24,134.572
2,10,1,44.1479,2.41081,23.02,115.7
2,10,1,29.762,0,13.62,0
2,20,1,23.2937,1.08108,11.91,118.597
2,20,1,61.3118,2.16216,33.09,119.553
2,20,1,43.3896,1.08108,21.3,113.015
2,20,1,41.655,0.540541,21.19,117.391
2,20,1,73.3504,1.62162,38.78,114.028
2,20,1,48.5724,0.778378,23.8,117.037
2,20,1,55.0652,0.843243,29.88,119.19
2,20,1,84.2577,2.20541,44.27,117.518
2,20,1,78.1847,0.962162,39.63,114.332
2,20,1,61.2283,2.16216,34.78,118.062
2,20,1,36.0921,0.540541,18.22,121.495
2,20,1,14.9474,1.62162,7.66,126.589
2,20,1,51.1377,1.62162,25.63,118.223
2,20,1,63.246,2.16216,33.82,123.68
2,20,1,40.357,1.62162,21.3,127.557
2,20,1,49.1385,1.08108,25.61,123.05
2,20,1,44.7175,1.08108,22.74,113.776
2,20,1,17.6063,0.540541,8.11,106.454
2,20,1,54.732,1.23243,27.83,118.415
2,20,1,10.1056,1.08108,4.3,109.485
2,30,1,54.2406,1.62162,29.56,127.847
2,30,1,23.6096,0,10.63,0
2,30,1,2.929,0,0.28,0
2,30,1,46.5826,1.08108,22.94,114.095
2,30,1,41.417,1.62162,22.47,120.571
2,30,1,44.5712,2.7027,23.95,122.972
2,30,1,33.1063,1.08108,18.87,112.525
2,30,1,33.7502,1.08108,16.87,121.939
2,30,1,55.5722,0.540541,27.87,107.892
2,30,1,7.7567,0,2.52,0
2,30,1,82.3143,2.16216,43.53,116.467
2,30,1,3.5102,0,0.87,0
2,30,1,53.5095,0.540541,27.89,118.879
2,30,1,10.2879,0,3.94,0
2,30,1,32.5801,1.08108,15.69,109.215
2,30,1,31.6185,0,15.55,0
2,30,1,98.0049,1.08108,49.51,110.975
2,30,1,14.964,0,6.5,0
2,30,1,83.5492,3.42703,45.44,114.098
2,30,1,36.1096,0,18.28,0
2,40,1,53.8652,0.540541,27.2,106.157
2,40,1,29.9805,1.62162,15.62,124.34
2,40,1,68.5484,1.08108,35.43,116.049
2,40,1,47.2752,0.540541,26.07,107.707
2,40,1,6.5249,1.08108,2.8,117.804
2,40,1,30.9133,0.540541,14.61,102.698
2,40,1,62.2205,1.08108,33.3,109.859
2,40,1,42.7957,1.08108,21.86,110.599
2,40,1,38.1856,0.540541,19.25,110.736
2,40,1,18.9305,0,8.09,0
2,40,1,51.8855,1.08108,26.94,129.524
2,40,1,88.4281,2.7027,47.22,119.66
2,40,1,2.9539,0,0,0
2,40,1,43.7361,1.62162,23.25,112.98
2,40,1,46.7237,1.62162,23.89,112.451
2,40,1,61.0373,1.62162,32.31,116.645
2,40,1,24.8682,1.08108,12.67,111.782
2,40,1,81.397,2.7027,41.36,117.11
2,40,1,37.0259,0.540541,20.61,106.829
2,40,1,50.3066,0.540541,24.34,110.341
2,50,1,36.5132,1.08108,20.55,124.004
2,50,1,40.729,0.540541,20,115.304
2,50,1,63.6202,0,39.82,0
2,50,1,53.3076,3.24324,28.95,120.427
2,50,1,48.3664,2.16216,24.78,116.831
2,50,1,37.0289,1.62162,17.98,110.363
2,50,1,25.6163,1.08108,13.14,117.404
2,50,1,72.4584,0.540541,38.31,107.948
2,50,1,53.6498,2.7027,30.23,115.641
2,50,1,68.92,1.62162,35.62,121.482
2,50,1,51.3342,0.540541,26.59,114.279
2,50,1,24.178,0,12.66,0
2,50,1,5.7383,0,1.78,0
2,50,1,27.8171,1.08108,13.67,116.521
2,50,1,55.9969,2.16216,28.92,142.193
2,50,1,80.9186,2.16216,41.47,105.819
2,50,1,57.3816,1.62162,30.58,123.816
2,50,1,28.8857,1.08108,15.81,120.212
2,50,1,69.0102,1.08108,34.73,109.73
2,50,1,20.824,0.540541,9.38,117.629
2,60,1,56.5748,0.540541,31.2,136.848
2,60,1,72.6236,1.62162,36.81,113.875
2,60,1,89.5716,1.62162,50.75,131.42
2,60,1,59.4326,1.62162,32.39,117.038
2,60,1,108.141,1.62162,55.84,109.758
2,60,1,45.5162,0,22.6,0
2,60,1,62.6277,2.7027,33.67,119.07
2,60,1,47.8892,1.08108,25.7,117.733
2,60,1,34.1536,1.08108,17.34,122.27
2,60,1,13.3567,2.16216,6.89,131.762
2,60,1,31.9026,0.540541,17.53,121.845
2,60,1,28.0315,2.16216,15.5,110.643
2,60,1,21.8234,0.540541,10,120.683
2,60,1,43.0112,1.08108,22.88,122.781
2,60,1,53.2773,2.16216,26.95,110.274
2,60,1,114.719,2.03243,63.37,114.552
2,60,1,17.0973,1.08108,7.71,112.261
2,60,1,41.3711,0,22.11,0
2,60,1,95.468,2.16216,49.84,113.401
2,60,1,35.8716,0.540541,17.64,103.167
2,70,1,57.6279,2.7027,32.68,122.259
2,70,1,48.561,0.540541,24.91,122.235
2,70,1,29.7152,1.08108,14.88,123.98
2,70,1,26.2512,0,12.18,0
2,70,1,82.6776,0.540541,41.24,114.169
2,70,1,53.3583,1.08108,26.17,108.711
2,70,1,45.1616,1.08108,22.86,117.553
2,70,1,24.8469,0.540541,11.72,107.484
2,70,1,24.9914,0,11.78,0
2,70,1,27.6506,1.08108,13.26,120.805
2,70,1,40.3332,1.08108,20,115.391
2,70,1,57.6087,1.08108,30.59,126.305
2,70,1,32.8081,1.08108,17.7,120.227
2,70,1,92.8819,2.7027,51.07,115.545
2,70,1,2.7294,0,0,0
2,70,1,36.2133,1.24324,18.72,122.984
2,70,1,3.0589,0,0,0
2,70,1,34.8279,0,16.85,0
2,70,1,61.481,0.540541,32.31,120.941
2,70,1,66.3366,1.62162,33.84,111.185
2,75,1,30.9225,1.08108,14.3,123.258
2,75,1,58.3979,1.08108,30.65,111.865
2,75,1,57.1408,2.16216,31.27,119.956
2,75,1,66.9873,2.7027,35.44,117.065
2,75,1,8.7534,0,3.17,0
2,75,1,30.3552,0.540541,15.08,104.969
2,75,1,39.286,1.08108,19.78,117.492
2,75,1,59.2303,1.08108,28.55,113.16
2,75,1,89.3431,1.08108,47.44,130.777
2,75,1,42.2121,2.16216,22.62,127.911
2,75,1,25.7205,1.62162,12.8,111.12
2,75,1,113.204,1.62162,58.19,112.653
2,75,1,85.2034,0.540541,46.26,115.068
2,75,1,33.8543,0,16.47,0
2,75,1,47.721,0,23.87,0
2,75,1,2.9036,0,0,0
2,75,1,19.1554,2.16216,10.2,116.318
2,75,1,9.2961,0,3.23,0
2,75,1,27.0642,1.08108,13.84,111.493
2,75,1,28.7977,0,13.69,0
2,80,1,37.6528,2.7027,20.6,118.849
2,80,1,67.7053,2.16216,35.67,110.959
2,80,1,65.2092,2.7027,34.09,112.534
2,80,1,9.3643,0,4.2,0
2,80,1,81.5681,1.08108,42.76,125.212
2,80,1,9.3843,0,4.33,0
2,80,1,67.4194,2.7027,34.87,110.867
2,80,1,68.0754,2.7027,35.19,121.002
2,80,1,57.6144,3.24324,31.43,115.755
2,80,1,95.0431,4.65946,50.3,112.98
2,80,1,63.1304,2.16216,34.88,122.132
2,80,1,2.5129,0,0,0
2,80,1,23.3969,0,11.37,0
2,80,1,93.2151,1.08108,49.94,120.98
2,80,1,48.3438,1.62162,26.53,133.631
2,80,1,59.8885,1.62162,30.28,111.28
2,80,1,34.7586,2.7027,19.15,108.6
2,80,1,64.6428,2.7027,34.09,120.927
2,80,1,25.6339,0.540541,15.91,136.878
2,80,1,87.7015,2.01081,46.24,113.343
2,90,1,48.1072,1.62162,23.85,102.288
2,90,1,59.5497,1.08108,30.12,102.614
2,90,1,52.7943,0.540541,26.84,131.524
2,90,1,42.4328,0.540541,22.21,120.873
2,90,1,60.9435,1.62162,36.99,122.963
2,90,1,11.1735,1.62162,5.74,116.114
2,90,1,28.8897,1.62162,16.48,124.148
2,90,1,15.6005,0,6.5,0
2,90,1,18.527,1.62162,9.61,117.677
2,90,1,37.0487,0.540541,20.46,113.698
2,90,1,17.6611,0.540541,8.6,115.198
2,90,1,27.4312,1.08108,15.77,127.473
2,90,1,46.8791,2.16216,24.97,116.102
2,90,1,44.2914,1.08108,22.84,117.093
2,90,1,27.2119,0.540541,12.88,107.72
2,90,1,60.3444,1.08108,29.94,120.041
2,90,1,37.875,1.62162,20.76,105.965
2,90,1,50.9342,3.24324,26.43,114.071
2,90,1,61.6189,0,31.46,0
2,90,1,87.2629,1.62162,44.55,110.411
2,100,1,59.4929,0,29.2,0
2,100,1,65.5358,2.16216,34.86,115.215
2,100,1,30.2967,1.08108,15.8,121.124
2,100,1,32.62,0.540541,16.17,100.342
2,100,1,93.7507,3.76216,52.84,117.611
2,100,1,32.0029,0.540541,15.3,125.058
2,100,1,101.96,1.08108,54.01,115.861
2,100,1,71.2116,2.7027,37.68,117.863
2,100,1,54.5042,1.72973,28.74,117.679
2,100,1,83.7879,2.7027,43.99,113.27
2,100,1,57.8,1.62162,29.06,113.795
2,100,1,28.3887,2.16216,14.64,109.109
2,100,1,52.7848,1.62162,30.12,119.978
2,100,1,102.126,2.75676,52.44,112.906
2,100,1,25.3526,0.540541,12.31,113.23
2,100,1,104.711,3.78378,59.57,109.011
2,100,1,46.6652,1.62162,22.89,112.013
2,100,1,27.0286,0,12.74,0
2,100,1,55.8574,1.14595,29.53,109.968
2,100,1,37.7817,2.7027,20.48,114.257
2,10,5,24.191,2.7027,13.01,244.18
2,10,5,26.4491,4.36757,15.68,122.35
2,10,5,35.0266,5.65405,19.32,141.262
2,10,5,26.3669,2.48649,13.68,116.607
2,10,5,64.28,5.94595,36.11,116.814
2,10,5,24.8094,3.78378,13.18,150.282
2,10,5,60.0546,7.56757,35.52,115.32
2,10,5,40.2528,8.10811,23.15,170.291
2,10,5,31.6861,2.16216,16.04,236.984
2,10,5,14.8197,2.7027,8.31,157.727
2,10,5,11.1918,0.713514,6.03,132.361
2,10,5,22.7841,3.55676,13.21,153.188
2,10,5,26.038,2.06486,12.66,115.771
2,10,5,13.9635,1.13514,7.24,137.444
2,10,5,19.1285,4.32432,11.05,134.295
2,10,5,9.1948,1.08108,3.37,285.864
2,10,5,11.4184,3.24324,6.41,163.101
2,10,5,7.859,2.16216,3.68,141.283
2,10,5,4.3099,0.540541,1.35,134.578
2,10,5,41.1015,4.86486,21.29,126.563
2,20,5,39.9588,4.86486,22.42,113.547
2,20,5,53.8663,8.01081,32.46,118.459
2,20,5,6.0166,0.540541,2.27,130.986
2,20,5,2.5779,0,0,0
2,20,5,37.5091,5.00541,20.68,120.215
2,20,5,46.4094,9.18919,28.55,132.663
2,20,5,8.7498,1.08108,3.38,114.459
2,20,5,17.8772,1.61081,8.55,128.143
2,20,5,24.7187,4.86486,14.21,128.182
2,20,5,41.4893,5.47027,23.89,126.479
2,20,5,57.1378,10.9081,33.14,133.975
2,20,5,29.2406,4.72432,17.19,122.169
2,20,5,20.0158,2.7027,11.27,123.294
2,20,5,26.68,4.32432,14.33,142.262
2,20,5,45.9018,5.94595,24.81,117.94
2,20,5,51.9995,7.56757,28,128.23
2,20,5,50.0226,9.15676,28.54,121.78
2,20,5,37.8325,3.24324,19.72,146.405
2,20,5,15.2643,2.16216,7.98,107.287
2,20,5,50.5527,7.25405,29.14,118.876
2,30,5,50.5856,5.40541,27.23,147.762
2,30,5,22.246,2.7027,10.7,142.12
2,30,5,10.4694,3.78378,5.64,138.484
2,30,5,22.3867,3.82703,12.33,128.616
2,30,5,27.5107,2.17297,14.66,112.726
2,30,5,24.8721,3.24324,12.96,154.732
2,30,5,27.2294,2.15135,12.8,146.24
2,30,5,29.8189,4.86486,17.52,126.73
2,30,5,22.7252,2.16216,12.21,125.567
2,30,5,36.7712,4.38919,20.68,131.125
2,30,5,22.5044,1.62162,11.22,112
2,30,5,35.0326,7.02703,20.12,115.698
2,30,5,2.6673,0,0,0
2,30,5,44.4075,5.07027,24.06,119.669
2,30,5,47.1092,5.94595,27.71,116.681
2,30,5,43.9227,5.40541,24.33,115.44
2,30,5,12.318,1.62162,5.68,116.303
2,30,5,8.5993,1.1027,3.56,113.743
2,30,5,46.3481,6.48649,26.54,132.942
2,30,5,34.6547,6.48649,22.15,133.195
2,40,5,37.1707,5.94595,21.08,114.902
2,40,5,2.6943,0,0.01,0
2,40,5,32.5742,5.26486,18.35,114.807
2,40,5,20.7706,3.78378,11.35,134.33
2,40,5,24.3029,3.24324,12.24,116.323
2,40,5,8.6623,1.08108,3.78,119.613
2,40,5,29.1858,7.02703,17.86,118.49
2,40,5,46.4873,5.94595,25.02,111.211
2,40,5,61.0049,7.56757,33.04,121.234
2,40,5,39.9689,5.40541,22.29,127.907
2,40,5,32.2234,6.48649,17.94,135.265
2,40,5,50.03,7.56757,28.58,115.437
2,40,5,10.5193,1.62162,5.15,114.517
2,40,5,27.731,4.36757,15.27,115.955
2,40,5,22.3922,4.32432,11.69,117.822
2,40,5,40.2559,3.87027,21.34,126.329
2,40,5,48.2404,5.40541,26.17,111.087
2,40,5,43.7657,5.94595,24.6,121.512
2,40,5,6.6233,0.540541,2.28,118.938
2,40,5,27.9892,1.62162,14.01,117.068
2,50,5,24.8687,1.62162,12.49,115.529
2,50,5,24.028,2.7027,12.46,113.35
2,50,5,44.2069,6.33514,25.91,117.795
2,50,5,40.4312,5.40541,22.66,115.195
2,50,5,21.5756,3.78378,11.59,142.023
2,50,5,51.8393,7.56757,28.2,110.738
2,50,5,4.2243,1.08108,1.1,118.715
2,50,5,26.2848,4.32432,14.94,140.849
2,50,5,6.2625,1.62162,2.38,118.648
2,50,5,40.6986,7.02703,24.07,133.533
2,50,5,11.9387,3.24324,6.47,147.639
2,50,5,43.5337,8.10811,24.16,124.597
2,50,5,30.6537,4.86486,16.59,126.447
2,50,5,8.6962,2.16216,4.06,124.294
2,50,5,43.8322,6.8,26.08,122.782
2,50,5,40.902,4.86486,22.68,122.837
2,50,5,30.1659,3.30811,15.76,110.707
2,50,5,28.566,2.16216,14.7,121.495
2,50,5,26.913,2.7027,13.47,131.928
2,50,5,25.2069,2.7027,13.27,118.644
2,60,5,18.0089,4.86486,10.66,125
2,60,5,28.2212,4.32432,15.02,115.304
2,60,5,28.8989,3.24324,15.94,139.068
2,60,5,35.9781,2.16216,18.49,126.399
2,60,5,56.7169,7.02703,32.06,116.538
2,60,5,5.2125,1.08108,1.69,118.752
2,60,5,34.4061,4.86486,18.76,118.732
2,60,5,20.4964,3.24324,11.18,126.095
2,60,5,21.9446,3.24324,11.74,119.297
2,60,5,54.4154,9.18919,32.31,120.724
2,60,5,15.6128,1.08108,7.2,115.057
2,60,5,26.6218,4.86486,15.16,117.584
2,60,5,31.0593,7.02703,18.54,120.45
2,60,5,3.587,0.540541,0.75,120.154
2,60,5,31.9623,1.62162,17.16,116.522
2,60,5,57.4134,4.19459,31.49,121.583
2,60,5,81.2191,12.4324,48.84,116.289
2,60,5,36.5576,3.78378,18.84,135.723
2,60,5,53.8495,4.86486,28.61,119.431
2,60,5,36.8575,3.24324,19.38,119.563
2,70,5,3.0231,0,0,0
2,70,5,34.0972,4.32432,20.03,119.322
2,70,5,46.9956,5.94595,24.81,124.248
2,70,5,29.9423,2.16216,15.03,116.497
2,70,5,9.8656,1.81622,4.64,119.418
2,70,5,57.02,4.86486,31.09,112.509
2,70,5,26.5807,1.62162,13.53,138.017
2,70,5,16.1424,1.08108,7.72,107.975
2,70,5,45.6839,7.02703,24.32,116.47
2,70,5,35.0521,3.24324,18.65,120.042
2,70,5,47.0833,3.78378,24.93,116.299
2,70,5,38.5635,3.78378,21.07,114.512
2,70,5,26.2663,4.86486,14.45,135.138
2,70,5,9.8551,1.62162,4.12,109.837
2,70,5,54.664,6.48649,30.26,117.492
2,70,5,27.0397,3.78378,14.37,116.021
2,70,5,21.1256,2.7027,10.04,117.027
2,70,5,86.7071,5.94595,47.21,111.715
2,70,5,31.2203,4.86486,17.04,133.772
2,70,5,34.3394,3.78378,18.62,123.039
2,75,5,24.6088,3.24324,13.01,122.439
2,75,5,48.2334,5.40541,27.8,116.309
2,75,5,86.6923,9.18919,48.59,119.649
2,75,5,18.1035,1.62162,9.16,117.928
2,75,5,42.4343,4.86486,23.12,114.62
2,75,5,24.0562,1.62162,11.72,116.755
2,75,5,18.4518,2.16216,9.53,115.033
2,75,5,29.7715,2.63784,15.4,112.126
2,75,5,21.3277,1.57838,11.17,122.743
2,75,5,39.6658,7.02703,22.75,128.502
2,75,5,20.8351,2.7027,10.43,109.957
2,75,5,56.7183,5.94595,32.41,117.182
2,75,5,11.7405,2.16216,6.52,119.993
2,75,5,2.9012,0,0,0
2,75,5,52.1791,3.78378,27.54,126.992
2,75,5,11.8169,3.78378,6.54,138.013
2,75,5,26.9243,1.62162,13.41,115.267
2,75,5,49.0015,7.02703,28.46,117.127
2,75,5,30.4918,5.94595,18.71,124.766
2,75,5,20.4636,1.62162,10.44,111.86
2,80,5,47.858,7.56757,28.3,125.998
2,80,5,21.7771,4.86486,12.57,115.705
2,80,5,11.3726,1.62162,5.39,124.84
2,80,5,25.2517,3.24324,12.29,116.031
2,80,5,56.9042,5.94595,31.41,119.109
2,80,5,27.1015,4.55135,14.67,112.561
2,80,5,53.146,6.97297,31.18,116.673
2,80,5,4.7125,0.540541,1.47,136.723
2,80,5,94.5647,10.8108,53.44,115.706
2,80,5,7.6779,0.540541,2.68,108.067
2,80,5,22.9307,3.24324,12.89,118.166
2,80,5,12.4999,1.62162,5.8,113.677
2,80,5,50.1744,5.94595,27.56,113.794
2,80,5,12.8418,2.7027,6.21,116.886
2,80,5,45.1161,3.24324,24.12,138.291
2,80,5,26.7521,5.94595,16.56,140.794
2,80,5,2.6174,0,0.03,0
2,80,5,35.0846,2.16216,18.07,113.939
2,80,5,53.5512,6.92973,29.54,119.155
2,80,5,35.2428,4.32432,19.3,115.074
2,90,5,51.3541,8.4973,30.97,116.342
2,90,5,18.9776,3.24324,10.32,121.414
2,90,5,27.8234,3.24324,15.73,119.79
2,90,5,21.4432,4.03243,12.01,111.365
2,90,5,16.6836,0.540541,7.94,117.059
2,90,5,54.1607,5.40541,30.42,115.925
2,90,5,21.2938,3.24324,11.17,109.111
2,90,5,20.4987,2.16216,9.72,146.171
2,90,5,15.6114,1.62162,7.29,113.475
2,90,5,34.679,4.11892,20.15,124.104
2,90,5,2.8599,0,0,0
2,90,5,58.3574,9.72973,34.55,117.046
2,90,5,60.9177,13.2973,36.2,115.193
2,90,5,54.6351,4.32432,28.76,117.528
2,90,5,18.1785,2.16216,9.46,123.643
2,90,5,23.7656,2.16216,12,125.664
2,90,5,14.5347,1.62162,7.87,125.037
2,90,5,26.0551,3.78378,13.91,117.235
2,90,5,39.104,7.56757,22.92,122.562
2,90,5,39.4365,6.48649,22.77,111.282
2,100,5,60.5828,5.94595,35.91,126.024
2,100,5,60.7578,4.32432,31.87,116.611
2,100,5,32.3485,6.11892,18.38,122.205
2,100,5,22.2911,1.42703,11.61,114.795
2,100,5,56.4578,11.3514,34.99,123.696
2,100,5,47.0342,8.16216,27.21,124.772
2,100,5,29.2442,4.86486,17.81,120.156
2,100,5,12.4364,2.16216,6.64,120.463
2,100,5,33.8028,4.32432,18.62,116.891
2,100,5,34.6612,8.10811,21.03,123.049
2,100,5,22.0705,2.7027,11.24,111.883
2,100,5,10.6676,3.24324,5.4,114.654
2,100,5,20.9927,2.7027,12.45,129.801
2,100,5,56.5165,8.64865,33.92,116.347
2,100,5,43.3057,4.86486,23.51,116.817
2,100,5,16.4051,1.55676,7.49,113.478
2,100,5,43.2864,3.78378,22.84,113.626
2,100,5,7.2389,1.08108,3.1,120.063
2,100,5,8.1046,1.62162,3.63,165.615
2,100,5,29.3561,4.47568,16.37,117.292
2,10,10,16.7281,1.62162,8.21,113.714
2,10,10,11.4557,3.78378,6.28,166.23
2,10,10,27.4083,5.94595,16.39,146.087
2,10,10,17.5181,4.86486,10.43,134.088
2,10,10,16.8921,4.86486,9.46,120.078
2,10,10,5.0693,1.62162,1.51,121.254
2,10,10,19.9758,4.32432,10.01,139.37
2,10,10,2.89,0,0.02,0
2,10,10,35.032,13.4703,22.68,138.875
2,10,10,33.7007,6.48649,19.69,142.844
2,10,10,14.5835,2.7027,6.81,146.481
2,10,10,18.1816,3.24324,8.82,186.145
2,10,10,13.3919,3.76216,6.64,154.481
2,10,10,2.7573,0,0,0
2,10,10,36.865,4.86486,20.76,114.821
2,10,10,35.5134,11.7405,21.17,166.554
2,10,10,22.6344,6.48649,13.66,136.054
2,10,10,7.4351,1.08108,2.61,122.721
2,10,10,17.2751,5.93514,10.19,142.221
2,10,10,28.3649,9.02703,18.47,154.703
2,20,10,10.8948,3.78378,5.97,127.531
2,20,10,2.9902,0,0,0
2,20,10,25.5335,6.4,14.37,116.211
2,20,10,13.7468,2.16216,6.57,122.595
2,20,10,6.9977,1.71892,3,123.896
2,20,10,27.2534,4.86486,14.37,132.902
2,20,10,17.0406,6.34595,9.53,126.726
2,20,10,6.2605,1.62162,2.5,129.453
2,20,10,23.6454,4.86486,12.75,112.067
2,20,10,2.7701,0,0,0
2,20,10,2.6492,0,0.15,0
2,20,10,20.004,4.32432,10.94,135.466
2,20,10,13.3706,3.78378,6.87,135.099
2,20,10,19.1015,4.86486,10.8,122.661
2,20,10,16.4181,4.86486,9.97,130.777
2,20,10,19.7957,6.48649,11.4,131.275
2,20,10,13.6779,3.78378,7.06,144.027
2,20,10,39.8105,9.72973,25.16,128.586
2,20,10,19.764,5.49189,11.86,143.541
2,20,10,15.3882,3.87027,8.4,121.547
2,30,10,4.1595,1.08108,1.07,131.195
2,30,10,13.6547,2.16216,6.27,113.683
2,30,10,26.5728,7.02703,15.48,115.573
2,30,10,37.0783,12.973,23.3,135.808
2,30,10,5.0689,1.08108,1.58,133.662
2,30,10,30.82,9.72973,18.58,139.138
2,30,10,6.5149,2.7027,2.91,149.453
2,30,10,11.9336,4.32432,7.53,140.551
2,30,10,49.5185,10.3568,30.13,131.286
2,30,10,31.1737,8.24865,19.02,119.156
2,30,10,17.5052,5.40541,10.31,139.508
2,30,10,25.2289,6,15.06,131.33
2,30,10,16.0954,2.7027,9.06,120.641
2,30,10,5.119,1.08108,1.77,111.664
2,30,10,52.0961,7.82703,29.24,113.64
2,30,10,28.1676,6.48649,16.8,127.254
2,30,10,42.5097,7.02703,24.33,119.129
2,30,10,30.0105,8.10811,17.53,127.905
2,30,10,48.5742,7.53514,30.04,123.317
2,30,10,34.3306,9.85946,22.28,120.06
2,40,10,43.1855,8.86486,25.95,125.195
2,40,10,31.6523,5.94595,17.12,122.465
2,40,10,23.8084,9.18919,14.9,129.445
2,40,10,47.7285,11.9135,30.27,132.232
2,40,10,24.6899,6.48649,14.86,121.63
2,40,10,15.9148,4.86486,8.86,128.427
2,40,10,13.6537,5.40541,7.9,129.858
2,40,10,9.1672,4.32432,5.37,117.758
2,40,10,12.2388,5.40541,7.06,122.937
2,40,10,6.9087,0.540541,2.64,118.739
2,40,10,6.9818,1.62162,3.23,120.836
2,40,10,9.4732,2.16216,4.43,112.571
2,40,10,13.8152,4.86486,7.57,174.62
2,40,10,31.0339,10.2703,19.76,125.198
2,40,10,29.5203,6.48649,16.94,114.634
2,40,10,18.37,5.40541,11.74,126.074
2,40,10,23.4806,7.02703,14.81,130.322
2,40,10,31.2764,5.40541,17.9,119.86
2,40,10,2.7614,0,0.07,0
2,40,10,28.9486,6.48649,16.24,126.912
2,50,10,7.4735,1.62162,3.4,125.353
2,50,10,2.8487,0,0,0
2,50,10,11.5643,1.08108,5.71,118.31
2,50,10,36.7323,9.74054,21.99,126.467
2,50,10,8.147,2.16216,4.6,125.542
2,50,10,25.7817,5.94595,14.61,132.05
2,50,10,10.2188,1.08108,4.1,133.928
2,50,10,14.786,2.7027,7.37,110.67
2,50,10,4.9003,1.08108,1.97,119.521
2,50,10,23.227,4.32432,12.72,115.605
2,50,10,30.4277,8.64865,18.92,127.898
2,50,10,14.4492,4.86486,8,142.488
2,50,10,16.1015,2.7027,9.22,118.887
2,50,10,28.7539,7.02703,17.14,123.437
2,50,10,23.6024,6.48649,13.78,131.269
2,50,10,18.6258,3.24324,10.18,124.802
2,50,10,35.1657,11.8595,23.22,121.037
2,50,10,3.068,0,0,0
2,50,10,9.2381,1.08108,3.24,115.325
2,50,10,10.1821,1.08108,4.42,129.119
2,60,10,22.9891,2.87568,11.33,112.312
2,60,10,26.3688,4.86486,14.57,123.511
2,60,10,28.742,11.5351,19.31,123.324
2,60,10,22.253,7.30811,13.69,141.596
2,60,10,23.6463,3.78378,12.9,121.307
2,60,10,23.7509,6.48649,14.49,127.223
2,60,10,30,7.56757,18.84,124.448
2,60,10,26.0241,5.1027,16.4,133.846
2,60,10,2.7529,0,0.21,0
2,60,10,24.6321,3.93514,13.89,129.535
2,60,10,21.6206,2.7027,11.17,104.741
2,60,10,14.6459,2.7027,7.96,117.995
2,60,10,8.7535,1.08108,3.54,116.466
2,60,10,4.2416,1.08108,0.89,170.113
2,60,10,44.3664,7.02703,26.12,132.36
2,60,10,23.3065,6.8,13.49,129.828
2,60,10,36.3736,8.05405,20.88,130.502
2,60,10,56.5313,11.8378,33.03,122.682
2,60,10,40.9268,10.2703,25.53,128.286
2,60,10,14.4531,3.78378,7.82,137.542
2,70,10,38.178,8.95135,21.32,128.239
2,70,10,14.8416,2.7027,7.81,121.252
2,70,10,2.9448,0,0,0
2,70,10,32.3802,7.02703,19.51,123.903
2,70,10,18.3507,4.81081,9.97,128.125
2,70,10,31.9965,9.18919,20.35,123.059
2,70,10,5.0986,1.08108,1.48,125.908
2,70,10,14.1565,4.32432,7.82,115.374
2,70,10,29.5287,11.1351,20.95,122.492
2,70,10,27.3921,5.40541,15.02,114.616
2,70,10,21.9079,4.32432,11.7,121.541
2,70,10,10.2831,2.73514,5.7,151.998
2,70,10,40.2201,11.8919,25.29,124.554
2,70,10,16.8701,5.45946,9.15,140.323
2,70,10,22.6862,6.04324,14.4,128.538
2,70,10,13.8428,3.78378,7.44,122.203
2,70,10,9.3212,2.16216,4.19,119.468
2,70,10,27.3439,4.86486,15.4,111.509
2,70,10,13.2562,4.32432,6.53,130.407
2,70,10,19.8974,5.94595,12.48,124.924
2,75,10,13.8489,1.08108,6.37,115.613
2,75,10,5.477,1.62162,2.35,128.62
2,75,10,49.1527,6.60541,27.29,111.667
2,75,10,34.173,8.10811,19.44,120.129
2,75,10,19.5132,2.41081,10.21,117.16
2,75,10,14.6735,1.62162,6.77,121.397
2,75,10,2.8782,0,0,0
2,75,10,19.4787,4.32432,10.63,128.305
2,75,10,13.2548,2.16216,6.62,115.281
2,75,10,20.7962,7.02703,12.31,127.797
2,75,10,2.9011,0,0.13,0
2,75,10,48.3492,12.2162,30.35,123.575
2,75,10,8.4995,2.16216,3.46,123.78
2,75,10,49.3914,10.2703,30.16,119.309
2,75,10,54.8305,10.4,32.42,123.995
2,75,10,2.9246,0,0.03,0
2,75,10,22.7759,3.78378,13.09,117.521
2,75,10,12.3469,3.78378,6.61,138.501
2,75,10,13.6482,4.32432,7.91,121.668
2,75,10,17.7735,3.24324,9.74,117.374
2,80,10,20.2341,6.38919,11.2,118.638
2,80,10,3.1852,0,0.06,0
2,80,10,12.3164,3.78378,8.03,131.74
2,80,10,29.2329,3.78378,15.99,124.911
2,80,10,9.4023,3.78378,5,125.627
2,80,10,3.2467,0.540541,0.59,109.231
2,80,10,32.139,7.02703,19.02,125.814
2,80,10,33.2208,8.10811,20.21,116.111
2,80,10,7.9756,2.16216,3.24,114.51
2,80,10,18.1998,3.24324,9.62,119.771
2,80,10,20.7303,8.06486,13.02,119.865
2,80,10,28.4964,7.51351,16.93,123.751
2,80,10,16.1434,3.24324,9.05,144.952
2,80,10,36.5316,10.2703,24.39,124.245
2,80,10,30.6528,5.71892,17.24,119.039
2,80,10,28.7775,4.43243,16.23,117.05
2,80,10,10.868,1.62162,5.5,119
2,80,10,19.6011,5.31892,10.1,121.342
2,80,10,10.5604,3.24324,5.27,115.513
2,80,10,4.3592,0.540541,1.15,115.819
2,90,10,13.1003,2.16216,6.21,129.288
2,90,10,35.4022,7.65405,20.81,127.297
2,90,10,24.8879,8.03243,15.11,120.033
2,90,10,26.4902,5.74054,15.23,118.007
2,90,10,27.9066,3.78378,15.22,112.894
2,90,10,39.3039,9.18919,23.41,117.877
2,90,10,17.6059,3.78378,9.89,123.637
2,90,10,15.3054,1.62162,8.34,120.457
2,90,10,7.406,1.62162,2.87,117.763
2,90,10,26.0399,6.52973,15.05,118.248
2,90,10,24.6576,7.56757,15.69,120.996
2,90,10,7.5461,1.08108,3.03,130.316
2,90,10,12.918,4.86486,7.43,125.546
2,90,10,17.2258,2.7027,10.12,123.072
2,90,10,10.0047,1.62162,5.08,132.721
2,90,10,3.0536,0,0,0
2,90,10,20.6246,4.86486,11.71,120.177
2,90,10,21.8393,5.00541,12.23,118.874
2,90,10,23.1933,4.86486,13.97,121.887
2,90,10,33.8547,7.02703,20.86,121.835
2,100,10,19.2756,3.24324,10.79,125.115
2,100,10,26.618,7.02703,14.77,119.019
2,100,10,3.1162,0,0.26,0
2,100,10,9.8376,2.7027,4.86,124.697
2,100,10,22.488,5.94595,12.66,142.045
2,100,10,22.8579,5.40541,13.51,126.258
2,100,10,28.8679,6.48649,15.93,114.478
2,100,10,20.5425,3.78378,10.87,124.381
2,100,10,6.2388,1.08108,2.34,130.392
2,100,10,7.2968,2.16216,2.98,114.94
2,100,10,10.4083,1.62162,4.73,121.4
2,100,10,20.0553,4.21622,11.09,117.364
2,100,10,18.3726,3.2973,9.85,137.173
2,100,10,24.1613,8.64865,15.09,121.963
2,100,10,3.352,0,0.12,0
2,100,10,16.2842,3.24324,8.49,115.196
2,100,10,11.0539,1.08108,5.43,103.924
2,100,10,22.7121,3.78378,12.24,118.53
2,100,10,63.7996,9.18919,35.69,118.239
2,100,10,34.5759,5.18919,17.28,121.545
2,10,15,29.3092,15.1351,20.13,126.956
2,10,15,15.2289,3.6,8.56,122.272
2,10,15,5.4125,1.62162,1.35,516.048
2,10,15,3.0674,0.540541,0.27,404.316
2,10,15,7.7171,2.16216,4.86,110.978
2,10,15,5.5017,3.24324,2.18,332.073
2,10,15,2.9189,1.08108,0.02,453.146
2,10,15,8.5921,5.94595,5.11,185.661
2,10,15,5.6206,4.32432,2.33,195.819
2,10,15,9.4752,3.24324,5.08,181.555
2,10,15,14.6032,7.02703,9.05,153.09
2,10,15,17.8482,7.56757,10.46,199.846
2,10,15,8.5709,3.24324,3.6,407.673
2,10,15,13.0266,7.02703,7.62,174.938
2,10,15,24.9604,12.5838,16.14,147.524
2,10,15,8.6119,3.24324,4.65,122.896
2,10,15,38.9884,15.7297,25.89,144.97
2,10,15,20.032,8.10811,10.67,185.997
2,10,15,14.3879,5.94595,9.56,120.754
2,10,15,15.7902,7.56757,9.64,128.928
2,20,15,20.3018,7.97838,12.71,128.397
2,20,15,11.123,5.94595,7.48,143.688
2,20,15,37.0892,13.5135,22.19,144.004
2,20,15,6.0198,1.62162,2.98,121.254
2,20,15,26.0209,9.72973,14.96,145.472
2,20,15,7.2128,1.1027,2.6,118.324
2,20,15,11.6912,9.18919,8.8,150.871
2,20,15,22.7252,7.97838,14.72,132.721
2,20,15,21.4733,7.56757,13.06,130.524
2,20,15,20.7783,4.86486,11.61,138.434
2,20,15,4.8067,2.03243,1.68,175.268
2,20,15,3.6954,1.08108,0.45,130.087
2,20,15,20.7165,8.14054,12.76,131.583
2,20,15,10.9491,5.94595,6.74,131.245
2,20,15,9.9567,3.78378,5.55,130.558
2,20,15,16.2264,6.48649,10.49,126.31
2,20,15,15.4246,7.02703,8.8,147.376
2,20,15,14.8922,6.48649,8.91,148.375
2,20,15,17.5626,9.2,11.37,147.856
2,20,15,18.2802,4.86486,10.24,147.15
2,30,15,33.6671,14.4865,22.26,124.773
2,30,15,12.664,5.40541,7.76,147.561
2,30,15,14.0517,5.40541,8.26,127.091
2,30,15,9.2245,5.40541,5.15,142.113
2,30,15,17.9958,4.32432,10.39,134.189
2,30,15,16.5118,5.94595,11.22,132.391
2,30,15,29.1509,10.9189,18.04,145.632
2,30,15,18.9893,4.32432,10.25,118.623
2,30,15,11.1953,5.40541,5.75,144.165
2,30,15,17.332,5.56757,10.03,119.539
2,30,15,13.9528,2.7027,6.76,115.218
2,30,15,2.909,0,0.03,0
2,30,15,26.2222,10.2703,16.54,135.547
2,30,15,17.4923,7.02703,11.25,147.429
2,30,15,12.9469,5.40541,7.62,128.868
2,30,15,11.3003,4.32432,6.52,115.916
2,30,15,23.9682,6.3027,13.1,120.63
2,30,15,17.9882,8.14054,11.32,135.495
2,30,15,10.8384,3.24324,5.08,166.725
2,30,15,32.5491,10.173,20.68,121.499
2,40,15,17.9535,4.32432,10.47,124.711
2,40,15,21.3147,8.64865,13.51,122.049
2,40,15,7.8053,4.32432,4.32,143.226
2,40,15,5.6245,1.08108,2.71,115.251
2,40,15,34.0214,14.8973,22.18,134.187
2,40,15,2.6679,0,0.02,0
2,40,15,17.6452,6.59459,10.83,136.523
2,40,15,7.2364,3.24324,2.92,176.165
2,40,15,20.2873,7.12432,12.6,157.318
2,40,15,30.8278,11.3514,20.33,133.189
2,40,15,6.343,3.78378,3.34,166.156
2,40,15,11.4594,2.7027,6.12,118.734
2,40,15,9.4359,2.16216,4.66,152.548
2,40,15,25.2031,6.92973,14.82,121.255
2,40,15,2.8683,0,0.02,0
2,40,15,36.4189,10.9838,22.71,125.14
2,40,15,23.4376,8.10811,14.49,142.04
2,40,15,2.9165,0,0.08,0
2,40,15,20.4291,9.72973,14.7,126.113
2,40,15,30.759,11.3405,19,114.203
2,50,15,16.6468,7.02703,11,125.139
2,50,15,11.0491,2.16216,4.87,110.833
2,50,15,20.8039,7.02703,11.85,128.683
2,50,15,22.8032,8.10811,14.28,135.533
2,50,15,30.4793,6.48649,16.37,124.638
2,50,15,29.6485,10.2703,17.33,118.086
2,50,15,8.7269,1.62162,3.96,116.423
2,50,15,32.7341,11.7622,21.11,120.461
2,50,15,20.71,7.77297,12.26,115.768
2,50,15,14.4612,3.2,7.88,110.859
2,50,15,18.6589,6.48649,11.22,136.333
2,50,15,22.1204,6.48649,12.98,121.551
2,50,15,17.1998,5.40541,10.53,154.334
2,50,15,10.5872,4.86486,6.22,147.179
2,50,15,12.1254,4.50811,7.21,130.594
2,50,15,18.8978,4.86486,11.79,118.606
2,50,15,15.5732,4.32432,8.45,135.949
2,50,15,27.5487,11.8919,17.69,116.47
2,50,15,11.0202,3.78378,5.99,114.468
2,50,15,20.9967,7.02703,12.53,136.444
2,60,15,18.8834,7.56757,11.89,133.577
2,60,15,34.5086,14.0541,22.79,127.213
2,60,15,18.3002,7.56757,11.1,112.965
2,60,15,9.2734,3.05946,4.89,143.384
2,60,15,34.6875,9.72973,20.83,124.571
2,60,15,21.189,9.39459,12.74,143.062
2,60,15,17.0732,4.86486,9.31,121.257
2,60,15,20.0574,5.94595,11.3,116.66
2,60,15,7.3899,2.16216,3.27,124.713
2,60,15,23.7955,9.88108,14.62,121.486
2,60,15,35.0478,14.5946,24.36,124.262
2,60,15,20.901,9.72973,13.94,127.105
2,60,15,11.8967,3.78378,6.13,151.313
2,60,15,28.4829,10.2703,18.42,126.907
2,60,15,7.3892,2.7027,3.46,149.215
2,60,15,18.6191,5.40541,10.81,127.282
2,60,15,17.7091,4.32432,9.66,132.778
2,60,15,21.3721,6.48649,12.13,142.206
2,60,15,9.1226,4.86486,4.93,132.308
2,60,15,6.4118,1.62162,2.96,119.299
2,70,15,6.3159,1.08108,2.15,107.291
2,70,15,11.5526,2.16216,6.2,123.145
2,70,15,4.6362,0.540541,1.06,114.814
2,70,15,33.5957,10.2703,20.74,133.783
2,70,15,24.04,8.07568,14.54,124.353
2,70,15,13.9279,4.32432,7.74,121.239
2,70,15,25.5287,3.98919,14.44,118.802
2,70,15,6.1781,1.62162,2.43,124.646
2,70,15,14.1858,5.2,7.94,135.326
2,70,15,13.3822,4.86486,7.4,120.752
2,70,15,17.7784,5.40541,10.87,135.336
2,70,15,5.3031,0.540541,1.29,113.865
2,70,15,37.8966,14.5946,25.42,129.351
2,70,15,11.4911,3.24324,5.62,144.163
2,70,15,11.1214,3.14595,5.59,119.967
2,70,15,38.5516,12.6919,23.57,127.623
2,70,15,12.3393,4.32432,7.27,119.635
2,70,15,3.6842,1.08108,1.02,131.545
2,70,15,22.9313,7.56757,13.8,122.084
2,70,15,26.1861,11.1243,17.86,118.174
2,75,15,17.6265,6.36757,9.64,126.877
2,75,15,9.5937,2.16216,4.47,115.612
2,75,15,18.5725,5.2,10.62,127.402
2,75,15,32.6548,10.3243,21.47,129.579
2,75,15,5.4823,1.62162,2.17,122.005
2,75,15,11.0821,5.40541,6.25,141.58
2,75,15,12.9596,5.61081,8.57,119.729
2,75,15,18.2892,7.56757,10.75,128.967
2,75,15,3.2845,0,0.02,0
2,75,15,23.8922,8.10811,14.35,124.192
2,75,15,13.9303,6.84324,9.03,129.761
2,75,15,17.7656,6.48649,10.93,121.379
2,75,15,32.2992,9.72973,19.41,131.563
2,75,15,23.7291,9.88108,14.73,131.88
2,75,15,16.6884,4.60541,9.34,133.108
2,75,15,36.9788,10.2703,22.58,128.004
2,75,15,5.0304,2.16216,2.34,131.412
2,75,15,5.1779,0.540541,1.54,108.979
2,75,15,14.2817,4.32432,8.24,113.524
2,75,15,4.7431,0,1.08,0
2,80,15,39.98,10.2703,25.18,131.77
2,80,15,10.7178,3.2,5.57,114.751
2,80,15,21.6579,7.56757,12.4,134.261
2,80,15,36.308,11.8919,25.33,129.007
2,80,15,23.5979,8.10811,14.14,120.672
2,80,15,2.8284,0,0,0
2,80,15,4.4386,1.62162,1.7,119.34
2,80,15,25.9886,14.0541,18.92,122.322
2,80,15,29.9173,11.8919,18.47,126.836
2,80,15,2.8486,0,0.03,0
2,80,15,12.4072,3.24324,6.98,127.074
2,80,15,10.3852,3.24324,6.23,116.625
2,80,15,4.8704,1.08108,1.02,123.727
2,80,15,20.4276,5.40541,10.96,114.762
2,80,15,18.334,5.94595,10.89,115.803
2,80,15,12.8879,3.78378,7.45,121.203
2,80,15,22.6003,8.10811,14.35,126.721
2,80,15,22.9689,11.8919,15.95,117.533
2,80,15,21.3679,6.48649,13.37,124.787
2,80,15,12.6626,4.4,7.4,129.336
2,90,15,16.8021,5.40541,10.51,121.506
2,90,15,15.9336,7.6,10.16,120.429
2,90,15,32.9188,8.10811,19.63,118.608
2,90,15,24.243,7.56757,15.45,118.246
2,90,15,7.9959,2.16216,3.9,127.756
2,90,15,43.7785,13.1676,28.16,123.365
2,90,15,4.6311,1.62162,1.37,122.634
2,90,15,7.0521,1.62162,2.74,124.017
2,90,15,10.0565,4.32432,5.25,120.239
2,90,15,4.7707,1.08108,1.26,118.628
2,90,15,12.248,6.48649,8.65,137.45
2,90,15,7.118,1.68649,2.95,120.004
2,90,15,31.9204,11.3405,20.71,118.14
2,90,15,10.7293,2.7027,5.27,119.788
2,90,15,5.8186,1.62162,2.13,121.988
2,90,15,9.2239,2.16216,4.23,123.141
2,90,15,21.8344,5.84865,12.96,120.619
2,90,15,11.715,1.92432,5.8,124.379
2,90,15,4.294,0,0.94,0
2,90,15,40.8244,15.5568,27.18,126.38
2,100,15,4.7559,0.540541,1.47,113.345
2,100,15,27.1141,11.3514,17.7,119.72
2,100,15,13.9471,4.86486,7.41,135.005
2,100,15,12.3041,2.7027,6.43,121.059
2,100,15,5.9234,1.62162,2.42,122.706
2,100,15,21.3814,8.64865,13.88,122.796
2,100,15,3.1224,0.540541,0.27,105.217
2,100,15,20.1092,7.42703,13.42,121.937
2,100,15,18.44,7.02703,10.97,128.09
2,100,15,19.6591,8.10811,13.51,119.465
2,100,15,11.8083,3.24324,6.61,126.912
2,100,15,20.3432,5.40541,10.76,122.291
2,100,15,16.1956,5.94595,8.63,120.254
2,100,15,3.2176,0.540541,0.38,115.081
2,100,15,29.1725,10.0865,18.11,127.09
2,100,15,18.3148,4.32432,9.61,119.104
2,100,15,17.7295,5.26486,10.03,121.883
2,100,15,8.8632,3.24324,4.32,127.719
2,100,15,3.4454,0,0.27,0
2,100,15,31.2648,8.84324,18.52,125.873
2,10,20,17.0841,7.68649,10.98,148.539
2,10,20,16.3772,8.10811,9.75,197.856
2,10,20,10.6264,5.94595,6.71,175.244
2,10,20,9.3121,4.86486,5.99,122.44
2,10,20,23.0901,10.3568,14.31,154.781
2,10,20,14.9561,4.32432,8.97,188.175
2,10,20,22.0785,9.72973,14.31,163.578
2,10,20,9.4808,3.24324,5.04,145.664
2,10,20,23.3509,11.3189,14.58,162.042
2,10,20,27.2906,11.5135,16.39,185.458
2,10,20,14.5976,5.94595,7.74,160.851
2,10,20,13.0162,4.51892,8.06,133.922
2,10,20,4.9969,2.16216,2.24,203.069
2,10,20,12.4992,7.02703,7.03,162.805
2,10,20,7.1958,2.7027,3.54,187.047
2,10,20,5.5588,1.62162,2,175.887
2,10,20,11.3955,7.02703,6.97,150.77
2,10,20,3.0908,1.62162,0.62,330.989
2,10,20,15.1553,8.98378,10.18,156.464
2,10,20,8.1752,7.56757,4.63,188.617
2,20,20,4.9157,2.16216,2.14,178.931
2,20,20,14.3929,5.40541,8.05,113.305
2,20,20,11.2664,6.71351,7.21,129.842
2,20,20,11.8213,5.40541,6.61,164.646
2,20,20,4.1374,0.335135,1.2,132.238
2,20,20,11.0331,4.86486,7.34,175.415
2,20,20,18.7719,8.63784,11.64,135.47
2,20,20,19.0979,6.72432,12.69,146.424
2,20,20,4.6791,3.78378,2.87,153.83
2,20,20,8.9994,3.24324,4.71,152.978
2,20,20,15.2151,7.56757,9.13,141.604
2,20,20,25.7358,12.973,17.86,130.109
2,20,20,15.9202,5.98919,10.52,133.121
2,20,20,16.3028,4.68108,9,113.892
2,20,20,13.9305,7.02703,8.52,134.267
2,20,20,14.221,5.37297,8.55,121.471
2,20,20,11.4157,2.7027,5.87,139.049
2,20,20,6.071,2.16216,2.35,144.87
2,20,20,9.4224,3.15676,4.72,149.507
2,20,20,18.6518,11.7405,13.2,155.87
2,30,20,23.4623,12.4324,17.54,144.734
2,30,20,11.8241,3.24324,6.15,109.667
2,30,20,20.5991,14.0541,15.17,158.164
2,30,20,12.7484,7.35135,7.4,163.235
2,30,20,21.9587,12.4324,15.74,141.964
2,30,20,2.3275,0,0.06,0
2,30,20,21.29,8.64865,12.95,143.652
2,30,20,11.1817,5.40541,7.59,142.874
2,30,20,7.6108,2.85405,3.53,129.619
2,30,20,12.7987,5.40541,7.13,121.766
2,30,20,12.1708,5.40541,6.49,188.511
2,30,20,16.8004,5.40541,9.62,117.231
2,30,20,16.678,4.86486,9.69,141.714
2,30,20,28.505,14.5946,18.15,143.349
2,30,20,12.5577,5.40541,6.53,137.481
2,30,20,6.1761,1.62162,2.81,167.259
2,30,20,10.1205,4.86486,5.61,146.286
2,30,20,5.4233,2.7027,1.97,159.16
2,30,20,3.1906,0.540541,0.62,121.125
2,30,20,16.8673,6.12973,10.19,116.947
2,40,20,18.2088,8.64865,11.63,128.18
2,40,20,6.3428,0.421622,2.49,126.077
2,40,20,9.5933,3.15676,5.03,166.646
2,40,20,12.7413,6.48649,6.73,134.682
2,40,20,27.2832,8.10811,16.79,118.602
2,40,20,19.9026,8.99459,13.05,122.338
2,40,20,6.9377,1.62162,2.73,114.182
2,40,20,20.8287,11.8919,14.52,135.67
2,40,20,6.39,1.62162,2.51,104.793
2,40,20,14.5287,5.40541,8.4,118.642
2,40,20,10.5912,3.24324,5.67,135.52
2,40,20,8.2168,3.24324,4.37,137.636
2,40,20,10.8273,5.40541,6.59,153.719
2,40,20,4.3163,1.62162,1.55,159.583
2,40,20,13.6809,9.72973,7.92,164.542
2,40,20,2.6218,0,0,0
2,40,20,37.8832,14.5946,24.1,130.614
2,40,20,4.3596,1.62162,1.65,213.118
2,40,20,15.8126,6.48649,8.68,128.836
2,40,20,2.7844,0,0,0
2,50,20,26.0165,10.8108,16.54,124.772
2,50,20,13.9739,3.78378,6.92,131.602
2,50,20,15.755,6.48649,9.38,139.164
2,50,20,8.7261,5.40541,4.96,147.848
2,50,20,6.4774,3.24324,2.07,168.454
2,50,20,18.6517,8.83243,11.22,127.116
2,50,20,2.8173,0,0,0
2,50,20,19.3019,7.02703,10.77,140.235
2,50,20,3.401,0.540541,0.68,110.352
2,50,20,5.8321,2.16216,2.72,135.873
2,50,20,2.9027,0,0,0
2,50,20,14.0191,5.53514,8.77,117.147
2,50,20,10.7579,6.55135,7.39,133.446
2,50,20,24.7659,11.8919,16.81,136.314
2,50,20,4.5267,1.09189,1.24,118.03
2,50,20,9.1338,1.62162,4.4,111.833
2,50,20,16.8116,6.48649,11.31,127.008
2,50,20,3.0843,0.540541,0.69,122.907
2,50,20,9.5775,5.40541,6,128.478
2,50,20,14.25,9.72973,9.25,138.228
2,60,20,12.9707,7.56757,8.16,137.106
2,60,20,12.9741,4.32432,6.68,115.642
2,60,20,13.7795,7.56757,9.34,134.821
2,60,20,14.6539,5.40541,8.15,139.262
2,60,20,6.1649,2.16216,2.44,126.323
2,60,20,16.0885,6.25946,9.43,114.092
2,60,20,18.2305,8.64865,12.67,124.843
2,60,20,8.796,2.7027,3.96,150.053
2,60,20,4.702,0.540541,1.75,115.254
2,60,20,14.8938,6.04324,9.32,131.444
2,60,20,24.8835,12.7892,16.93,126.129
2,60,20,15.2157,7.56757,9.8,117.631
2,60,20,7.1413,2.16216,2.87,123.656
2,60,20,14.5926,10.8108,9.78,146.324
2,60,20,20.9341,10.8108,13.4,143.559
2,60,20,7.9138,2.16216,3.98,120.733
2,60,20,17.3802,5.94595,10.46,125.235
2,60,20,14.0056,6.90811,8.81,123.71
2,60,20,5.0536,1.62162,1.89,115.802
2,60,20,20.1643,12.4324,14.66,144.326
2,70,20,18.634,8.06486,10.91,128.075
2,70,20,12.3176,4.11892,6.53,127.126
2,70,20,11.7157,3.78378,6.37,139.626
2,70,20,11.7538,3.78378,6.57,115.598
2,70,20,2.9543,0,0.02,0
2,70,20,8.9599,6.48649,5.75,152.524
2,70,20,21.5792,8.10811,13.84,121.31
2,70,20,19.9471,11.6973,14.06,135.759
2,70,20,9.6075,4.32432,5.43,139.99
2,70,20,20.7226,5.94595,12.12,110.234
2,70,20,8.7663,3.24324,4.87,113.311
2,70,20,24.9678,10.8108,17.48,123.932
2,70,20,22.9265,10.2703,13.96,131.995
2,70,20,6.9731,1.62162,2.69,108.37
2,70,20,12.0066,6.58378,7.49,125.908
2,70,20,10.931,1.9027,5.15,115.52
2,70,20,3.8282,0.27027,0.75,120.144
2,70,20,8.5561,2.16216,3.77,132.338
2,70,20,5.5397,1.62162,2.35,120.896
2,70,20,23.6826,9.08108,14.31,142.45
2,75,20,17.7269,10.2703,12.47,149.484
2,75,20,15.9932,5.40541,8.82,116.715
2,75,20,8.4549,2.16216,3.82,149.613
2,75,20,7.4558,2.7027,4.1,117.892
2,75,20,24.5358,9.17838,15.25,120.241
2,75,20,14.1574,4.32432,7.22,136.797
2,75,20,12.536,4.86486,7.06,136.469
2,75,20,3.1646,0,0.15,0
2,75,20,11.524,6.48649,6.69,130.257
2,75,20,8.1345,4.69189,4.86,144.06
2,75,20,28.4344,10.5405,19.06,122.236
2,75,20,14.402,6.73514,8.66,120.475
2,75,20,6.8863,3.24324,3.74,125.181
2,75,20,23.414,10.1081,16.3,126.747
2,75,20,4.8838,1.62162,1.78,125.479
2,75,20,17.2198,5.94595,10.92,116.17
2,75,20,22.5929,7.02703,14.37,127.823
2,75,20,15.3696,9.12432,10.55,140.945
2,75,20,27.1935,9.35135,17.36,128.938
2,75,20,9.7764,4.85405,5.56,120.755
2,80,20,23.5248,8.10811,14.5,131.106
2,80,20,35.9853,12.973,24.38,118.1
2,80,20,20.3735,8.10811,13.44,123.08
2,80,20,2.8335,0,0,0
2,80,20,22.0367,7.56757,14.41,116.623
2,80,20,11.9269,6.65946,6.6,128.433
2,80,20,16.7011,5.94595,10.36,124.629
2,80,20,33.0763,13.9135,22.06,128.639
2,80,20,23.909,11.1459,16.7,119.018
2,80,20,28.5919,11.4703,17.5,123.161
2,80,20,5.2543,1.08108,1.33,119.873
2,80,20,23.0791,7.02703,13.65,120.415
2,80,20,14.6205,8.10811,10.59,127.674
2,80,20,27.4561,10.4865,16.43,123.842
2,80,20,14.5811,8.48649,10.61,123.185
2,80,20,18.472,7.02703,10.37,131.19
2,80,20,5.306,1.08108,1.99,132.765
2,80,20,4.6467,0.691892,1.41,119.861
2,80,20,22.7006,10.7568,16.1,123.411
2,80,20,8.2602,2.8,4.49,124.494
2,90,20,2.803,0.540541,0.32,134.759
2,90,20,10.3404,3.24324,5.59,114.498
2,90,20,16.8063,5.94595,9.44,122.595
2,90,20,17.5303,9.72973,11.21,131.593
2,90,20,18.6197,8.64865,12.1,125.548
2,90,20,17.0622,8.10811,10.78,136.377
2,90,20,9.2375,3.78378,4.67,125.441
2,90,20,9.8007,1.62162,4.34,121.457
2,90,20,16.788,7.02703,10.5,143.413
2,90,20,13.0875,7.95676,9.29,121.238
2,90,20,17.0769,7.55676,11.57,120.907
2,90,20,18.3598,8.21622,11.96,115.796
2,90,20,6.8999,1.08108,2.81,124.433
2,90,20,11.763,5.23243,6.74,137.692
2,90,20,19.2544,6.61622,11.62,134.756
2,90,20,7.0826,2.7027,3.48,140.187
2,90,20,10.2758,4.86486,6.24,129.161
2,90,20,11.277,6.48649,6.34,161.575
2,90,20,21.7642,8.81081,13.67,122.518
2,90,20,10.7177,2.7027,5.8,123.528
2,100,20,5.1765,0.540541,1.21,107.47
2,100,20,9.6335,3.78378,5.7,120.161
2,100,20,13.8097,6.48649,8.01,129.396
2,100,20,15.5117,4.65946,9.13,115.819
2,100,20,5.5431,2.16216,2.41,150.144
2,100,20,19.1781,5.67568,11.22,111.618
2,100,20,28.4433,12.973,19.39,130.538
2,100,20,26.6956,9.18919,17.18,128.082
2,100,20,11.662,8.10811,7.7,116.815
2,100,20,10.9331,4.32432,5.56,128.859
2,100,20,19.0484,8.29189,11.68,121.116
2,100,20,9.6928,4.86486,4.82,118.658
2,100,20,4.5877,1.08108,1.49,126.623
2,100,20,11.3378,2.7027,5.5,116.786
2,100,20,12.1497,3.54595,6.76,120.496
2,100,20,15.292,8.10811,9.23,119.614
2,100,20,13.5111,3.24324,6.89,113.937
2,100,20,13.2408,3.24324,6.57,156.717
2,100,20,20.7196,9.72973,13.74,121.922
2,100,20,27.3714,10.2703,18.31,122.84
2,10,25,15.954,11.8919,10,183.767
2,10,25,3.1269,1.62162,0.39,449.731
2,10,25,7.391,5.40541,3.88,262.096
2,10,25,8.5629,7.02703,4.98,195.711
2,10,25,24.9357,18.9189,17.93,165.849
2,10,25,10.6355,8.10811,6.27,182.593
2,10,25,20.1746,10.2703,14.15,151.95
2,10,25,10.4919,8.10811,6.44,246.062
2,10,25,2.5094,0,0,0
2,10,25,18.3416,16.2162,11.88,187.873
2,10,25,7.858,3.65405,4.39,187.833
2,10,25,6.1774,3.24324,2.5,174.89
2,10,25,7.6726,4.32432,4.3,183.751
2,10,25,11.8635,11.4919,9.34,155.908
2,10,25,4.9331,2.16216,1.88,143.118
2,10,25,27.1158,17.3081,19.24,166.73
2,10,25,4.2729,1.08108,1.31,136.568
2,10,25,5.3235,5.40541,2.21,272.045
2,10,25,14.2623,11.6649,10.52,163.577
2,10,25,29.3638,16.4,18.82,173.88
2,20,25,27.0229,16.2162,18.41,161.619
2,20,25,11.838,6.48649,7.01,138.778
2,20,25,24.2641,15.2108,17.79,153.355
2,20,25,4.3338,1.62162,1.37,117.802
2,20,25,32.3927,14.2919,23.09,131.375
2,20,25,12.9749,8.10811,8.41,150.404
2,20,25,11.4722,5.94595,7.56,139.991
2,20,25,8.1829,5.37297,4.52,163.854
2,20,25,20.9043,7.66486,13.01,143.577
2,20,25,12.1443,9.18919,9.11,163.113
2,20,25,9.422,4.32432,5.51,182.244
2,20,25,13.3864,10.8108,8.27,157.718
2,20,25,5.8837,2.7027,2.74,165.096
2,20,25,11.2046,6.48649,6.08,157.379
2,20,25,6.5645,4.32432,2.74,158.704
2,20,25,3.8398,1.62162,1.25,207.68
2,20,25,10.4134,5.94595,6.63,152.245
2,20,25,8.1564,3.24324,3.82,164.51
2,20,25,7.8515,2.16216,3.04,117.578
2,20,25,7.9316,3.78378,4.1,131.392
2,30,25,20.7819,13.0054,13.94,161.548
2,30,25,13.8226,9.79459,8.35,150.681
2,30,25,23.7403,9.74054,13.96,126.018
2,30,25,25.7574,16.9189,19.4,161.905
2,30,25,10.998,4.54054,6.93,138.908
2,30,25,4.8862,1.08108,0.92,124.923
2,30,25,3.6135,0.540541,1.04,127.923
2,30,25,21.8577,11.4162,15.06,143.144
2,30,25,18.1199,9.89189,12.41,138.589
2,30,25,23.4084,10.9622,15.11,139.069
2,30,25,7.6119,4.32432,4.02,139.808
2,30,25,18.3361,9.72973,12.69,140.181
2,30,25,14.8871,5.6,8.97,120.663
2,30,25,16.0196,10.4108,11.98,144.72
2,30,25,14.1287,8.10811,10.21,135.511
2,30,25,14.0892,10.2703,9.03,143.753
2,30,25,13.4655,5.63243,8.46,118.423
2,30,25,7.0544,4.86486,3.73,169.003
2,30,25,23.1412,10.8108,16.03,131.494
2,30,25,26.144,15.6757,19.08,136.182
2,40,25,16.9268,9.18919,10.52,121.289
2,40,25,12.0853,3.24324,6.19,142.326
2,40,25,5.6193,1.62162,1.85,115.024
2,40,25,12.9005,8.10811,8.05,150.622
2,40,25,8.9798,3.24324,4.85,129.868
2,40,25,19.4299,11.3514,13.83,130.89
2,40,25,12.0916,7.38378,8.46,134.647
2,40,25,18.2512,7.2973,11.03,132.489
2,40,25,17.3221,10.3784,12.07,133.709
2,40,25,3.8456,1.62162,1.42,135.907
2,40,25,7.3625,2.7027,3.85,117.869
2,40,25,2.9504,0,0,0
2,40,25,15.6217,5.40541,8.16,127.597
2,40,25,4.8653,3.24324,2.54,143.938
2,40,25,3.2027,0,0,0
2,40,25,2.8442,0,0.02,0
2,40,25,3.7871,1.08108,0.89,111.638
2,40,25,16.5487,7.02703,9.34,144.582
2,40,25,5.3659,3.78378,2.13,142.838
2,40,25,3.3033,1.08108,0.75,157.133
2,50,25,16.2017,8.98378,9.98,141.386
2,50,25,4.9365,2.16216,2.34,122.005
2,50,25,3.7478,1.62162,1.09,161.653
2,50,25,9.1088,3.78378,4.13,147.893
2,50,25,12.4229,7.56757,8.56,138.085
2,50,25,20.4214,14.4649,15.14,148.716
2,50,25,10.0082,6.05405,5.81,136.788
2,50,25,5.698,1.08108,2.11,119.733
2,50,25,13.2194,8.64865,8.52,144.595
2,50,25,4.4309,2.16216,1.52,120.6
2,50,25,13.7504,5.40541,7.82,122.87
2,50,25,3.0097,0,0.2,0
2,50,25,12.0491,9.18919,8.07,156.602
2,50,25,14.7312,6.48649,9.72,128.617
2,50,25,13.6485,6.48649,8.35,136.069
2,50,25,23.9613,13.0162,16.45,136.123
2,50,25,12.5593,5.94595,6.56,146.041
2,50,25,4.8694,1.62162,1.78,116.485
2,50,25,11.1559,4.32432,6.24,124.479
2,50,25,14.2723,9.80541,10.7,126.914
2,60,25,3.1287,1.08108,0.29,177.678
2,60,25,16.6902,8.10811,11.45,128.845
2,60,25,12.7671,7.56757,8.22,120.514
2,60,25,16.0733,7.02703,9.96,157.317
2,60,25,27.1758,16.0541,19.53,133.697
2,60,25,7.5204,2.7027,3.38,119.676
2,60,25,41.9962,21.8378,31.73,128.167
2,60,25,9.7912,4.32432,5.56,127.32
2,60,25,13.2557,6.48649,8.59,124.629
2,60,25,10.5938,4.32432,5.26,130.786
2,60,25,4.093,1.62162,1.34,125.38
2,60,25,15.2856,8.28108,10.07,133.783
2,60,25,20.7698,11.3514,14.14,134.431
2,60,25,6.4631,3.9027,3.55,143.468
2,60,25,14.2732,8.64865,8.63,134.185
2,60,25,8.5419,5.94595,5.76,137.651
2,60,25,6.7875,2.7027,3.38,129.88
2,60,25,10.2649,6.48649,7.05,130.729
2,60,25,11.7471,7.02703,6.71,134.46
2,60,25,11.4256,7.02703,7,140.761
2,70,25,21.3441,12.5622,15.98,133.092
2,70,25,12.349,5.40541,6.81,134.665
2,70,25,20.5884,9.93514,14.78,124.368
2,70,25,8.8689,5.1027,4.77,138.39
2,70,25,6.1042,1.08108,2.42,131.526
2,70,25,14.3124,10.2703,9.02,135.486
2,70,25,9.7377,3.24324,4.71,116.844
2,70,25,19.2333,8.75676,13.07,123.439
2,70,25,4.6745,1.08108,1.22,130.242
2,70,25,22.4116,10.8108,15.33,136.475
2,70,25,13.2752,7.56757,8.9,127.896
2,70,25,15.8578,6.48649,10.36,135.553
2,70,25,16.5959,7.56757,10.98,135.237
2,70,25,11.0454,2.16216,5.64,152.283
2,70,25,11.8398,5.66486,6.84,116.522
2,70,25,9.9389,3.78378,5.02,132.016
2,70,25,13.5538,7.91351,8.1,136.028
2,70,25,21.1835,11.3514,15.33,119.976
2,70,25,11.4813,3.98919,5.92,126.552
2,70,25,14.1095,7.02703,9.38,123.707
2,75,25,7.6084,3.24324,4.55,134.73
2,75,25,10.3193,4.86486,5.02,119.169
2,75,25,3.6452,0.540541,0.57,106.704
2,75,25,12.6073,4.32432,7.65,119.449
2,75,25,3.2688,1.08108,0.55,139.565
2,75,25,27.4,18.8541,19.3,129.68
2,75,25,32.2188,19.027,25.66,131.039
2,75,25,10.6473,5.01622,7.11,134.327
2,75,25,13.9491,8.10811,9.05,132.658
2,75,25,2.9369,0,0,0
2,75,25,14.7046,8.10811,10.07,136.239
2,75,25,22.0689,10.8865,13.17,126.431
2,75,25,14.2579,6.48649,9.16,129.786
2,75,25,16.0449,7.02703,9.2,116.141
2,75,25,14.5565,7.02703,8.97,121.636
2,75,25,8.6485,3.24324,3.96,115.993
2,75,25,7.3069,2.7027,3.34,144.556
2,75,25,9.5952,2.7027,5.4,119.049
2,75,25,17.3626,11.3514,12.88,128.789
2,75,25,12.9647,5.94595,7.85,129.461
2,80,25,13.2091,9.1027,9.49,145.461
2,80,25,15.1208,9.18919,10.63,132.815
2,80,25,13.401,8.0973,9.41,132.221
2,80,25,28.7216,12.973,17.71,128.793
2,80,25,7.9581,2.7027,4.51,122.818
2,80,25,23.95,8.64865,15.97,116.893
2,80,25,10.0502,4.32432,6.25,118.76
2,80,25,10.5114,5.40541,7,117.541
2,80,25,25.2048,12.973,16.17,125.195
2,80,25,21.6316,12.973,15.3,132.277
2,80,25,6.6002,2.16216,3.41,136.711
2,80,25,11.5889,3.78378,6.93,113.225
2,80,25,8.4954,5.40541,5.42,140.855
2,80,25,10.1537,3.78378,4.95,114.222
2,80,25,23.4438,11.6649,16.76,124.516
2,80,25,26.29,14.5946,18.24,124.087
2,80,25,7.8126,2.98378,3.83,124.122
2,80,25,2.9001,0,0,0
2,80,25,16.9093,10.627,11.69,138.963
2,80,25,18.2276,7.02703,12.67,126.93
2,90,25,13.8114,9.18919,9.56,123.616
2,90,25,16.1401,8.64865,10.91,124.822
2,90,25,17.506,10.8108,11.37,134.327
2,90,25,3.6358,1.08108,0.78,118.528
2,90,25,11.604,2.72432,5.7,114.954
2,90,25,5.4303,0.540541,1.73,112.442
2,90,25,20.6024,10,13.86,125.947
2,90,25,17.8135,7.41622,10.32,121.917
2,90,25,12.7369,7.02703,8.11,119.299
2,90,25,9.1322,3.78378,5.57,128.497
2,90,25,20.2085,10.2703,14.46,118.427
2,90,25,27.2108,12.6378,18.52,121.461
2,90,25,25.9939,10.1405,17.53,135.346
2,90,25,26.4576,15.1892,18.71,116.274
2,90,25,10.4561,4.86486,6.08,133.09
2,90,25,8.7053,4.32432,4.93,124.764
2,90,25,10.2256,3.24324,5.07,141.614
2,90,25,19.5341,8.10811,11.3,131.348
2,90,25,13.1476,5.94595,7.8,120.791
2,90,25,6.0159,2.7027,3.01,164.938
2,100,25,20.2658,11.6432,13.34,127.598
2,100,25,19.2411,14.1405,14.27,133.359
2,100,25,14.7932,5.40541,8.72,122.147
2,100,25,19.716,11.3838,12.82,121.304
2,100,25,19.8912,10.8108,13.53,143.874
2,100,25,6.1657,2.3027,2.64,127.157
2,100,25,9.8098,3.24324,5.7,122.485
2,100,25,13.2408,8.64865,9.32,123.827
2,100,25,7.4195,2.16216,3.91,133.376
2,100,25,18.5298,8.32432,12.52,128.831
2,100,25,16.2315,3.78378,9.23,118.474
2,100,25,3.584,0.540541,0.47,112.182
2,100,25,11.7247,2.7027,5.36,122.506
2,100,25,16.1768,7.02703,9.4,125.711
2,100,25,20.9868,8.82162,13.02,126.823
2,100,25,15.25,9.18919,10.44,125.778
2,100,25,18.0789,10.2703,11.44,114.623
2,100,25,8.0042,4.86486,4.82,140.475
2,100,25,14.142,7.02703,8.95,127.04
2,100,25,3.6315,0.540541,0.82,118.968
2,10,30,6.4558,4.32432,2.74,176.507
2,10,30,6.444,3.78378,2.74,199.058
2,10,30,12.7418,7.97838,7.02,254.996
2,10,30,5.3787,4.32432,2.83,175.791
2,10,30,6.806,3.76216,2.62,239.739
2,10,30,12.745,8.10811,7.61,193.504
2,10,30,10.4202,7.02703,6.71,169.736
2,10,30,7.9384,7.9027,4.14,205.397
2,10,30,19.077,13.8919,12.24,202.308
2,10,30,9.1813,7.02703,5.22,177.053
2,10,30,16.7785,8.64865,10.73,203.952
2,10,30,6.4887,6.38919,3.41,203.336
2,10,30,11.9953,4.32432,6.48,122.982
2,10,30,8.4995,4.86486,4.91,167.985
2,10,30,16.254,16.7568,11.06,216.316
2,10,30,3.2353,0.886486,0.55,306.064
2,10,30,11.0819,7.56757,7.41,187.46
2,10,30,4.4571,3.24324,1.69,239.177
2,10,30,12.6795,7.02703,8.08,210.14
2,10,30,6.744,3.48108,3,190.31
2,20,30,18.0091,11.8919,13.69,144.798
2,20,30,8.2807,5.94595,5.16,165.682
2,20,30,17.9957,9.72973,11.99,140.169
2,20,30,12.9237,11.2865,9.34,183.003
2,20,30,13.329,7.56757,8.57,146.045
2,20,30,21.1385,14.1297,16.01,149.064
2,20,30,12.6685,5.94595,7.08,159.603
2,20,30,11.4399,7.02703,6.45,161.173
2,20,30,4.6623,1.62162,1.4,188.32
2,20,30,3.0296,0.540541,0.34,167.155
2,20,30,11.8586,8.10811,6.82,165.526
2,20,30,6.1649,5.40541,3.67,155.973
2,20,30,14.3539,9.18919,9.89,137.443
2,20,30,7.7631,5.40541,4.3,175.606
2,20,30,8.6557,4.32432,4.91,160.538
2,20,30,7.3454,5.94595,4.96,158.003
2,20,30,3.1632,0,0.03,0
2,20,30,17.6816,9.72973,13.17,134.878
2,20,30,12.6505,9.2,8.17,161.241
2,20,30,9.819,3.51351,5.33,144.664
2,30,30,23.1027,14.5838,15.37,136.791
2,30,30,17.666,20,14.83,158.588
2,30,30,11.4391,8.10811,6.51,154.944
2,30,30,5.2527,2.52973,1.67,212.698
2,30,30,6.1564,3.38378,3.02,149.583
2,30,30,7.0928,3.26486,3.69,166.649
2,30,30,11.5582,5.45946,7,123.663
2,30,30,12.7026,7.56757,7.81,165.837
2,30,30,8.1508,4.32432,4.73,142.12
2,30,30,13.3845,10.2703,8.43,151.157
2,30,30,12.677,5.94595,7.2,142.395
2,30,30,16.6953,12.2054,14.64,130.567
2,30,30,5.7143,2.16216,2.3,186.675
2,30,30,6.7122,5.27568,3.9,160.807
2,30,30,10.4057,5.40541,7.28,138.381
2,30,30,9.0395,3.78378,4.91,121.505
2,30,30,10.7751,8.68108,7.17,135.171
2,30,30,4.3476,3.78378,1.38,178.186
2,30,30,10.1962,6.48649,6.18,163.906
2,30,30,20.796,11.8919,14.44,141.563
2,40,30,4.5097,2.16216,1.67,202.137
2,40,30,19.4467,13.2973,13.63,148.339
2,40,30,11.9938,12.973,9.75,147.856
2,40,30,25.9634,14.7459,18.38,133.71
2,40,30,6.0044,3.24324,2.86,124.47
2,40,30,11.0468,11.8919,8.93,147.443
2,40,30,3.1234,1.08108,0.59,123.109
2,40,30,10.8372,6.48649,6.89,150.619
2,40,30,16.7928,7.79459,10.02,130.977
2,40,30,9.4228,3.6,4.64,141.635
2,40,30,9.1686,4.32432,4.83,142.642
2,40,30,7.7229,4.86486,3.75,173.795
2,40,30,9.9191,8.10811,5.38,162.558
2,40,30,3.8815,2.7027,1.48,172.046
2,40,30,10.9456,6.48649,7.27,123.244
2,40,30,7.791,5.94595,4.54,136.685
2,40,30,4.5999,3.24324,1.93,167.436
2,40,30,6.5586,4.32432,4.69,145.291
2,40,30,22.4058,14.6919,17.35,140.74
2,40,30,10.0073,4.32432,5.91,115.709
2,50,30,12.1905,4.86486,7.26,140.263
2,50,30,9.0289,5.94595,4.92,130.863
2,50,30,15.3997,8.45405,10.34,129.284
2,50,30,14.7165,8.07568,9.53,152.76
2,50,30,10.8461,5.94595,6.2,137.786
2,50,30,5.3361,1.62162,1.84,124.547
2,50,30,16.8983,10.173,12.37,136.369
2,50,30,13.5102,4.86486,7.59,120.806
2,50,30,14.7575,8.47568,9.19,129.636
2,50,30,12.7728,7.56757,6.85,137.433
2,50,30,16.6911,12.973,11.77,131.449
2,50,30,13.9411,12.1189,11.06,138.848
2,50,30,11.669,5.40541,6.67,113.513
2,50,30,7.6071,5.41622,4.51,136.698
2,50,30,12.0333,5.25405,7.32,122.265
2,50,30,15.6366,13.5135,13.53,134.584
2,50,30,6.2487,4.32432,3.2,153.223
2,50,30,7.9561,3.24324,4.03,115.625
2,50,30,6.6869,3.24324,3.16,119.211
2,50,30,36.3968,19.7297,27.05,132.307
2,60,30,13.0085,5.94595,7.7,152.885
2,60,30,3.2407,0.540541,0.43,117.394
2,60,30,13.2591,8.64865,9.35,145.927
2,60,30,13.5437,6.48649,8.54,133.738
2,60,30,9.7507,4.86486,5.07,118.712
2,60,30,14.5824,7.56757,9.13,144.876
2,60,30,4.2976,1.62162,0.89,154.569
2,60,30,8.6112,4.24865,4.53,127.321
2,60,30,12.4967,9.72973,9.2,141.198
2,60,30,10.8423,5.40541,6.51,131.711
2,60,30,22.4543,10.9405,14.85,123.003
2,60,30,9.7445,6.15135,5.3,137.044
2,60,30,18.0835,12.4216,12.11,135.439
2,60,30,6.3719,3.24324,3.14,127.119
2,60,30,13.6285,9.72973,8.23,138.337
2,60,30,11.0932,3.38378,5.18,118.884
2,60,30,31.5488,20.4324,21.79,138.987
2,60,30,14.5762,5.94595,8.82,138.06
2,60,30,7.6727,3.6973,3.67,146.518
2,60,30,5.5689,3.24324,3.24,141.133
2,70,30,12.8469,7.02703,7.24,149.878
2,70,30,5.9079,1.08108,1.94,111.302
2,70,30,8.271,3.24324,3.91,124.198
2,70,30,13.3903,6.02162,9.63,137.574
2,70,30,3.818,1.08108,0.42,183.107
2,70,30,8.9977,4.32432,5.59,131.202
2,70,30,7.3549,5.58919,4.78,120.854
2,70,30,3.83,0.540541,0.16,117.001
2,70,30,9.3028,4.34595,4.98,131.002
2,70,30,8.3984,5.94595,4.73,134.249
2,70,30,17.3405,4.86486,10.57,133.07
2,70,30,14.9269,8.64865,9.84,127.338
2,70,30,6.8309,3.78378,3.04,139.954
2,70,30,13.7389,7.56757,8.83,133.543
2,70,30,2.7148,0,0,0
2,70,30,6.0329,2.7027,2.72,128.505
2,70,30,9.2976,6.43243,4.61,131.522
2,70,30,17.1476,7.83784,10.73,122.441
2,70,30,9.3626,3.24324,4.19,168.875
2,70,30,22.761,14.4108,16.5,129.095
2,75,30,8.7706,6.60541,4.97,139.509
2,75,30,14.1011,9.15676,9.19,131.748
2,75,30,12.3878,7.02703,8.79,138.704
2,75,30,19.3429,10.8108,13.69,129.87
2,75,30,8.9327,4.74595,5.3,120.452
2,75,30,10.9691,3.24324,5.16,129.316
2,75,30,4.495,1.62162,1.55,119.142
2,75,30,6.7868,2.16216,2.52,153.986
2,75,30,20.81,11.8919,14.86,136.863
2,75,30,25.5867,14.7676,17.8,133.939
2,75,30,3.5472,1.08108,1.09,117.497
2,75,30,5.583,3.78378,2.24,155.29
2,75,30,4.2943,1.08108,1.12,124.045
2,75,30,14.3945,5.40541,8.74,124.71
2,75,30,13.8903,9.07027,9.11,134.783
2,75,30,20.0851,10.3892,13.85,129.409
2,75,30,8.1131,4.86486,5.1,126.922
2,75,30,5.0843,1.08108,1.69,110.237
2,75,30,2.8078,0,0.12,0
2,75,30,20.3137,11.8919,12.93,132.304
2,80,30,12.9516,8.10811,9.2,139.146
2,80,30,27.1869,15.6757,19.49,129.49
2,80,30,5.7954,2.16216,2.32,117.496
2,80,30,18.9151,12.5622,13.65,130.07
2,80,30,15.112,8.64865,9.53,136.021
2,80,30,11.2534,3.24324,5.96,117.316
2,80,30,10.7625,6.48649,6.8,137.49
2,80,30,17.637,8.64865,11.54,125.188
2,80,30,13.2621,6.47568,8.22,136.042
2,80,30,16.8394,9.34054,11.54,125.665
2,80,30,12.8765,9.37297,9,134.432
2,80,30,17.2991,9.18919,11.43,145.782
2,80,30,21.9376,12.5946,15.73,128.087
2,80,30,19.0794,11.7838,13.47,140.693
2,80,30,11.6737,8.64865,9.22,132.372
2,80,30,9.6176,4.32432,6.14,125.43
2,80,30,6.5699,2.7027,3.07,131.649
2,80,30,9.3033,3.78378,5.49,125.356
2,80,30,11.3947,4.86486,5.33,121.753
2,80,30,6.6114,4.84324,4.23,130.681
2,90,30,13.7825,7.56757,8.69,128.032
2,90,30,3.0851,0.540541,0.18,242.385
2,90,30,4.947,3.24324,2.66,144.716
2,90,30,10.8832,7.05946,6.26,149.533
2,90,30,20.1478,10.573,13.73,127.292
2,90,30,5.2447,2.47568,1.94,143.263
2,90,30,3.3945,0.540541,0.14,146.116
2,90,30,13.2501,6.71351,7.4,126.265
2,90,30,9.3795,2.97297,4.94,130.387
2,90,30,3.3983,0.508108,0.71,141.967
2,90,30,15.656,9.18919,11.36,123.388
2,90,30,12.2963,7.56757,8.08,124.549
2,90,30,7.4377,4.18378,3.96,123.706
2,90,30,7.4177,3.24324,3.69,141.71
2,90,30,13.2501,5.94595,8.06,120.171
2,90,30,2.5314,0,0.02,0
2,90,30,14.2301,6.48649,7.85,134.088
2,90,30,6.4397,2.7027,2.77,131.258
2,90,30,3.1991,0,0.12,0
2,90,30,15.7798,6.05405,10.21,122.331
2,100,30,6.9758,2.7027,3.66,117.917
2,100,30,21.0775,11.1784,13.99,126.766
2,100,30,12.8629,10.8,9.15,154.592
2,100,30,13.5047,6.27027,7.05,123.261
2,100,30,10.9602,5.40541,6.36,116.264
2,100,30,12.3489,7.56757,7.71,131.255
2,100,30,7.2243,4.32432,3.96,117.915
2,100,30,14.5916,9.91351,10.42,140.538
2,100,30,16.2198,6.28108,10.97,137.899
2,100,30,11.2478,6.48649,7.33,129.183
2,100,30,19.6907,8.64865,11.79,123.685
2,100,30,14.3367,8.56216,9.14,124.603
2,100,30,19.9502,9.35135,12.8,117.33
2,100,30,8.0908,3.5027,4.31,122.602
2,100,30,20.5462,11.2324,14.73,122.497
2,100,30,11.7807,3.78378,5.55,117.426
2,100,30,12.3169,8.10811,7.76,134.947
2,100,30,14.6345,9.18919,9.42,125.372
2,100,30,18.5657,12.973,13.93,134.081
2,100,30,14.8648,9.18919,10.57,119.321
2,10,50,6.67,8.54054,4.06,294.579
2,10,50,5.475,8.10811,3.91,225.418
2,10,50,4.0886,3.24324,1.22,327.519
2,10,50,5.9247,4.86486,2.96,197.819
2,10,50,7.5198,8.10811,4.6,188.232
2,10,50,4.909,6.48649,1.43,217.243
2,10,50,17.9884,23.4162,15.25,183.218
2,10,50,9.7397,9.04865,5.8,252.437
2,10,50,17.2354,20,14.21,165.986
2,10,50,6.1454,8.10811,3.64,225.071
2,10,50,13.9404,14.5946,10.65,162.945
2,10,50,6.8871,7.30811,5.17,199.555
2,10,50,12.464,13.8811,9.33,186.254
2,10,50,3.3436,2.16216,0.95,321.616
2,10,50,10.3602,10.2703,5.62,211.675
2,10,50,3.8663,2.16216,1.35,236.861
2,10,50,8.1406,12.973,5.66,242.72
2,10,50,5.4021,7.02703,4,183.237
2,10,50,6.0511,5.94595,3.14,223.31
2,10,50,4.7464,6.48649,2.77,278.422
2,20,50,21.9604,20.1297,17.95,150.751
2,20,50,11.646,11.3514,7.46,154.645
2,20,50,8.8559,11.3514,7.63,172.014
2,20,50,11.5535,9.92432,7.93,161.528
2,20,50,4.3882,3.22162,1.34,190.517
2,20,50,3.9273,2.16216,0.55,258.819
2,20,50,10.8539,9.72973,7.13,165.727
2,20,50,6.8365,4.86486,3.29,167.777
2,20,50,6.4522,3.78378,2.88,150.688
2,20,50,5.796,6.48649,2.57,195.856
2,20,50,6.4846,4.86486,3.33,175.979
2,20,50,16.4988,18.7243,14.31,150.922
2,20,50,17.9988,17.6,14.02,148.986
2,20,50,5.0332,3.24324,2.48,147.581
2,20,50,7.959,6.97297,5.44,145.844
2,20,50,2.1776,0,0.02,0
2,20,50,9.052,5.71892,5.24,143.029
2,20,50,8.8446,5.94595,5.01,137.709
2,20,50,10.6017,10.8108,8.07,161.102
2,20,50,6.0611,2.35676,2.21,175
2,30,50,6.8753,5.94595,3.93,158.837
2,30,50,4.6245,2.25946,1.85,123.863
2,30,50,13.4846,14.5946,11.03,161.264
2,30,50,9.7428,7.56757,6.23,143.908
2,30,50,6.818,5.94595,3.9,166.932
2,30,50,13.7885,13.9135,10.69,154.026
2,30,50,4.4924,1.62162,1.66,124.382
2,30,50,7.5109,7.56757,5.84,156.528
2,30,50,8.3095,6.48649,4.06,181
2,30,50,5.3812,3.78378,2.57,174.094
2,30,50,6.2826,5.94595,3.02,140.325
2,30,50,3.9569,1.08108,0.74,193.545
2,30,50,5.2677,2.16216,2.05,165.548
2,30,50,16.6456,14.5946,13.47,148.89
2,30,50,11.9807,7.51351,6.63,166.961
2,30,50,7.2715,5.34054,4.09,166.49
2,30,50,8.2719,7.02703,5.23,163.196
2,30,50,4.2002,1.62162,1.14,166.331
2,30,50,4.7741,2.7027,1.77,202.504
2,30,50,4.2722,1.70811,1.45,147.521
2,40,50,12.5763,10.8108,8.01,157.493
2,40,50,6.0753,4.32432,2.79,145.376
2,40,50,2.3774,0,0.25,0
2,40,50,5.1017,3.24324,2.12,162.727
2,40,50,3.8624,1.08108,0.73,184.393
2,40,50,7.7827,5.94595,4.7,160.592
2,40,50,12.0752,11.3514,9.76,148.744
2,40,50,6.921,7.02703,4.99,169.378
2,40,50,5.0869,2.7027,1.98,137.644
2,40,50,10.52,8.43243,7.14,161.617
2,40,50,4.7774,2.7027,2.55,124.2
2,40,50,4.0072,2.16216,1.42,132.022
2,40,50,3.2349,0,0.01,0
2,40,50,9.8915,7.08108,6.53,147.134
2,40,50,10.0075,9.18919,6.77,183.494
2,40,50,8.1514,7.58919,5.84,157.67
2,40,50,6.9221,2.7027,3.61,116.23
2,40,50,11.0063,6.20541,6.71,127.673
2,40,50,14.8382,12.3243,11.04,154.579
2,40,50,16.518,13.5135,11.24,135.685
2,50,50,9.6162,7.98919,6.44,146.296
2,50,50,10.988,6.48649,6.22,156.001
2,50,50,6.4001,3.78378,2.98,151.477
2,50,50,6.1257,3.78378,2.92,152.559
2,50,50,2.9889,0.540541,0.11,262.415
2,50,50,8.9517,9.72973,5.82,167.41
2,50,50,10.9991,9.18919,8.73,133.326
2,50,50,5.2284,2.16216,2.31,141.812
2,50,50,5.2452,2.7027,2.3,148.908
2,50,50,8.91,8.10811,5.49,164.336
2,50,50,4.9013,2.7027,2.4,112.892
2,50,50,5.8003,4.03243,3.21,139.336
2,50,50,12.6244,10.8865,9.14,140.984
2,50,50,9.5829,7.56757,6.12,165.785
2,50,50,7.0437,5.40541,4.64,128.779
2,50,50,15.3256,15.6757,11.95,150.252
2,50,50,9.02,9.37297,7.43,123.794
2,50,50,16.1571,14.0649,12.84,137.751
2,50,50,5.7687,3.36216,2.99,165.136
2,50,50,9.5537,10.7027,6.94,164.15
2,60,50,3.5603,0.0540541,0.56,116.963
2,60,50,12.1749,10.8108,7.73,163.121
2,60,50,5.9061,4.43243,3.1,149.654
2,60,50,7.0797,3.83784,4.11,127.258
2,60,50,11.4992,7.02703,7.61,140.941
2,60,50,5.6869,1.62162,1.7,139.226
2,60,50,13.5557,11.2432,10.87,146.445
2,60,50,5.0728,3.78378,2.49,148.998
2,60,50,5.25,4.11892,2.13,195.927
2,60,50,10.8642,9.72973,9.14,145.387
2,60,50,8.9181,7.02703,5.41,144.132
2,60,50,16.3919,10.4,12.07,131.938
2,60,50,4.4012,1.62162,1.34,117.725
2,60,50,8.6434,6.48649,5.23,175.617
2,60,50,12.6633,8.69189,8.88,133.897
2,60,50,8.8306,6.32432,5.93,150.167
2,60,50,7.1061,7.39459,4.98,169.42
2,60,50,7.5635,7.02703,5.17,142.397
2,60,50,5.0672,3.78378,2.41,151.933
2,60,50,5.3929,2.7027,2.1,146.071
2,70,50,8.1267,4.86486,5.01,134.589
2,70,50,8.7439,6.48649,6.62,120.178
2,70,50,3.4246,0,0.03,0
2,70,50,9.1359,7.48108,7.69,128.878
2,70,50,14.7436,15.1351,11.65,131.561
2,70,50,7.6709,3.09189,3.53,120.221
2,70,50,3.9904,2.16216,1.56,181.003
2,70,50,5.8625,3.08108,2.43,137.08
2,70,50,8.3697,4.86486,4.49,121.479
2,70,50,4.2532,1.08108,1.62,132.175
2,70,50,12.1283,10.8108,8.91,134.116
2,70,50,3.3813,0.291892,0.26,137.996
2,70,50,14.0686,11.8919,10.97,134.657
2,70,50,5.4042,2.16216,2.25,122.574
2,70,50,12.7481,11.5892,10.2,138.826
2,70,50,10.9834,9.01622,8.78,125.091
2,70,50,3.7949,1.08108,0.65,130.245
2,70,50,9.5525,7.47027,6.43,139.576
2,70,50,9.7013,8.50811,5.84,138.745
2,70,50,3.8837,1.62162,0.84,160.793
2,75,50,8.3528,5.94595,4.75,148.326
2,75,50,3.8122,1.08108,0.88,122.581
2,75,50,3.4062,1.08108,0.87,113.282
2,75,50,8.1036,6.03243,5.89,133.264
2,75,50,4.2365,2.16216,1.76,117.815
2,75,50,11.2755,8.61622,7.46,131.187
2,75,50,11.8838,8.64865,8.77,124.302
2,75,50,7.2303,3.78378,3.7,142.212
2,75,50,14.6897,11.4162,10.23,128.125
2,75,50,4.2982,2.7027,2.18,152.524
2,75,50,18.3969,14.627,13.9,135.532
2,75,50,11.5889,7.56757,8.38,141.251
2,75,50,5.8435,4.86486,2.76,172.842
2,75,50,9.9849,8.42162,6.47,148.612
2,75,50,5.0762,3.24324,2.88,131.467
2,75,50,9.0199,9.18919,5.82,151.921
2,75,50,3.7747,1.08108,0.64,184.779
2,75,50,4.8949,1.92432,2.45,122.58
2,75,50,3.5378,1.62162,0.99,149.532
2,75,50,13.4562,8.15135,7.76,132.179
2,80,50,2.7398,0,0,0
2,80,50,6.5271,3.03784,3.12,130.895
2,80,50,6.3232,4.86486,4.03,136.387
2,80,50,10.1409,7.02703,7.51,133.568
2,80,50,4.0868,1.62162,0.87,154.153
2,80,50,7.5967,3.78378,3.6,114.836
2,80,50,2.7942,0,0.03,0
2,80,50,10.9808,6.54054,7.71,141.582
2,80,50,3.9226,1.08108,0.9,117.619
2,80,50,10.8225,9.18919,7.91,129.983
2,80,50,11.4496,11.3514,8.11,156.76
2,80,50,12.4105,9.61081,7.82,155.027
2,80,50,13.7672,12.973,11.34,133.35
2,80,50,7.0216,7.56757,5.25,147.415
2,80,50,15.4325,13.9676,12.07,121.723
2,80,50,12.6781,7.05946,8.76,126.137
2,80,50,22.3676,19.5027,17.35,141.389
2,80,50,10.2305,7.76216,6.66,131.076
2,80,50,11.4652,6.05405,7.2,134.553
2,80,50,7.619,3.81622,4.19,125.289
2,90,50,6.4796,4.86486,3.79,124.785
2,90,50,16.6635,14.5946,13.34,134.771
2,90,50,15.1838,11.6757,12.37,130.195
2,90,50,4.6389,1.68649,1.55,118.717
2,90,50,5.9788,4.32432,3.22,134.062
2,90,50,5.5668,2.16216,2.6,116.328
2,90,50,11.6338,8.32432,7.37,135.351
2,90,50,6.9784,3.78378,3.97,127.133
2,90,50,4.1319,2.0973,1.63,140.794
2,90,50,15.3787,11.3514,11.89,120.411
2,90,50,6.9395,5.94595,3.66,142.582
2,90,50,9.4387,2.7027,4.59,120.355
2,90,50,15.884,12.0541,13.07,129.071
2,90,50,12.2113,8.64865,7.91,160.579
2,90,50,3.6322,1.45946,1.17,117.245
2,90,50,11.2957,8.29189,8.44,140.617
2,90,50,3.6627,0.540541,0.71,125.707
2,90,50,6.1493,3.24324,2.77,124.912
2,90,50,6.5265,3.24324,3.79,122.71
2,90,50,9.6617,5.40541,5.73,116.804
2,100,50,8.343,5.94595,5.16,134.823
2,100,50,4.5118,3.24324,2.5,129.848
2,100,50,9.7123,7.02703,6.36,126.302
2,100,50,4.2484,2.7027,2.06,129.03
2,100,50,6.6956,3.78378,2.74,152.236
2,100,50,11.7111,9.71892,8.69,134.57
2,100,50,13.2412,11.3622,10.03,120.864
2,100,50,9.7641,8.64865,5.66,137.655
2,100,50,14.8035,9.53514,10.45,123.433
2,100,50,9.4738,6.37838,6.2,126.617
2,100,50,17.4556,13.427,13.5,128.623
2,100,50,10.8369,2.7027,5.95,121.258
2,100,50,9.5474,6.48649,6,152.166
2,100,50,9.9701,8.47568,7.19,134.605
2,100,50,6.4418,3.78378,2.74,135.472
2,100,50,10.5781,7.48108,7.24,126.737
2,100,50,10.7096,9.21081,8.09,139.516
2,100,50,9.206,7.02703,6.35,124.037
2,100,50,11.9632,8.67027,7.74,142.337
2,100,50,13.9616,11.3514,9.37,139.328
2,10,75,6.4676,7.02703,3.85,217.53
2,10,75,5.6239,9.18919,3.58,251.259
2,10,75,4.9109,9.18919,2.83,313.045
2,10,75,3.2223,3.24324,0.76,395.812
2,10,75,7.4565,12,5.25,215.505
2,10,75,2.923,0,0.02,0
2,10,75,10.6455,16.2162,9.47,214.34
2,10,75,4.1383,3.78378,1.15,221.536
2,10,75,4.4389,5.40541,1.6,319.866
2,10,75,5.659,7.56757,3.26,288.263
2,10,75,3.8257,4.15135,0.9,284.797
2,10,75,5.5585,6.48649,2.26,220.734
2,10,75,5.481,7.02703,3.55,239.119
2,10,75,8.6496,11.8919,6.61,220.355
2,10,75,2.7037,1.78378,0.2,290.108
2,10,75,12.9262,16.7568,11.46,198.883
2,10,75,8.7381,14.6595,5.75,268.214
2,10,75,10.9802,23.3081,9.83,226.571
2,10,75,6.0731,7.79459,3.62,204.742
2,10,75,11.0665,14.0649,9.65,181.735
2,20,75,8.4518,13.6432,6.04,201.561
2,20,75,8.9445,13.373,6.94,197.888
2,20,75,13.5879,19.8498,11.7716,170.193
2,20,75,6.2645,8.64865,4.46,202.813
2,20,75,10.2184,17.5351,8.94,193.716
2,20,75,3.0781,0.183784,0.29,241.821
2,20,75,4.5408,2.7027,1.8,156.86
2,20,75,4.5093,4.32432,2.18,180.677
2,20,75,6.2833,8.10811,3.33115,171.328
2,20,75,3.5117,2.16216,0.45,236.996
2,20,75,8.9,9.72973,7.01,179.679
2,20,75,9.3467,11.3514,6.93,172.745
2,20,75,5.2279,3.78378,2.29,152.829
2,20,75,6.5056,7.02703,4.95,151.029
2,20,75,4.5469,2.82162,2.17,192.614
2,20,75,5.1735,5.40541,2.93,162.987
2,20,75,13.324,12.973,9.85,144.34
2,20,75,6.8467,6.48649,4.56,172.427
2,20,75,3.7322,2.16216,0.75,221.167
2,20,75,6.2956,6.48649,4.33,170.938
2,30,75,12.64,14.5946,10.15,176.957
2,30,75,7.7593,10.173,5.94,183.904
2,30,75,6.5746,7.02703,4.28,176.384
2,30,75,20.2608,21.5568,16.19,156.546
2,30,75,5.1553,5.40541,3.54,170.262
2,30,75,4.2153,4.86486,2.21,185.686
2,30,75,9.5986,12.2595,7.53,185.948
2,30,75,4.7591,4.60541,1.75,177.723
2,30,75,3.6582,3.24324,1.47,195.621
2,30,75,10.8065,14.0541,7.63,172.333
2,30,75,7.4919,8.10811,5.21,187.047
2,30,75,8.0552,11.8919,6.21,176.825
2,30,75,10.6446,11.8919,8.73,170.768
2,30,75,5.9076,5.40541,2.9,203.809
2,30,75,5.8007,4.14054,3.2,187.121
2,30,75,6.0571,7.56757,3.44,187.356
2,30,75,11.8974,12.973,9.11,166.983
2,30,75,13.3021,18.4216,10.2,174.421
2,30,75,4.3942,2.71351,1.48,143.59
2,30,75,6.0426,5.97838,3.16,146.47
2,40,75,5.7744,5.40541,3.59,152.364
2,40,75,4.5709,2.65946,1.13,156.474
2,40,75,8.6712,8.10811,5.57,151.529
2,40,75,3.4954,2.16216,0.81,225.058
2,40,75,18.1242,21.6216,15.7,155.31
2,40,75,4.7057,3.6973,1.52,190.263
2,40,75,10.3432,8.77838,7.87,142.246
2,40,75,6.9077,5.40541,4.51,183.147
2,40,75,13.1149,14.6703,10.59,161.422
2,40,75,7.246,7.80541,4.36,173.428
2,40,75,6.3919,7.56757,3.51,191.093
2,40,75,4.1447,2.16216,1.09,167.045
2,40,75,5.7682,3.78378,2.82,149.134
2,40,75,3.1637,0.540541,0.42,199.219
2,40,75,5.8905,4.32432,2.86,150.733
2,40,75,7.1847,5.63243,4.07,145.178
2,40,75,4.8844,5.40541,2.56,206.064
2,40,75,9.9386,10.8108,8.74,150.317
2,40,75,6.085,5.94595,3.32,160.631
2,40,75,8.8353,10.2703,6.81,167.104
2,50,75,6.7874,6.29189,4.66,138.489
2,50,75,6.2011,5.40541,4,153.994
2,50,75,6.0988,4.86486,3.58,154.062
2,50,75,3.8743,0.540541,1,112.674
2,50,75,7.7852,8.34595,5.14,164.309
2,50,75,8.338,7.02703,5.47,134.548
2,50,75,3.8739,1.08108,0.56,153.076
2,50,75,5.2755,3.24324,2.32,143.789
2,50,75,5.5118,3.78378,2.74,127.75
2,50,75,5.2244,4.32432,3.22,165.311
2,50,75,3.6131,1.66486,0.76,219.835
2,50,75,4.9331,2.16216,2.2,188.649
2,50,75,11.0086,11.8919,8.63,164.871
2,50,75,5.2675,3.24324,2.62,121.24
2,50,75,9.7619,12.973,9.01,146.082
2,50,75,15.5145,19.4595,13.22,162.495
2,50,75,8.5889,8.64865,5.51,154.453
2,50,75,7.8972,7.02703,5.03,150.398
2,50,75,2.6474,0,0.04,0
2,50,75,11.9751,12.4324,8.59,147.497
2,60,75,4.485,2.16216,1.3,171.602
2,60,75,3.9363,2.95135,0.94,199.427
2,60,75,6.3792,4.25946,2.88,147.793
2,60,75,11.1536,11.3514,9.4,150.04
2,60,75,6.4055,5.40541,2.91,166.153
2,60,75,16.5706,16,14.43,137.846
2,60,75,5.8529,3.78378,3.09,143.017
2,60,75,9.7943,14.1514,7.58,163.175
2,60,75,7.1456,9.18919,5.19,144.598
2,60,75,4.3795,3.78378,2.28,174.085
2,60,75,5.8904,5.40541,2.81,140.245
2,60,75,11.2284,9.72973,8.96,138.105
2,60,75,10.2085,9.72973,7.81,129.627
2,60,75,3.5986,0.843243,0.56,139.433
2,60,75,5.8028,4.87568,3.53,152.242
2,60,75,4.0311,3.31892,2.06,168.157
2,60,75,6.6335,5.94595,4.19,146.704
2,60,75,9.4626,9.17838,7.26,140.604
2,60,75,17.0287,17.2973,13.95,158.253
2,60,75,12.0645,11.8919,9.02,153.179
2,70,75,10.1307,9.72973,7.89,171.534
2,70,75,5.7299,4.32432,3.65,169.15
2,70,75,9.4481,10.2703,7.43,147.587
2,70,75,3.6911,1.08108,0.56,122.128
2,70,75,5.0984,2.7027,1.51,162.678
2,70,75,6.8458,7.56757,5.03,140.369
2,70,75,12.6607,11.9351,9.59,157.377
2,70,75,5.8837,4.32432,2.33,186.855
2,70,75,5.4313,5.94595,2.68,155.381
2,70,75,4.2544,2.18378,1.24,155.208
2,70,75,9.3513,8.88649,6.58,142.373
2,70,75,8.5969,7.56757,5.03,126.63
2,70,75,7.1277,4.32432,3.27,131.778
2,70,75,9.3264,9.18919,6.67,149.269
2,70,75,3.1595,0.313514,0.56,117.349
2,70,75,13.3524,14.5946,9.6,161.068
2,70,75,9.434,8.64865,6.64,138.917
2,70,75,9.1198,7.56757,4.92,184.562
2,70,75,2.4999,0,0.01,0
2,70,75,5.663,5.40541,3.36,144.392
2,75,75,7.0465,5.57838,4.39,155.055
2,75,75,4.4142,2.7027,2.24,140.466
2,75,75,4.9085,4.32432,3.14,138.271
2,75,75,6.6918,5.40541,4.88,150.735
2,75,75,5.7901,3.78378,3.29,131.666
2,75,75,7.1518,6.14054,3.62,137.636
2,75,75,10.3042,9.72973,8.63,140.954
2,75,75,10.2802,9.72973,7.61,135.214
2,75,75,4.2301,2.16216,1.19,143.938
2,75,75,10.0044,11.3514,8.05,143.734
2,75,75,8.9667,8.10811,6.15,142.262
2,75,75,3.2797,1.62162,0.75,155.006
2,75,75,12.3714,13.3081,10.44,148.742
2,75,75,4.1171,0.281081,0.71,132.552
2,75,75,9.859,8.64865,7.7,134.355
2,75,75,6.0459,4.86486,3.51,149.623
2,75,75,8.3322,6.28108,4.91,144.378
2,75,75,6.6147,5.94595,3.81,149.109
2,75,75,3.7891,1.62162,0.88,197.885
2,75,75,3.7744,2.16216,1.82,122.824
2,80,75,9.6626,9.44865,7.24,123.647
2,80,75,5.1112,2.67027,2.13,120.101
2,80,75,8.3666,8.10811,5.5,133.525
2,80,75,6.5163,4.86486,3.19,148.545
2,80,75,6.6819,5.15676,4.44,137.926
2,80,75,2.7224,0,0.02,0
2,80,75,7.4987,5.94595,4.27,160.168
2,80,75,9.8828,9.34054,7.6,149.264
2,80,75,3.5531,1.08108,0.79,124.576
2,80,75,7.5222,6.43243,4.08,144.943
2,80,75,4.1651,2.16216,1.12,184.297
2,80,75,3.7497,1.08108,0.87,187.43
2,80,75,9.8113,11.3514,7.18,148.344
2,80,75,5.3072,3.5027,3.26,131.52
2,80,75,8.8854,7.02703,5.12,139.954
2,80,75,3.9921,1.08108,0.71,132.3
2,80,75,4.9127,2.7027,1.89,170.055
2,80,75,8.7616,8.18378,5.66,163.018
2,80,75,10.7475,9.18919,7.43,130.204
2,80,75,12.6424,12.3892,10.52,127.197
2,90,75,7.3721,4.86486,4.2,150.871
2,90,75,5.8476,5.18919,3.98,124.245
2,90,75,7.8574,8.07568,6.29,148.549
2,90,75,12.2468,11.8919,9.35,135.187
2,90,75,9.0574,7.11351,5.56,131.15
2,90,75,12.2713,13.5135,10.72,138.329
2,90,75,6.1403,4.58378,3.31,137.881
2,90,75,8.6864,6.48649,5.54,137.273
2,90,75,6.822,5.94595,5.65,140.765
2,90,75,8.4676,10.7351,6.57,146.535
2,90,75,6.1305,4.86486,3.51,138.431
2,90,75,10.5461,8.10811,7.83,128.637
2,90,75,10.0698,10.4757,7.53,146.439
2,90,75,7.3932,6.91892,5.74,128.221
2,90,75,9.0875,8.92973,5.62,159.335
2,90,75,20.5992,21.8378,18.44,131.764
2,90,75,9.022,8.08649,5.7,129.852
2,90,75,3.2532,0.540541,0.23,258.843
2,90,75,4.0274,2.04324,1.4,150.142
2,90,75,9.2024,7.56757,6.32,144.126
2,100,75,6.3592,3.24324,2.81,134.396
2,100,75,7.5915,5.94595,4.64,131.922
2,100,75,3.5273,1.08108,0.9,131.276
2,100,75,10.03,9.18919,8.38,138.334
2,100,75,5.2702,3.78378,2.81,124.043
2,100,75,10.393,8.10811,7.87,122.131
2,100,75,3.2515,0,0.05,0
2,100,75,3.9912,1.62162,1.39,129.761
2,100,75,10.4317,9.03784,7.33,137.494
2,100,75,6.9436,4.10811,3.86,125.954
2,100,75,19.6258,19.3514,16.87,129.862
2,100,75,6.3946,4.86486,3.15,127.781
2,100,75,6.1604,4.78919,4.14,127.555
2,100,75,7.0676,7.02703,4.01,154.092
2,100,75,4.4722,2.16216,1.64,124.094
2,100,75,3.9598,1.08108,1.26,135.336
2,100,75,10.6892,10.8108,8.12,139.365
2,100,75,4.7448,2.16216,1.88,123.804
2,100,75,7.9511,6.48649,5.4,132.789
2,100,75,7.6035,7.56757,5.71,135.241
2,10,100,4.2564,4.32432,1.06,389.467
2,10,100,3.3049,3.78378,0.06,510.431
2,10,100,5.5147,5.40541,4.07,194.334
2,10,100,8.3713,17.5459,7.8,258.982
2,10,100,7.9487,14.3351,5.89,242.362
2,10,100,5.6382,9.18919,3.74,236.868
2,10,100,3.1339,2.7027,0.25,476.122
2,10,100,5.3279,5.94595,2.72,247.574
2,10,100,13.4127,22.2162,12.65,210.01
2,10,100,5.2268,8.10811,2.49,300.891
2,10,100,6.184,9.72973,3.98,288.596
2,10,100,2.5616,1.62162,0.16,421.204
2,10,100,9.8355,15.6432,7.96,194.599
2,10,100,8.5244,18.2811,7.9,243.564
2,10,100,5.0171,7.56757,2.56,259.328
2,10,100,4.5236,8.10811,2.79,261.832
2,10,100,4.9954,9.72973,3.02,250.291
2,10,100,6.6103,12.4324,5.18,213.535
2,10,100,6.5513,11.3514,4.59,219.372
2,10,100,3.9561,7.56757,1,339.357
2,20,100,9.027,12.9405,8.34,198.525
2,20,100,5.966,8.10811,3.61,189.33
2,20,100,4.1753,2.77838,1.39,173.188
2,20,100,8.5787,10.3459,7.45,178.78
2,20,100,10.7725,14.5946,9.11,175.248
2,20,100,4.6648,5.94595,2.21,237.023
2,20,100,15.112,22.7027,15.16,188.7
2,20,100,8.9565,12.4324,7.63,176.552
2,20,100,6.5536,10.8108,5.86,180.061
2,20,100,5.9637,5.94595,4.28,160.58
2,20,100,8.5722,10.5946,7.48,181.923
2,20,100,7.4678,11.5351,6.37,193.11
2,20,100,3.6459,2.7027,1.43,186.073
2,20,100,7.5939,12.4324,6.46,196.797
2,20,100,11.6847,15.1351,11.33,168.095
2,20,100,9.3255,14.0324,7.85,213.159
2,20,100,5.4351,8.10811,3.52,220.802
2,20,100,12.2446,16.8757,9.92,201.156
2,20,100,2.7367,1.62162,0.07,252.604
2,20,100,2.9611,1.08108,0.47,125.496
2,30,100,8.8193,10.8108,6.7,161.861
2,30,100,5.8271,6.48649,3.77,155.301
2,30,100,5.9533,7.51351,4.22,198.654
2,30,100,10.2001,15.6757,7.45,180.13
2,30,100,3.8115,1.08108,0.51,172.604
2,30,100,14.0002,26.4865,15.03,179.761
2,30,100,5.0431,4.86486,2.68,160.997
2,30,100,2.8663,0,0,0
2,30,100,9.2115,12.4324,8.33,157.029
2,30,100,5.1949,6.52973,3.1,174.626
2,30,100,7.8373,11.3514,5.97,172.077
2,30,100,6.9217,7.84865,5.46,161.919
2,30,100,6.2214,6.48649,4.14,143.349
2,30,100,14.1363,24.9081,14.93,175.268
2,30,100,5.6987,6.48649,3.32,180.271
2,30,100,8.6812,11.2432,7.54,153.223
2,30,100,7.4025,9.72973,5.5,172.103
2,30,100,8.9037,11.6216,8.31,156.23
2,30,100,10.1016,14.4649,9.38,164.083
2,30,100,4.7921,4.82162,2.75,163.994
2,40,100,4.9413,5.40541,2.14,178.618
2,40,100,6.9339,8.8973,5.75,155.331
2,40,100,5.9964,6.86486,4.83,168.683
2,40,100,5.7133,5.93514,3.14,139.616
2,40,100,7.0518,7.81622,5.76,168.48
2,40,100,10.4104,11.8919,8.47,152.209
2,40,100,2.9115,0,0.01,0
2,40,100,7.2888,7.56757,5.05,178.241
2,40,100,2.6566,0,0,0
2,40,100,2.9172,0.540541,0.39,156.865
2,40,100,6.1155,7.48108,4.46,159.839
2,40,100,10.4751,11.7514,8.62,146.535
2,40,100,2.8052,0.540541,0.09,214.375
2,40,100,8.0115,13.1135,6.93,177.613
2,40,100,4.0964,2.7027,1.42,191.896
2,40,100,12.463,17.2541,11.4,161.063
2,40,100,6.76,9.18919,5.04,171.808
2,40,100,4.4607,2.16216,1.13,232.5
2,40,100,4.7817,2.7027,2.21,156.262
2,40,100,4.0449,2.7027,1.39,171.443
2,50,100,7.1649,7.56757,4.61,163.345
2,50,100,6.9027,7.02703,5.14,154.099
2,50,100,2.9017,0,0.07,0
2,50,100,13.2715,19.2541,12.18,158.435
2,50,100,10.412,12.5297,9.18,167.886
2,50,100,4.0975,4.32432,2.5,187.955
2,50,100,10.3566,11.9027,8.05,150.93
2,50,100,8.9197,9.37297,7.18,136.358
2,50,100,7.1344,5.94595,4.86,126.78
2,50,100,3.8908,2.16216,1.41,127.746
2,50,100,12.6932,20.5405,11.83,172.711
2,50,100,8.7603,10.4,7.37,162.661
2,50,100,5.6036,4.02162,2.39,145.621
2,50,100,8.9841,7.56757,5.84,134.215
2,50,100,11.2462,14.8973,8.33,165.104
2,50,100,5.694,5.94595,3.12,166.503
2,50,100,3.0339,0.540541,0.54,113.783
2,50,100,6.6128,4.72432,3.94,147.167
2,50,100,9.7475,8.64865,6.66,145.292
2,50,100,6.6089,9.18919,4.78,150.53
2,60,100,8.2318,9.18919,6.63,144.008
2,60,100,8.4916,9.72973,6.58,141.805
2,60,100,12.0596,13.9027,9.58,146.934
2,60,100,4.9996,5.40541,3.08,165.397
2,60,100,7.7839,7.42703,6.32,146.239
2,60,100,6.2272,6.48649,4,164.202
2,60,100,6.5274,5.40541,3.49,197.566
2,60,100,2.8585,0,0.05,0
2,60,100,6.6839,7.02703,3.68,160.363
2,60,100,3.9459,1.94595,0.92,150.808
2,60,100,8.6193,9.72973,6.12,175.283
2,60,100,2.5028,0,0.03,0
2,60,100,7.7926,9.18919,5.83,168.098
2,60,100,8.2104,6.48649,5.11,146.743
2,60,100,8.8954,12.973,6.99,147.703
2,60,100,5.1894,4.86486,2.19,205.851
2,60,100,5.9016,5.94595,3.82,179.986
2,60,100,7.8811,9.18919,6.67,158.074
2,60,100,7.9548,9.18919,6.86,143.319
2,60,100,5.6763,5.40541,4.19,148.323
2,70,100,4.7851,3.22162,2.08,138.615
2,70,100,7.7329,6.48649,5.17,138.563
2,70,100,4.0107,1.78378,0.97,152.898
2,70,100,5.9666,4.86486,3.32,153.538
2,70,100,5.127,3.24324,2.63,151.406
2,70,100,4.2892,2.45405,1.58,142.764
2,70,100,11.0419,13.3838,9.9,155.792
2,70,100,4.5968,3.78378,2.33,127.364
2,70,100,4.0551,2.16216,1.44,154.38
2,70,100,6.1738,4.32432,2.65,159.447
2,70,100,16.7219,24.4973,14.63,150.482
2,70,100,6.8138,7.64324,5.78,136.803
2,70,100,5.3771,6.48649,3.13,183.212
2,70,100,11.8703,11.7622,9.91,149.814
2,70,100,3.0754,1.08108,0.77,184.382
2,70,100,8.2323,10.2703,6.23,169.211
2,70,100,3.957,2.7027,1.56,172.306
2,70,100,2.6619,0,0.12,0
2,70,100,10.2229,14.2378,9.65,144.714
2,70,100,8.4012,11.5243,5.91,169.227
2,75,100,3.3508,0.540541,0.68,126.861
2,75,100,6.5061,5.40541,3.41,132.131
2,75,100,5.5438,4.86486,3.19,168.041
2,75,100,3.2103,1.08108,0.28,176.595
2,75,100,12.19,12.973,8.97,139.307
2,75,100,3.9476,2.7027,1.01,178.798
2,75,100,4.3839,1.08108,1.75,125.634
2,75,100,8.6515,7.45946,6.03,129.677
2,75,100,13.8715,16.2162,12.4,131.324
2,75,100,5.122,3.24324,2.53,124.95
2,75,100,4.4284,2.7027,1.29,184.098
2,75,100,5.9898,5.40541,3.66,140.881
2,75,100,6.8986,8.64865,5.9,145.785
2,75,100,6.7691,9.18919,5.38,138.517
2,75,100,8.9424,8.64865,5.54,146.76
2,75,100,5.9751,4.86486,3.41,150.309
2,75,100,3.8227,1.62162,0.67,168.124
2,75,100,11.975,17.4703,10.64,156.612
2,75,100,7.2586,7.38378,4.49,158.176
2,75,100,6.2109,4.55135,3.81,132.69
2,80,100,9.4612,12.5189,7.92,142.886
2,80,100,11.0049,11.3514,8.63,132.628
2,80,100,5.2926,4.32432,2.82,170.853
2,80,100,4.7571,4.32432,2.87,159.084
2,80,100,5.965,5.40541,3.28,167.289
2,80,100,4.4599,2.16216,1.81,118.525
2,80,100,9.7696,11.8919,8.09,135.78
2,80,100,12.6001,12.9297,10.5,151.316
2,80,100,12.8362,19.427,12.91,158.706
2,80,100,2.942,0,0,0
2,80,100,4.1472,2.7027,1.81,154.675
2,80,100,5.7882,4.86486,2.98,149.553
2,80,100,2.5596,0,0,0
2,80,100,7.3575,7.56757,5.8,141.376
2,80,100,5.7139,5.94595,3.51,130.499
2,80,100,2.5213,0,0.07,0
2,80,100,3.94135,2.25479,1.81913,127.602
2,80,100,3.1569,0.540541,0.25,119.817
2,80,100,8.25919,10.2703,7.45105,151.34
2,80,100,6.68019,7.58851,5.68537,144.745
2,90,100,7.588,7.02703,4.5,138.948
2,90,100,3.9966,1.08108,0.56,122.821
2,90,100,3.5804,1.62162,0.94,140.154
2,90,100,4.8958,3.78378,3.12,141.12
2,90,100,2.7527,0,0,0
2,90,100,5.5357,2.10811,2.22,143.91
2,90,100,6.915,7.38378,4.1,175.989
2,90,100,4.212,1.62162,1.39,167.129
2,90,100,8.1962,8.10811,6.83,138.607
2,90,100,4.4069,3.24324,1.69,186.698
2,90,100,7.7906,8.64865,5.08,165.272
2,90,100,6.6143,5.94595,3.2,134.649
2,90,100,3.1797,0.540541,0.25,120.291
2,90,100,6.3837,6.73514,4.89,156.554
2,90,100,9.3197,10.0216,6.82,138.694
2,90,100,7.0703,6.41081,4.14,139.955
2,90,100,6.0694,5.94595,4.34,138.317
2,90,100,5.7969,5.91351,3.45,153.711
2,90,100,5.1781,2.37838,1.79,159.118
2,90,100,11.232,9.72973,8.45,125.867
2,100,100,3.305,1.08108,0.82,130.427
2,100,100,16.4953,19.5568,15.62,130.752
2,100,100,6.9619,5.11351,4.42,126.523
2,100,100,8.8684,8.52973,6.11,153.078
2,100,100,7.0488,5.05946,3.09,149.742
2,100,100,3.0457,0,0,0
2,100,100,7.5493,7.02703,5.64,134.612
2,100,100,4.5689,3.24324,1.93,130.492
2,100,100,5.1358,4.32432,3.06,132.254
2,100,100,4.8024,3.24324,1.88,137.497
2,100,100,7.4224,4.86486,4.93,130.241
2,100,100,4.9122,3.24324,1.81,153.6
2,100,100,10.3625,10.5081,8.07,148.329
2,100,100,11.524,13.4378,10.62,134.54
2,100,100,13.5699,15.1351,10.94,146.229
2,100,100,7.6231,7.56757,5.26,138.891
2,100,100,6.971,5.40541,3.88,140.457
2,100,100,7.3189,5.40541,5.08,130.983
2,100,100,4.3062,2.16216,1.81,132.748
2,100,100,6.059,4.86486,3.32,152.571
3,10,1,4.145,0,0,0
3,10,1,59.851,0.745946,19.8,99.1995
3,10,1,139.046,1.62162,47.83,219.737
3,10,1,114.425,2.16216,38.57,106.469
3,10,1,133.009,1.62162,44.69,99.0198
3,10,1,75.3795,1.62162,24.38,195.377
3,10,1,67.9672,1.08108,22,99.0307
3,10,1,109.602,2.16216,37.92,108.558
3,10,1,107.232,1.08108,36.34,103.693
3,10,1,47.2678,1.62162,15.66,108.098
3,10,1,112.673,2.16216,38.72,107.228
3,10,1,31.3885,1.62162,10.91,103.725
3,10,1,157.197,2.7027,56.53,107.854
3,10,1,137.251,2.16216,46.73,104.731
3,10,1,63.6516,1.08108,21.08,213.172
3,10,1,83.5262,2.16216,28.63,104.757
3,10,1,47.7883,1.08108,15.64,99.6989
3,10,1,77.053,2.7027,26.4,127.725
3,10,1,43.4632,1.08108,14.07,112.52
3,10,1,99.2893,3.24324,34.22,97.8736
3,20,1,49.6451,1.08108,17.26,100.02
3,20,1,161.706,2.16216,55.1,106.502
3,20,1,24.6316,0,7.82,0
3,20,1,67.103,1.62162,22.72,107.405
3,20,1,57.9977,0,18.74,0
3,20,1,83.1693,1.95676,28.42,105.57
3,20,1,94.7772,1.08108,31.35,102.031
3,20,1,117.927,1.62162,39.84,100.643
3,20,1,49.8158,1.08108,16.62,106.324
3,20,1,137.211,1.62162,46.66,102.343
3,20,1,106.609,0,35.23,0
3,20,1,114.052,1.62162,40.22,110.689
3,20,1,63.0108,1.08108,21.81,102.075
3,20,1,75.5187,1.62162,25.74,99.7519
3,20,1,92.057,0,30.65,0
3,20,1,33.1362,0,10.13,0
3,20,1,88.0303,0.540541,30.59,95.2393
3,20,1,127.676,2.16216,45.59,112.702
3,20,1,50.5398,0.540541,16.51,109.549
3,20,1,44.726,0,14.43,0
3,30,1,120.156,2.16216,40.39,105.141
3,30,1,50.7429,1.57838,16.74,101.394
3,30,1,101.116,1.62162,35.78,103.339
3,30,1,131.717,2.50811,45.61,93.1802
3,30,1,160.649,2.24865,55.35,103.508
3,30,1,129.735,0.540541,44.15,98.7444
3,30,1,147.39,2.7027,52.38,103.219
3,30,1,109.042,2.38919,38.28,104.588
3,30,1,35.6457,0.540541,11.22,93.6393
3,30,1,55.7414,1.08108,18.13,107.002
3,30,1,59.9696,0.540541,19.58,97.7559
3,30,1,74.2695,1.08108,25.51,115.185
3,30,1,97.8093,3.78378,34.81,115.571
3,30,1,47.6409,0.540541,14.71,97.9827
3,30,1,42.216,0.540541,14.06,118.009
3,30,1,99.8895,0.540541,34.12,119.417
3,30,1,128.39,2.21622,46.48,109.416
3,30,1,89.2792,1.08108,31.51,110.763
3,30,1,54.1942,0,16.71,0
3,30,1,96.9349,1.62162,32.14,102.368
3,40,1,60.0866,1.08108,20.42,109.48
3,40,1,52.4548,1.08108,18.28,104.912
3,40,1,80.0001,1.62162,26.89,97.6191
3,40,1,132.527,1.62162,46.71,101.286
3,40,1,113.335,2.16216,37.8,105.285
3,40,1,33.9581,0.540541,11.38,107.89
3,40,1,132.701,1.08108,46.13,104.604
3,40,1,3.8265,0,0,0
3,40,1,167.514,2.16216,57.79,114.55
3,40,1,58.6912,0,19.25,0
3,40,1,8.0691,0,1.91,0
3,40,1,54.1904,0,16.72,0
3,40,1,7.9824,0,1.84,0
3,40,1,86.6429,1.62162,28.99,107.401
3,40,1,83.354,2.16216,27.93,99.7099
3,40,1,68.3036,2.16216,23.73,109.54
3,40,1,100.405,0.540541,33.2,91.4898
3,40,1,18.8736,0.540541,5.61,118.158
3,40,1,70.0046,1.08108,23.03,89.7972
3,40,1,103.616,0.540541,35.09,102.9
3,50,1,183.315,2.7027,63.85,99.4075
3,50,1,103.76,0.540541,35.33,100.647
3,50,1,53.537,0,17.98,0
3,50,1,18.9598,1.62162,5.99,108.834
3,50,1,60.9253,2.16216,20.26,108.546
3,50,1,92.9362,0.540541,30.79,126.162
3,50,1,68.1241,1.08108,22.25,104.413
3,50,1,50.5354,0.464865,16.79,104.315
3,50,1,122.774,1.62162,41.12,106.875
3,50,1,35.6752,1.62162,11.85,115.59
3,50,1,20.5292,0,5.82,0
3,50,1,86.1213,1.62162,29.96,118.234
3,50,1,48.2867,0,15.95,0
3,50,1,99.1818,1.62162,33.78,109.084
3,50,1,4.238,0,0,0
3,50,1,86.28,2.16216,29.94,103.139
3,50,1,68.8899,1.62162,22.79,106.907
3,50,1,60.278,1.08108,21.44,117.037
3,50,1,49.1101,0.540541,15.45,90.0642
3,50,1,27.3412,0.540541,8.08,99.3775
3,60,1,3.9458,0,0,0
3,60,1,89.3621,2.7027,31.33,102.428
3,60,1,57.4741,1.08108,19.19,113.568
3,60,1,72.6196,1.08108,23.46,90.84
3,60,1,59.672,3.78378,21.14,106.636
3,60,1,24.6298,0.540541,7.58,100.412
3,60,1,71.3148,0,22.52,0
3,60,1,140.685,0,48,0
3,60,1,82.2955,1.08108,27.91,108.822
3,60,1,99.3497,4.32432,35.35,107.078
3,60,1,39.3927,0.540541,12.79,100.039
3,60,1,90.7832,0.540541,30.23,108.789
3,60,1,73.8279,0.540541,26.45,122.286
3,60,1,90.5906,2.7027,29.75,99.9716
3,60,1,53.1092,1.08108,17.14,96.0298
3,60,1,148.076,5.17838,53.47,106.415
3,60,1,77.5135,2.16216,26.78,102.649
3,60,1,22.6207,1.08108,6.7,97.1136
3,60,1,83.6665,2.7027,28.42,105.446
3,60,1,21.6876,0.540541,6.72,109.329
3,70,1,8.9698,0.540541,2,105.619
3,70,1,69.5348,1.08108,23.88,105.376
3,70,1,45.984,2.16216,16.75,110.644
3,70,1,67.2472,1.08108,22.53,100.022
3,70,1,39.4537,0.540541,12.52,104.986
3,70,1,67.5989,1.08108,21.75,94.8773
3,70,1,175.425,2.16216,62.43,104.533
3,70,1,34.8573,0.540541,10.84,104.89
3,70,1,26.4771,1.5027,7.56,102.554
3,70,1,39.0056,0.540541,12.4,97.8928
3,70,1,44.9902,1.39459,14.38,95.7256
3,70,1,40.2955,1.62162,13.47,103.409
3,70,1,73.7669,0.540541,23.77,110.278
3,70,1,75.7619,1.08108,24.78,102.214
3,70,1,31.8992,1.08108,9.56,101.823
3,70,1,22.8939,0,6.78,0
3,70,1,95.0249,0.540541,32.92,104.855
3,70,1,122.052,1.62162,40.74,97.74
3,70,1,22.859,0.540541,6.76,108.745
3,70,1,57.6349,1.62162,19.27,105.428
3,75,1,24.1628,2.16216,7.91,103.824
3,75,1,190.535,1.62162,63.78,107.568
3,75,1,119.024,3.24324,42.24,104.362
3,75,1,110.054,2.16216,38.23,103.532
3,75,1,18.008,0.540541,4.94,108.188
3,75,1,104.613,1.08108,35.8,136.869
3,75,1,58.2363,1.62162,20.03,112.865
3,75,1,118.454,2.7027,40.36,99.75
3,75,1,121.37,1.08108,41.12,99.8741
3,75,1,11.9508,0.540541,2.83,87.6109
3,75,1,67.2602,1.08108,21.96,109.129
3,75,1,127.736,1.62162,43.93,99.0094
3,75,1,12.8528,0.540541,3.61,108.039
3,75,1,66.4372,0.540541,22.07,117.43
3,75,1,52.7674,0,17.02,0
3,75,1,108.377,2.92973,37.07,106.928
3,75,1,60.476,0,19.23,0
3,75,1,78.6148,2.7027,28.08,109.958
3,75,1,139.32,0,47.52,0
3,75,1,32.1544,0.540541,10.16,102.065
3,80,1,109.423,1.08108,36.18,114.534
3,80,1,65.8966,2.16216,23.03,103.578
3,80,1,110.322,2.16216,36.8,98.8129
3,80,1,87.0198,2.7027,29.01,103.478
3,80,1,71.0912,0.540541,23.3,118.558
3,80,1,44.1473,0,13.77,0
3,80,1,50.5433,0.540541,16.71,110.266
3,80,1,86.2276,2.16216,29.69,107.768
3,80,1,88.4867,0,29.09,0
3,80,1,4.132,0,0.01,0
3,80,1,64.8865,1.62162,21.05,103.268
3,80,1,39.5678,0.540541,12.99,98.2127
3,80,1,70.9247,2.7027,24.36,94.4296
3,80,1,74.535,1.62162,24.74,107.84
3,80,1,23.4805,0.540541,7.17,150.366
3,80,1,4.3279,0,0.02,0
3,80,1,23.6469,1.62162,7.7,106.421
3,80,1,96.2505,0,32.42,0
3,80,1,129.568,1.62162,44.17,97.0225
3,80,1,84.2296,2.16216,28.97,107.791
3,90,1,53.5627,0,17.77,0
3,90,1,80.6212,1.08108,28.11,106.443
3,90,1,88.1606,0.540541,28.75,85.963
3,90,1,176.971,3.63243,61.5,104.557
3,90,1,163.946,2.7027,56.13,95.0044
3,90,1,55.4412,1.62162,18.65,99.6243
3,90,1,86.2806,1.08108,30.14,103.79
3,90,1,105.66,0.951351,34.85,95.6252
3,90,1,124.839,2.7027,45.81,108.13
3,90,1,30.318,1.08108,9.47,102.618
3,90,1,118.124,3.24324,42.25,104.963
3,90,1,118.913,2.16216,42.31,104.397
3,90,1,105.606,1.62162,35.91,99.4936
3,90,1,117.095,2.41081,40.25,109.337
3,90,1,76.7761,0.540541,25.47,99.9464
3,90,1,53.643,1.08108,17.44,99.2035
3,90,1,43.0382,0.540541,13.97,108.723
3,90,1,99.7265,2.7027,33.99,100.325
3,90,1,112.719,0.540541,37.9,104.03
3,90,1,102.713,2.16216,35.09,107.929
3,100,1,78.6598,1.08108,25.54,102.431
3,100,1,23.9818,0,7.09,0
3,100,1,84.8764,0.540541,27.89,93.539
3,100,1,67.7889,0.540541,21.75,128.583
3,100,1,36.6369,1.62162,11.92,104.75
3,100,1,83.7569,0.540541,27.9,87.4746
3,100,1,45.9025,0.540541,14.92,98.859
3,100,1,110.414,2.16216,38.53,111.949
3,100,1,173.5,2.14054,57.88,107.062
3,100,1,51.6264,0,16.73,0
3,100,1,42.7191,1.03784,13.7,108.968
3,100,1,53.2927,1.62162,17.8,112.667
3,100,1,56.0611,1.08108,18.38,101.38
3,100,1,77.9239,0.540541,25.46,102.892
3,100,1,50.3362,1.1027,16.64,104.705
3,100,1,14.8767,0.540541,4.03,116.52
3,100,1,94.3727,0.540541,31.52,120.637
3,100,1,60.826,0,19.77,0
3,100,1,77.5109,1.08108,24.65,98.8209
3,100,1,145.348,1.62162,50.17,103.7
3,10,5,42.3697,2.16216,15.12,109.456
3,10,5,52.3371,3.17838,17.9,101.434
3,10,5,49.0923,6.12973,17.39,193.657
3,10,5,71.7128,5.94595,26.25,142.099
3,10,5,4.374,0.540541,0.01,293.519
3,10,5,6.1179,1.62162,0.76,273.387
3,10,5,4.1108,0.540541,0,715.982
3,10,5,71.2506,9.6,27.43,155.604
3,10,5,24.5211,2.16216,8.95,152.915
3,10,5,27.3759,2.7027,9.17,108.334
3,10,5,30.9455,3.24324,10.91,196.617
3,10,5,52.3998,8.10811,19.67,135.675
3,10,5,27.4167,1.62162,8.2,103.465
3,10,5,121.301,9.18919,46.33,133.247
3,10,5,73.7951,6.78919,26.27,115.801
3,10,5,20.2049,1.62162,6.51,104.229
3,10,5,28.1422,5.94595,10.14,124.613
3,10,5,43.3275,4.86486,15.43,225.47
3,10,5,74.5826,6.81081,27.92,103.376
3,10,5,40.5692,3.24324,13.52,106.418
3,20,5,23.1211,3.33333,8.32821,120.743
3,20,5,3.9902,0,0,0
3,20,5,23.3996,2.16216,8.13,107.927
3,20,5,39.6401,2.17998,13.0493,105.546
3,20,5,83.905,4.92016,29.7195,105.815
3,20,5,41.2538,2.99459,13.93,128.422
3,20,5,24.4059,2.7027,9.06,110.192
3,20,5,88.1162,5.94595,31.16,106.36
3,20,5,28.9248,1.53514,9.44,103.314
3,20,5,41.0299,3.24324,14.29,105.937
3,20,5,64.2673,4.86486,22.91,105.937
3,20,5,50.3588,7.37297,18.99,107.175
3,20,5,33.6978,2.16216,11.99,147.269
3,20,5,32.9603,1.67568,10.97,108.999
3,20,5,82.7243,3.78378,28.38,104.285
3,20,5,40.532,4.32432,14.79,117.515
3,20,5,3.7042,0,0,0
3,20,5,79.9522,3.24324,29.16,100.874
3,20,5,97.7663,4.32432,33.63,101.22
3,20,5,110.711,10.1189,40.44,112.892
3,30,5,43.067,4.94054,16.26,112.667
3,30,5,119.09,5.76216,43.69,103.862
3,30,5,27.1974,2.7027,9.09,105.336
3,30,5,4.1574,0,0,0
3,30,5,103.088,9.70811,41.88,113.645
3,30,5,54.3787,4.50811,20.43,108.747
3,30,5,79.0474,7.56757,30.61,108.717
3,30,5,26.4353,2.10811,8.45,111.831
3,30,5,82.1293,7.56757,30.97,117.296
3,30,5,49.2814,4.99459,17.07,105.501
3,30,5,57.6996,5.40541,21.26,110.933
3,30,5,49.1063,4.32432,17.56,107.889
3,30,5,40.0843,1.62162,13.21,111.534
3,30,5,111.526,6.48649,40.77,108.215
3,30,5,19.848,2.16216,6.66,104.727
3,30,5,41.9525,5.94595,15.25,123.134
3,30,5,89.2333,5.17838,31.3,102.889
3,30,5,41.7316,2.7027,14.89,106.133
3,30,5,63.1502,4.32432,22.41,122.977
3,30,5,68.4108,4.32432,24.37,112.712
3,40,5,47.9825,4.32432,17.74,107.995
3,40,5,49.7578,5.94595,17.91,112.75
3,40,5,75.5561,7.02703,28.13,118.261
3,40,5,5.6758,0.540541,0.69,121.26
3,40,5,13.3133,1.62162,4.33,106.744
3,40,5,92.3337,9.18919,34.63,108.192
3,40,5,8.4072,0.540541,1.7,108.7
3,40,5,43.0984,2.7027,14.07,106.396
3,40,5,33.2293,2.7027,11.16,103.419
3,40,5,17.9674,1.62162,6.04,117.095
3,40,5,24.0149,2.7027,7.75,109.52
3,40,5,58.1969,7.08108,23.01,110.6
3,40,5,5.4296,0.540541,0.58,103.895
3,40,5,73.5093,7.02703,30.02,114.394
3,40,5,12.6471,2.7027,4.49,112.247
3,40,5,29.13,2.24865,10.06,111.967
3,40,5,54.5463,3.24324,18.83,107.803
3,40,5,18.9692,1.62162,6.03,98.33
3,40,5,68.1255,4.86486,24.46,105.761
3,40,5,66.062,4.4,23.73,103.962
3,50,5,39.4382,3.40541,14.09,106.362
3,50,5,19.8234,0.540541,5.81,113.736
3,50,5,49.6513,5.94595,18.87,114.468
3,50,5,16.5132,1.62162,4.68,114.253
3,50,5,55.4931,6.34595,21.64,105.708
3,50,5,59.9591,3.24324,20.56,102.545
3,50,5,67.3036,6.48649,24.89,117.958
3,50,5,107.196,7.02703,38.55,107.877
3,50,5,64.8045,5.94595,23.71,104.904
3,50,5,69.7008,6.48649,25.64,105.629
3,50,5,48.772,5.40541,19.04,107.134
3,50,5,83.4016,8.10811,31.01,103.146
3,50,5,28.5338,2.7027,9.59,103.352
3,50,5,32.9385,4.32432,11.67,110.72
3,50,5,48.6976,4.86486,17.16,110.84
3,50,5,99.1172,8.10811,37.51,120.601
3,50,5,28.6376,3.78378,9.81,109.409
3,50,5,95.934,4.86486,33.81,114.99
3,50,5,67.133,7.31892,26.96,111.784
3,50,5,22.4378,4.84324,7.95,118.5
3,60,5,34.0313,3.31892,12.28,109.013
3,60,5,13.0136,1.62162,4.19,112.483
3,60,5,76.2169,4.86486,26.41,100.704
3,60,5,71.8218,9.18919,27.68,113.321
3,60,5,14.5252,3.24324,4.44,108.781
3,60,5,7.4738,1.08108,1.83,102.097
3,60,5,25.5527,3.24324,8.96,103.684
3,60,5,58.5195,3.78378,19.63,104.953
3,60,5,45.2606,2.38919,15.61,105.048
3,60,5,90.0684,5.68649,32.23,106.231
3,60,5,20.9441,2.17297,7.03,101.936
3,60,5,21.444,2.16216,7.65,114.784
3,60,5,37.331,2.7027,12.85,107.472
3,60,5,53.8126,5.40541,19.51,109.219
3,60,5,21.9898,1.62162,7.11,99.9356
3,60,5,47.3092,6.48649,16.97,106.237
3,60,5,19.4572,0.540541,5.61,96.3914
3,60,5,39.8416,5.40541,14.22,116.088
3,60,5,46.8736,4.32432,17.46,114.649
3,60,5,49.8496,4.86486,19.12,104.869
3,70,5,16.7045,2.16216,5.49,114.584
3,70,5,27.1587,3.08108,9.65,109.333
3,70,5,77.9714,8.10811,28.74,114.908
3,70,5,22.5392,3.24324,7.76,114.476
3,70,5,86.2741,7.15676,30.33,104.988
3,70,5,26.6477,3.78378,9.42,121.038
3,70,5,40.3035,3.23243,14.73,108.248
3,70,5,66.5834,4.32432,24.14,108.828
3,70,5,6.0367,1.08108,0.91,103.114
3,70,5,89.4466,5.40541,32.09,104.591
3,70,5,63.0855,4.52973,21.91,103.404
3,70,5,45.659,4.32432,16.27,106.884
3,70,5,25.941,2.56216,8.69,108.953
3,70,5,45.3329,2.7027,15.39,108.288
3,70,5,20.4654,0.540541,6.04,94.9023
3,70,5,26.9652,1.62162,8.07,100.317
3,70,5,45.8807,2.16216,15.7,108.721
3,70,5,60.7855,5.76216,21.55,107.003
3,70,5,36.0552,4.32432,13.58,114.455
3,70,5,37.8658,4.51892,12.98,107.92
3,75,5,94.7554,7.88108,35.34,104.172
3,75,5,60.8203,6.3027,21.88,121.845
3,75,5,56.9226,7.49189,21.65,117.089
3,75,5,39.6168,5.01622,14.18,108.41
3,75,5,27.9508,2.16216,9.12,117.902
3,75,5,30.9546,2.16216,9.76,103.49
3,75,5,24.3991,1.62162,8.11,98.4031
3,75,5,63.3366,4.86486,22.29,105.29
3,75,5,77.5885,3.78378,27.7,110.503
3,75,5,39.7318,5.94595,15.05,119.374
3,75,5,64.5063,3.24324,21.65,107.261
3,75,5,42.3803,3.78378,16.31,116.345
3,75,5,14.8985,0.994595,4,105.262
3,75,5,3.6643,0,0,0
3,75,5,3.1759,0,0,0
3,75,5,63.8868,5.82703,22.61,109.781
3,75,5,35.2836,2.16216,12.44,99.8964
3,75,5,41.9089,4.32432,14.69,99.9976
3,75,5,32.9865,1.08108,10.74,164.728
3,75,5,53.1762,5.35135,19.58,105.614
3,80,5,42.6993,3.78378,15.25,108.382
3,80,5,60.6878,5.94595,22.73,119.477
3,80,5,27.7126,3.78378,9.77,112.133
3,80,5,48.4049,0.843243,16.27,105.794
3,80,5,12.3974,1.08108,3.07,113.231
3,80,5,69.4774,5.40541,25.28,111.025
3,80,5,86.1451,5.40541,31.64,106.189
3,80,5,47.8828,6.48649,17.85,106.874
3,80,5,25.6577,2.7027,8.5,114.42
3,80,5,37.8048,3.47027,13,119.216
3,80,5,44.923,4.32432,16.44,103.944
3,80,5,4.393,0,0,0
3,80,5,21.1439,1.62162,6.59,107.327
3,80,5,5.7438,0.540541,0.64,100.983
3,80,5,43.6369,3.78378,15.35,102.954
3,80,5,61.662,4.37838,22.46,121.512
3,80,5,96.6388,7.56757,36.38,107.628
3,80,5,34.4104,2.7027,12.25,105.617
3,80,5,79.6812,2.7027,27.07,105.433
3,80,5,27.7389,3.78378,10.03,106.213
3,90,5,85.3954,6.48649,31.18,108.327
3,90,5,103.705,7.02703,38.95,108.724
3,90,5,21.1689,1.08108,7.06,108.229
3,90,5,11.4929,0.540541,2.77,102.419
3,90,5,37.8049,3.24324,13.15,104.669
3,90,5,22.2116,3.24324,7.48,108.024
3,90,5,71.2396,5.40541,25.37,108.235
3,90,5,101.673,5.27568,36.42,106.6
3,90,5,60.6123,4.86486,21.84,103.21
3,90,5,70.8995,4.32432,25.45,108.966
3,90,5,43.4442,4.32432,16.05,110.198
3,90,5,93.4232,7.66486,34.83,105.987
3,90,5,12.5813,1.08108,3.64,113.548
3,90,5,92.9214,8.10811,33.14,107.42
3,90,5,94.0384,8.24865,34.34,107.928
3,90,5,36.1029,5.94595,13.47,116.288
3,90,5,23.722,1.08108,7.69,104.188
3,90,5,63.7746,5.03784,24.28,108.57
3,90,5,35.9141,2.7027,12.35,103.604
3,90,5,42.8979,4.32432,14.9,107.09
3,100,5,49.2084,3.78378,17.35,104.272
3,100,5,25.743,2.7027,8.63,110.653
3,100,5,47.3092,5.40541,17.62,114.941
3,100,5,50.2369,3.24324,16.91,100.787
3,100,5,79.3814,3.78378,28.62,102.111
3,100,5,38.6181,3.24324,13.31,104.677
3,100,5,94.5683,7.56757,35.16,108.808
3,100,5,35.9978,3.78378,13.09,109.34
3,100,5,66.8551,4.86486,24.57,110.575
3,100,5,56.5066,3.24324,19.19,109.786
3,100,5,45.5752,3.78378,15.68,105.451
3,100,5,47.8061,4.86486,17.09,106.813
3,100,5,62.6572,6.14054,23.78,105.481
3,100,5,54.2416,5.62162,19.82,109.38
3,100,5,5.0986,0.540541,0.52,119.381
3,100,5,48.768,2.4973,16.74,105.985
3,100,5,38.0134,4.31351,13.35,109.452
3,100,5,51.7215,2.16216,17.79,110.434
3,100,5,94.6785,5.40541,34.02,99.8455
3,100,5,43.1902,3.94595,16.04,105.194
3,10,10,31.2425,9.72973,13.71,206.283
3,10,10,17.2295,2.7027,5.49,152.895
3,10,10,52.9332,10.2703,22.17,154.423
3,10,10,34.0654,10.2595,13.82,186.149
3,10,10,37.0964,7.02703,13.69,150.834
3,10,10,39.6001,9.72973,15.46,154.017
3,10,10,6.3624,1.62162,1.12,181.397
3,10,10,28.2972,5.40541,10.41,126.672
3,10,10,22.144,5.40541,7.88,213.164
3,10,10,6.7707,3.24324,2.01,207.12
3,10,10,58.3622,10.8108,23.95,153.545
3,10,10,7.7965,2.16216,1.39,414.896
3,10,10,57.5198,12.4324,23.86,136.699
3,10,10,32.5834,2.75676,12.54,109.795
3,10,10,4.603,0.540541,0,430.293
3,10,10,4.5649,1.08108,0.27,310.737
3,10,10,25.1864,4.22703,8.75,157.694
3,10,10,19.3348,2.45405,6.26,174.478
3,10,10,44.7547,7.97838,17.66,169.796
3,10,10,42.0036,7.81622,16.32,163.152
3,20,10,26.9508,2.16216,8.59,149.108
3,20,10,4.69,0.540541,0.15,107.401
3,20,10,3.9772,0,0,0
3,20,10,45.1258,5.94595,18.02,111.358
3,20,10,32.0835,5.85946,12.59,129.082
3,20,10,51.1085,12.0865,21.58,117.232
3,20,10,6.2565,1.08108,0.92,164.331
3,20,10,27.4593,6.48649,10.71,126.09
3,20,10,47.7043,8.10811,17.67,127.282
3,20,10,11.5664,1.08108,2.99,187.911
3,20,10,10.1448,3.78378,3.96,128.4
3,20,10,43.5698,8.36757,17.56,117.214
3,20,10,46.6768,6.52973,17.13,125.1
3,20,10,14.668,4.32432,4.95,144.51
3,20,10,8.2919,1.62162,2.2,112.121
3,20,10,46.6572,7.02703,17.47,105.588
3,20,10,53.7619,9.65405,21.55,118.826
3,20,10,43.0806,8.64865,17.01,123.188
3,20,10,3.7591,0.540541,0.26,134.621
3,20,10,21.8971,4.86486,8.35,114.682
3,30,10,29.4678,3.24324,9.51,105.128
3,30,10,41.5046,5.94595,14.51,116.748
3,30,10,27.8906,3.78378,10.18,109.07
3,30,10,34.3195,6.74595,14.07,109.976
3,30,10,60.1131,8.11892,23.14,107.659
3,30,10,29.0528,2.16216,9.63,104.477
3,30,10,29.5596,6.48649,11.58,136.413
3,30,10,21.2252,4.32432,7.09,127.593
3,30,10,19.111,5.40541,7.6,112.921
3,30,10,20.6995,5.40541,8.41,110.507
3,30,10,12.012,3.24324,3.9,154.699
3,30,10,38.5099,5.94595,15.41,107.525
3,30,10,27.8411,3.78378,9.15,107.97
3,30,10,24.961,4.52973,9.39,110.799
3,30,10,30.4496,5.78378,10.92,120.618
3,30,10,4.3617,0,0.01,0
3,30,10,4.2313,0,0,0
3,30,10,37.4696,5.40541,12.92,122.831
3,30,10,21.537,4.86486,8.39,138.679
3,30,10,34.0295,7.04865,14.27,130.197
3,40,10,73.1901,6.36757,27.2,108.164
3,40,10,34.0038,3.98919,11.7,112.15
3,40,10,10.539,1.08108,2.36,122.273
3,40,10,17.1524,1.62162,5.15,112.536
3,40,10,30.707,3.24324,10.66,120.809
3,40,10,6.6001,1.85946,1.3,111.701
3,40,10,47.2653,5.94595,17.48,110.238
3,40,10,13.4937,2.7027,3.95,126.188
3,40,10,37.8766,5.2,13.21,107.404
3,40,10,28.031,2.7027,9.72,108.419
3,40,10,32.1259,3.36216,11.82,114.305
3,40,10,15.2635,2.16216,5.24,104.462
3,40,10,3.5937,0,0.09,0
3,40,10,35.4478,10.2703,15.18,125.396
3,40,10,26.4313,1.62162,8.34,137.536
3,40,10,62.3043,10.2703,24.43,108.236
3,40,10,33.8142,5.84865,12.25,106.434
3,40,10,47.0253,8.54054,19.04,112.276
3,40,10,22.5287,3.79459,7.73,110.847
3,40,10,80.7732,15.4595,33.08,117.16
3,50,10,33.5362,2.60541,11.56,103.429
3,50,10,50.2192,5.98919,19.12,106.528
3,50,10,13.2524,2.7027,4.12,111.144
3,50,10,24.6133,3.78378,8.11,110.304
3,50,10,86.7595,17.0811,38.9,114.526
3,50,10,33.4965,5.94595,13.13,109.892
3,50,10,12.1981,3.1027,4.35,136.546
3,50,10,15.6127,1.62162,4.64,107.74
3,50,10,59.1872,5.00541,21.22,110.077
3,50,10,34.1513,5.6,12.13,124.76
3,50,10,3.6094,0,0,0
3,50,10,12.032,3.24324,3.58,113.863
3,50,10,20.8296,1.08108,6.04,112.125
3,50,10,21.6306,5.94595,8.96,122.912
3,50,10,52.319,10.2703,22.58,117.147
3,50,10,31.9261,6.35676,12,108.71
3,50,10,25.8061,3.6,9.06,111.343
3,50,10,25.0868,5.94595,9.82,118.298
3,50,10,8.6711,0,1.73,0
3,50,10,61.9687,9.09189,24.15,110.484
3,60,10,4.4489,0.540541,0.21,111.438
3,60,10,44.5899,8.10811,17.24,121.418
3,60,10,24.505,4.32432,8.82,106.303
3,60,10,52.9281,10.2703,22.26,110.739
3,60,10,13.9877,0.540541,3.83,93.3751
3,60,10,41.8778,7.02703,15.33,110.717
3,60,10,82.9296,12.4324,33.55,114.508
3,60,10,23.9707,2.7027,7.87,109.669
3,60,10,23.2297,3.24324,7.48,112.377
3,60,10,31.7303,4.32432,11.17,119.718
3,60,10,4.405,0,0.01,0
3,60,10,31.6418,4.33514,12.3,117.167
3,60,10,32.7885,3.78378,12.03,106.057
3,60,10,47.7258,9.72973,18.69,112.114
3,60,10,48.7973,5.07027,18.32,111.177
3,60,10,38.5665,3.92432,13.93,102.693
3,60,10,34.3407,6.48649,13.37,123.499
3,60,10,42.1716,5.68649,15.64,112.232
3,60,10,48.4099,8.10811,19.24,105.795
3,60,10,36.1873,5.15676,12.61,118.259
3,70,10,21.4191,4.74595,8.47,116.001
3,70,10,24.922,3.24324,8.35,118.081
3,70,10,68.0076,7.56757,26.28,106.513
3,70,10,12.0943,0.540541,3.28,98.4895
3,70,10,48.1736,9.12432,18.35,108.478
3,70,10,20.0256,2.7027,6.76,101.505
3,70,10,60.3295,7.02703,22.45,108.619
3,70,10,24.2092,4.28108,9.35,114.829
3,70,10,18.772,2.15135,5.84,103.26
3,70,10,36.272,5.94595,13.15,106.754
3,70,10,41.9969,7.56757,17.12,112.974
3,70,10,8.4926,1.62162,2.21,99.9381
3,70,10,4.1364,0,0,0
3,70,10,33.9346,4.86486,12.35,104.322
3,70,10,9.5724,2.7027,2.92,116.812
3,70,10,24.4785,3.78378,9.51,101.629
3,70,10,27.5523,3.78378,9.92,100.151
3,70,10,72.06,14.0541,30.92,115.558
3,70,10,25.4678,3.75135,9.18,128.292
3,70,10,14.0928,2.16216,4.12,102.63
3,75,10,33.1697,3.24324,11.37,95.2135
3,75,10,17.5495,2.7027,6.09,116.029
3,75,10,22.4478,6.48649,9.69,120.245
3,75,10,27.3248,5.52432,10.33,121.777
3,75,10,4.4043,0,0.01,0
3,75,10,3.9667,0.540541,0.24,116.617
3,75,10,41.7042,8.64865,17.2,108.001
3,75,10,26.9198,4.86486,10.21,113.31
3,75,10,27.4827,3.24324,9.29,102.915
3,75,10,4.1248,0,0,0
3,75,10,24.6935,3.78378,9.6,107.424
3,75,10,3.8227,0,0,0
3,75,10,86.0263,15.1351,33.73,112.063
3,75,10,32.4149,5.94595,13.06,127.606
3,75,10,12.6988,2.03243,3.93,106.08
3,75,10,13.6245,2.7027,4.77,106.241
3,75,10,28.3494,5.11351,10.02,114.518
3,75,10,65.5004,12.7135,26.74,107.644
3,75,10,63.3439,9.49189,24.07,112.613
3,75,10,21.9742,5.40541,8.81,111.395
3,80,10,30.8362,5.87027,11.46,102.753
3,80,10,4.1999,0.540541,0.24,125.69
3,80,10,37.0758,8.10811,15.84,106.799
3,80,10,30.4638,3.78378,10.54,105.946
3,80,10,25.3702,4.50811,9.51,104.056
3,80,10,5.208,0,0.66,0
3,80,10,62.5113,7.02703,23.48,109.015
3,80,10,17.0179,3.24324,5.95,104.883
3,80,10,23.1089,4.32432,8.46,119.723
3,80,10,31.8381,4.59459,11.39,114.737
3,80,10,73.298,9.89189,28.04,104.613
3,80,10,3.7169,0,0,0
3,80,10,27.7797,3.24324,9.64,113.777
3,80,10,44.424,7.02703,16.65,124.331
3,80,10,58.8193,7.71892,22.81,108.098
3,80,10,29.3209,6.48649,11.74,114.173
3,80,10,51.3802,8.64865,19.24,107.935
3,80,10,30.3527,5.04865,11.48,105.295
3,80,10,6.407,0.540541,1.09,133.286
3,80,10,62.184,9.34054,23.94,106.995
3,90,10,91.0859,15.0162,36,107.351
3,90,10,18.8792,3.24324,6.71,120.566
3,90,10,19.5862,3.78378,6.53,103.505
3,90,10,51.7112,6.48649,19.83,109.362
3,90,10,25.6087,2.7027,8.19,109.797
3,90,10,49.2962,7.56757,18.65,118.778
3,90,10,25.0047,3.78378,8.59,107.816
3,90,10,41.5425,4.32432,14.63,109.063
3,90,10,14.8943,2.37838,4.51,101.564
3,90,10,62.7444,9.72973,24.37,108.29
3,90,10,46.6021,6.48649,17.74,112.904
3,90,10,32.6026,4.86486,11.82,110.463
3,90,10,87.7383,12.973,35.99,108.534
3,90,10,34.8574,4.86486,13.11,108.432
3,90,10,21.4544,1.62162,6.53,108.62
3,90,10,5.189,0.540541,0.61,95.8936
3,90,10,4.9525,0,0.01,0
3,90,10,36.4642,3.24324,13.06,110.146
3,90,10,38.7835,6.48649,15.42,113.432
3,90,10,10.0965,1.62162,2.88,113.497
3,100,10,39.5456,7.00541,15.9,107.242
3,100,10,4.0543,0,0,0
3,100,10,62.0951,10.8432,25.15,111.353
3,100,10,8.7573,1.65405,2.39,113.371
3,100,10,74.0987,10.8324,27.84,110.258
3,100,10,3.9147,0,0,0
3,100,10,13.2193,2.19459,4.24,118.502
3,100,10,33.95,5.94595,13.17,105.997
3,100,10,35.6949,6.4973,13.69,110.591
3,100,10,52.6138,11.0378,20.82,117.402
3,100,10,63.4769,8.64865,25.25,109.849
3,100,10,60.7618,12.9946,26.18,112.44
3,100,10,50.1606,7.56757,19.17,107.533
3,100,10,31.5361,5.40541,11.71,106.297
3,100,10,30.2059,3.24324,10.85,106.676
3,100,10,31.4196,4.86486,11.59,109.089
3,100,10,30.7661,6.69189,12.61,122.311
3,100,10,23.855,1.89189,7.73,97.6031
3,100,10,30.398,3.24324,10.25,104.23
3,100,10,75.2924,14.9838,30.42,114.06
3,10,15,13.4653,2.7027,4.44,240.726
3,10,15,30.5522,4.86486,11.36,128.277
3,10,15,11.0974,3.78378,2.38,444.433
3,10,15,45.2964,10.4324,17.83,124.78
3,10,15,14.8627,3.78378,4.49,352.5
3,10,15,21.2692,6.11892,8.1,144.559
3,10,15,36.0263,6.90811,14.7,110.438
3,10,15,29.8168,9.12432,11.27,207.075
3,10,15,26.9612,11.8919,12.77,178.541
3,10,15,21.5472,7.02703,8.22,150.649
3,10,15,22.2196,9.72973,9.78,172.79
3,10,15,26.7737,8.10811,11.16,144.525
3,10,15,34.5657,8.51892,13.62,201.673
3,10,15,35.2518,9.72973,13.3,299.595
3,10,15,19.5525,7.02703,8.41,137.087
3,10,15,28.7845,10.3892,12.14,163.29
3,10,15,6.6718,4.86486,1.48,328.738
3,10,15,26.4536,9.72973,10.47,120.845
3,10,15,16.9873,3.24324,5.4,106.781
3,10,15,54.5733,16.2162,23.57,153.705
3,20,15,41.7107,6.48649,15.96,132.799
3,20,15,35.2598,9.72973,15.13,119.514
3,20,15,7.5422,0.540541,1.51,92.2547
3,20,15,53.9644,12.2811,22.18,118.648
3,20,15,7.9631,1.62162,2.35,106.415
3,20,15,18.8334,5.1027,7.01,139.978
3,20,15,38.0997,7.56757,14.54,111.353
3,20,15,70.7526,16.8541,30.44,116.643
3,20,15,23.3098,6.48649,9.02,122.425
3,20,15,27.7734,7.51351,11.23,139.435
3,20,15,4.6462,0.540541,0.23,119.551
3,20,15,14.8848,5.39459,6.05,124.51
3,20,15,12.8461,1.28649,3.74,101.106
3,20,15,4.0696,0.540541,0.39,120.756
3,20,15,13.2886,3.78378,4.34,107.155
3,20,15,20.3463,4.32432,6.93,110.67
3,20,15,16.9703,5.40541,6.37,118.629
3,20,15,29.5676,7.02703,11.52,107.085
3,20,15,8.5829,1.62162,2.08,101.884
3,20,15,16.9918,4.32432,6.29,142.331
3,30,15,72.7092,14.0541,28.94,109.868
3,30,15,17.6893,5.40541,6.75,133.79
3,30,15,17.6434,8.64865,7.45,154.739
3,30,15,25.5928,5.40541,9.78,116.983
3,30,15,35.9022,7.56757,13.55,126.8
3,30,15,3.7705,0,0.21,0
3,30,15,30.5189,9.18919,13.13,115.118
3,30,15,4.6186,1.62162,0.91,149.045
3,30,15,51.7418,12.173,21.88,114.843
3,30,15,31.2832,7.45946,12.41,115.681
3,30,15,26.0875,8.51892,11.04,114.727
3,30,15,20.6974,5.94595,7.41,134.856
3,30,15,20.5415,4.32432,6.92,149.391
3,30,15,17.344,5.27568,6.59,126.819
3,30,15,22.7196,3.24324,8.58,115.883
3,30,15,37.6121,11.3514,15.7,115.966
3,30,15,63.204,15.1351,26.99,108.845
3,30,15,22.3367,6.48649,8.92,105.687
3,30,15,23.759,6.48649,8.97,122.507
3,30,15,38.4647,10.0649,14.92,117.587
3,40,15,13.3737,3.24324,4.11,115.661
3,40,15,25.8791,7.02703,9.52,125.649
3,40,15,32.9886,7.02703,13.79,122.925
3,40,15,9.2753,2.16216,2.97,110.766
3,40,15,29.6242,6.48649,11.71,119.887
3,40,15,6.4725,1.08108,1.08,99.6436
3,40,15,21.1029,5.11351,8.25,107.93
3,40,15,15.8042,2.7027,5.15,144.572
3,40,15,19.9371,4.86486,7.16,117.354
3,40,15,22.0469,1.62162,7.17,101.064
3,40,15,7.3396,1.08108,1.25,101.579
3,40,15,30.6854,8.64865,12.8,129.526
3,40,15,52.62,9.72973,22.06,120.875
3,40,15,9.6528,2.7027,2.99,115.268
3,40,15,4.5209,0,0,0
3,40,15,8.7618,1.62162,2.09,109.811
3,40,15,35.7108,10.2703,15.66,114.299
3,40,15,35.2057,7.51351,14.39,110.884
3,40,15,18.4106,4.32432,6,113.457
3,40,15,3.5262,0,0.01,0
3,50,15,21.6654,7.02703,9.34,109.078
3,50,15,25.7883,6.47568,10.26,112.787
3,50,15,36.4525,9.24324,15,112.702
3,50,15,30.0889,5.94595,12.11,111.749
3,50,15,29.0762,4.32432,10.14,120.024
3,50,15,17.1877,5.94595,7.35,124.694
3,50,15,43.9175,10.0108,18.97,114.85
3,50,15,16.3857,3.34054,5.63,117.367
3,50,15,17.8003,4.32432,6.33,111.924
3,50,15,45.8102,12.973,20.72,120.107
3,50,15,13.3252,2.7027,3.84,140.134
3,50,15,15.0295,3.24324,5.05,117.644
3,50,15,25.1235,6.04324,9.36,128.583
3,50,15,25.5251,5.40541,9.65,110.704
3,50,15,29.2998,8.10811,13.16,116.108
3,50,15,14.8421,2.16216,5.42,113.083
3,50,15,26.5063,6.81081,10.83,110.796
3,50,15,16.6638,5.94595,5.89,123.212
3,50,15,46.5698,12.2919,20.53,107.754
3,50,15,26.3843,6.77838,10.02,107.839
3,60,15,34.0654,9.08108,14.36,115.134
3,60,15,22.8796,5.40541,8.92,122.726
3,60,15,4.1826,0,0,0
3,60,15,10.2928,1.08108,2.6,122.096
3,60,15,43.8941,13.3297,19.92,119.02
3,60,15,17.3864,4.32432,5.66,110.485
3,60,15,40.3092,10.5514,16.59,125.969
3,60,15,14.6196,3.24324,4.5,116.4
3,60,15,43.64,8.46486,16.34,117.533
3,60,15,3.6031,0,0,0
3,60,15,25.9547,5.40541,10.12,111.258
3,60,15,46.4514,9.72973,18.47,107.085
3,60,15,26.0004,6.48649,11.23,125.83
3,60,15,55.0548,12.973,22.44,117.195
3,60,15,16.8637,5.94595,6.3,105.536
3,60,15,47.6229,9.72973,19.35,115.005
3,60,15,6.1247,1.62162,1.53,118.907
3,60,15,31.6404,8.10811,11.71,118.977
3,60,15,19.7972,7.02703,7.29,117.709
3,60,15,42.2418,12.4757,18.81,115.679
3,70,15,3.707,0,0,0
3,70,15,25.6279,5.94595,10.77,105.024
3,70,15,4.3324,0.540541,0.31,107.53
3,70,15,51.6594,15.6757,22.96,111.226
3,70,15,22.5158,4.32432,7.59,113.443
3,70,15,45.8981,9.80541,18.03,114.818
3,70,15,17.3105,1.62162,4.94,136.14
3,70,15,39.4753,7.13514,15.53,108.888
3,70,15,17.9468,1.62162,5.45,110.558
3,70,15,36.3901,11.3514,15.64,116.361
3,70,15,15.7763,3.78378,5.91,108.995
3,70,15,4.7958,0.540541,0.38,119.441
3,70,15,21.7727,4.86486,7.76,138.428
3,70,15,23.7553,5.40541,9,111.344
3,70,15,18.9568,3.78378,6.61,109.012
3,70,15,5.9197,1.08108,0.67,101.679
3,70,15,4.2799,0,0.13,0
3,70,15,34.221,6.48649,12.74,110.695
3,70,15,15.7567,3.24324,5.1,104.683
3,70,15,19.7565,5.94595,8.26,126.176
3,75,15,38.6238,11.3514,17.52,126.283
3,75,15,25.8382,7.56757,11.17,120.888
3,75,15,14.3818,1.62162,3.87,107.35
3,75,15,49.2721,10.0108,19.74,110.805
3,75,15,11.2622,4.46486,4.3,115.974
3,75,15,11.8452,1.62162,3.47,112.738
3,75,15,36.8806,8.10811,14.01,110.879
3,75,15,18.2352,5.34054,6.39,110.196
3,75,15,22.0798,6.54054,9.33,117.593
3,75,15,23.9252,3.78378,9.17,109.301
3,75,15,6.8957,1.08108,1.69,114.556
3,75,15,50.1847,9.93514,20.16,111.614
3,75,15,9.0831,2.16216,2.64,110.696
3,75,15,17.6983,4.32432,6.8,104.63
3,75,15,28.0063,5.12432,10.5,103.82
3,75,15,30.8405,4.32432,10.85,114.03
3,75,15,6.4891,2.16216,1.33,113.028
3,75,15,54.0377,13.8595,24.36,113.892
3,75,15,16.0279,4.86486,5.47,113.731
3,75,15,25.2909,8.01081,10.11,126.489
3,80,15,12.8537,2.7027,4.09,114.119
3,80,15,13.8471,1.41622,4.13,111.729
3,80,15,3.9621,0.540541,0.16,111.119
3,80,15,3.8583,0,0.02,0
3,80,15,40.0096,5.94595,14.7,107.204
3,80,15,23.2105,3.24324,7.18,111.456
3,80,15,22.3501,6.63784,8.75,114.695
3,80,15,4.7299,0,0.15,0
3,80,15,20.6883,8.10811,9.22,129.906
3,80,15,18.9173,2.65946,6.29,117.48
3,80,15,40.8998,9.18919,16.11,105.064
3,80,15,20.5871,5.40541,7.5,119.628
3,80,15,24.0048,7.52432,9.59,113.954
3,80,15,32.2549,7.92432,12.6,111.714
3,80,15,17.818,4.29189,6.35,111.182
3,80,15,26.1872,6.27027,10.54,106.221
3,80,15,29.4441,10.2703,12.94,124.674
3,80,15,43.2719,7.65405,15.77,108.993
3,80,15,33.7451,8.10811,13.78,112.068
3,80,15,19.3769,4.68108,7.27,127.872
3,90,15,21.4979,5.40541,9,108.654
3,90,15,3.6587,0,0,0
3,90,15,29.2102,4.32432,10.93,116.53
3,90,15,16.5813,4.32432,5.74,124.816
3,90,15,19.8364,6.33514,7.48,131.76
3,90,15,25.486,6.48649,10.23,110.269
3,90,15,17.0008,3.24324,5.63,108.545
3,90,15,32.2506,9.18919,13.48,114.36
3,90,15,31.7593,6.8,12.29,107.153
3,90,15,23.8302,3.78378,8.32,110.869
3,90,15,43.2821,9.22162,17.68,120.262
3,90,15,44.6072,9.6973,17.06,115.408
3,90,15,53.6941,11.2324,21.39,123.36
3,90,15,40.4762,7.02703,15.97,108.208
3,90,15,17.6382,3.78378,5.92,130.147
3,90,15,60.4738,12.4324,25.76,106.928
3,90,15,18.9851,4.4,7.44,122.967
3,90,15,5.5453,1.08108,0.86,111.861
3,90,15,54.9171,10.4757,22.86,110.141
3,90,15,24.7295,3.78378,8.43,106.135
3,100,15,28.6645,8.10811,11.43,119.648
3,100,15,12.858,4.86486,5.3,115.504
3,100,15,4.0907,0,0.02,0
3,100,15,4.0988,0,0.15,0
3,100,15,8.2141,2.16216,2.24,174.028
3,100,15,90.1646,15.1351,36.32,112.021
3,100,15,24.5043,5.40541,9.19,108.844
3,100,15,61.8846,12.1405,25.8,110.103
3,100,15,27.9936,5.94595,11.14,109.689
3,100,15,52.4047,13.5135,21.5,108.877
3,100,15,14.0811,3.78378,5.49,112.326
3,100,15,52.264,12,22.47,112.288
3,100,15,50.4125,11.4703,21.22,111.603
3,100,15,9.2844,2.16216,2.32,118.699
3,100,15,8.4338,2.7027,2.29,115.747
3,100,15,18.0242,2.16216,5.1,105.189
3,100,15,30.0125,5.94595,11.45,110.531
3,100,15,16.2229,2.7027,5.99,125.947
3,100,15,25.0232,5.72973,9.49,117.892
3,100,15,20.5921,4.98378,7.34,111.541
3,10,20,47.9942,14.6703,19.53,176.134
3,10,20,25.3083,10.8108,11.62,147.146
3,10,20,29.6265,12.4324,13.16,167.87
3,10,20,3.5047,0.540541,0,669.705
3,10,20,19.7022,8.10811,8.61,164.768
3,10,20,37.5334,12.9514,16.57,153.701
3,10,20,4.172,2.7027,0.06,604.857
3,10,20,25.1011,12.973,10.67,209.105
3,10,20,24.8414,10.6595,11.07,177.669
3,10,20,43.1499,13.2432,19.01,129.423
3,10,20,9.6966,5.94595,3.32,198.678
3,10,20,25.9567,10.4108,10.25,195.022
3,10,20,16.0646,8.64865,7.85,179.627
3,10,20,25.8675,10.4865,11.36,178.708
3,10,20,28.7368,13.5135,12.47,185.466
3,10,20,34.67,13.3189,15.47,195.531
3,10,20,26.1389,9.94595,12.4,175.128
3,10,20,4.5096,2.16216,0.13,387.219
3,10,20,40.9811,12.4324,17.06,177.445
3,10,20,5.0389,3.24324,0.25,583.198
3,20,20,30.5671,10.5405,12.69,125.566
3,20,20,11.9637,4.32432,3.97,129.773
3,20,20,9.8833,3.24324,3.55,141.431
3,20,20,6.0656,2.16216,1.13,180.768
3,20,20,46.8214,12.3676,19.89,123.98
3,20,20,21.9433,3.24324,7.73,109.84
3,20,20,30.458,9.67568,13.25,123.148
3,20,20,18.1351,5.62162,7.51,118.903
3,20,20,46.0297,18.9189,22.25,140.359
3,20,20,6.1117,2.24865,1.11,174.825
3,20,20,22.7481,5.40541,8.19,121.186
3,20,20,11.4902,4.86486,3.15,143.323
3,20,20,8.9906,2.16216,1.94,182.269
3,20,20,34.1101,11.3081,15.82,136.794
3,20,20,8.9177,3.42703,2.7,178.812
3,20,20,37.6994,14.0649,18.3,135.395
3,20,20,7.6398,3.78378,2,140.884
3,20,20,20.4281,5.40541,7.62,116.613
3,20,20,34.0847,7.56757,12.21,128.779
3,20,20,28.4419,9.49189,11.92,140.197
3,30,20,21.0683,4.86486,7.93,132.143
3,30,20,21.2587,8.47568,8.47,135.601
3,30,20,8.7904,2.16216,2.14,109.175
3,30,20,4.287,0,0.09,0
3,30,20,17.6323,5.65405,6.3,107.854
3,30,20,24.4295,5.89189,9.43,107.92
3,30,20,16.79,5.02703,7.05,112.948
3,30,20,23.6434,6.48649,9.91,137.576
3,30,20,17.1486,4.55135,6.04,107.859
3,30,20,4.2019,0,0.02,0
3,30,20,30.3888,12.4865,14.25,127.997
3,30,20,21.5871,4.91892,7.46,139.09
3,30,20,29.4097,7.79459,12.1,116.829
3,30,20,25.079,9.66486,11.51,116.114
3,30,20,5.3835,1.08108,0.77,110.235
3,30,20,28.4838,5.94595,11.2,112.095
3,30,20,54.4139,17.6324,25.08,115.383
3,30,20,3.9592,0,0,0
3,30,20,23.1234,8.64865,10.59,122.057
3,30,20,16.4341,5.49189,5.79,120.727
3,40,20,28.8725,11.4811,12.64,122.789
3,40,20,5.7053,1.08108,0.55,123.858
3,40,20,23.3275,7.56757,8.75,126.958
3,40,20,28.2058,5.40541,11.34,116.657
3,40,20,17.4325,5.40541,6.27,118.541
3,40,20,20.6323,5.87027,7.16,104.874
3,40,20,24.7416,5.94595,9.61,119.037
3,40,20,20.876,6.08649,7.94,127.689
3,40,20,21.3698,7.02703,8.65,122.506
3,40,20,8.4396,2.16216,1.81,181.211
3,40,20,18.1788,4.32432,6.79,122.217
3,40,20,43.5828,12.0541,18.77,121.34
3,40,20,35.1608,12.3243,16.43,117.264
3,40,20,8.2075,0.540541,1.62,92.285
3,40,20,36.7214,12.4865,16.01,120.206
3,40,20,41.5987,12.973,18.2,114.333
3,40,20,14.7167,2.7027,5.09,140.304
3,40,20,6.6994,1.08108,1.68,128.414
3,40,20,57.2144,18.3568,26.87,117.114
3,40,20,17.3771,4.86486,7.06,125.21
3,50,20,37.8414,14.3568,17.41,124.769
3,50,20,23.1247,7.02703,9.91,127.393
3,50,20,8.0032,2.7027,2.23,156.465
3,50,20,11.1952,2.16216,2.84,140.844
3,50,20,11.0068,2.16216,3.28,123.832
3,50,20,25.1062,8.25946,10.65,112.781
3,50,20,13.0425,4.86486,5.87,127.751
3,50,20,8.7598,3.51351,2.78,159.278
3,50,20,15.564,7.02703,7.79,134.986
3,50,20,26.0771,7.56757,11.4,122.361
3,50,20,15.531,3.49189,6.28,116.765
3,50,20,34.5074,12.2811,14.53,126.754
3,50,20,7.1776,1.62162,1.59,124.126
3,50,20,23.2636,11.3514,11.12,128.004
3,50,20,31.2913,8.69189,12.51,127.873
3,50,20,4.8806,0,0.03,0
3,50,20,16.2361,4.86486,6.54,124.403
3,50,20,21.0461,7.02703,8.56,124.646
3,50,20,22.6451,5.94595,8.92,109.614
3,50,20,37.6227,11.8919,16.09,124.564
3,60,20,40.5808,15.1351,18.36,118.803
3,60,20,52.4907,15.5459,23.84,115.63
3,60,20,24.9648,7.64324,9.93,115.449
3,60,20,20.8786,4.32432,7.63,115.139
3,60,20,43.7846,17.373,21.19,116.998
3,60,20,7.7805,2.4973,2.28,125.157
3,60,20,35.9925,11.0378,15.58,119.822
3,60,20,25.8731,8.64865,11.12,122.304
3,60,20,7.7636,3.78378,2.87,120.368
3,60,20,33.8793,9.72973,14.49,115.007
3,60,20,23.3257,3.24324,7.15,97.9959
3,60,20,42.0081,15.6216,18.52,107.645
3,60,20,31.9207,10.2703,13.98,111.404
3,60,20,21.1422,5.64324,9.01,129.63
3,60,20,13.1511,4.32432,4.77,113.303
3,60,20,8.3322,3.24324,2.34,136.697
3,60,20,25.7045,8.54054,11.76,111.386
3,60,20,5.7214,0.540541,0.83,112.589
3,60,20,4.7819,0.540541,0.46,120.362
3,60,20,6.1139,1.08108,1.04,111.725
3,70,20,40.5757,9.77297,16.2,113.321
3,70,20,5.4373,1.08108,0.63,118.291
3,70,20,17.9694,4.86486,6.62,120.911
3,70,20,29.8255,8.4973,11.91,116.305
3,70,20,24.3605,7.16757,9.99,111.814
3,70,20,25.1878,5.44865,9.43,109.505
3,70,20,9.9268,1.62162,2.61,109.994
3,70,20,11.2487,3.6,4.36,118.886
3,70,20,34.6144,12.4324,16.23,128.416
3,70,20,16.3323,3.78378,5.47,121.992
3,70,20,18.8279,4.32432,7.02,105.692
3,70,20,27.2386,12.4324,13.52,118.103
3,70,20,4.8625,0.540541,0.19,109.668
3,70,20,15.4962,4.86486,5.56,115.707
3,70,20,29.148,8.90811,12.46,118.162
3,70,20,28.9663,13.5135,13.88,122.646
3,70,20,32.7679,9.51351,13.82,115.601
3,70,20,13.0643,4.55135,4.73,127.316
3,70,20,11.0902,2.16216,2.89,104.241
3,70,20,4.3201,0,0.07,0
3,75,20,49.1213,11.3189,21.73,117.304
3,75,20,5.5875,1.08108,0.66,109.909
3,75,20,4.0448,0,0.13,0
3,75,20,16.0914,3.78378,5.33,111.576
3,75,20,8.9599,3.24324,2.99,113.089
3,75,20,27.878,8.71351,11.76,133.96
3,75,20,30.4998,12.973,14.93,129.693
3,75,20,3.6031,0,0.03,0
3,75,20,17.8009,3.78378,6.32,122.063
3,75,20,39.8697,11.8919,16.63,124.009
3,75,20,61.9358,14.5946,26.19,109.811
3,75,20,17.3419,7.02703,7.34,123.918
3,75,20,45.636,8.52973,18.69,112.669
3,75,20,7.9996,1.62162,1.93,121.97
3,75,20,24.5144,7.02703,9.47,123.877
3,75,20,11.6156,5.72973,4.77,133.963
3,75,20,37.432,14.1189,17.01,117.346
3,75,20,13.6231,5.94595,5.42,119.787
3,75,20,19.7074,5.40541,7.99,111.846
3,75,20,4.1491,0,0,0
3,80,20,16.0815,3.78378,5.6,118.542
3,80,20,20.0262,6.48649,8.31,122.078
3,80,20,17.6997,6.71351,6.84,124.057
3,80,20,5.9595,1.08108,0.86,161.745
3,80,20,25.0603,4.32432,8.68,110.183
3,80,20,27.5614,5.94595,11.41,111.513
3,80,20,14.8489,4.05405,5.49,111.133
3,80,20,16.4771,4.32432,5.76,115.663
3,80,20,22.0996,7.56757,9.75,116.275
3,80,20,14.8922,4.86486,5.33,110.925
3,80,20,9.3264,1.36216,2.3,124.804
3,80,20,25.9023,6.48649,10.11,111.02
3,80,20,24.3272,4.86486,9.45,106.861
3,80,20,13.6771,2.7027,4.17,109.216
3,80,20,21.5828,9.23243,9.53,111.578
3,80,20,6.8624,2.86486,1.69,136.75
3,80,20,30.6821,8.64865,13.49,129.418
3,80,20,4.0153,0,0.05,0
3,80,20,36.8146,10.8108,16.19,115.261
3,80,20,38.7532,15.1351,19.24,117.851
3,90,20,42.4937,13.1351,18.88,111.433
3,90,20,41.6842,9.72973,17.44,114.687
3,90,20,19.5877,6.48649,8.09,112.944
3,90,20,10.2795,2.16216,2.72,120.617
3,90,20,29.1944,7.32973,12.22,114.885
3,90,20,16.2849,3.24324,5.54,115.074
3,90,20,17.3411,4.86486,6.3,105.284
3,90,20,18.1333,3.6,6.83,113.053
3,90,20,23.6923,9.18919,10.18,117.441
3,90,20,12.3765,6.32432,5.39,118.507
3,90,20,19.483,5.40541,6.9,117.438
3,90,20,51.5273,14.0541,21.77,118.391
3,90,20,7.4556,0,1.1,0
3,90,20,29.3729,10.3459,12.94,115.842
3,90,20,13.5492,4.32432,5.3,113.947
3,90,20,3.9787,0,0,0
3,90,20,56.0289,17.9459,26.46,110.443
3,90,20,31.0563,10.8108,12.89,115.466
3,90,20,26.7619,10.0216,12.97,112.095
3,90,20,41.4921,9.52432,15.27,114.692
3,100,20,17.2945,4.24865,6.77,109.509
3,100,20,4.6003,0,0,0
3,100,20,5.8342,1.62162,0.93,117.188
3,100,20,36.1039,8.96216,14.69,114.261
3,100,20,13.8652,3.70811,4.13,113.534
3,100,20,18.0896,5.94595,6.93,131.959
3,100,20,6.0697,2.7027,1.52,123.757
3,100,20,24.8666,7.02703,9.98,112.013
3,100,20,29.5287,9.18919,12.33,114.962
3,100,20,14.1086,4.86486,4.79,115.328
3,100,20,35.8418,10.2703,16.67,114.882
3,100,20,17.3556,3.78378,6.5,114.433
3,100,20,15.0457,7.95676,7.13,128.036
3,100,20,18.3894,3.24324,6.22,118.852
3,100,20,40.0371,9.18919,15.95,114.706
3,100,20,42.2277,11.0378,16.66,107.715
3,100,20,9.4456,3.78378,3.36,117.064
3,100,20,5.1734,1.62162,1.34,156.458
3,100,20,27.0434,5.94595,10.5,114.783
3,100,20,47.7092,13.5784,20.9,110.902
3,10,25,4.2744,2.7027,0.34,524.097
3,10,25,23.0533,16.0216,11.39,160.403
3,10,25,9.6741,4.86486,2.73,298.354
3,10,25,11.5783,4.86486,4.41,183.603
3,10,25,5.4903,2.16216,0.62,320.765
3,10,25,9.6506,5.40541,3,306.467
3,10,25,6.7455,8.10811,2.01,327.818
3,10,25,12.5982,11.4811,5.92,236.264
3,10,25,37.2811,15.6757,18.41,179.935
3,10,25,7.391,4.32432,2.71,260.743
3,10,25,7.3979,2.7027,2.59,188.51
3,10,25,19.1802,10.8108,9.25,165.643
3,10,25,20.5302,9.13514,8.23,228.92
3,10,25,9.3821,3.39459,2.81,295.075
3,10,25,42.8168,22.0757,22.82,163.919
3,10,25,25.1887,14.4324,12.43,223.921
3,10,25,19.9379,8.35676,8.41,214.259
3,10,25,27.4282,17.8378,12.94,245.306
3,10,25,8.2815,3.77297,2.25,342.191
3,10,25,11.1383,2.7027,2.89,305.338
3,20,25,21.583,9.18919,9.7,141.284
3,20,25,17.5536,6.48649,6.28,159.777
3,20,25,17.9868,7.56757,7.2,139.605
3,20,25,9.7814,7.02703,3.74,154.513
3,20,25,19.1505,7.82703,8.16,135.902
3,20,25,13.1708,4.32432,5.27,140.313
3,20,25,28.8641,11.8919,11.72,144.502
3,20,25,30.4222,10.5297,13.58,131.554
3,20,25,8.1719,1.62162,2.18,109.806
3,20,25,14.2576,4.86486,5.25,170.794
3,20,25,21.8616,8.64865,10.03,116.95
3,20,25,13.428,4.32432,5.31,110.594
3,20,25,12.4381,3.63243,4.23,145.534
3,20,25,30.3073,9.58919,13.25,113.314
3,20,25,3.9467,0,0,0
3,20,25,15.9691,5.97838,5.91,134.88
3,20,25,9.4775,4.32432,3.35,149.686
3,20,25,31.1146,6.48649,11.33,114.331
3,20,25,6.3618,1.08108,1.43,119.504
3,20,25,35.7059,13.373,17.41,127.122
3,30,25,23.6623,14.6703,11.88,132.766
3,30,25,16.3591,6.05405,7.15,123.12
3,30,25,24.7095,11.1243,11.72,139.344
3,30,25,18.1728,5.40541,6.81,133.32
3,30,25,7.8348,2.16216,2.18,112.908
3,30,25,20.463,8.29189,8.83,125.978
3,30,25,7.5534,1.08108,1.94,105.157
3,30,25,39.6025,19.4595,20.07,124.827
3,30,25,17.3426,5.94595,5.95,126.313
3,30,25,17.1752,9.16757,7.37,138.631
3,30,25,15.3157,5.70811,5.9,175.363
3,30,25,8.2958,3.78378,2.44,129.8
3,30,25,15.7571,3.43784,5.67,112.05
3,30,25,32.2179,14.4432,15.93,117.066
3,30,25,20.4835,7.05946,9.44,126.501
3,30,25,11.7226,4.86486,5.02,137.269
3,30,25,8.0787,2.62703,2.55,138.947
3,30,25,6.3994,1.40541,1.12,133.499
3,30,25,20.5329,5.87027,8.03,134.823
3,30,25,32.5977,13.3189,13.66,124.43
3,40,25,8.1993,2.7027,2.45,118.781
3,40,25,18.2017,5.94595,7.24,127.619
3,40,25,22.4698,9.88108,8.92,116.48
3,40,25,22.9288,9.72973,9.59,128.529
3,40,25,11.7535,3.24324,3.91,134.316
3,40,25,22.5592,7.77297,9.57,125.926
3,40,25,15.1716,7.02703,6.42,123.679
3,40,25,7.7931,2.16216,1.99,111.351
3,40,25,16.5618,5.36216,6.3,118.003
3,40,25,6.2741,2.16216,2.06,174.561
3,40,25,11.1009,5.40541,4.28,127.386
3,40,25,5.5442,2.16216,1.03,117.647
3,40,25,38.9643,10.8108,16.3,108.764
3,40,25,21.3488,8.97297,9.32,129.105
3,40,25,12.0632,5.94595,6,148.751
3,40,25,21.055,5.75135,9.16,125.52
3,40,25,49.8195,13.8895,21.2728,115.126
3,40,25,17.7074,8.05405,8.02,119.952
3,40,25,10.8665,1.08108,2.33,92.3774
3,40,25,11.2399,5.40541,4.54,135.129
3,50,25,18.5035,4.86486,6.59,138.451
3,50,25,17.6341,3.78378,6.47,100.52
3,50,25,4.4476,0,0.04,0
3,50,25,17.2509,5.40541,6.83,110.644
3,50,25,25.5248,12.0324,13.54,130.033
3,50,25,13.5847,4.86486,4.54,122.38
3,50,25,19.9214,7.02703,8.26,131.032
3,50,25,18.5297,5.13514,6.61,124.198
3,50,25,13.5381,3.78378,4.39,107.832
3,50,25,14.7053,3.78378,6.26,109.754
3,50,25,9.224,4.32432,3.38,125.088
3,50,25,18.0959,6.48649,8.01,132.25
3,50,25,20.4801,8.95135,8.69,126.738
3,50,25,16.4725,5.94595,7.01,121.23
3,50,25,5.9046,1.08108,0.86,105.304
3,50,25,13.0303,3.24324,4.52,112.56
3,50,25,7.0493,2.7027,1.86,121.405
3,50,25,11.4741,2.16216,2.98,131.821
3,50,25,19.1193,5.52432,7.1,125.285
3,50,25,25.1927,9.49189,10.78,119.521
3,60,25,14.8232,3.78378,5.16,115.486
3,60,25,31.7062,8.34595,12.68,118.153
3,60,25,42.0447,12.973,19.19,122.414
3,60,25,11.4327,4.32432,3.49,109.499
3,60,25,28.3934,10.4,12.75,122.718
3,60,25,30.4107,10.2703,13.07,115.911
3,60,25,6.2963,2.45405,2.17,128.264
3,60,25,11.2454,2.16216,3.35,104.171
3,60,25,19.5622,4.91892,6.83,116.896
3,60,25,4.3925,0,0,0
3,60,25,13.8943,4.32432,5.6,110.78
3,60,25,13.1488,5.6973,5.36,115.439
3,60,25,9.0356,4.86486,3.29,116.72
3,60,25,12.0442,3.78378,4.39,141.04
3,60,25,29.1289,8.64865,12.85,119.853
3,60,25,18.706,8.64865,8.73,125.239
3,60,25,5.198,1.62162,0.71,114.601
3,60,25,24.1608,10.1297,10.96,133.385
3,60,25,8.5405,1.31892,1.69,108.363
3,60,25,8.0461,2.7027,2.29,120.161
3,70,25,29.3864,12.6811,13.3,119.956
3,70,25,22.2568,7.02703,9.28,125.477
3,70,25,9.7444,3.24324,3.73,142.708
3,70,25,43.4043,12.6486,17.88,117.193
3,70,25,21.1907,7.02703,7.72,108.539
3,70,25,41.3659,13.9459,17.93,112.307
3,70,25,14.3816,5.94595,5.4,127.374
3,70,25,8.1805,3.24324,2.35,144.822
3,70,25,6.6907,2.52973,1.53,120.764
3,70,25,13.2269,3.24324,3.91,115.252
3,70,25,26.4397,7.56757,10.8,123.307
3,70,25,21.1608,8.64865,10.57,113.587
3,70,25,15.7779,3.78378,5.42,119.379
3,70,25,18.4109,9.1027,7.84,128.104
3,70,25,5.6495,1.08108,0.86,114.861
3,70,25,17.8798,6.48649,7,130.052
3,70,25,28.1361,9.83784,12.92,116.724
3,70,25,19.3824,5.94595,7.52,118.255
3,70,25,28.0424,8.64865,11.33,104.222
3,70,25,10.3172,3.24324,3.15,119.35
3,75,25,7.4588,1.62162,1.76,106.72
3,75,25,11.216,2.16216,3.75,105.635
3,75,25,43.0045,19.0919,22.53,121.305
3,75,25,7.8023,2.7027,2.32,118.798
3,75,25,51.005,19.6649,25.14,126.239
3,75,25,11.9897,3.6973,3.94,115.88
3,75,25,13.4054,5.94595,5.3,117.848
3,75,25,17.7679,6.48649,6.81,124.844
3,75,25,13.189,2.7027,4.27,107.561
3,75,25,4.2558,0,0,0
3,75,25,31.5235,8.64865,13.43,111.359
3,75,25,32.5129,8.64865,13.43,121.385
3,75,25,15.8319,6.48649,6.5,124.596
3,75,25,10.8612,2.60541,3.17,123.945
3,75,25,23.8986,12.973,11.9,118.882
3,75,25,27.1261,10.2703,11.79,114.25
3,75,25,10.9084,2.7027,3.37,113.572
3,75,25,5.2532,0.540541,0.55,114.144
3,75,25,23.4685,8.10811,9.87,123.69
3,75,25,25.9382,10.2703,11.62,111.908
3,80,25,17.5503,4.23784,6.51,109.074
3,80,25,13.4838,4.32432,4.78,113.662
3,80,25,14.3417,5.94595,6.03,126.039
3,80,25,10.0965,3.81622,3.96,113.256
3,80,25,15.225,4.86486,5.72,111.611
3,80,25,11.1955,4.90811,4.38,122.941
3,80,25,30.0971,10.2703,12.76,110.739
3,80,25,15.3925,2.82162,5.18,113.535
3,80,25,29.367,7.56757,12.07,130.42
3,80,25,4.089,0,0.09,0
3,80,25,4.409,0,0,0
3,80,25,16.7671,5.24324,6.46,102.929
3,80,25,17.4178,7.02703,7.67,124.908
3,80,25,11.0965,3.97838,3.88,120.046
3,80,25,10.6546,1.48108,2.76,134.229
3,80,25,12.0678,4.32432,4.74,119.859
3,80,25,11.795,2.56216,3.92,119.478
3,80,25,29.2148,7.84865,11.5,117.589
3,80,25,6.1155,1.62162,1.34,119.099
3,80,25,3.7476,0,0,0
3,90,25,39.7777,12.973,18.94,119.925
3,90,25,8.1694,1.62162,2.06,115.516
3,90,25,13.8849,5.40541,7.16,119.531
3,90,25,19.0722,7.35135,8.9,119.028
3,90,25,23.4118,9.78378,11.51,118.877
3,90,25,22.1788,7.02703,8.62,111.381
3,90,25,17.9991,6.84324,7.6,125.379
3,90,25,9.0053,2.7027,3.28,115.548
3,90,25,24.6259,7.57838,10.4,122.858
3,90,25,17.4352,6.14054,6.35,125.483
3,90,25,13.4087,3.78378,4.47,126.896
3,90,25,21.0018,8.10811,8.32,115.492
3,90,25,17.1575,4.86486,6.33,111.592
3,90,25,39.6034,14.8216,17.82,112.652
3,90,25,30.6967,9.66486,12.67,108.921
3,90,25,34.6762,11.8919,14.98,119.719
3,90,25,29.1683,10.2703,13.44,115.993
3,90,25,6.7875,1.08108,1.73,118.017
3,90,25,10.4084,3.16757,3.08,121.736
3,90,25,17.9355,4.86486,6.93,112.46
3,100,25,8.6715,3.78378,3.09,126.711
3,100,25,4.0427,0.540541,0.12,167.578
3,100,25,6.5396,1.08108,1.27,109.957
3,100,25,32.7533,10.6811,14.79,111.695
3,100,25,20.3874,6.58378,7.49,111.886
3,100,25,19.0697,5.94595,7.64,110.053
3,100,25,15.7577,4.32432,5.26,114.228
3,100,25,8.5331,2.16216,2.2,116.634
3,100,25,14.9059,8.64865,7.27,121.69
3,100,25,24.0443,6.20541,9.45,111.418
3,100,25,24.6897,7.6973,9.61,119.124
3,100,25,8.0523,1.62162,1.75,129.121
3,100,25,28.0183,6.98378,12.26,120.842
3,100,25,12.3834,2.7027,3.74,111.252
3,100,25,21.0334,7.56757,9.04,116.378
3,100,25,3.7129,0,0,0
3,100,25,15.8245,4.87568,6.34,113.083
3,100,25,12.8965,3.24324,4.14,122.686
3,100,25,6.1858,1.08108,0.91,118.442
3,100,25,22.6088,9.56757,9.78,117.617
3,10,30,6.4581,3.24324,1.24,385.917
3,10,30,9.2533,3.83784,2.18,277.369
3,10,30,13.6492,7.02703,6.09,220.117
3,10,30,34.3508,17.8378,17.44,184.775
3,10,30,11.8205,7.02703,4.74,208.373
3,10,30,14.2438,10.6378,5.91,297.029
3,10,30,20.6235,14.4324,11.08,168.399
3,10,30,17.4952,9.75135,7.46,222.849
3,10,30,13.6102,4.32432,4.44,169.207
3,10,30,16.6184,8.10811,6.61,268.147
3,10,30,35.2799,18.9189,17.91,131.664
3,10,30,10.7717,5.94595,4.21,313.039
3,10,30,19.8631,15.1351,10.04,204.305
3,10,30,25.8479,10.2703,11.36,234.703
3,10,30,23.503,16.2162,11.32,227.102
3,10,30,7.2993,4.86486,2.53,239.81
3,10,30,15.3772,8.10811,5.91,209.028
3,10,30,20.8534,12.2162,9.3,195.804
3,10,30,8.3642,4.32432,2.36,320.289
3,10,30,32.2566,12.4324,13.99,155.664
3,20,30,21.9751,9.72973,8.64,135.717
3,20,30,25.8357,9.72973,11.88,114.71
3,20,30,27.2705,15.3189,14.02,145.986
3,20,30,4.2145,0,0,0
3,20,30,13.0248,6.90811,5.48,154.268
3,20,30,3.6808,0,0.03,0
3,20,30,14.0491,4.50811,5.01,129.556
3,20,30,8.066,3.78378,2.18,163.226
3,20,30,15.7555,5.40541,6.25,117.332
3,20,30,12.6232,3.24324,4.53,158.413
3,20,30,12.7528,6.59459,5.28,138.193
3,20,30,7.5707,3.24324,2.14,147.204
3,20,30,12.2634,5.88108,4.61,136.711
3,20,30,4.5312,2.16216,0.16,223.81
3,20,30,7.0287,2.7027,1.58,130.875
3,20,30,10.3326,6.48649,5.41,167.497
3,20,30,4.03,0.540541,0.21,276.452
3,20,30,13.1867,7.56757,6.17,138.94
3,20,30,9.9901,3.78378,3.32,127.369
3,20,30,20.1935,9.18919,8.79,147.381
3,30,30,27.8558,9.72973,12.16,124.737
3,30,30,17.4421,7.56757,8,132.109
3,30,30,11.1897,4.32432,3.39,118.466
3,30,30,10.9852,5.00541,4.54,148.963
3,30,30,8.1885,3.24324,2.97,118.909
3,30,30,32.9688,13.7514,16.33,142.581
3,30,30,14.0677,6.48649,5.13,107.657
3,30,30,26.5694,9.72973,12.08,120.73
3,30,30,9.8439,3.78378,3.67,109.941
3,30,30,30.1954,14.2486,15.55,140.305
3,30,30,6.6343,2.92973,2.01,159.578
3,30,30,23.5812,11.3514,11.54,123.633
3,30,30,6.2589,1.62162,0.84,114.299
3,30,30,8.0814,1.62162,1.91,105.563
3,30,30,22.4991,9.28649,9.97,119.441
3,30,30,19.2824,7.56757,8.03,120.188
3,30,30,9.2973,4.86486,3.26,130.491
3,30,30,4.658,1.62162,0.75,117.874
3,30,30,24.889,11.6108,12.1,132.868
3,30,30,17.6283,5.94595,6.94,112.023
3,40,30,10.866,3.6973,4.07,108.717
3,40,30,4.18,0,0,0
3,40,30,26.6849,7.02703,11.18,129.891
3,40,30,22.6419,8.68108,10.02,122.96
3,40,30,8.9693,3.78378,3.02,123.961
3,40,30,15.6171,5.94595,6.13,130.255
3,40,30,16.5925,5.40541,6.13,113.222
3,40,30,19.5879,5.80541,8.19,112.069
3,40,30,26.2465,9.51351,10.73,110.757
3,40,30,14.4921,4.86486,5.46,142.249
3,40,30,38.735,19.5135,20.94,126.018
3,40,30,10.9461,4.48649,4.33,130.749
3,40,30,34.743,15.773,16.35,126.563
3,40,30,12.3324,5.07027,4.44,129.079
3,40,30,19.1903,5.18919,7.18,115.155
3,40,30,21.3353,8.64865,9.76,138.43
3,40,30,26.3692,13.3405,12.62,127.034
3,40,30,25.2821,10.8108,11.41,119.12
3,40,30,25.4075,10.3568,10.53,123.72
3,40,30,36.3192,15.5459,16.96,126.605
3,50,30,19.1072,7.21081,7.79,115.076
3,50,30,13.662,6.59459,6.23,135.955
3,50,30,12.5868,5.40541,4.92,124.401
3,50,30,10.5099,2.94054,3.61,137.83
3,50,30,15.3273,4.86486,5.83,130.55
3,50,30,9.1624,6,4.03,131.447
3,50,30,22.147,11.3514,10.38,113.681
3,50,30,16.2258,9.72973,7.57,150.47
3,50,30,32.3265,12.973,17.86,127.816
3,50,30,3.1085,0,0.04,0
3,50,30,12.2505,5.40541,4.96,138.993
3,50,30,12.8744,5.80541,4.95,136.451
3,50,30,8.0485,2.7027,2.14,128.431
3,50,30,22.7779,6.65946,9.06,111.794
3,50,30,8.2084,1.52432,1.98,149.042
3,50,30,4.4623,0.540541,0.22,132.922
3,50,30,7.5704,3.76216,3.1,124.722
3,50,30,14.0443,9.47027,6.52,142.77
3,50,30,9.6168,4.86486,4.87,135.377
3,50,30,24.312,9.72973,10.97,120.271
3,60,30,11.6587,4.36757,4.97,121.193
3,60,30,19.8654,7.75135,7.7,109.648
3,60,30,6.0151,1.62162,1.14,109.63
3,60,30,14.6376,8.10811,6.74,124.481
3,60,30,44.0231,17.773,20.95,126.234
3,60,30,22.1994,6.48649,8.92,111.328
3,60,30,6.4655,2.7027,1.54,134.306
3,60,30,15.7708,6.35676,6.77,119.938
3,60,30,6.3924,1.62162,1.05,158.134
3,60,30,20.0458,9.18919,9.42,124.917
3,60,30,25.9829,11.1027,11.71,115.273
3,60,30,8.1227,2.7027,2.1,117.742
3,60,30,16.1279,3.79459,5.76,138.9
3,60,30,11.9313,5.40541,4.73,117.94
3,60,30,11.956,3.78378,3.89,105.88
3,60,30,17.1197,10.2703,8.4,128.963
3,60,30,25.5613,10.8108,11.52,126.994
3,60,30,12.5251,7.02703,5.78,152.706
3,60,30,21.6493,10.8108,10.31,115.316
3,60,30,16.7287,7.58919,6.84,119.817
3,70,30,32.7398,11.3514,14.94,114.595
3,70,30,16.8661,8.29189,6.89,119.462
3,70,30,34.3441,12.7676,14.94,116.584
3,70,30,31.8429,14.5946,17,119.922
3,70,30,17.7663,8.45405,8.15,123.273
3,70,30,9.1305,2.16216,2.62,104.427
3,70,30,21.9409,10.8108,9.86,119.855
3,70,30,16.291,7.02703,6.52,130.705
3,70,30,16.8041,3.24324,5.22,108.915
3,70,30,10.5985,3.24324,3.79,142.966
3,70,30,22.3392,9.72973,10.2,127.822
3,70,30,21.6302,11.1135,11.01,113.667
3,70,30,9.6722,5.94595,3.84,145.58
3,70,30,16.4412,9.18919,8.24,126.775
3,70,30,25.0288,11.8919,10.8,118.744
3,70,30,11.9893,5.40541,4.98,116.027
3,70,30,21.8225,6.48649,8.18,109.209
3,70,30,12.7154,3.78378,5.08,122.304
3,70,30,16.7096,6.28108,6.62,125.159
3,70,30,14.8592,7.56757,6.19,123.134
3,75,30,16.323,6.75676,7.1,121.561
3,75,30,23.9646,10.8108,10.87,124.367
3,75,30,5.9186,1.62162,1.46,117.771
3,75,30,23.8697,9.6973,10.27,118.089
3,75,30,22.2923,11.8919,9.99,119.323
3,75,30,17.6527,9.18919,7.9,125.825
3,75,30,3.5348,0,0,0
3,75,30,18.6644,8.34595,8.08,124.155
3,75,30,20.1451,9.18919,8.85,126.518
3,75,30,20.3875,8.16216,8.72,115.53
3,75,30,39.7539,14.8865,18.41,119.447
3,75,30,11.2394,3.78378,3.55,121.31
3,75,30,18.9505,6.10811,7.63,122.42
3,75,30,15.6657,5.40541,6.32,128.939
3,75,30,14.4316,9.08108,7,132.944
3,75,30,34.7004,19.4595,18.59,121.677
3,75,30,10.7252,3.24324,3.47,122.215
3,75,30,8.9919,3.24324,3.37,117.011
3,75,30,23.3231,9.35135,10.56,117.058
3,75,30,16.5464,6.48649,6.81,141.576
3,80,30,4.0273,0,0.01,0
3,80,30,10.26,3.24324,2.94,137.065
3,80,30,16.1254,7.02703,6.42,116.706
3,80,30,11.9114,6.48649,5.02,142.539
3,80,30,12.6052,3.78378,4.52,105.53
3,80,30,5.8623,1.62162,0.84,121.88
3,80,30,21.8323,8.24865,9.28,118.08
3,80,30,41.0099,20.2595,20.34,122.484
3,80,30,27.5721,9.43784,12.32,111.189
3,80,30,24.8173,8.92973,10.24,114.051
3,80,30,18.9976,10.8108,9.5,130.296
3,80,30,4.3559,0,0.2,0
3,80,30,26.9107,10.6486,12.26,127.403
3,80,30,20.6279,7.02703,7.92,111.889
3,80,30,4.4233,0,0.1,0
3,80,30,19.0107,7.56757,8.08,118.626
3,80,30,23.2545,7.02703,10.8,117.587
3,80,30,9.2082,2.16216,3.27,115.099
3,80,30,21.0516,10.5189,10.18,125.333
3,80,30,21.6745,8.64865,9.63,127.813
3,90,30,41.0796,15.5135,19.57,112.444
3,90,30,26.3062,11.5459,13.35,115.874
3,90,30,16.0501,3.37297,5.05,114.389
3,90,30,13.0655,4.32432,5,111.325
3,90,30,32.2237,17.1243,16.89,114.474
3,90,30,16.5015,8.10811,6.31,119.264
3,90,30,8.9896,3.24324,2.73,109.931
3,90,30,18.0395,5.89189,7.3,116.503
3,90,30,23.8673,9.72973,10.62,123.235
3,90,30,19.1014,8.45405,7.72,120.555
3,90,30,12.5171,4.86486,4.61,111.988
3,90,30,13.4373,6.14054,4.79,121.486
3,90,30,4.2367,0.540541,0.36,102.524
3,90,30,40.4358,18.1081,19.96,116.627
3,90,30,20.3948,6.48649,8.89,112.46
3,90,30,29.9832,12.627,14.01,114.813
3,90,30,20.0704,9.72973,9.66,122.495
3,90,30,25.997,8.84324,11.06,117.184
3,90,30,14.334,3.78378,4.68,109.816
3,90,30,21.4471,9.23243,9.88,119.786
3,100,30,19.8921,8.10811,8.4,116.274
3,100,30,9.3383,2.41081,2.49,114.76
3,100,30,18.5791,6.48649,7.08,106.572
3,100,30,12.3912,4.86486,4.63,135.853
3,100,30,17.0154,6.19459,6.55,120.897
3,100,30,29.3137,12.227,14.01,118.124
3,100,30,8.3243,0.540541,1.8,108.79
3,100,30,29.4971,13.4595,13.33,111.505
3,100,30,6.4147,1.62162,1.52,118.002
3,100,30,6.9581,2.7027,1.8,118.942
3,100,30,25.3498,10.9405,10.9,121.554
3,100,30,18.5906,6.71351,7.82,122.85
3,100,30,25.5672,11.2973,12.47,122.466
3,100,30,23.8982,6.48649,9.73,109.868
3,100,30,40.6556,16.7568,18.05,112.891
3,100,30,22.3922,8.10811,9.08,113.789
3,100,30,34.6243,12.8432,15.05,117.457
3,100,30,11.269,4.86486,4.4,116.903
3,100,30,5.4048,1.62162,0.91,125.204
3,100,30,23.2816,10.8108,11.45,121.252
3,10,50,12.4505,14.0541,6.04,289.996
3,10,50,12.0914,9.72973,5.56,178.603
3,10,50,7.496,8.64865,2.48,330.275
3,10,50,9.9411,7.18919,3.83,260.18
3,10,50,9.6005,10.8108,3.85,286.378
3,10,50,13.0095,14.0541,7.57,226.333
3,10,50,10.7396,10.7243,5.05,227.49
3,10,50,17.9441,16.1297,10.67,164.887
3,10,50,6.1162,3.78378,1.08,456.023
3,10,50,16.8554,15.3297,8.88,180.722
3,10,50,9.6154,9.72973,4.62,264.898
3,10,50,3.5915,3.24324,0.14,727.335
3,10,50,13.7961,12.973,6.66,220.655
3,10,50,4.6655,5.94595,0.62,582.6
3,10,50,17.9281,16.2162,10.43,187.489
3,10,50,14.7591,15.2757,8.19,238.44
3,10,50,15.1316,11.8703,8.36,240.795
3,10,50,12.9837,11.2108,6.22,260.765
3,10,50,14.4109,10.627,6.46,196.856
3,10,50,7.0336,10.0216,3.24,314.188
3,20,50,8.5443,2.7027,2.78,144.443
3,20,50,21.6958,15.6757,11.75,158.639
3,20,50,13.7198,8.64865,5.61,163.77
3,20,50,8.8477,4.32432,2.68,137.492
3,20,50,5.77,1.08108,1.22,161.039
3,20,50,8.4247,3.48108,2.94,169.791
3,20,50,9.393,3.66486,2.74,178.67
3,20,50,28.3205,16.4865,14.67,130.303
3,20,50,9.9131,4.37838,4.25,116.326
3,20,50,6.5476,1.62162,1.3,116.081
3,20,50,9.1341,4.86486,3.33,167.593
3,20,50,5.3224,1.62162,0.77,136.242
3,20,50,10.0299,5.94595,3.01,144.188
3,20,50,4.7246,0.540541,0.18,262.158
3,20,50,26.4786,20,15.24,139.396
3,20,50,8.3392,3.24324,1.82,195.862
3,20,50,15.6263,12.973,8.93,163.174
3,20,50,13.567,7.56757,6.3,133.21
3,20,50,18.4864,11.8919,9.36,164.86
3,20,50,5.9732,3.78378,2.43,148.136
3,30,50,8.941,4.32432,2.5,115.578
3,30,50,25.4017,13.0162,12.36,134.552
3,30,50,6.3322,4.32432,2.35,180.049
3,30,50,15.176,10.2703,7.26,151.679
3,30,50,8.986,5.40541,3.03,162.364
3,30,50,15.8825,11.5784,8.18,147.56
3,30,50,10.6902,4.72432,4.4,140.084
3,30,50,20.6877,12.4324,10.88,141.512
3,30,50,6.9519,4.32432,2.39,144.284
3,30,50,14.7347,10.2703,7.1,161.163
3,30,50,12.7003,7.56757,5.84,163.943
3,30,50,10.5287,5.94595,3.7,155.382
3,30,50,15.2183,7.02703,6.38,128.745
3,30,50,9.1279,7.56757,3.77,178.91
3,30,50,6.0838,2.16216,1.4,116.006
3,30,50,9.2932,7.02703,3.47,155.512
3,30,50,13.9892,11.4054,7.88,155.674
3,30,50,8.5654,4.32432,3.22,139.922
3,30,50,7.9858,3.78378,2.03,120.26
3,30,50,17.3941,12.6054,8.91,150.037
3,40,50,4.5157,0,0.03,0
3,40,50,4.6619,0,0,0
3,40,50,14.7793,12.4324,7.45,159.19
3,40,50,11.0684,7.56757,5.21,149.736
3,40,50,9.002,5.40541,3.75,152.732
3,40,50,19.5239,11.4162,8.22,139.775
3,40,50,23.4195,14.5946,12.42,130.66
3,40,50,10.9154,5.40541,4.78,156.369
3,40,50,9.4453,5.40541,4.06,133.953
3,40,50,11.4522,4.67027,3.91,116.059
3,40,50,15.8044,9.72973,7.02,124.872
3,40,50,7.3211,2.16216,2.1,111.383
3,40,50,8.4985,5.40541,3.99,131.78
3,40,50,13.6512,7.56757,5.44,131.157
3,40,50,10.7151,8.10811,5.69,155.134
3,40,50,14.5697,5.27568,5.61,109.254
3,40,50,16.2581,11.8919,8.85,150.17
3,40,50,17.9651,14.0541,10.32,130.738
3,40,50,14.8925,10.173,7.45,130.458
3,40,50,10.8033,4.86486,4.13,118.282
3,50,50,11.7568,6.8973,5.33,114.441
3,50,50,9.7001,7.02703,4.3,146.555
3,50,50,17.1149,12.3351,9.54,137.459
3,50,50,18.2772,17.7838,11.48,140.351
3,50,50,11.7585,8.64865,6.47,136.608
3,50,50,7.2027,3.78378,1.91,154.141
3,50,50,8.2892,3.24324,3.31,118.497
3,50,50,22.7283,16.3459,13.56,132.698
3,50,50,22.861,15.1351,12.14,129.485
3,50,50,11.6623,5.36216,5.53,122.888
3,50,50,12.6272,5.40541,4.69,120.254
3,50,50,16.4238,8.62703,7.06,136.186
3,50,50,15.8862,12.4324,7.97,135.961
3,50,50,9.5166,5.40541,3.58,141.353
3,50,50,12.1025,4.91892,4.56,116.481
3,50,50,8.6213,3.78378,3.24,114.763
3,50,50,14.9448,7.03784,5.77,139.49
3,50,50,15.5062,9.40541,8.07,121.868
3,50,50,4.0515,1.08108,0.12,237.431
3,50,50,8.9122,4.32432,2.97,150.76
3,60,50,19.5425,11.3514,9.67,124.172
3,60,50,4.0942,0,0.01,0
3,60,50,10.5338,6.48649,4.53,135.478
3,60,50,13.4692,7.02703,5.59,160.042
3,60,50,5.8697,2.16216,1.67,156.641
3,60,50,6.912,2.62703,1.96,105.377
3,60,50,12.6024,10.2919,6.92,150.663
3,60,50,5.7904,1.88108,1.68,109.351
3,60,50,16.1642,11.3514,8.45,132.891
3,60,50,12.6078,6.48649,5.34,146.751
3,60,50,20.2602,11.8919,10.79,127.39
3,60,50,7.655,2.16216,1.88,125.213
3,60,50,6.0269,1.08108,1.03,111.836
3,60,50,18.2736,11.3514,8.1,123.099
3,60,50,4.869,1.08108,0.91,128.875
3,60,50,10.0394,7.02703,4.52,148.846
3,60,50,11.8322,4.32432,4.45,123.261
3,60,50,30.6406,23.3189,17.95,137.831
3,60,50,14.6241,9.18919,6.15,144.134
3,60,50,7.9599,2.16216,2.33,100.888
3,70,50,8.6529,3.98919,2.96,131.86
3,70,50,26.5621,17.1784,13.98,137.095
3,70,50,14.5904,8.10811,6.75,115.935
3,70,50,19.9313,15.1351,12.32,135.032
3,70,50,9.7373,4.61622,3.73,140.561
3,70,50,13.3961,7.02703,5.95,122.369
3,70,50,24.0884,13.4919,12.08,135.302
3,70,50,19.0431,13.5135,12.17,134.224
3,70,50,17.1646,12.4324,9.35,132.538
3,70,50,16.2561,11.3514,8.84,127.073
3,70,50,13.5481,4.86486,5.45,120.059
3,70,50,7.1917,3.78378,2.27,136.905
3,70,50,9.2917,4.32432,3.33,128.586
3,70,50,15.2951,12.4324,8.66,131.853
3,70,50,14.237,6.48649,6.4,126.375
3,70,50,15.8236,11.8919,7.63,138.53
3,70,50,13.4353,8.05405,5.67,128.999
3,70,50,7.49,3.78378,2.39,166.548
3,70,50,19.4404,10.3568,8.34,134.5
3,70,50,14.2994,10.2595,6.94,130.249
3,75,50,14.8032,6.48649,5.64,134.114
3,75,50,8.1155,2.16216,1.99,112.365
3,75,50,8.7982,4.32432,3.37,132.013
3,75,50,14.4078,9.72973,7.07,141.215
3,75,50,13.505,11.3514,7.34,127.027
3,75,50,7.9782,3.94595,3.5,121.297
3,75,50,16.407,6.48649,7.1,115.856
3,75,50,13.6966,8.20541,5.59,123.278
3,75,50,13.4786,8.10811,5.99,122.181
3,75,50,10.5378,6.48649,3.8,126.106
3,75,50,14.2472,6.48649,5.89,115.514
3,75,50,9.1357,7.21081,3.6,137.697
3,75,50,4.0643,0,0.04,0
3,75,50,21.8699,10.8108,9.65,126.141
3,75,50,17.9581,11.8919,9.7,129.489
3,75,50,13.3922,7.56757,6.02,130.834
3,75,50,6.3318,1.62162,0.99,140.13
3,75,50,12.2568,7.09189,5.67,126.075
3,75,50,23.0488,15.1351,12.72,128.518
3,75,50,14.7951,8.10811,7.37,129.063
3,80,50,10.086,4.32432,2.89,150.686
3,80,50,11.1645,7.56757,5.06,122.856
3,80,50,8.1306,4.32432,3.21,140.028
3,80,50,4.2606,0,0,0
3,80,50,12.7486,6.48649,5.55,121.443
3,80,50,6.9187,2.7027,2.02,125.086
3,80,50,8.7625,2.7027,2.47,143.373
3,80,50,14.2119,6.78919,6.07,122.168
3,80,50,5.3398,1.62162,0.95,108.255
3,80,50,16.8363,10.0324,7.22,126.797
3,80,50,9.865,5.40541,3.05,126.799
3,80,50,8.4931,5.40541,3.75,143.577
3,80,50,8.157,2.7027,2.91,139.134
3,80,50,5.7143,0.540541,1.09,105.538
3,80,50,6.8996,2.16216,1.75,114.591
3,80,50,10.4612,5.79459,4.32,126.059
3,80,50,21.9503,13.1243,10.83,116.525
3,80,50,28.5629,17.5135,15.37,129.275
3,80,50,6.7241,4.32432,1.97,149.819
3,80,50,17.0152,11.3946,8.86,137.181
3,90,50,16.5372,10.8108,7.69,117.471
3,90,50,11.6144,5.94595,4.75,123.207
3,90,50,13.8258,6.92973,5.57,123.69
3,90,50,24.4683,9.26486,10.88,126.724
3,90,50,6.2831,2.16216,1.61,121.564
3,90,50,13.809,8.10811,5.71,127.794
3,90,50,6.7066,2.68108,1.61,135.683
3,90,50,13.6381,5.70811,5.78,114.052
3,90,50,10.4185,6.48649,4.31,139.386
3,90,50,6.2609,1.62162,1.63,119.047
3,90,50,8.9136,4.32432,3.75,119.842
3,90,50,11.0677,4.32432,3.43,131.734
3,90,50,6.667,2.16216,1.66,118.393
3,90,50,14.7083,6.92973,6.07,124.504
3,90,50,4.5774,0.918919,0.55,155.334
3,90,50,23.3299,14.0541,13.3,123.285
3,90,50,9.0888,5.96757,4.14,146.682
3,90,50,17.3027,9.18919,8.71,114.533
3,90,50,10.5953,5.94595,4.83,134.894
3,90,50,15.5405,10.4865,7.35,120.179
3,100,50,14.1216,11.8919,7.4,126.652
3,100,50,26.6465,16.2162,14.39,119.032
3,100,50,6.4014,2.7027,1.66,124.087
3,100,50,18.3613,11.3514,8.83,133.508
3,100,50,24.0259,10.973,11.48,125.578
3,100,50,4.348,0,0,0
3,100,50,13.9123,9.18919,7.35,128.025
3,100,50,4.2018,0,0,0
3,100,50,6.4253,3.78378,2.07,138.85
3,100,50,17.7662,12.8757,8.97,131.585
3,100,50,8.3349,2.05405,2.18,139.522
3,100,50,6.5043,2.16216,1.64,134.294
3,100,50,25.622,13.5135,12.45,115.776
3,100,50,19.4834,11.8919,9.77,123.228
3,100,50,4.4057,0,0,0
3,100,50,20.6289,11.3514,10.02,128.736
3,100,50,22.0563,15.1027,12.42,123.487
3,100,50,12.4943,6.48649,5.52,133.402
3,100,50,23.6244,15.3946,13.28,121.474
3,100,50,6.3759,0.540541,0.91,110.731
3,10,75,8.8201,6.48649,2.15,482.443
3,10,75,9.5631,10.8108,3.95,279.763
3,10,75,8.7926,12.1622,4.08,285.618
3,10,75,8.764,14.5946,5.32,245.525
3,10,75,14.8556,18.4432,8.39,216.168
3,10,75,8.1855,11.3514,4.07,275.949
3,10,75,4.7702,4.32432,0.85,353.428
3,10,75,9.7363,12.4324,4.42,234.399
3,10,75,9.388,12.227,4.86,203.778
3,10,75,8.3534,7.56757,3.8,233.277
3,10,75,6.6015,9.18919,2.06,529.534
3,10,75,8.8858,10.8216,4.02,315.718
3,10,75,7.2083,12.0973,3.68,281.366
3,10,75,7.2183,6.27027,2.64,222.273
3,10,75,6.7928,9.35135,2.06,488.388
3,10,75,8.1094,15.1351,3.64,306.503
3,10,75,8.2367,13.7838,3.99,241.826
3,10,75,12.1473,12.973,5.35,359.85
3,10,75,10.0394,16.8973,5.91,303.259
3,10,75,16.1821,19.4595,11.84,223.654
3,20,75,8.0585,11.027,4.04,217.148
3,20,75,12.1402,9.18919,7.19,137.259
3,20,75,12.2697,8.41081,5.41,158.681
3,20,75,5.5012,6.3027,2.03,219.987
3,20,75,9.2585,5.40541,4.16,136.649
3,20,75,11.9136,11.8919,6.01,176.725
3,20,75,9.1293,7.02703,5.52,149.519
3,20,75,10.2944,9.72973,5.84,181.534
3,20,75,4.2727,0,0,0
3,20,75,6.7494,4.32432,2.41,201.959
3,20,75,13.6579,13.5135,7.85,170.712
3,20,75,15.947,17.7946,10.94,172.026
3,20,75,8.3356,7.56757,3.27,176.638
3,20,75,7.2247,3.78378,2.16,149.604
3,20,75,3.9995,1.08108,0,274.455
3,20,75,14.0067,14.5946,8.67,164.577
3,20,75,10.7702,9.75135,5.78,150.403
3,20,75,16.2385,17.0703,9.02,174.949
3,20,75,22.2972,22.1622,14.94,137.368
3,20,75,10.5553,12.4324,5.5,185.558
3,30,75,17.7957,11.4054,9.42,143.679
3,30,75,6.6089,4.86486,2.58,161.234
3,30,75,11.9219,6,4.71,148.463
3,30,75,11.363,9.72973,5.31,147.624
3,30,75,11.4687,7.02703,4.84,142.722
3,30,75,5.4093,2.54054,1.59,179.726
3,30,75,9.8592,9.18919,5.26,165.106
3,30,75,4.0959,0,0.01,0
3,30,75,10.0442,5.94595,3.46,140.075
3,30,75,13.1863,12.4324,6.48,168.858
3,30,75,10.6584,9.72973,5.04,163.776
3,30,75,7.0516,5.71892,2.12,185.817
3,30,75,19.0598,18.8,10.55,142.549
3,30,75,6.4419,2.4,1.14,155.44
3,30,75,11.1199,10.8108,5.66,170.577
3,30,75,5.7195,2.7027,1.5,155.426
3,30,75,11.6725,9.74054,4.93,187.077
3,30,75,16.6806,14.2595,9.52,160.44
3,30,75,5.1168,0.908108,0.73,137.949
3,30,75,7.514,3.24324,1.95,133.89
3,40,75,20.3549,22.0541,13.22,149.182
3,40,75,12.8669,10.2703,6.9,141.501
3,40,75,4.8642,1.08108,0.6,178.906
3,40,75,12.2831,8.33514,5.73,121.3
3,40,75,6.9125,2.7027,2.07,156.761
3,40,75,15.7832,13.9676,10.04,151.05
3,40,75,14.4668,10.8649,7.22,162.882
3,40,75,7.9868,5.40541,3.01,153.578
3,40,75,6.1266,3.78378,2.01,180.924
3,40,75,14.9557,9.92432,7.75,143.589
3,40,75,16.0287,15.3838,9.49,161.775
3,40,75,8.3329,5.40541,3.05,144.825
3,40,75,8.1395,4.86486,3.18,159.137
3,40,75,8.8957,7.02703,4.6,147.484
3,40,75,9.3714,6.48649,4.23,140.093
3,40,75,7.5192,3.78378,2.33,141.504
3,40,75,6.4559,2.7027,2.37,135.144
3,40,75,16.8934,12.973,8.81,143.979
3,40,75,7.8494,8.10811,3.84,165.63
3,40,75,12.0991,7.84865,5.25,164.269
3,50,75,10.2485,6.48649,5.19,141.977
3,50,75,11.5278,10.2703,7,145.942
3,50,75,9.7491,6.55135,4.79,138.151
3,50,75,16.0821,12.973,9.23,147.077
3,50,75,5.4395,2.7027,1.46,171.676
3,50,75,4.5597,0.540541,0.26,125.096
3,50,75,14.357,12.7351,9.42,138.221
3,50,75,11.7958,14.5946,7.22,169.238
3,50,75,10.3693,3.78378,3.51,123.111
3,50,75,8.3248,5.94595,3.55,140.52
3,50,75,4.1158,0,0,0
3,50,75,12.645,6.48649,4.67,127.982
3,50,75,17.8353,12.973,10.35,140.602
3,50,75,4.5476,0,0.06,0
3,50,75,12.8625,11.3514,7.88,130.518
3,50,75,14.275,15.7189,9.06,149.063
3,50,75,12.0939,12.4324,7.72,157.081
3,50,75,9.4528,6.91892,3.39,135.277
3,50,75,11.8089,9.72973,6.63,156.224
3,50,75,6.6042,1.62162,1.28,158.785
3,60,75,14.9155,9.18919,7.75,132.232
3,60,75,10.7095,6.3027,4.58,140.072
3,60,75,21.1573,18.9189,14.02,136.171
3,60,75,15.2882,14.5946,8.1,147.079
3,60,75,9.4733,5.40541,4.1,120.922
3,60,75,3.8116,0,0.03,0
3,60,75,11.8146,6.4,5.26,144.033
3,60,75,15.2382,11.6865,8.83,159.59
3,60,75,12.456,9.18919,6.78,130.989
3,60,75,14.9444,10.2703,7.94,133.017
3,60,75,5.5202,2.16216,1.36,159.848
3,60,75,11.5348,10.8108,6.82,157.935
3,60,75,17.9839,15.2757,10.23,134.91
3,60,75,3.8108,0,0.03,0
3,60,75,13.0207,6.07568,5.63,127.237
3,60,75,14.6101,14.0541,8.6,148.38
3,60,75,6.2041,2.7027,2.04,146.253
3,60,75,9.8664,4.86486,3.43,122.762
3,60,75,7.3569,3.78378,2.15,134.876
3,60,75,10.4063,7.34054,5.23,131.022
3,70,75,7.4683,4.32432,2.22,137.042
3,70,75,10.0839,5.40541,3.7,137.932
3,70,75,19.7869,16.2162,10.94,127.573
3,70,75,13.2529,10.3784,7.38,143.22
3,70,75,7.9817,3.24324,2.67,169.902
3,70,75,9.2076,5.94595,3.2,141.526
3,70,75,7.4712,4.86486,2.53,127.476
3,70,75,9.4678,6.48649,4.32,129.874
3,70,75,5.1437,1.62162,0.6,187.543
3,70,75,7.1213,5.14595,3.15,147.635
3,70,75,15.3481,12.4324,7.88,133.318
3,70,75,13.7805,12.1946,8.03,140.785
3,70,75,9.9665,9.17838,4.63,139.616
3,70,75,10.4816,6.48649,4.83,132.154
3,70,75,3.89,0,0,0
3,70,75,21.5222,12.4324,11.11,120.037
3,70,75,14.3194,14.5946,8.19,144.051
3,70,75,6.1595,1.62162,1.25,115.29
3,70,75,10.6277,5.66486,4.24,143.77
3,70,75,11.9466,8.48649,6.42,131.484
3,75,75,12.3223,10.0432,6.53,131.001
3,75,75,16.7461,14.8432,11.17,137.261
3,75,75,5.0819,1.08108,0.43,120.768
3,75,75,5.1882,1.08108,0.99,135.245
3,75,75,7.3572,4.24865,2.57,120.416
3,75,75,9.8007,6.48649,4.01,140.877
3,75,75,9.963,8.10811,5.11,158.177
3,75,75,6.9392,2.16216,1.79,112.085
3,75,75,18.3507,17.2973,13.32,141.583
3,75,75,20.3285,17.8595,13.87,130.211
3,75,75,19.4712,12.9622,11.22,125.615
3,75,75,8.8264,7.02703,3.82,148.023
3,75,75,9.8251,5.94595,3.59,135.582
3,75,75,15.5814,16.5946,10,135.43
3,75,75,13.3861,7.56757,5.46,153.838
3,75,75,4.3063,0,0,0
3,75,75,8.143,7.00541,3.21,163.312
3,75,75,10.1116,6.48649,4.83,134.444
3,75,75,8.3005,3.24324,3.25,125.676
3,75,75,7.1549,3.24324,3.04,149.312
3,80,75,22.9013,18.9189,14.28,127.328
3,80,75,4.3664,0,0,0
3,80,75,8.2206,3.78378,2.31,123.208
3,80,75,9.7214,5.40541,4.36,132.358
3,80,75,5.1992,1.62162,1.01,121.801
3,80,75,9.4003,6.72432,4.47,125.056
3,80,75,17.147,15.2324,9.48,140.724
3,80,75,5.1528,0.540541,0.78,119.351
3,80,75,10.3307,6.48649,5.04,131.259
3,80,75,7.1796,3.24324,2.58,126.901
3,80,75,10.5187,9.05946,5.91,145.156
3,80,75,6.5281,3.78378,1.73,145.234
3,80,75,9.8569,5.40541,4.03,125.341
3,80,75,6.9059,3.24324,2.28,126.261
3,80,75,14.1814,11.5459,7.75,148.253
3,80,75,11.9511,7.56757,6.03,136.811
3,80,75,18.0141,15.6757,9.92,137.293
3,80,75,9.48,6.63784,3.62,126.526
3,80,75,19.6734,19.0703,11.72,140.418
3,80,75,17.1466,11.3946,9.19,122.88
3,90,75,9.7076,5.00541,3.42,131.592
3,90,75,12.3618,6.59459,6.03,115.795
3,90,75,12.3065,7.14595,6.33,125.024
3,90,75,8.0042,3.24324,2.71,111.299
3,90,75,15.7343,10.1189,7.88,136.996
3,90,75,11.8887,7.02703,5.23,124.381
3,90,75,13.6609,12.3892,7.7,137.793
3,90,75,13.3012,9.96757,6.71,134.744
3,90,75,3.6734,0,0.01,0
3,90,75,4.3824,0.886486,0.79,163.173
3,90,75,11.5711,8.10811,5.87,137.946
3,90,75,7.7733,5.40541,3.46,137.458
3,90,75,9.6805,5.94595,3.97,122.743
3,90,75,4.5619,0,0,0
3,90,75,6.1267,2.37838,1.5,122.192
3,90,75,6.4798,3.24324,1.62,132.42
3,90,75,9.9924,8.10811,4.59,150.855
3,90,75,13.8065,9.67568,6.97,139.563
3,90,75,10.3682,7.56757,4.97,116.49
3,90,75,5.4546,2.7027,1.28,144.504
3,100,75,13.5627,9.72973,7.86,135.486
3,100,75,13.6976,8.64865,7.55,119.447
3,100,75,9.3924,2.81081,2.83,106.658
3,100,75,8.5002,4.94054,3.89,138.32
3,100,75,13.3015,8.64865,6.71,121.558
3,100,75,4.5527,0,0.09,0
3,100,75,10.9218,7.02703,5.59,116.838
3,100,75,21.4877,19.427,13.49,133.495
3,100,75,11.1838,5.94595,4.51,132.513
3,100,75,11.6953,8.10811,5.61,117.988
3,100,75,10.5675,10.8108,5.55,144.212
3,100,75,10.9284,6.58378,4.65,130.081
3,100,75,12.3272,9.02703,6.26,135.828
3,100,75,11.2517,7.02703,5.3,125.4
3,100,75,5.8275,2.16216,1.55,122.323
3,100,75,12.6844,7.02703,5.77,137.613
3,100,75,4.071,0.540541,0.23,168.27
3,100,75,20.3959,16.2162,12.98,128.655
3,100,75,13.9058,8.64865,6.02,118.727
3,100,75,6.128,4.08649,2.45,120.2
3,10,100,12.403,22.0865,9.5,216.485
3,10,100,7.3468,8.10811,2.83,414.092
3,10,100,9.0553,14.3027,4.45,286.345
3,10,100,5.05923,7.02703,1.21,322.095
3,10,100,5.5561,7.39459,1.77,384.951
3,10,100,6.4226,12.4324,3.6,284.115
3,10,100,7.9287,10.1838,4.16,279.554
3,10,100,6.4096,5.94595,1.83,496.702
3,10,100,12.5688,17.2973,8.61,218.189
3,10,100,5.6933,8.64865,1.49,344.166
3,10,100,8.7033,15.5459,5.06,253.679
3,10,100,13.0571,23.2432,8.05,246.56
3,10,100,4.7959,8.64865,0.65,450.859
3,10,100,12.274,20,8.43,237.319
3,10,100,10.7241,16.7568,5.28,224.777
3,10,100,7.5112,10.5081,2.89,330.737
3,10,100,12.4798,21.0811,8.06,231.596
3,10,100,11.1608,19.8703,6.98,301.501
3,10,100,5.0116,7.57838,1.17,527.909
3,10,100,5.3458,5.57838,1.09,501.471
3,20,100,11.8955,15.1351,8.07,167.402
3,20,100,8.4629,10.8108,3.65,199.147
3,20,100,7.0174,6.59459,2.21,177.875
3,20,100,9.4574,9.72973,5.31,172.338
3,20,100,9.956,12.973,6.25,199.396
3,20,100,4.423,0,0,0
3,20,100,8.1466,5.31892,3.03,130.771
3,20,100,5.2484,2.16216,0.92,130.835
3,20,100,6.8092,4.86486,2.4,155.481
3,20,100,11.1169,10.2703,5.13,172.564
3,20,100,8.7814,8.64865,3.4,194.991
3,20,100,7.4004,3.78378,2.74,163.611
3,20,100,11.4611,13.0378,6.98,197.269
3,20,100,9.0682,10.5946,4.02,188.512
3,20,100,5.7876,5.67568,1.15,211.612
3,20,100,7.0769,6.48649,2.82,192.054
3,20,100,16.4404,17.373,11.1,162.638
3,20,100,3.5546,0,0,0
3,20,100,5.4468,1.08108,0.92,121.501
3,20,100,7.95,6.57297,2.49,204.178
3,30,100,8.0149,4.75676,2.66,134.129
3,30,100,13.6605,18.3784,11.78,165.186
3,30,100,10.2953,8.10811,5.18,127.473
3,30,100,6.6667,5.08108,2.5,178.081
3,30,100,10.3093,7.63243,5.29,172.864
3,30,100,6.8779,4.86486,2.56,152.526
3,30,100,5.5928,4.32432,2.3,177.66
3,30,100,8.6223,8.10811,4.48,183.679
3,30,100,10.6668,11.4703,5.38,182.483
3,30,100,4.175,0.540541,0.2,116.769
3,30,100,4.8429,3.24324,0.93,188.714
3,30,100,5.6442,3.24324,0.75,223.168
3,30,100,6.6542,5.94595,2.42,181.753
3,30,100,5.8473,2.16216,0.89,153.654
3,30,100,13.5079,18.0865,8.94,164.459
3,30,100,7.1369,5.94595,2.84,177.164
3,30,100,9.4089,11.5027,5.06,173.753
3,30,100,4.4795,0,0.11,0
3,30,100,3.4764,0,0,0
3,30,100,4.9041,0.540541,0.22,263.993
3,40,100,6.7204,3.24324,2.08,135.746
3,40,100,7.1768,7.77297,3.81,172.187
3,40,100,9.1519,7.56757,4.16,163.361
3,40,100,15.2462,12.8541,9.48,162.271
3,40,100,5.508,3.78378,1.93,192.802
3,40,100,6.3684,4.86486,1.97,157.367
3,40,100,8.7465,5.94595,3.22,154.116
3,40,100,14.0272,14.1405,8.19,172.664
3,40,100,5.8387,3.24324,1.35,153.174
3,40,100,10.809,12.4324,6.7,171.616
3,40,100,10.7727,9.18919,5.8,151.069
3,40,100,4.9457,1.08108,0.39,179.316
3,40,100,10.0634,13.5135,6.29,161.733
3,40,100,12.6538,12.973,6.83,157.94
3,40,100,11.727,12.2595,7.74,144.303
3,40,100,11.8033,12.7243,7.35,146.175
3,40,100,3.4097,0,0.01,0
3,40,100,13.4665,13.5135,7.95,155.848
3,40,100,7.4616,8.64865,3.45,177.367
3,40,100,8.396,7.02703,3.3,154.587
3,50,100,9.4353,8.10811,5.05,145.442
3,50,100,10.0564,9.72973,4.9,160.664
3,50,100,18.5467,17.0703,11.57,146.756
3,50,100,10.6,10.2703,6.43,147.443
3,50,100,5.7618,3.24324,1.65,166.082
3,50,100,5.0075,1.08108,0.63,151.128
3,50,100,7.787,5.84865,2.59,165.079
3,50,100,10.8873,11.1135,5.73,158.526
3,50,100,15.2087,14.8324,9.14,147.929
3,50,100,8.697,6.48649,3.93,176.332
3,50,100,7.3628,5.94595,2.35,145.745
3,50,100,9.3836,8.64865,5.06,156.429
3,50,100,8.5847,6.8,3.86,167.581
3,50,100,8.5481,8.96216,5.48,154.581
3,50,100,12.2367,11.2216,6.48,142.307
3,50,100,8.4235,5.94595,3.95,150.644
3,50,100,9.6291,5.94595,4.26,148.585
3,50,100,8.355,5.40541,3.33,144.233
3,50,100,11.7439,12.4324,7.47,136.165
3,50,100,10.1443,6.48649,4.66,149.005
3,60,100,6.8739,4.86486,2.45,144.274
3,60,100,9.7612,9.15676,5.24,141.145
3,60,100,10.4044,7.02703,5.7,142.402
3,60,100,5.7775,2.7027,1.16,142.236
3,60,100,17.8064,18.1838,11.48,140.268
3,60,100,23.9619,26.0216,19.42,137.155
3,60,100,14.2827,14.8,10.9,146.166
3,60,100,12.1819,10.4324,7.32,143.139
3,60,100,10.4525,3.78378,3.69,145.373
3,60,100,13.8496,15.7189,8.82,154.686
3,60,100,13.9994,8.10811,7.46,117.388
3,60,100,11.846,8.05405,5.7,144.813
3,60,100,6.2396,2.16216,1.53,136.896
3,60,100,10.108,8.10811,4.96,133.165
3,60,100,3.4325,0,0,0
3,60,100,10.4575,9.72973,5.08,150.185
3,60,100,12.1307,10.8108,6.75,153.911
3,60,100,7.4716,7.42703,3.62,183.588
3,60,100,8.1965,4.90811,2.83,145.554
3,60,100,6.349,4.32432,2.11,163.764
3,70,100,5.6525,3.24324,1.02,196.622
3,70,100,10.2318,7.27568,4.06,137.547
3,70,100,9.7445,8.64865,4.48,142.77
3,70,100,10.9157,10.627,6.76,134.453
3,70,100,4.8628,1.62162,0.75,162.83
3,70,100,8.8336,7.14595,4.16,133.76
3,70,100,7.8203,5.94595,3.3,154.74
3,70,100,12.3746,7.91351,6.52,131.602
3,70,100,5.5248,1.62162,0.93,153.483
3,70,100,8.498,7.02703,3.95,136.894
3,70,100,23.6745,24.6378,17.02,143.861
3,70,100,6.564,3.21081,2.3,144.752
3,70,100,3.9669,0,0,0
3,70,100,7.3705,3.24324,2.04,156.717
3,70,100,5.4473,1.62162,1.43,119.951
3,70,100,8.6805,6.48649,3.83,136.189
3,70,100,7.9037,7.02703,3.71,149.56
3,70,100,8.5612,6.50811,4.16,148.484
3,70,100,7.171,4.22703,1.99,156.375
3,70,100,6.9569,3.24324,2.62,136.034
3,75,100,8.0641,5.40541,3,136.471
3,75,100,10.2179,7.02703,4.72,128.256
3,75,100,15.4914,15.1351,10.11,133.013
3,75,100,13.4555,9.18919,7.4,128.852
3,75,100,11.2149,9.00541,6.79,137.964
3,75,100,6.2236,3.78378,1.96,170.155
3,75,100,8.7527,7.02703,4.65,146.404
3,75,100,10.1995,10.6811,5.1,145.729
3,75,100,7.1906,2.7027,2.08,115.211
3,75,100,5.9281,3.24324,1.47,149.318
3,75,100,12.4222,9.11351,6.4,130.882
3,75,100,11.7842,9.26486,7.63,119.791
3,75,100,10.6709,10.7135,6.26,157.98
3,75,100,8.322,3.78378,2.84,122.04
3,75,100,5.6322,2.7027,1.47,160.855
3,75,100,6.7972,2.99459,2.11,111.682
3,75,100,6.995,3.96757,2.06,155.054
3,75,100,16.5482,12.1081,11.3,123.575
3,75,100,6.3173,4.86486,2.93,170.913
3,75,100,10.8426,5.25405,4.19,114.032
3,80,100,8.9664,6.52973,3.65,141.85
3,80,100,8.7398,6.15135,3.96,138.111
3,80,100,5.5174,2.16216,0.67,160.267
3,80,100,11.3632,6.31351,4.99,121.161
3,80,100,3.6615,0,0.02,0
3,80,100,9.4223,5.40541,4.34,126.471
3,80,100,14.4266,14.5622,8.42,149.944
3,80,100,9.4545,4.86486,3.08,116.962
3,80,100,4.2212,0.540541,0.3,139.836
3,80,100,8.7279,5.84865,3.17,137.234
3,80,100,4.8661,0.540541,0.27,117.954
3,80,100,11.2196,9.6,5.8,151.492
3,80,100,8.6851,8.10811,4.39,133.403
3,80,100,10.4197,4.86486,4.27,125.683
3,80,100,7.1298,4.64865,3.09,149.96
3,80,100,10.3683,6.48649,4.86,155.125
3,80,100,5.4272,1.96757,1.22,129.553
3,80,100,9.5133,4.86486,4.41,131.844
3,80,100,8.3046,7.56757,4.67,154.23
3,80,100,12.0589,9.72973,7.76,132.206
3,90,100,7.027,4.32432,2.29,122.781
3,90,100,5.1325,1.08108,0.77,110.217
3,90,100,11.5357,9.72973,6.71,124.174
3,90,100,16.0883,14.7676,10.42,141.259
3,90,100,6.6469,2.16216,1.34,126.812
3,90,100,7.9492,3.24324,3.14,148.066
3,90,100,17.2472,19.9784,13.18,136.039
3,90,100,7.3758,3.24324,2.34,116.674
3,90,100,7.7171,6.48649,3.49,140.671
3,90,100,15.5866,12.6378,9.11,127.882
3,90,100,19.4554,19.4595,14.39,127.498
3,90,100,3.3462,0,0.01,0
3,90,100,8.6492,5.84865,3.1,125.09
3,90,100,7.4977,4.86486,2.69,141.555
3,90,100,13.79,13.5135,8.05,137.631
3,90,100,6.5962,2.77838,1.8,125.259
3,90,100,13.1912,10.7459,8.25,137.242
3,90,100,8.5172,3.78378,3.17,127.043
3,90,100,14.8783,14.5946,8.26,144.116
3,90,100,10.2026,8.10811,6.06,132.242
3,100,100,6.4307,3.78378,2.69,115.992
3,100,100,14.2788,15.5784,8.76,136.339
3,100,100,7.9293,2.94054,2.67,115.866
3,100,100,8.1239,6.48649,3.06,118.174
3,100,100,14.9475,12.973,9.58,124.747
3,100,100,7.8828,5.40541,3.41,144.619
3,100,100,17.1921,12.5622,8.77,129.105
3,100,100,9.3646,6.48649,4.01,136.163
3,100,100,8.361,5.40541,3.31,144.575
3,100,100,5.7476,3.24324,1.56,139.122
3,100,100,4.3992,1.08108,0.33,121.853
3,100,100,18.705,17.2,12.75,127.706
3,100,100,13.4029,12.973,8.26,133.928
3,100,100,12.639,13.5135,9.28,132.539
3,100,100,10.2177,8.10811,4.5,126.982
3,100,100,4.245,0,0,0
3,100,100,4.0966,0,0.07,0
3,100,100,8.0126,4.32432,2.62,138.991
3,100,100,9.231,6.48649,4.19,144.812
3,100,100,6.9732,3.78378,2.6,136.69
