Promoter,Threshold,Activation,Runs,S5PInt,S2PInt,Contact,DistActivation,5percentRG,5percentRP
1,10,1,1-10,15.731650000000002,0.0,11.195,,423.14795729558966,414.78852110951647
1,10,1,11-20,28.22405,1.3513513513513513,23.744999999999997,120.34096128002179,232.54531046714118,215.01152784565815
1,10,1,21-30,34.32385000000001,0.2702702702702703,28.559999999999995,138.22979684758826,339.9114911880713,322.5081114185771
1,10,1,31-40,25.340150000000005,1.0810810810810811,20.105,130.3180808199828,319.1891859904538,302.1434257228025
1,10,1,41-50,24.7821,0.8108108108108109,19.075,120.85510691190044,365.54211937401976,351.9394252971377
1,10,1,51-60,23.3789,1.0810810810810811,18.9,145.58217506858279,310.4697789571646,297.23265971118514
1,10,1,61-70,46.75690000000001,1.8918918918918919,36.785,128.6637337566664,243.13615926327512,222.02843830378555
1,10,1,71-80,41.180099999999996,2.8216216216216212,35.875,151.10614499784646,219.26708297820286,196.62521472957314
1,10,1,81-90,27.271500000000003,0.8108108108108109,21.214999999999996,123.99250257460295,362.74733146516724,349.83805921724905
1,10,1,91-100,34.7626,1.9027027027027028,28.0,125.60679540656751,347.0187074396516,330.7495331167138
1,20,1,1-10,47.751000000000005,2.1621621621621623,40.19,141.15823451468162,194.46554936073207,167.12682790497806
1,20,1,11-20,23.72545,1.0810810810810811,18.23,121.0102326272662,342.61209340837564,329.0314306525948
1,20,1,21-30,14.43695,0.5405405405405406,10.48,111.99681420381417,346.2548711857324,334.501677348721
1,20,1,31-40,21.923450000000003,0.8108108108108109,18.880000000000003,130.13560056119172,345.31933947402393,328.34795846317326
1,20,1,41-50,21.3714,0.9459459459459459,16.490000000000002,116.44365105158958,322.3737393933251,302.2038956685641
1,20,1,51-60,21.705700000000004,1.6216216216216217,16.42,133.93926130872669,334.14430204996,327.3419513893142
1,20,1,61-70,10.371500000000001,0.5405405405405406,7.06,118.72587858351787,413.4802414236502,390.8424128986605
1,20,1,71-80,39.04820000000001,1.5243243243243243,32.095,118.70791139938477,269.8702753850068,250.8626443987348
1,20,1,81-90,21.59185,0.5405405405405406,17.105,120.31177670123246,488.50827203886394,482.2921991002628
1,20,1,91-100,23.39395,0.8108108108108109,17.2,127.26724006616803,359.7076867837451,347.75702956039856
1,30,1,1-10,13.418300000000002,1.0810810810810811,9.765,121.92158050374242,421.79638359008885,416.1517264959824
1,30,1,11-20,23.383399999999998,0.5405405405405406,20.975,134.60898052494093,358.05897701444644,346.5267455689417
1,30,1,21-30,25.682649999999995,0.2702702702702703,21.500000000000007,120.63319145912996,394.6596294819019,385.9887810156039
1,30,1,31-40,8.57865,0.8108108108108109,5.825,123.88778950515193,388.2191838665965,374.89314046891474
1,30,1,41-50,40.682900000000004,1.6216216216216217,33.029999999999994,127.46546069164965,287.28131882705213,270.4639566187411
1,30,1,51-60,23.271449999999998,0.5405405405405406,19.215,128.24727891881463,337.6340494028068,318.8231696606957
1,30,1,61-70,21.28545,1.6216216216216217,17.655,124.12821907856038,282.6584836539129,272.1695267024196
1,30,1,71-80,34.4238,0.8108108108108109,27.595000000000006,122.1330039610826,329.1815418711042,313.5416363805325
1,30,1,81-90,16.52475,0.5405405405405406,12.215,118.16460251483682,387.8448712496367,368.4139119352918
1,30,1,91-100,27.0413,0.2702702702702703,19.990000000000002,115.66320656135684,450.3949412501477,438.4218415809344
1,40,1,1-10,13.991499999999998,0.2702702702702703,9.6,113.87518276779306,355.02084344829075,350.8846935683876
1,40,1,11-20,47.86725,0.8108108108108109,40.220000000000006,136.3863674309257,273.0368900840111,256.9578425732485
1,40,1,21-30,26.8716,0.8108108108108109,20.759999999999998,112.45151013782997,299.1789314159024,285.87254335310274
1,40,1,31-40,20.386199999999995,0.5405405405405406,16.775,117.21366531319299,378.4254348829106,364.45573253959344
1,40,1,41-50,29.053449999999998,1.0810810810810811,23.5,118.82625361796623,324.71931053757555,313.9078629527361
1,40,1,51-60,31.212649999999996,1.0810810810810811,25.68,125.33759736537634,317.62309585988476,299.5793905588459
1,40,1,61-70,21.903249999999996,1.0810810810810811,16.97,125.22644283496382,318.7493019418473,309.3582485556168
1,40,1,71-80,13.0308,0.8108108108108109,11.27,128.65942210222542,332.0510406984023,319.4508556782965
1,40,1,81-90,13.1153,0.5405405405405406,9.985,125.91960599963042,454.1641776606554,442.160377624066
1,40,1,91-100,13.9529,0.8108108108108109,10.254999999999999,136.6421471659603,383.0105879523263,374.46047174581327
1,50,1,1-10,13.51985,0.2702702702702703,8.885,130.95073728939283,457.5763435077928,455.2717433823289
1,50,1,11-20,26.718799999999998,1.6216216216216217,21.535,126.13704524127174,321.11978028309653,297.84507574054123
1,50,1,21-30,34.5556,1.6216216216216217,28.310000000000002,120.77496455579157,284.34160316363386,266.8878125681713
1,50,1,31-40,16.9734,1.0810810810810811,13.825,137.25799501572695,410.30924753047987,402.33656057284946
1,50,1,41-50,28.608500000000003,2.4324324324324325,23.490000000000002,127.11486511313461,304.2320268782112,289.47139517146866
1,50,1,51-60,36.61135,2.4324324324324325,31.870000000000005,125.98853690022759,280.6527221479979,265.25408718472545
1,50,1,61-70,31.08974999999999,0.8108108108108109,23.815,122.58418256870893,397.005048195059,384.25325615055823
1,50,1,71-80,18.240199999999998,1.3513513513513513,14.455000000000002,114.5845089453984,350.4655674985164,346.75773966859134
1,50,1,81-90,23.857599999999998,0.5405405405405406,18.295,120.37321065726597,395.4597293245964,388.4132544091476
1,50,1,91-100,26.2246,1.0,21.990000000000002,125.3253151612577,325.9586093423829,314.7180557597059
1,60,1,1-10,27.97925,1.0810810810810811,21.685,117.50939034283014,332.98068174940795,318.0509601894223
1,60,1,11-20,24.61975,0.5405405405405406,18.415,117.22466398449737,363.939434026196,355.7427726143127
1,60,1,21-30,24.530799999999996,0.8108108108108109,19.939999999999998,125.51662316106808,378.9405938236102,363.11761676868423
1,60,1,31-40,33.407199999999996,1.0810810810810811,26.975,119.67182712857924,291.8743074126909,274.6625357613908
1,60,1,41-50,44.26395000000001,1.0810810810810811,36.239999999999995,128.42052806189602,290.7594932608996,273.58711535221425
1,60,1,51-60,22.62695,1.227027027027027,17.57,122.13059492215409,365.46703506401656,351.0657890993089
1,60,1,61-70,17.4634,0.8108108108108109,13.309999999999999,121.972577559495,387.43927484585595,379.53936980156175
1,60,1,71-80,26.08725,0.8108108108108109,22.065,115.82354303937761,269.63768991923473,254.18106361869954
1,60,1,81-90,42.090799999999994,1.6216216216216215,34.235,119.01195357738266,269.61120833647414,249.62401520023985
1,60,1,91-100,37.7293,1.0810810810810811,31.165000000000003,116.29547377425608,264.2472930433001,248.91811873234013
1,70,1,1-10,13.328549999999998,0.8108108108108109,10.83,116.4035931325894,397.92482598897556,382.0976201033578
1,70,1,11-20,54.81575,1.8918918918918919,45.9,128.05675607636556,230.3951901272697,207.0225314784237
1,70,1,21-30,31.2729,1.0810810810810811,26.135,120.09316822426851,288.31883455152996,268.07223145891163
1,70,1,31-40,19.305800000000005,0.5405405405405406,14.839999999999998,129.28450979907146,366.08597826236957,358.55801275134485
1,70,1,41-50,21.28915,1.0810810810810811,18.125,125.16815471128807,381.90826952104015,370.84034852250363
1,70,1,51-60,34.936099999999996,1.6216216216216215,29.07,116.00555444012944,293.0104412837195,274.18498964241587
1,70,1,61-70,29.477300000000003,0.8108108108108109,22.970000000000002,120.17614550492394,345.42967434235914,338.22621551180725
1,70,1,71-80,19.7683,0.5405405405405406,15.464999999999998,118.8029469180155,335.9598195450681,320.9253397264428
1,70,1,81-90,34.21515,1.0810810810810811,28.53,126.97199171173992,250.92438232158605,232.4564724317911
1,70,1,91-100,23.70195,0.2702702702702703,19.005000000000003,111.57554574912554,308.8033844354032,291.6789580982048
1,75,1,1-10,31.467899999999997,1.0810810810810811,24.875000000000004,123.14009452865238,298.3225050040066,285.5236676270433
1,75,1,11-20,27.39135,1.0810810810810811,21.96,119.1555073394473,303.73246951655557,289.9553694225764
1,75,1,21-30,30.370600000000003,1.0810810810810811,24.965,124.03297763835239,354.6370308590319,342.34968617963233
1,75,1,31-40,23.4682,0.8108108108108109,18.875000000000004,119.73868357035144,318.6676150638335,302.4817429473417
1,75,1,41-50,41.674049999999994,1.3513513513513513,35.980000000000004,117.03286907527233,267.9048660934996,248.17196480101794
1,75,1,51-60,59.956849999999996,1.8918918918918919,49.87499999999999,121.4149062733143,278.70347244011003,257.3574121873506
1,75,1,61-70,42.3339,1.3513513513513513,35.739999999999995,121.31280452242204,262.1494243120402,247.31058908346677
1,75,1,71-80,2.89065,0.2702702702702703,1.02,121.4841841542892,370.42219039182044,366.73175189517525
1,75,1,81-90,25.5336,1.3513513513513513,19.815,124.67777427555565,283.69421756160045,276.7827760683294
1,75,1,91-100,30.162000000000006,1.0810810810810811,23.345,139.4344940472873,370.7913074192328,359.4863935518669
1,80,1,1-10,29.118299999999998,0.5405405405405406,23.305,114.89430330830245,289.48141958191485,272.52945056098025
1,80,1,11-20,33.4864,0.5405405405405406,25.939999999999998,116.08373156083638,320.1258287534332,314.8732650979964
1,80,1,21-30,16.148500000000002,0.0,11.15,,391.5701981937505,384.51634997324356
1,80,1,31-40,31.9455,0.8108108108108109,25.55,126.86625805439952,316.42999028395644,301.15950315103055
1,80,1,41-50,24.55115,1.0810810810810811,20.535000000000004,132.29448366616728,356.62752797056936,341.65199184750907
1,80,1,51-60,38.605450000000005,0.8108108108108109,31.604999999999997,118.14665159056024,276.4076813480839,256.9677344477799
1,80,1,61-70,26.544800000000002,0.2702702702702703,20.595000000000002,141.22619300414007,363.9659682810925,354.5581580287274
1,80,1,71-80,21.094150000000003,1.0810810810810811,16.16,131.19141982310086,391.981745198916,379.05674516616733
1,80,1,81-90,16.848000000000003,0.0,13.5,,470.47284942949983,462.1138972271193
1,80,1,91-100,19.443450000000002,0.2702702702702703,15.160000000000002,110.6488740874001,345.34627958256016,332.2708892135708
1,90,1,1-10,48.1511,1.6756756756756759,42.144999999999996,120.34016482224396,253.16601393468642,236.16040531105028
1,90,1,11-20,4.483,0.5405405405405406,2.7199999999999998,117.58770534139344,459.7293884129359,455.8935022675208
1,90,1,21-30,16.0562,0.5405405405405406,11.754999999999999,126.86148005443427,339.10472992625296,322.12448304729355
1,90,1,31-40,11.08615,0.7783783783783783,7.925,123.8130179595559,425.53995041654963,417.0510353532385
1,90,1,41-50,31.285649999999997,0.8108108108108109,25.54,118.04107405051435,360.1330511411247,349.10588445517163
1,90,1,51-60,30.563850000000002,0.5243243243243243,23.139999999999997,121.80334845298168,389.3788084509133,376.4805322813998
1,90,1,61-70,18.6325,0.8108108108108109,15.709999999999999,130.863712713898,308.265950309049,307.0510662298809
1,90,1,71-80,38.812599999999996,1.3513513513513513,30.685000000000002,119.17352721406712,260.1970235532418,239.46554619885455
1,90,1,81-90,27.052249999999997,0.2702702702702703,20.654999999999998,131.22491755598284,358.0526895964666,351.5798536554021
1,90,1,91-100,27.48105,0.2702702702702703,20.345000000000002,111.52206688562808,328.1259787531018,315.40283070238803
1,100,1,1-10,14.972999999999999,0.2702702702702703,10.895,131.58973319789777,408.3718173270548,392.31262960819095
1,100,1,11-20,9.580400000000001,0.2702702702702703,7.7299999999999995,135.4594011205998,502.2701750691534,500.72395967098066
1,100,1,21-30,42.7838,1.3135135135135134,36.63,127.37979707657462,199.47964530382552,172.04143752772785
1,100,1,31-40,21.596799999999998,0.2702702702702703,18.49,103.54920811572073,354.40019437530964,343.2449694232071
1,100,1,41-50,32.58695,0.8108108108108109,26.044999999999998,160.68738441284805,282.60258825802396,266.47900468240533
1,100,1,51-60,32.911199999999994,0.8108108108108109,27.810000000000002,125.67898919299638,299.23900515567084,283.3935605147805
1,100,1,61-70,2.29155,0.0,0.135,,458.0223761990825,454.5919767288248
1,100,1,71-80,26.780649999999998,0.5405405405405406,20.445,110.2325870615822,356.2238550084784,345.26134967277824
1,100,1,81-90,31.30285,0.5405405405405406,24.885,117.29311718268784,332.9151887922199,324.9980310623184
1,100,1,91-100,29.9303,0.7675675675675675,24.48,120.32858924204187,293.5626439712333,279.76501994205967
1,10,5,1-10,1.9550500000000004,0.0,0.01,,507.7441692620858,504.9261469281279
1,10,5,11-20,30.171,6.756756756756758,27.670000000000005,131.62115260175716,281.67116392662405,267.60619985944624
1,10,5,21-30,20.4526,4.31891891891892,16.470000000000002,137.84072661073242,318.21285076710694,315.98622374668946
1,10,5,31-40,17.888,5.691891891891892,15.26,171.38512129527393,282.24099810269945,273.31501328417613
1,10,5,41-50,12.0989,1.6216216216216217,8.765,165.22098350055376,405.0345594309325,390.86480590656873
1,10,5,51-60,8.66015,2.7027027027027026,6.555,131.72113906415407,375.88760759277966,379.00895227084857
1,10,5,61-70,35.49405,5.675675675675675,29.505000000000003,122.95698962428116,289.11126053850114,264.684144155547
1,10,5,71-80,15.766650000000002,3.2432432432432434,11.969999999999999,163.87760368869752,337.5482032023825,331.1801352027357
1,10,5,81-90,5.2452000000000005,1.3513513513513513,2.7600000000000002,226.4103056950309,412.81023020520445,415.9906015578059
1,10,5,91-100,18.30145,4.075675675675676,15.614999999999998,146.68890895237624,366.22925796879315,354.9571270101616
1,20,5,1-10,12.47015,2.972972972972973,8.834999999999999,183.2947211459394,441.90641500518416,431.29539624557447
1,20,5,11-20,15.642100000000003,3.043243243243243,13.755,140.98945998682842,304.01403957078526,290.5067547167496
1,20,5,21-30,9.998900000000003,2.7027027027027026,8.309999999999999,123.23905326123004,364.33831611383675,359.54706520808054
1,20,5,31-40,16.661250000000003,4.054054054054054,13.595000000000002,145.16324458043908,328.35612497340423,310.59111047651186
1,20,5,41-50,7.649650000000001,1.8918918918918919,6.035,115.39436193111742,393.78369424743914,388.30510224101783
1,20,5,51-60,18.59695,1.6324324324324322,15.005,136.55995118816847,363.9003342561388,353.92774125767386
1,20,5,61-70,11.931849999999999,3.5351351351351354,10.989999999999998,179.66702112730653,293.2947760724104,279.1860817150045
1,20,5,71-80,14.3887,3.205405405405405,11.885,177.37345557255242,383.7933744560465,370.6577717503004
1,20,5,81-90,10.4363,2.2162162162162162,8.885000000000002,125.90897427258467,419.7606502951233,406.3840623800792
1,20,5,91-100,8.684299999999999,2.1621621621621623,7.1899999999999995,134.66400443784963,366.08364574005867,357.28088728596697
1,30,5,1-10,16.960700000000003,2.724324324324324,13.59,120.28038749092755,263.14941527918364,244.55536729513705
1,30,5,11-20,25.20135,4.075675675675675,19.675,115.32084476310877,237.33586724271123,219.22282973567272
1,30,5,21-30,19.112099999999998,5.675675675675675,15.775,127.75817409581434,253.99033862784853,247.61109548592805
1,30,5,31-40,9.255149999999999,1.3513513513513513,7.244999999999999,126.98610491088724,376.3435691726829,376.23696446440755
1,30,5,41-50,14.348700000000003,3.5135135135135136,11.25,162.3682062812356,295.7634196485912,274.5134062769333
1,30,5,51-60,20.778250000000003,3.189189189189189,15.969999999999999,130.2541195779358,350.5700944154145,346.2862566355429
1,30,5,61-70,18.755,1.9405405405405407,14.905000000000001,128.92202329682218,402.9774534935101,392.3101242323398
1,30,5,71-80,17.158800000000003,2.1621621621621623,12.49,123.538693113194,434.19733218129494,420.07272028450205
1,30,5,81-90,18.476800000000004,5.135135135135135,16.44,124.75430927116388,235.33064721323655,215.27883650795312
1,30,5,91-100,23.6608,3.92972972972973,20.44,120.36909151925836,300.7281902483561,281.15324650260266
1,40,5,1-10,27.553250000000002,4.054054054054054,22.365000000000002,138.41191912994094,268.2401478964665,252.96085169849053
1,40,5,11-20,2.80975,0.2702702702702703,0.9400000000000001,130.1333757517984,466.93337676993167,464.0009145504515
1,40,5,21-30,23.5642,3.5135135135135136,18.115000000000002,118.59092473547942,395.243901495337,378.62314736191473
1,40,5,31-40,2.80425,0.2702702702702703,0.6499999999999999,111.35257945269058,440.4221331154904,448.22847840065316
1,40,5,41-50,15.421000000000001,3.891891891891892,14.135,120.36914410067612,380.3075775915496,371.89739605506054
1,40,5,51-60,11.139149999999999,3.2432432432432434,8.504999999999999,123.54064282241455,390.41090630997775,383.56566785444505
1,40,5,61-70,21.955099999999998,4.054054054054054,18.884999999999998,126.86596514444041,302.97439416698455,282.78475881238944
1,40,5,71-80,5.06665,1.6216216216216217,3.325,126.65175314167321,429.41091166979976,421.40746350911274
1,40,5,81-90,7.17165,1.6216216216216217,4.72,124.07988241602159,369.1804938695457,357.08727228129965
1,40,5,91-100,2.0367500000000005,0.0,0.08499999999999999,,489.80632012591593,482.7006593004788
1,50,5,1-10,7.2032,1.0810810810810811,4.9799999999999995,145.66211509353758,431.45635966926557,424.5931626218614
1,50,5,11-20,6.5289,0.5405405405405406,4.505,116.6052038751717,455.2008017611979,452.0289283596532
1,50,5,21-30,24.773899999999998,2.7945945945945945,20.72,135.74075719509216,303.24986236479776,283.70527930060405
1,50,5,31-40,18.224899999999998,3.2432432432432434,15.88,130.46946013184527,380.22781340703705,365.04305665710393
1,50,5,41-50,4.652099999999999,1.0810810810810811,2.7499999999999996,118.00466586582456,434.9534209740913,424.93931412467765
1,50,5,51-60,7.506099999999999,1.0810810810810811,5.305,122.73071139387817,417.0375531544727,414.623256814141
1,50,5,61-70,18.268900000000002,5.502702702702703,15.805000000000001,147.92330089019373,354.68664777253537,343.25239652738617
1,50,5,71-80,16.7629,2.7027027027027026,11.97,138.75863891360143,366.7806029385555,357.3073871823156
1,50,5,81-90,11.83985,2.410810810810811,9.600000000000001,132.87078233404236,321.31355925540674,311.4938863627285
1,50,5,91-100,9.5679,2.972972972972973,7.435,122.596096545312,402.9470382707734,397.5342170218008
1,60,5,1-10,18.0813,4.3297297297297295,15.305000000000001,125.90967915162601,320.2043938572591,305.2642896245617
1,60,5,11-20,4.31175,0.8108108108108109,2.02,130.7653933330812,409.4714789773299,407.04738323717754
1,60,5,21-30,11.4917,1.8918918918918919,8.92,116.86839495691535,393.56650845287345,383.4518295455548
1,60,5,31-40,23.670250000000003,4.594594594594595,19.785,126.71130805729669,309.3015268473598,290.005393943424
1,60,5,41-50,16.10975,4.010810810810812,13.905000000000001,123.17340339840692,323.3939967500524,313.1692590122443
1,60,5,51-60,31.577949999999998,5.9459459459459465,27.669999999999998,124.50790434795204,306.8296686439829,292.5571097364819
1,60,5,61-70,16.593049999999998,2.2432432432432434,13.919999999999998,124.2828703762807,317.3588326514033,299.6476225247174
1,60,5,71-80,16.063200000000002,2.1783783783783783,12.3,117.34460134315052,347.2962131634002,330.985129492681
1,60,5,81-90,26.413699999999995,4.594594594594595,22.455000000000002,124.50554236877772,246.39077324446785,235.1897312834448
1,60,5,91-100,11.13655,1.1297297297297297,8.76,121.43962182705204,331.3443125528189,320.7211608194648
1,70,5,1-10,11.102450000000001,2.4324324324324325,8.309999999999999,130.9557951707256,339.2036722944529,326.41480649153607
1,70,5,11-20,29.02,4.491891891891892,24.845000000000002,119.52111059559901,283.3601571290155,262.9316422820378
1,70,5,21-30,10.64505,1.6216216216216217,6.92,143.29388520213058,406.9090233623419,401.67674481944886
1,70,5,31-40,6.0497,0.8108108108108109,3.7399999999999998,134.4196521682066,417.5586117583325,411.76743010812515
1,70,5,41-50,15.7577,2.4324324324324325,12.4,116.00369199243059,368.16626410597115,355.35559277608326
1,70,5,51-60,13.213049999999999,1.8918918918918919,10.705000000000002,137.23150072484577,360.4754672542699,350.50662318591446
1,70,5,61-70,10.20985,1.6216216216216215,7.575,124.47335819763994,318.26853878919616,312.16240343855566
1,70,5,71-80,29.128950000000003,5.135135135135135,24.885,133.98836802726947,288.88939196735515,277.1568527524074
1,70,5,81-90,20.558699999999998,3.7837837837837838,16.544999999999998,117.62522023225509,332.12105267129186,317.12751962341815
1,70,5,91-100,31.168550000000003,4.0162162162162165,25.964999999999996,129.9879084099289,250.39150507254212,238.69032858472542
1,75,5,1-10,21.4321,2.972972972972973,18.46,119.22674127540108,302.26107247311063,282.15842603439626
1,75,5,11-20,22.97135,3.513513513513513,20.15,129.83572031102727,276.1859152960112,257.2611963885048
1,75,5,21-30,16.21245,0.8108108108108109,11.54,131.39977869713917,375.8688725999964,362.86833721194046
1,75,5,31-40,17.973950000000002,2.4324324324324325,14.035000000000002,120.44786581391367,380.44713182680783,366.96966802944667
1,75,5,41-50,12.493,2.389189189189189,10.135,115.79972924003319,400.6180995688434,394.8110239618959
1,75,5,51-60,16.443350000000002,2.1621621621621623,12.194999999999999,157.8160533655129,362.77167934971646,357.44145574061207
1,75,5,61-70,22.499450000000003,4.664864864864866,18.544999999999998,119.17010596248308,277.26049600553506,260.9329430845155
1,75,5,71-80,35.3996,6.756756756756758,30.155,124.96568159739833,246.62359927971352,224.4029543219669
1,75,5,81-90,27.8173,2.7027027027027026,23.16,120.68836552302642,248.08229799205293,229.93878133540767
1,75,5,91-100,23.22335,4.616216216216216,21.72,121.69727865026815,304.9493389745086,293.9914327348776
1,80,5,1-10,11.1578,2.589189189189189,9.925,134.83107672846367,352.23532133126866,348.2756908756156
1,80,5,11-20,23.0216,2.972972972972973,17.4,125.94296165763603,337.4820315981419,330.48738682155647
1,80,5,21-30,13.148350000000002,1.3513513513513513,8.96,124.1517608118562,354.6334271104415,348.0510186267301
1,80,5,31-40,12.5081,2.1621621621621623,9.53,125.50191439478397,353.2363153166748,354.2649026851451
1,80,5,41-50,12.6723,1.9891891891891895,10.14,125.92285458189428,443.23265321815126,434.9849183291384
1,80,5,51-60,16.876350000000002,2.1621621621621623,13.585000000000003,117.99253456214514,319.2597812055626,310.9302707231768
1,80,5,61-70,20.729049999999997,2.4324324324324325,17.15,120.04627561389604,356.58775566975487,340.7724788599486
1,80,5,71-80,8.66155,1.8918918918918919,6.34,193.45468038963517,371.0079708911033,364.9137981101625
1,80,5,81-90,15.35915,1.8918918918918919,11.184999999999999,120.23566099833934,523.8482665833519,515.327885495181
1,80,5,91-100,19.9255,3.7837837837837838,17.93,123.4272196201556,329.067000323148,317.94368299182474
1,90,5,1-10,20.85715,3.5135135135135136,17.405,133.93133675838894,357.863079193082,342.7372169196675
1,90,5,11-20,13.635150000000001,2.4324324324324325,10.570000000000002,127.44814201711827,351.06813171330214,340.75838594625753
1,90,5,21-30,14.298499999999999,1.6216216216216217,10.715,115.34457198468665,430.43227259594994,422.2239236184347
1,90,5,31-40,25.43215,2.4324324324324325,20.505000000000003,122.82934369594913,285.8857168978144,271.6334844538904
1,90,5,41-50,19.859750000000002,1.8918918918918919,16.285,126.33120168779381,367.7134236216399,356.7895110663118
1,90,5,51-60,26.47475,4.864864864864865,22.555,123.8280234471935,277.3388930075491,256.49685790858916
1,90,5,61-70,25.367600000000003,3.9189189189189193,22.84,119.93822538272939,341.39237836417,325.6234631924648
1,90,5,71-80,17.0611,2.0,13.565000000000001,123.3124822641023,318.0911413224327,299.5289099746205
1,90,5,81-90,12.4055,1.6432432432432431,9.575,121.15743610492385,346.58061999157997,332.97520620487376
1,90,5,91-100,15.39615,2.4324324324324325,12.725,161.90992759197596,290.4197624418785,269.3807186495149
1,100,5,1-10,18.5203,2.4324324324324325,17.255,132.13101950507829,282.2621072797984,269.20382132826893
1,100,5,11-20,21.5305,3.027027027027027,17.43,131.16937666180917,289.5555823143398,276.4674424013427
1,100,5,21-30,22.08385,2.1621621621621623,19.14,124.64810452239372,294.46085310177403,269.95201061352924
1,100,5,31-40,29.031,3.2432432432432434,25.575,122.57724051145681,282.9554018999533,273.7997063164262
1,100,5,41-50,20.528550000000003,4.416216216216216,16.369999999999997,136.59909268659135,349.5511234422047,331.64021611861165
1,100,5,51-60,7.791600000000001,1.4054054054054055,5.444999999999999,125.99359061248703,345.2945122291253,336.65959014915535
1,100,5,61-70,17.34175,2.1621621621621623,12.35,130.2327659834677,324.9239103168749,318.42671158040645
1,100,5,71-80,16.122049999999998,2.9729729729729732,11.285,123.90415383471397,292.9990060689049,273.96940534192544
1,100,5,81-90,18.438750000000002,1.8918918918918919,15.569999999999999,128.51461182133536,331.8398516269816,315.82303422617144
1,100,5,91-100,13.67225,1.0810810810810811,11.825,122.86558539567521,361.3481684657131,356.0890689980903
1,10,10,1-10,11.0168,4.594594594594595,8.0,152.68215025175613,326.2735745067232,318.6702264426544
1,10,10,11-20,6.27355,3.594594594594595,4.865,188.85040897135065,371.85086627285824,364.1143677054999
1,10,10,21-30,7.8782499999999995,2.5945945945945947,5.834999999999999,377.29979431304156,456.56389225186456,452.84923236748955
1,10,10,31-40,5.7597499999999995,2.972972972972973,4.42,136.40166211398008,444.3295863447018,440.6844035201415
1,10,10,41-50,16.3658,10.432432432432432,15.625,181.68183170913264,288.91896601431483,275.1649954427548
1,10,10,51-60,9.913049999999998,3.2432432432432434,7.290000000000001,155.4636455074457,360.79469704892546,350.8244968920411
1,10,10,61-70,9.42,2.7027027027027026,7.8149999999999995,132.26478037101495,408.03838611890967,401.1993578397775
1,10,10,71-80,21.0751,9.437837837837838,19.505000000000003,128.43910079101383,279.84867915771986,265.1736251177641
1,10,10,81-90,8.49425,3.243243243243243,6.5,194.57533503168446,378.1920396395137,366.62462429502824
1,10,10,91-100,15.8843,5.659459459459459,14.255,145.421217413592,330.47224900455274,308.1580416428318
1,20,10,1-10,11.882599999999998,3.7837837837837838,9.625,133.81284538131808,332.7462201287857,311.8792777618381
1,20,10,11-20,16.88315,8.108108108108109,16.685,139.09829361758656,333.22602531201943,316.93516397921456
1,20,10,21-30,21.6963,10.0,20.755000000000003,158.95091643046845,270.20515570249677,251.5823611696075
1,20,10,31-40,10.39525,3.5135135135135136,8.175,176.32759834234648,335.09329290063835,321.50127280513885
1,20,10,41-50,7.2054,2.5297297297297296,4.33,198.20022979730976,415.7046535233194,412.59636246051315
1,20,10,51-60,20.61965,6.421621621621623,18.23,164.7679277174548,286.43448239072086,279.2675470132139
1,20,10,61-70,10.664749999999998,3.681081081081081,7.890000000000001,169.67677980104037,357.6441129112164,352.54621855285734
1,20,10,71-80,8.05285,3.6,5.39,220.0554553863213,397.01581766131244,393.7471692150106
1,20,10,81-90,2.6233999999999997,0.2702702702702703,0.675,142.03292667806826,472.4657317396256,468.3979104935332
1,20,10,91-100,14.2517,7.5675675675675675,11.905000000000001,170.17760384416778,259.41735194140625,243.2424358475499
1,30,10,1-10,9.494800000000001,2.4324324324324325,6.465000000000001,124.49161281326478,410.851611073139,402.5814712225679
1,30,10,11-20,10.216,4.054054054054054,8.455000000000002,134.34221122656768,344.76931427307886,339.18071747839326
1,30,10,21-30,20.53975,7.1945945945945935,17.125,143.15381270118127,316.17065948132876,308.62245503736017
1,30,10,31-40,14.674499999999998,4.324324324324325,12.040000000000001,127.64359419165294,292.9159781520461,283.3564498079001
1,30,10,41-50,19.415599999999998,7.254054054054055,18.53,152.13595781801516,304.5985864296556,294.3692272484409
1,30,10,51-60,7.2087,1.8918918918918919,5.4350000000000005,145.61765066353487,334.78335088294284,324.4762426307518
1,30,10,61-70,14.971799999999998,2.9729729729729732,11.559999999999999,143.84263120737342,324.8547434748981,312.02901728283456
1,30,10,71-80,21.384800000000002,9.22702702702703,18.675,151.81309150207042,250.02965820124518,230.66846007001033
1,30,10,81-90,17.41055,7.14054054054054,15.505,133.03337130398518,280.7284652120392,267.28445269107414
1,30,10,91-100,16.21855,5.945945945945946,12.66,141.49728796762804,375.584763493977,365.47982639681845
1,40,10,1-10,3.7701000000000007,1.3513513513513513,2.0949999999999998,133.90605670247183,423.69860907671284,417.3506955752408
1,40,10,11-20,17.067349999999998,5.675675675675675,14.785,133.46134198523282,354.2418914514646,336.22176615855136
1,40,10,21-30,6.420049999999999,1.0810810810810811,5.12,151.79378261603995,452.0320909957225,452.58891335478154
1,40,10,31-40,16.95325,4.508108108108108,13.765,126.13238906278852,269.5480351691332,249.12174303600028
1,40,10,41-50,10.92385,3.1621621621621623,7.654999999999999,127.25525370621006,426.29334635761353,414.8265378102013
1,40,10,51-60,8.428749999999999,2.7027027027027026,6.27,139.70069709202346,323.50516875389405,313.9048626468048
1,40,10,61-70,15.2638,5.664864864864865,14.39,124.80936157216877,287.2995495591512,267.0499919854288
1,40,10,71-80,24.065549999999998,8.91891891891892,21.31,131.66916322863455,347.2692660479319,328.2310936006059
1,40,10,81-90,8.371649999999999,2.562162162162162,5.715,137.1585130942485,407.595891972718,395.1924703166845
1,40,10,91-100,14.790699999999998,4.324324324324325,12.54,126.53619661777937,343.8138630127069,333.8680560942568
1,50,10,1-10,16.780949999999997,6.3297297297297295,14.604999999999999,166.67747583463594,283.55361239103365,267.53716056826283
1,50,10,11-20,6.0844000000000005,1.627027027027027,4.045,157.55101286187198,397.48598623510117,390.34739716794064
1,50,10,21-30,21.0208,5.832432432432432,18.32,136.71062810126233,304.9024100488921,289.17977520013716
1,50,10,31-40,8.461549999999999,2.2594594594594595,6.115,191.9403496031335,378.1263544076502,367.0213192763899
1,50,10,41-50,26.705450000000003,7.027027027027027,22.99,122.09075643927156,336.616267359037,326.08658376419373
1,50,10,51-60,17.28225,5.675675675675675,16.060000000000002,137.43392980074458,370.21160870898717,355.039192872393
1,50,10,61-70,13.188550000000001,4.427027027027027,11.684999999999999,148.48078418039282,286.6370803702493,266.4210642176562
1,50,10,71-80,7.247699999999999,2.254054054054054,6.595000000000001,127.20124879561975,335.07484151732814,325.7099217321673
1,50,10,81-90,6.89375,2.7027027027027026,5.015,183.8408979346176,441.0940621451873,426.16450726071645
1,50,10,91-100,10.503499999999999,3.7837837837837838,9.3,120.83093540009031,290.1369847560089,276.97573215513677
1,60,10,1-10,14.040600000000001,3.5135135135135136,11.975,124.50577188201319,301.5953390698781,287.8515476614549
1,60,10,11-20,13.84315,4.951351351351351,11.665,128.1880719917687,291.500743604689,274.5678384617977
1,60,10,21-30,15.032300000000001,5.621621621621622,13.535000000000002,134.12837108398304,315.8217529806799,309.44070763526804
1,60,10,31-40,14.904450000000002,3.7783783783783784,11.805,128.468872563637,310.48420281227976,294.8411444486636
1,60,10,41-50,4.5295,1.3513513513513513,2.6849999999999996,153.53681658161258,371.8152561810605,364.59423316998294
1,60,10,51-60,10.78385,3.243243243243243,8.879999999999999,132.64947971173626,363.3094272697001,351.561347871911
1,60,10,61-70,11.819149999999999,3.362162162162162,10.419999999999998,153.5447295565685,316.71729251791595,306.96617087309835
1,60,10,71-80,9.39955,2.4324324324324325,6.6450000000000005,119.07321816991177,294.1896279827419,269.90796246411594
1,60,10,81-90,15.446650000000002,5.135135135135135,14.664999999999997,146.09625275548333,281.8992703580585,262.7351009208461
1,60,10,91-100,11.3955,4.054054054054054,9.584999999999999,129.60353135282665,352.9469235439492,341.6357198516347
1,70,10,1-10,16.9005,5.135135135135135,14.305000000000001,120.77148073507287,301.26362225587104,284.88186174214496
1,70,10,11-20,23.379150000000003,5.0864864864864865,21.685,123.67222592330509,275.0425460240614,263.09129347993854
1,70,10,21-30,10.72295,4.594594594594595,8.34,151.6832565403147,392.53897268902733,387.4086021137697
1,70,10,31-40,12.740100000000002,4.324324324324325,10.8,133.96774157711383,310.06009588211725,295.21868200588335
1,70,10,41-50,6.1225000000000005,2.1621621621621623,4.0649999999999995,140.7831745724731,347.65801847184946,344.74046227026065
1,70,10,51-60,22.6073,8.108108108108109,20.44,135.420937319886,261.33219932493546,241.76021433644578
1,70,10,61-70,6.5381,2.7027027027027026,4.154999999999999,143.42867040359562,385.6325603041585,379.19911774654963
1,70,10,71-80,10.691500000000001,3.5675675675675675,8.48,130.7327771658412,341.8973156146091,334.3188116291315
1,70,10,81-90,5.9392000000000005,1.3513513513513513,3.845,129.83197257183767,383.4899347720956,366.0191858000168
1,70,10,91-100,18.9123,7.2972972972972965,16.139999999999997,135.2878888487918,291.01408155684686,271.5677541670625
1,75,10,1-10,6.0973,1.6216216216216217,4.395,123.11850508198788,471.81382915932454,467.6291413068532
1,75,10,11-20,8.68545,1.3513513513513513,5.910000000000001,117.40035923285309,422.36573420398054,406.8748525978689
1,75,10,21-30,13.53825,3.545945945945946,10.785,124.60415622897965,355.70620431542045,342.2791489454679
1,75,10,31-40,16.5911,4.232432432432432,13.745000000000001,125.19982345191272,275.9974927511126,264.33781687435624
1,75,10,41-50,10.86835,3.5135135135135136,9.82,136.0406946840625,249.36465926429537,225.13657983187016
1,75,10,51-60,27.600099999999998,8.405405405405407,25.595,127.66889494218714,315.888829149416,294.5823829766563
1,75,10,61-70,13.45235,2.972972972972973,11.515,124.70739725736975,329.1407188515835,313.0149669231232
1,75,10,71-80,12.181700000000001,3.513513513513513,10.145,122.1656415438101,313.6532412870081,298.3465608942835
1,75,10,81-90,11.605999999999998,2.972972972972973,8.809999999999999,154.54934713116467,383.16728656801575,383.85016624033005
1,75,10,91-100,7.6836,1.8918918918918919,5.71,129.31201847057096,391.26314371379385,384.76970758506206
1,80,10,1-10,10.1521,2.972972972972973,8.555000000000001,144.37890205333514,341.45701624054027,340.87527891888305
1,80,10,11-20,17.12655,6.486486486486486,15.85,128.9662774052562,286.5428220880194,270.92057275581215
1,80,10,21-30,7.929050000000001,1.6216216216216217,6.195,138.57463350601986,390.03142425312865,379.6398294632799
1,80,10,31-40,14.175549999999998,3.1567567567567565,11.91,123.933953616961,319.8443569729603,303.7117592980233
1,80,10,41-50,21.60725,5.675675675675675,18.955000000000002,123.88634809703115,334.3524718352768,321.9433179797689
1,80,10,51-60,16.3457,3.5135135135135136,13.969999999999999,125.34197283267605,303.11586599016,286.66180459672336
1,80,10,61-70,17.4941,5.405405405405405,14.715,127.81644491222183,320.32966973616993,299.9649478838261
1,80,10,71-80,14.1465,2.972972972972973,12.22,140.06959247823696,297.8882623571907,290.8939082845129
1,80,10,81-90,10.375549999999999,2.1621621621621623,8.044999999999998,142.10380485327434,412.8686673624669,412.1456756038321
1,80,10,91-100,15.4435,4.324324324324325,12.455,126.77889037772745,321.63060637667337,305.9610203774129
1,90,10,1-10,7.59495,1.8918918918918919,4.7,124.4591273293192,374.32693815435465,360.3464489639241
1,90,10,11-20,16.75025,2.7027027027027026,13.355,118.51839364534699,411.50316434039325,398.4936998748515
1,90,10,21-30,16.746150000000004,3.5135135135135136,13.830000000000002,118.33218750961066,317.53904042761326,299.14458796829683
1,90,10,31-40,24.066049999999997,6.410810810810811,20.73,135.6771640486901,220.04018435612596,196.78871794034467
1,90,10,41-50,3.9015,0.8108108108108109,1.6,133.2931639473027,501.1526984449555,497.5086080141347
1,90,10,51-60,12.099999999999998,3.5135135135135136,9.48,125.515610773399,313.20749145282616,304.5453901435334
1,90,10,61-70,14.61335,4.054054054054054,12.639999999999999,127.41559107142382,312.89472942514385,296.7360158319558
1,90,10,71-80,12.945500000000001,3.513513513513513,10.525,138.03930865968627,394.4522699629142,376.9332045260373
1,90,10,81-90,11.86075,3.32972972972973,9.870000000000001,136.02825665368948,386.179935170962,371.1218313737694
1,90,10,91-100,11.02505,1.5783783783783785,9.715,125.53116992918841,364.5175209638804,354.19684654703326
1,100,10,1-10,21.115299999999998,4.6702702702702705,17.200000000000003,125.61237651838343,273.9873891762071,256.92679598027905
1,100,10,11-20,24.1162,5.675675675675675,20.475,130.67203218806046,265.52617674703043,246.68271033743045
1,100,10,21-30,11.115,2.054054054054054,8.004999999999999,129.79980050595404,373.46269098501637,363.6058632562175
1,100,10,31-40,18.34575,4.627027027027028,15.45,125.72906870976246,297.83080930191375,278.20736092731266
1,100,10,41-50,6.11885,0.6918918918918918,4.0200000000000005,120.53602629759419,394.0019349265402,392.6686541445412
1,100,10,51-60,25.31685,4.172972972972973,21.345,140.94910665227823,256.35030310268337,245.07202116142722
1,100,10,61-70,12.347,1.8918918918918919,10.155,125.99522544736682,423.44520327396975,412.5403931709528
1,100,10,71-80,17.307949999999998,5.135135135135135,14.864999999999998,130.56232036105132,304.7597506370836,290.20854211103403
1,100,10,81-90,19.47625,4.313513513513514,18.135,134.49078090152614,250.37220763045676,232.20560142468722
1,100,10,91-100,21.541400000000003,5.135135135135135,17.8,128.70331345461204,304.8755356099528,286.05512695788434
1,10,15,1-10,10.49005,7.2972972972972965,10.250000000000002,154.87121711367325,314.0301672665511,301.4562689338104
1,10,15,11-20,16.7896,9.14054054054054,16.3,156.87436227668266,279.68782950844843,262.2211664797718
1,10,15,21-30,10.38645,6.216216216216216,9.15,150.92057059470633,347.8410806074035,327.2440590117285
1,10,15,31-40,5.957949999999999,2.918918918918919,4.42,169.36599319136474,323.915668829898,320.52901698461295
1,10,15,41-50,9.212349999999999,6.756756756756758,9.03,171.68871276222532,278.69467493040537,263.44250418602286
1,10,15,51-60,12.90395,7.183783783783784,11.47,204.94342989775166,268.53617496481286,254.11489160070596
1,10,15,61-70,5.00525,2.0486486486486486,3.2349999999999994,180.80489702886524,388.14811213972723,378.3582459831945
1,10,15,71-80,12.626199999999999,4.594594594594595,9.82,146.5070383030539,328.11922941100954,306.6271827815227
1,10,15,81-90,2.5650500000000003,0.0,0.06000000000000001,,431.1384603967848,428.27358196841953
1,10,15,91-100,15.980249999999998,10.0,15.290000000000001,160.2414675036166,342.6050365202106,324.0095401738439
1,20,15,1-10,5.54715,2.7027027027027026,3.075,174.41341131964504,366.8802724746462,359.83801760860194
1,20,15,11-20,6.66225,3.9351351351351354,5.725,145.36421337197743,349.107992451267,340.2242675154923
1,20,15,21-30,6.369450000000001,1.6216216216216215,4.375,185.615580697431,371.11810071249283,367.7811513567084
1,20,15,31-40,19.885150000000003,11.05945945945946,19.115000000000002,168.84020955622051,298.6327053738861,291.07334566890046
1,20,15,41-50,13.44575,7.837837837837837,12.600000000000001,136.9759769292013,293.0422502002762,274.1716453132061
1,20,15,51-60,8.2128,4.594594594594595,6.29,149.99356199399674,323.25472884018757,311.5418723617877
1,20,15,61-70,5.08785,1.837837837837838,3.105,154.62082732186752,370.0063599094685,367.4156233742048
1,20,15,71-80,4.938,2.7027027027027026,3.7299999999999995,152.2998470414525,383.2365832938798,378.05316284777564
1,20,15,81-90,5.180899999999999,2.5135135135135136,3.6399999999999997,127.49107421211704,387.30786794919817,378.57187139741717
1,20,15,91-100,10.43185,5.837837837837838,9.39,161.38909871162355,385.34561252420644,368.92397657070916
1,30,15,1-10,10.5457,3.1135135135135132,8.245,123.9544833385824,408.12846704334737,394.0801256733537
1,30,15,11-20,8.779,5.464864864864866,7.4799999999999995,142.35618733119884,287.40236130787395,274.64077286607846
1,30,15,21-30,14.448250000000002,9.72972972972973,12.525,176.5360475901537,327.70640431878456,313.92777795082037
1,30,15,31-40,12.6286,4.324324324324325,9.665000000000001,150.28991549040353,345.79083139528433,337.1824409436663
1,30,15,41-50,8.231100000000001,2.6054054054054054,6.8050000000000015,133.6385062232162,356.456621287785,343.8471492136176
1,30,15,51-60,13.213449999999998,5.205405405405406,12.004999999999999,136.92493452488284,289.7627679572494,271.1381216808628
1,30,15,61-70,9.4909,5.054054054054054,8.56,144.18767235345396,331.08266598832176,319.43285875816616
1,30,15,71-80,5.821300000000001,2.135135135135135,3.2350000000000003,265.00390160169417,324.46751270696257,329.41092130590243
1,30,15,81-90,11.0801,5.0,9.645000000000001,135.37013296414645,328.6498007675057,314.60597938552024
1,30,15,91-100,11.11415,5.383783783783784,9.765,155.94557760542585,302.16011612499653,291.56542505547264
1,40,15,1-10,11.209299999999997,5.135135135135135,10.265,149.9397228462835,295.7191783933214,279.81945522593975
1,40,15,11-20,11.85925,5.308108108108107,10.025,148.67900635253372,311.3228826241389,306.5416116963195
1,40,15,21-30,4.2194,1.0810810810810811,2.225,132.32614363902553,420.12415107336017,412.0030079938844
1,40,15,31-40,7.36935,2.1621621621621623,5.29,146.02266513454572,420.5071750402623,417.7226387934508
1,40,15,41-50,16.16315,7.475675675675677,14.8,149.77795923255033,231.02665340775442,203.1259897881849
1,40,15,51-60,12.607050000000001,7.421621621621623,11.015,130.88457108620997,305.8595165237828,288.3150314403854
1,40,15,61-70,2.91495,1.3513513513513513,1.4849999999999999,212.74491235252495,405.8965514202318,408.54038395421054
1,40,15,71-80,11.897799999999998,4.902702702702702,9.235,135.32040686478604,271.7691942638466,271.2881430907368
1,40,15,81-90,10.611650000000001,5.405405405405405,8.195,171.54848159555547,366.3077817273516,366.1204636326246
1,40,15,91-100,11.593,4.043243243243244,9.639999999999999,143.32152610751,354.4392898996193,342.4007847278695
1,50,15,1-10,7.021499999999999,4.14054054054054,5.584999999999999,147.58013288908833,371.29673029297567,372.44138095370874
1,50,15,11-20,6.72505,2.4324324324324325,4.555,138.6266407120688,367.38014211287856,359.49151318159363
1,50,15,21-30,9.65935,2.972972972972973,7.644999999999999,130.01400338333062,314.95286120478613,302.1235760062317
1,50,15,31-40,10.040200000000002,3.243243243243243,7.635,123.70698422526497,377.7624833407152,371.4335002734747
1,50,15,41-50,13.181150000000002,5.135135135135135,10.45,137.8015797553905,346.9087187702545,330.4314224071842
1,50,15,51-60,5.5123999999999995,2.4324324324324325,3.85,186.51900679227333,382.57224691632445,370.07103900599725
1,50,15,61-70,9.329849999999999,4.864864864864865,8.09,141.93751745633563,396.6010712671458,394.1203284235097
1,50,15,71-80,12.4896,5.891891891891892,10.315000000000001,145.15817311752764,345.5510308163664,331.2928353414266
1,50,15,81-90,8.112400000000001,5.135135135135135,7.590000000000001,151.8600168193144,367.73393917398573,354.910230081446
1,50,15,91-100,5.2244,1.6216216216216217,3.5,127.61618537692199,392.0934042543128,388.1130731871375
1,60,15,1-10,7.859199999999999,2.972972972972973,6.26,137.56176540654116,350.3344150117267,334.42928331603184
1,60,15,11-20,8.549249999999999,3.313513513513513,6.755,161.56077418568196,395.24085164650944,380.2634323507536
1,60,15,21-30,10.25695,4.324324324324325,8.045,139.1889056026535,345.19179790561543,333.66799525313337
1,60,15,31-40,12.5157,7.243243243243244,12.489999999999998,134.27111147879168,321.07787173021313,303.709887196799
1,60,15,41-50,8.341550000000002,3.8594594594594596,6.599999999999999,151.6619244764677,370.243440600843,362.0395823014987
1,60,15,51-60,6.8736500000000005,3.6648648648648647,5.505,130.75490772103635,334.27233419334414,330.1501950049607
1,60,15,61-70,13.06515,4.902702702702703,11.375,137.24256600000405,333.6953085400445,314.01333831442446
1,60,15,71-80,10.81135,2.972972972972973,8.91,172.32477416819393,398.3200406510156,382.9604698740453
1,60,15,81-90,12.35885,4.708108108108108,9.53,136.38779912398712,311.4422392365724,301.16772611451336
1,60,15,91-100,13.04435,6.486486486486487,12.330000000000002,121.87886400590415,281.8536997815453,263.34322991666266
1,70,15,1-10,6.7158,3.243243243243243,5.37,122.32806141300664,372.8236293827322,359.2045757353568
1,70,15,11-20,15.20165,4.864864864864865,12.549999999999999,121.49592665136808,340.40245870630713,325.2480778244118
1,70,15,21-30,6.5631,3.243243243243243,3.79,134.25163810836955,364.4390334180765,364.1787994858905
1,70,15,31-40,7.16275,4.054054054054054,5.62,143.01386981109275,344.4746296615814,339.64473041107294
1,70,15,41-50,8.8744,2.972972972972973,8.149999999999999,168.58587319787588,354.3033400150258,342.999462012922
1,70,15,51-60,4.55385,0.8108108108108109,2.605,182.780156668345,381.53813033522607,381.2397346776244
1,70,15,61-70,9.962399999999999,2.4324324324324325,7.7299999999999995,129.86881662546912,345.6814266473344,334.45578943685143
1,70,15,71-80,21.04495,6.756756756756756,19.299999999999997,128.49960262988276,344.5818374392512,323.98996895252117
1,70,15,81-90,10.087549999999998,4.594594594594595,8.655,133.1354273360657,382.4463586020089,368.7895427091949
1,70,15,91-100,9.3216,4.0162162162162165,7.534999999999999,175.4745684684773,356.357984105793,344.53733524819614
1,75,15,1-10,11.61085,5.281081081081082,10.169999999999998,128.12642946697247,242.8132070907281,228.05472114259842
1,75,15,11-20,9.483,3.616216216216216,7.545,134.54646001535534,361.60045932924277,361.52797305733145
1,75,15,21-30,6.1024,1.8918918918918919,3.5149999999999997,142.55644707618842,438.18707540224784,432.19207963556266
1,75,15,31-40,7.958149999999999,2.827027027027027,6.3549999999999995,135.1959867097173,378.4560016810288,363.2555439228041
1,75,15,41-50,6.3263,2.4324324324324325,4.035,135.7185771615865,409.7261979229567,402.8756441001116
1,75,15,51-60,20.85305,7.837837837837839,19.104999999999997,126.47083836550947,333.18649109007424,321.24391678364356
1,75,15,61-70,18.287850000000002,7.837837837837839,17.1,131.44873264523088,274.260079344824,260.45998716111734
1,75,15,71-80,12.02035,3.5135135135135136,9.790000000000001,124.72222375288852,296.64652747904773,287.84201222052957
1,75,15,81-90,4.4990499999999995,1.8918918918918919,2.775,177.1638760208598,343.5861068265477,336.44293849120686
1,75,15,91-100,6.1636999999999995,2.1621621621621623,3.925,145.31216225539407,432.79681080740204,428.719978302515
1,80,15,1-10,6.098599999999999,1.7459459459459459,3.6799999999999997,126.97240165535663,429.24275613784977,415.0264948876679
1,80,15,11-20,10.4665,3.4486486486486485,8.945,141.8634152843946,385.21522642821543,376.0568016997312
1,80,15,21-30,5.093850000000001,1.0810810810810811,3.4099999999999993,160.89771644261222,457.73439240192994,453.2345376577512
1,80,15,31-40,10.35215,4.054054054054054,8.834999999999999,137.01939932340602,353.86644546419996,345.24824870594114
1,80,15,41-50,9.142700000000001,3.2432432432432434,7.0649999999999995,135.46437735391171,362.4419583375287,356.45010480619624
1,80,15,51-60,13.51485,5.4,11.934999999999999,133.81615905084686,317.1199164607127,300.123148144478
1,80,15,61-70,7.2874500000000015,2.005405405405406,5.995,131.50698495251328,435.195739084477,421.2437546477189
1,80,15,71-80,8.3615,3.513513513513513,6.57,132.1025992180497,385.37271488506883,371.6631712653646
1,80,15,81-90,10.69465,4.956756756756757,8.735,133.60471791353424,371.98485495376644,357.33635048566396
1,80,15,91-100,8.8322,3.4432432432432436,6.695,130.4459594516554,341.53365829663124,341.8936381347161
1,90,15,1-10,18.07385,7.675675675675675,16.830000000000002,146.0149940612909,392.231568672356,378.0489046133048
1,90,15,11-20,10.7024,3.7837837837837838,9.025,125.50757779831714,286.62211801807496,280.1369888387583
1,90,15,21-30,14.708200000000001,3.8378378378378377,12.545,151.9978520233224,231.08275824067968,213.25795754966848
1,90,15,31-40,9.0441,3.243243243243243,7.225,129.5156382743115,346.772177977959,332.60877475886423
1,90,15,41-50,10.794450000000001,3.8486486486486484,8.690000000000001,123.22493518696906,326.8390749167604,317.30811108696264
1,90,15,51-60,12.718900000000001,6.216216216216216,10.595000000000002,124.88364966244697,296.25367331110715,282.6441797568133
1,90,15,61-70,10.29795,3.5135135135135136,9.014999999999999,121.6727079475377,323.68850315080124,312.12945432907543
1,90,15,71-80,10.986699999999999,3.243243243243243,8.645,133.54827454954258,291.0054358046002,280.91145584428045
1,90,15,81-90,6.226050000000001,2.7027027027027026,4.68,129.45502694988105,358.9551211267015,349.2360162976808
1,90,15,91-100,5.656149999999999,1.0810810810810811,4.025,128.38962333217663,502.31645353238775,498.88558105896675
1,100,15,1-10,13.669349999999998,3.513513513513513,11.84,129.5898895065327,388.4341821161461,372.30054061296937
1,100,15,11-20,10.0359,2.237837837837838,7.575,130.16624222671035,382.8509700458274,372.32438555428644
1,100,15,21-30,10.302700000000002,2.7027027027027026,8.295,125.04952570167019,339.4383987689682,336.42325239672044
1,100,15,31-40,14.437499999999996,3.5027027027027025,12.54,125.10050010942443,289.5069781221772,268.7969239683415
1,100,15,41-50,4.79845,1.0810810810810811,2.475,159.64995766795673,373.8608601686452,370.83298520896574
1,100,15,51-60,8.773349999999999,3.0486486486486486,6.665000000000001,126.72128916492476,430.53498582742367,415.10448667604226
1,100,15,61-70,10.85315,2.1621621621621623,9.440000000000001,142.56921909155358,358.9998600696615,348.7517723938912
1,100,15,71-80,9.5396,2.4324324324324325,7.375,149.34713259180953,344.6955215189756,330.5735337771699
1,100,15,81-90,20.60915,6.108108108108108,18.355,125.89930580958774,311.5365691277673,291.9440119767235
1,100,15,91-100,9.010499999999999,2.972972972972973,6.904999999999999,122.75820396538222,329.53996191429485,312.7821000405048
1,10,20,1-10,8.40465,7.891891891891892,7.220000000000001,149.16031267197386,340.98855109805027,328.61879398316734
1,10,20,11-20,6.05055,3.437837837837838,4.49,159.29087439145331,419.8681228719712,415.84421107465886
1,10,20,21-30,8.089299999999998,6.572972972972974,6.6450000000000005,165.71316933943302,363.88387672892276,357.94570831696234
1,10,20,31-40,6.6927,2.4324324324324325,4.6850000000000005,156.26361717934765,350.10956014438517,343.0187632597641
1,10,20,41-50,8.081100000000001,6.756756756756756,7.470000000000001,194.86151723790056,346.2060529505198,332.20116769552044
1,10,20,51-60,9.193650000000002,6.437837837837838,8.04,157.8185367853008,318.2148100285144,308.94239820956284
1,10,20,61-70,9.9119,5.675675675675675,8.440000000000001,169.75245522684298,291.18935896458623,281.6178733083262
1,10,20,71-80,7.35395,7.837837837837839,6.62,187.66781495156553,321.044544553302,315.4251418557999
1,10,20,81-90,5.932250000000001,4.594594594594595,4.8100000000000005,162.91496162850075,336.28212175924074,327.81053272403096
1,10,20,91-100,12.38025,9.72972972972973,12.919999999999998,173.6594082896736,319.36664153911465,305.50487038764555
1,20,20,1-10,13.909199999999998,8.405405405405407,12.505,160.02137572917516,359.46834235424456,350.0727485800234
1,20,20,11-20,3.0637999999999996,0.8108108108108109,0.8450000000000001,189.616657357034,389.0716944621139,388.638191952846
1,20,20,21-30,10.15185,7.654054054054055,8.875,177.8834308190312,283.9707823421897,273.13846285017036
1,20,20,31-40,7.435550000000001,5.135135135135135,5.529999999999999,172.3819260055655,374.6977140498438,363.6731145586155
1,20,20,41-50,9.1753,6.216216216216216,6.83,172.8144563041657,326.8394956955207,315.0001678537049
1,20,20,51-60,14.8416,10.335135135135136,15.070000000000002,157.1997666111562,275.37374040914096,259.31260822946643
1,20,20,61-70,7.63665,5.875675675675676,6.375,161.01344913023104,380.1047790616967,368.7668883239709
1,20,20,71-80,8.32115,5.448648648648648,7.87,152.60862610613458,269.4784074462248,253.00529319792795
1,20,20,81-90,5.9353,4.086486486486487,4.295,167.25709990744016,344.0765888821227,341.00334056687944
1,20,20,91-100,11.5125,7.14054054054054,8.9,148.79689462289505,258.220430733548,242.53428168829987
1,30,20,1-10,6.01465,4.054054054054054,4.755,161.07684273518507,332.2850091532483,332.3541143629463
1,30,20,11-20,7.936750000000001,7.2972972972972965,7.834999999999999,143.18566452059673,428.2096009123843,417.8302417215368
1,30,20,21-30,9.12295,6.302702702702702,7.914999999999999,145.96168261167216,349.560970181425,341.2405181027004
1,30,20,31-40,7.701400000000001,3.5135135135135136,6.125,172.72664860608984,343.19206893133855,338.81671547009194
1,30,20,41-50,7.42825,5.4324324324324325,6.405000000000001,152.03669979545236,359.8827268027775,355.59493010385717
1,30,20,51-60,4.31565,2.1621621621621623,2.665,144.5817895865425,408.8463212399181,397.4465545454892
1,30,20,61-70,9.25355,6.832432432432432,7.729999999999999,174.66652531308873,328.1526988634163,317.0716379135823
1,30,20,71-80,10.854099999999999,7.572972972972974,8.49,153.51654182483878,359.8066757450446,347.437403663061
1,30,20,81-90,11.56925,6.481081081081081,9.879999999999999,151.6243479393349,392.6962671362629,378.7689796201252
1,30,20,91-100,7.138649999999998,3.5135135135135136,4.885,149.63806191521073,417.1344154396904,417.8945116785094
1,40,20,1-10,4.149449999999999,1.0810810810810811,2.235,130.96642256667732,434.371878020675,432.0608042978009
1,40,20,11-20,3.8855500000000007,1.6216216216216217,2.2649999999999997,146.32610767198395,428.5732026865233,419.1570505969415
1,40,20,21-30,7.29415,4.5351351351351346,6.68,135.6637900389221,328.1280968873241,319.60633422407784
1,40,20,31-40,12.4695,5.9837837837837835,9.85,162.88120033916758,328.5247120087665,315.73034027496414
1,40,20,41-50,16.352200000000003,9.18918918918919,14.35,149.50748309382485,193.38879298836247,169.30043111998773
1,40,20,51-60,11.35665,6.783783783783784,10.425,173.05588342076337,317.92683681728766,303.119069971964
1,40,20,61-70,3.7975000000000003,2.7027027027027026,1.975,157.5775028345141,397.24181247155826,397.7158568797292
1,40,20,71-80,8.81765,4.891891891891892,6.734999999999999,154.2762772260077,282.9022370591572,279.87167493823165
1,40,20,81-90,4.8215,2.3567567567567567,2.595,205.45873118733417,426.5853952113263,423.23398708277546
1,40,20,91-100,12.6525,7.2972972972972965,11.864999999999998,158.21885510068486,288.0396328230544,267.6879817588059
1,50,20,1-10,4.5293,2.4324324324324325,2.9450000000000003,210.73127495482572,398.93385075896566,394.4126357533627
1,50,20,11-20,7.512649999999999,3.8270270270270275,5.865,144.54763687848796,350.0172443301028,335.0682812076807
1,50,20,21-30,5.49145,2.972972972972973,4.295,134.98070498987863,440.52907738461954,435.2287203787147
1,50,20,31-40,11.86045,6.794594594594595,10.625,145.1922949975036,310.33608458680345,293.11892854975804
1,50,20,41-50,3.65275,1.3513513513513513,1.2200000000000002,195.20021493613058,423.10236727272024,422.41650605401446
1,50,20,51-60,4.194750000000001,1.6216216216216217,2.21,196.9058073985239,409.7571172439881,408.7885769709906
1,50,20,61-70,17.715200000000003,9.102702702702704,16.805,136.32961816282764,250.00830864905373,231.87422344813277
1,50,20,71-80,8.586350000000001,3.5945945945945943,6.255000000000001,139.81749136873776,337.62395759932963,324.489167340108
1,50,20,81-90,9.899999999999999,5.135135135135135,8.445,152.85377816009753,322.51779391409406,312.532368043558
1,50,20,91-100,11.209100000000001,7.5675675675675675,9.865,160.66517849181773,287.26842868936376,275.44784794285243
1,60,20,1-10,10.22,5.945945945945946,7.8199999999999985,172.64296066251464,318.2324580043668,316.2623225898184
1,60,20,11-20,12.886350000000002,7.54054054054054,11.55,164.12742204788012,283.9772789321352,271.62219626932404
1,60,20,21-30,5.441999999999999,3.2432432432432434,3.975,174.97351371486735,426.747082423141,428.42679009850616
1,60,20,31-40,5.78465,1.8918918918918919,4.155,134.5906234678198,325.2151124874049,320.07559739693005
1,60,20,41-50,3.8152,1.0810810810810811,1.775,128.38240700122972,413.5027141661484,411.09009647363746
1,60,20,51-60,4.0695500000000004,1.8918918918918919,2.205,149.06534757351324,391.8378154880326,393.428317422802
1,60,20,61-70,9.072450000000002,6.216216216216216,7.025,142.47788350758924,329.95575416618766,330.9057809006203
1,60,20,71-80,7.0571,2.7567567567567566,5.1850000000000005,123.01147882346702,354.2899970931096,348.2076983523724
1,60,20,81-90,8.80465,5.043243243243244,7.38,123.8088979295282,405.9295982756633,392.48067573023263
1,60,20,91-100,7.589349999999999,4.178378378378378,5.470000000000001,174.84936076178082,346.11237825933824,336.35655022716725
1,70,20,1-10,6.612699999999999,3.2432432432432434,4.81,157.01865454091947,359.39471496071644,356.0086727659243
1,70,20,11-20,8.70145,4.351351351351352,7.390000000000001,150.30490898349206,355.3622024371278,349.73286286280177
1,70,20,21-30,8.357000000000001,4.805405405405406,7.159999999999999,135.59458158665424,297.7923457890564,287.68944282575694
1,70,20,31-40,7.9161,3.2432432432432434,6.27,122.31501092531106,378.16387022765105,376.0750339839018
1,70,20,41-50,5.45225,2.4324324324324325,3.3949999999999996,130.5274235944518,419.3700932422229,413.9347412502367
1,70,20,51-60,22.37195,12.221621621621622,22.965,132.59188818050893,246.1404989821072,223.1146294477382
1,70,20,61-70,9.831700000000001,6.275675675675676,8.059999999999999,142.35114463668825,328.5751560755796,313.710121560233
1,70,20,71-80,5.517100000000001,2.4324324324324325,4.005,124.97522719501538,401.37631221428967,394.38359977194307
1,70,20,81-90,11.6421,6.145945945945946,10.51,132.5386500477713,307.34202296968516,295.6930149618355
1,70,20,91-100,10.06925,4.6054054054054046,8.365,128.18971780871772,335.79262203835503,322.22483288770354
1,75,20,1-10,11.4659,5.654054054054054,10.765,131.02708400907596,312.7669026064546,298.4766433620972
1,75,20,11-20,5.922849999999999,2.7027027027027026,4.54,132.52171068602397,391.07548965183366,384.3016451498678
1,75,20,21-30,15.326100000000002,5.9459459459459465,13.605,121.56095955659563,357.5000468431099,340.17839097982176
1,75,20,31-40,9.856800000000002,4.594594594594595,9.294999999999998,147.5060718174526,379.5959707144159,371.30385048255073
1,75,20,41-50,7.996899999999999,5.405405405405406,7.3549999999999995,127.58005434853249,302.84667848989886,284.59972304554697
1,75,20,51-60,10.54,7.313513513513513,10.16,146.6155274237301,343.19433141845263,328.16944478228294
1,75,20,61-70,4.6407,1.6216216216216217,2.86,140.10452809422242,354.807884821549,352.13453605929584
1,75,20,71-80,7.815900000000001,3.1783783783783783,7.135,140.6109504009256,419.45762653885197,403.01107315615826
1,75,20,81-90,10.85815,3.632432432432432,8.940000000000001,130.87573569900243,376.55078283477604,364.52638964043285
1,75,20,91-100,7.336999999999999,2.848648648648649,5.515,152.54719506622936,395.98462054521906,386.50438297601755
1,80,20,1-10,12.325849999999999,6.675675675675675,10.765,145.76004573888895,284.83114462179094,273.8439112062182
1,80,20,11-20,9.330099999999998,4.351351351351352,7.065,124.65539488406375,312.5111930002686,307.74303386410827
1,80,20,21-30,7.941150000000002,3.5135135135135136,5.819999999999999,160.1969517202021,341.7917501031231,334.93236801367163
1,80,20,31-40,12.311150000000001,5.405405405405406,9.425,137.67841926759897,296.27391761578957,292.34165988469806
1,80,20,41-50,17.9334,6.4270270270270276,16.035,138.9714961355941,231.92791315958434,216.0301018369587
1,80,20,51-60,9.235149999999999,4.054054054054054,6.825,133.35620829659865,363.1198234504754,356.6521791105775
1,80,20,61-70,14.246649999999999,6.875675675675677,12.184999999999999,144.1246135267134,340.58581194125645,323.86232388537815
1,80,20,71-80,7.323849999999998,3.021621621621622,5.16,121.39370974800784,361.4271357320691,354.40651226066143
1,80,20,81-90,7.969849999999999,3.5135135135135136,5.5,128.66516969763322,418.64221829009296,406.71776493882527
1,80,20,91-100,4.80415,1.8918918918918919,2.705,148.28632829357764,425.7338681542543,422.8038096433112
1,90,20,1-10,5.413349999999999,0.8108108108108109,3.1,110.20859869139743,392.492140119609,397.62076831161414
1,90,20,11-20,13.44365,5.4270270270270276,10.855,135.19448162677634,381.1352904428903,371.98761059796584
1,90,20,21-30,8.75825,3.2432432432432434,6.779999999999999,146.15071599426102,347.25964241414215,340.5170056518172
1,90,20,31-40,7.267999999999999,3.016216216216216,5.805,139.63603494914952,334.9955042490269,331.48851459499
1,90,20,41-50,10.30865,3.5135135135135136,8.27,152.11629098238578,293.22566578924955,278.8413990535094
1,90,20,51-60,9.506849999999998,2.9729729729729732,8.11,116.96431315014568,402.3870132159974,388.5771656414057
1,90,20,61-70,17.595499999999998,5.464864864864865,14.995000000000001,148.12821643551192,277.148367710676,255.2741449922126
1,90,20,71-80,2.5592499999999996,0.0,0.58,,523.4688664299767,513.2925068252864
1,90,20,81-90,2.7997500000000004,0.5405405405405406,1.0,127.65017318398966,427.9980700640177,423.5983010579863
1,90,20,91-100,10.147450000000001,4.145945945945946,8.74,139.07724712234693,370.9696800127161,361.31964322726037
1,100,20,1-10,13.014049999999997,4.324324324324325,10.42,130.83971041644782,367.67704897618194,354.0528861851137
1,100,20,11-20,12.7681,4.324324324324325,9.655,130.22059751209324,313.85001404740285,298.6498638411433
1,100,20,21-30,8.30745,3.2432432432432434,7.154999999999999,122.64215745702879,414.8542147171273,404.2143198247127
1,100,20,31-40,7.79555,2.4324324324324325,5.545,128.68227492721005,340.8706274373444,330.02530230424577
1,100,20,41-50,19.583099999999998,6.486486486486487,16.73,122.25956144055488,317.1493118731798,302.0258546075599
1,100,20,51-60,7.668049999999999,3.2432432432432434,6.37,132.69627754142417,331.5633616778579,320.0413153252663
1,100,20,61-70,22.98655,8.72972972972973,20.435000000000002,130.0296820568367,263.97768946683,241.8132416530259
1,100,20,71-80,15.5932,7.837837837837839,16.355,140.16154974941585,262.56596820997834,245.55122664150758
1,100,20,81-90,14.394200000000001,5.270270270270271,13.475,128.0393892991467,343.2198310527372,330.0413878351884
1,100,20,91-100,12.974100000000002,5.545945945945946,10.22,127.55880054085996,287.87882059501374,287.1194854955678
1,10,25,1-10,10.898900000000001,10.848648648648648,10.540000000000001,192.26992476994468,274.30043421897454,259.46135177999184
1,10,25,11-20,10.074800000000002,7.324324324324325,8.885000000000002,216.64968616872343,300.3853876063355,291.17077573336616
1,10,25,21-30,11.32015,13.243243243243246,11.445,180.95468330036752,279.05195044428376,267.3075949359397
1,10,25,31-40,6.687749999999999,5.891891891891892,5.4799999999999995,168.22135786571806,384.46853985408893,374.7217811281186
1,10,25,41-50,9.8628,9.600000000000001,10.065000000000001,183.6227768807519,292.72687788566066,274.5749876806194
1,10,25,51-60,4.26475,1.8918918918918919,2.55,152.80110289330693,400.5376236944761,399.75623487388873
1,10,25,61-70,5.658049999999999,3.7837837837837838,4.635,192.2196907525139,339.29911782304913,331.4314875613236
1,10,25,71-80,2.9412000000000003,1.0810810810810811,0.675,285.7456736601987,384.67212335644115,382.2419932718567
1,10,25,81-90,5.4281,5.313513513513515,3.8200000000000003,293.2436888299146,315.7273824431878,318.88277362072006
1,10,25,91-100,5.649800000000001,4.497297297297297,3.9250000000000007,315.04095034968174,379.6763207756517,373.73089412941
1,20,25,1-10,4.103349999999999,1.3567567567567569,2.2199999999999998,170.26939510217824,433.7792839471963,426.61591751330195
1,20,25,11-20,8.05835,6.216216216216216,6.8950000000000005,165.38205547839956,351.70107017188997,343.3122887123815
1,20,25,21-30,6.2857,5.405405405405405,4.365,157.73850951172534,324.56432131260095,316.6399796774557
1,20,25,31-40,3.68155,2.7027027027027026,2.23,209.65594400849795,379.00278569299695,382.8631305736973
1,20,25,41-50,9.7895,9.18918918918919,8.97,170.87890143731425,288.45681450716097,281.04842730594953
1,20,25,51-60,11.9601,10.0,10.120000000000001,168.57292285296617,364.10960238607674,360.1676308407493
1,20,25,61-70,11.117,7.097297297297298,9.52,141.2075897620994,339.495932516716,330.1955927794023
1,20,25,71-80,10.155799999999997,8.378378378378379,9.16,178.79316538301615,324.5699535834315,316.1118461875035
1,20,25,81-90,10.821250000000001,7.962162162162163,10.145,164.27056545243144,319.10177148332593,304.0923002548474
1,20,25,91-100,3.8634999999999997,2.7027027027027026,2.3449999999999998,221.18450461972324,449.3043210086829,443.0027807962335
1,30,25,1-10,8.1643,7.248648648648649,7.294999999999999,164.98762750952602,351.20453768387154,339.63452437385024
1,30,25,11-20,11.3518,7.281081081081082,9.280000000000001,150.53092493710756,298.2596211375028,280.6903007694326
1,30,25,21-30,6.562450000000001,4.594594594594595,5.5600000000000005,178.3923929862844,333.06483557451855,323.3138574894368
1,30,25,31-40,11.605,8.108108108108109,10.445,163.62800739124614,304.0631345006944,289.19845041524843
1,30,25,41-50,10.41765,8.91891891891892,9.684999999999999,168.2643579274394,308.2982925947932,300.3767676987937
1,30,25,51-60,8.92115,5.675675675675675,6.969999999999999,163.55938129724862,273.1291381569336,262.02160007440006
1,30,25,61-70,6.830500000000001,4.097297297297297,4.785,193.79271220431912,375.0499250817292,369.72052131577584
1,30,25,71-80,9.7395,7.297297297297298,9.625,142.2136942525443,296.66767207774683,283.6445142027454
1,30,25,81-90,8.65545,7.091891891891893,8.205,147.6916996858019,389.55579463170636,371.24787311775964
1,30,25,91-100,6.00725,5.675675675675675,4.925,188.45738837421752,351.47260200025164,347.24722592927384
1,40,25,1-10,5.024749999999999,2.972972972972973,4.029999999999999,166.5275390159774,385.09643522746677,372.32690980522756
1,40,25,11-20,5.9894,4.054054054054054,4.37,141.82898914294046,433.60833586367306,432.8560788916865
1,40,25,21-30,3.6727000000000003,1.3513513513513513,1.5550000000000002,189.44323224587183,411.9011472510606,414.68590046354575
1,40,25,31-40,10.31605,6.756756756756756,9.285,166.43401048849233,398.8633079321627,383.8650133576568
1,40,25,41-50,7.10685,6.216216216216217,6.005,152.9776064865477,267.1732822238242,262.73513805848427
1,40,25,51-60,7.8292,6.113513513513513,6.015,189.85622809451593,383.925632404444,372.32791907082753
1,40,25,61-70,9.30235,6.654054054054055,7.685,157.56836061642016,299.25287677968805,295.71782786086726
1,40,25,71-80,9.709700000000002,5.654054054054054,8.309999999999999,127.3330172601448,359.3872291768972,349.0875407005734
1,40,25,81-90,2.4560500000000003,0.0,0.185,,453.5265877144469,453.57219665464635
1,40,25,91-100,13.1822,11.470270270270271,12.095,154.92383111779642,284.23543295727984,276.9781029934728
1,50,25,1-10,5.1320500000000004,3.243243243243243,3.435,189.05329646433515,410.3270322946629,413.3246177810903
1,50,25,11-20,7.816750000000001,4.010810810810811,5.7700000000000005,147.59082870405229,278.13317393573936,270.8126251748994
1,50,25,21-30,14.544300000000002,7.6378378378378375,12.879999999999999,144.27872132093384,261.7705459729768,248.25746470593853
1,50,25,31-40,4.202050000000001,1.8918918918918919,2.8899999999999997,166.01677383274156,364.3675366767585,359.03958646705917
1,50,25,41-50,5.764049999999999,4.0540540540540535,4.145,160.89773937161593,320.9231491386608,317.0938237897714
1,50,25,51-60,7.618,4.864864864864865,6.285,131.60845472382252,310.5130060595386,305.65768538442273
1,50,25,61-70,7.876400000000001,4.324324324324325,6.529999999999999,131.65314839061185,372.69314814997557,362.5192070430433
1,50,25,71-80,3.5796,2.1783783783783783,1.6400000000000001,196.57849397148857,421.37999161982935,428.88721087919794
1,50,25,81-90,14.0999,8.891891891891891,12.985,144.54057599049887,293.53386933827124,282.41368343651027
1,50,25,91-100,4.252700000000001,2.632432432432432,3.04,174.38520721922745,404.78780306621985,401.1135181185772
1,60,25,1-10,3.4897499999999995,1.0810810810810811,1.0099999999999998,164.51714933954028,408.12498671723836,408.44812383492797
1,60,25,11-20,9.054549999999999,5.264864864864864,7.93,131.93653209950273,332.43193921035316,326.38907072226857
1,60,25,21-30,2.69245,0.5405405405405406,0.915,140.4453942781371,389.5741465736275,399.36664821550403
1,60,25,31-40,8.159799999999999,5.378378378378377,7.120000000000002,145.6168910845371,376.2715752362659,366.68374019211757
1,60,25,41-50,6.884650000000001,4.313513513513514,5.385,146.56798714097235,374.5361147779308,365.4358443653981
1,60,25,51-60,10.9536,8.367567567567567,9.745000000000001,150.72501042692457,343.55967179033667,327.90566993122167
1,60,25,61-70,7.9171,5.405405405405405,6.6800000000000015,178.6456709976406,376.6604834679111,365.2537435392127
1,60,25,71-80,5.84855,3.2432432432432434,4.41,143.83558760671946,419.4429907730015,406.01211313316196
1,60,25,81-90,8.0852,4.324324324324325,6.33,152.653458898278,342.32684832023574,337.08103027615755
1,60,25,91-100,7.73155,3.908108108108108,6.93,142.86211806293113,417.8358048430779,407.7324805346492
1,70,25,1-10,12.502,9.021621621621621,11.905000000000001,140.30519688512177,294.0236187153979,279.4859784967871
1,70,25,11-20,5.1272,3.2432432432432434,3.8950000000000005,190.10278468537743,374.5131840549577,370.2190915717543
1,70,25,21-30,8.0928,5.135135135135135,7.685,161.44712342113823,272.40518527588523,256.24494781441433
1,70,25,31-40,8.0841,4.054054054054054,6.55,126.49864307001772,330.34227743769986,313.2028176118068
1,70,25,41-50,9.26855,5.762162162162163,7.040000000000001,164.9351224182694,338.71139252514405,328.6890988682492
1,70,25,51-60,2.4418999999999995,0.5405405405405406,0.285,197.21977983637717,461.37892379859807,457.9068328472657
1,70,25,61-70,14.298449999999999,9.940540540540542,12.95,153.0088586166206,343.15620779402144,334.0663409955381
1,70,25,71-80,14.257650000000002,11.502702702702702,13.709999999999999,145.56438342398343,249.61878335913426,231.16216218301855
1,70,25,81-90,4.666200000000001,0.5405405405405406,3.19,134.76063769319177,413.97356829319534,404.94546890854974
1,70,25,91-100,4.201,1.8918918918918919,1.9600000000000002,147.82100298707633,443.20864157816015,445.5839221253726
1,75,25,1-10,10.146700000000001,5.043243243243244,8.53,135.5969526365139,385.9089544247498,372.69869860148845
1,75,25,11-20,10.1824,5.740540540540541,8.489999999999998,138.18833157924033,318.1742344426772,306.715842454653
1,75,25,21-30,15.050949999999997,8.378378378378377,15.45,128.0263036298462,317.15201549908863,304.6443712829818
1,75,25,31-40,8.9018,5.394594594594594,7.58,148.69748728142005,330.27164866509054,314.528269000009
1,75,25,41-50,10.984799999999998,6.594594594594595,10.084999999999999,142.61860303852217,291.1385874467741,273.41985599526504
1,75,25,51-60,6.9122,3.2432432432432434,5.15,130.22837253758655,328.61351029746555,317.40373359667035
1,75,25,61-70,9.570549999999999,4.47027027027027,8.4,160.615753128085,358.0141490301554,345.38569657500955
1,75,25,71-80,9.59605,4.864864864864865,8.114999999999998,136.62485941654103,309.2481141967974,293.9823481175056
1,75,25,81-90,8.320049999999998,4.324324324324325,5.985,148.81171907847283,336.9814283798317,326.1136054859883
1,75,25,91-100,5.351850000000001,4.189189189189189,4.265,134.25961857727435,344.59803790025876,341.44310160126713
1,80,25,1-10,5.761549999999999,2.4486486486486485,3.9799999999999995,167.09042460784954,362.6800849578435,357.76513860046117
1,80,25,11-20,13.28665,7.2972972972972965,13.025,154.3067846677961,335.65162448620845,317.8064578519038
1,80,25,21-30,13.185999999999998,8.421621621621622,12.3,130.28041556586314,355.23408286939184,344.01797571556426
1,80,25,31-40,7.2453,5.010810810810811,6.74,122.26683300053944,400.36524568571025,392.1251117917742
1,80,25,41-50,6.755800000000001,3.697297297297297,5.234999999999999,137.42200194575815,369.17538577081643,366.13155032081687
1,80,25,51-60,12.20285,7.897297297297298,12.049999999999999,144.28337097576116,223.8744244171017,210.41340758740048
1,80,25,61-70,7.6985,3.2432432432432434,6.25,147.27046467313895,293.40706542982576,278.73966911059534
1,80,25,71-80,8.57295,5.264864864864865,7.195,136.49329666559848,332.0899458211994,315.1048983263906
1,80,25,81-90,4.1724000000000006,1.6216216216216217,2.7,144.36947139251131,411.7101166502427,406.0350600585554
1,80,25,91-100,4.34145,1.0810810810810811,2.195,161.98754265025372,394.8534361974388,389.5585916992666
1,90,25,1-10,3.4646,1.2,1.4449999999999998,218.68773429907336,405.02102428880573,404.72868265719444
1,90,25,11-20,7.15085,3.4270270270270267,4.94,125.99014460455392,290.6921103729194,288.18636966547473
1,90,25,21-30,7.2721,3.243243243243243,5.495,134.9651579102224,321.52891835717924,304.8800265879187
1,90,25,31-40,5.22085,1.972972972972973,3.425,118.3090829839959,351.5197847269351,346.7774359030981
1,90,25,41-50,7.66575,4.594594594594595,5.98,139.4690058388275,348.10669974563865,336.7124121168327
1,90,25,51-60,7.9033500000000005,3.7837837837837838,6.389999999999999,161.1268282401678,404.4773812002291,389.9235190991272
1,90,25,61-70,7.9982,5.005405405405405,6.975,135.65080964898277,384.68286512987055,364.9977565135747
1,90,25,71-80,8.303700000000001,4.054054054054054,6.32,123.16697935844604,355.34051747296274,346.5576713327317
1,90,25,81-90,14.517900000000001,8.210810810810809,13.62,138.7039778441193,327.90907936155315,305.6796189622911
1,90,25,91-100,13.201699999999999,5.9837837837837835,11.870000000000001,131.8107840731523,248.99212583552315,228.05808125125378
1,100,25,1-10,12.731150000000001,3.2108108108108113,10.85,125.62173852277675,340.52846954539496,325.6141765692487
1,100,25,11-20,9.610199999999999,4.0540540540540535,7.76,116.24428456436178,298.7696959867251,288.24635227240304
1,100,25,21-30,12.639100000000001,5.135135135135135,11.49,125.01598137894962,241.07661729044702,220.0146458314619
1,100,25,31-40,11.413,8.043243243243243,10.425,142.6934541683536,319.4994510531478,305.2918841625504
1,100,25,41-50,9.83555,3.5243243243243247,7.9350000000000005,122.87110012980038,319.4876587812011,317.09160822099346
1,100,25,51-60,10.91965,4.232432432432433,8.47,131.7708949066248,333.2763463054656,325.3833519670351
1,100,25,61-70,16.23865,6.967567567567568,15.215,140.43600042835422,267.27993654490496,256.5721804258184
1,100,25,71-80,11.160749999999998,4.654054054054055,8.67,136.16567132773383,322.47694952408347,302.33267582266683
1,100,25,81-90,10.33085,4.864864864864865,9.26,126.89563090053065,319.27165577806124,308.097058255199
1,100,25,91-100,11.832199999999998,5.059459459459459,9.625,127.09847444075709,370.7855278117489,355.46124808104713
1,10,30,1-10,4.8906,3.7837837837837838,3.28,188.81722057480815,383.2365313646286,379.7796116314954
1,10,30,11-20,13.684699999999998,10.875675675675677,12.235,275.31679882480466,331.2182255758456,315.06728378148927
1,10,30,21-30,10.41395,11.891891891891891,12.14,193.527279134595,281.15042660391873,271.38711894081564
1,10,30,31-40,4.1303,2.972972972972973,2.665,193.7735478695331,394.47603122752565,397.34450527430374
1,10,30,41-50,4.2642999999999995,2.7027027027027026,2.655,202.96257615288224,468.4946496815668,469.62571010940263
1,10,30,51-60,8.63465,9.151351351351352,7.565,200.59510614927657,353.70732661716426,354.665601674992
1,10,30,61-70,6.518800000000001,3.616216216216216,5.5600000000000005,204.66447745457057,357.71200203684816,350.44546427253016
1,10,30,71-80,3.800150000000001,3.7837837837837838,2.9,308.4242985747386,423.608214583317,419.49289786259726
1,10,30,81-90,4.22095,3.1891891891891895,2.435,187.5381030527529,400.15378748655434,401.708459491601
1,10,30,91-100,3.8998,2.4324324324324325,2.35,191.8935977527588,365.4502342597351,362.8465315783399
1,20,30,1-10,10.2171,11.32972972972973,9.465,177.5142271798191,313.48076871257024,306.65427984849157
1,20,30,11-20,4.5491,3.7837837837837838,3.5449999999999995,164.7078549760297,421.9702177299011,412.8593929025954
1,20,30,21-30,9.3108,5.654054054054054,8.575,171.58783981562928,342.60136876281405,327.03278516003326
1,20,30,31-40,7.65995,6.254054054054054,6.995,155.30664956196821,314.9457701788499,301.6728164532193
1,20,30,41-50,5.55605,4.864864864864865,4.275,184.33756606161154,337.6310478931795,332.29936586626667
1,20,30,51-60,3.499,2.1621621621621623,1.9,172.37711158825465,459.6831542304694,454.62964447995375
1,20,30,61-70,7.3892,6.756756756756756,6.175000000000001,183.60678969769188,290.6088474368488,287.69039932826615
1,20,30,71-80,6.9407499999999995,6.3999999999999995,6.169999999999999,162.9165620788612,356.8398931471178,353.4275957717301
1,20,30,81-90,5.512300000000001,5.675675675675675,3.625,198.97135702758996,403.3130857099168,393.8665944582531
1,20,30,91-100,6.529999999999999,6.059459459459459,5.6850000000000005,161.91348454164023,355.969440166437,341.8170358658456
1,30,30,1-10,11.1277,10.25945945945946,10.71,173.1941209066637,293.00710858170953,281.14742378496805
1,30,30,11-20,5.5879,4.324324324324325,3.95,196.60772982270154,377.79935215413695,377.00468314981146
1,30,30,21-30,4.8212,2.5027027027027025,3.7950000000000004,153.48832176377286,369.2490150282137,357.1256584762158
1,30,30,31-40,6.0891,4.594594594594595,4.2700000000000005,164.85413967369965,414.96744739321923,404.27412298172965
1,30,30,41-50,11.6003,9.816216216216215,11.044999999999998,156.48332579798338,305.16852979261046,286.6430051154748
1,30,30,51-60,11.55655,9.72972972972973,10.774999999999999,163.47009813136654,313.7726876928197,296.83214573773654
1,30,30,61-70,6.745750000000001,5.135135135135135,5.01,177.35379175878404,344.6917531431874,335.1798715562014
1,30,30,71-80,13.288599999999999,9.848648648648648,12.989999999999998,145.49051955232227,298.23366189560164,281.655202911622
1,30,30,81-90,6.24265,4.713513513513513,5.1899999999999995,160.9995502888858,359.0358184963851,353.46889294842623
1,30,30,91-100,3.4180000000000006,2.1621621621621623,1.5050000000000001,222.84926505266992,368.31933201167766,367.157472040729
1,40,30,1-10,3.7499000000000002,2.416216216216216,2.325,198.64785354602472,464.2720178481556,461.58699865157433
1,40,30,11-20,10.5567,8.324324324324325,11.05,163.17279455663868,297.79360855692386,287.7099804840394
1,40,30,21-30,6.23365,3.7837837837837838,4.865,162.44221489842653,378.8673285069098,371.11715765939977
1,40,30,31-40,4.808249999999999,1.945945945945946,2.3400000000000003,201.08954960255497,333.6812603520806,327.34057320665363
1,40,30,41-50,4.901050000000001,2.3837837837837834,3.3049999999999997,152.11860385220595,419.1116217203362,416.4715944289913
1,40,30,51-60,10.800749999999999,7.513513513513514,10.905000000000001,144.96820642655294,281.730162657943,272.05984657654295
1,40,30,61-70,4.05035,2.7027027027027026,1.975,150.30244642219415,460.0695401894369,449.7277880540946
1,40,30,71-80,8.4455,5.956756756756756,6.855000000000001,160.2769575005344,369.29281303932646,364.4895828894037
1,40,30,81-90,5.00775,3.081081081081081,4.045,173.53585146394866,394.36749444443046,388.7923618953303
1,40,30,91-100,5.22225,4.1567567567567565,5.125,156.86346393702837,354.41356933316206,354.3089909740738
1,50,30,1-10,6.310550000000001,3.5135135135135136,4.545,158.3147117773526,434.3450679678896,422.88021723855053
1,50,30,11-20,10.998650000000001,6.216216216216216,8.889999999999999,179.9286220725447,298.59610241434666,286.0532455625853
1,50,30,21-30,8.294149999999998,6.216216216216216,7.610000000000001,130.7288773068368,360.41398232273076,348.8918036755508
1,50,30,31-40,9.5046,6.735135135135136,8.57,150.51315661052004,309.36264867808893,299.46522441953505
1,50,30,41-50,7.48045,6.448648648648648,6.56,179.25614229773504,354.68651331836776,344.4408059047863
1,50,30,51-60,8.894899999999998,5.945945945945946,7.290000000000001,175.35370716305144,400.2107634969983,380.6021124893194
1,50,30,61-70,3.2764,1.6216216216216217,0.865,164.15836629237484,405.42662557376764,409.6839630118064
1,50,30,71-80,6.93465,2.924324324324324,5.34,124.4772965109923,406.4183419875349,398.4859844110171
1,50,30,81-90,11.619449999999999,7.848648648648648,11.465,152.58213829608184,332.74119107695486,317.36799794260577
1,50,30,91-100,6.8458,5.097297297297297,5.88,144.3497103435002,383.1772491293163,373.0498443426086
1,60,30,1-10,6.65055,4.967567567567568,5.0,133.82278640647715,352.61256395338717,346.14333335215565
1,60,30,11-20,9.6702,7.027027027027027,9.965,151.8198986409521,290.02398146740336,267.57413135671663
1,60,30,21-30,5.2129,3.4972972972972975,4.29,179.76079351905994,315.7705034047903,309.75688180995036
1,60,30,31-40,8.029,5.34054054054054,5.750000000000001,148.6579073929565,324.5278684751521,317.33729320141384
1,60,30,41-50,8.225999999999999,5.405405405405405,5.825,169.9175275171801,331.7645453551352,325.0130259894226
1,60,30,51-60,6.1761,2.7783783783783784,3.525,157.85957994070537,424.10483156910385,417.73517172131795
1,60,30,61-70,7.993249999999999,4.351351351351352,6.2,132.350854664175,339.5953525374589,327.1881619118349
1,60,30,71-80,6.510949999999999,4.616216216216216,6.045,141.74367319336332,310.274318447673,304.5282060582465
1,60,30,81-90,10.3524,7.3945945945945954,9.7,136.94587501681966,272.49621997747784,261.68091302320954
1,60,30,91-100,4.4982,3.243243243243243,2.6350000000000002,173.6540419124663,389.15082315478156,388.6182377304071
1,70,30,1-10,10.059299999999999,6.324324324324325,9.15,130.25014721901726,294.6444504086957,283.743486500992
1,70,30,11-20,9.69025,4.594594594594595,9.544999999999998,136.68339756268202,363.7255010961593,349.8372654986139
1,70,30,21-30,18.5912,12.470270270270271,18.49,142.2032465991646,244.91795036019806,229.08878703980037
1,70,30,31-40,2.1641,0.0,0.0,,545.7831365183134,556.7164640337153
1,70,30,41-50,9.5519,9.18918918918919,8.84,150.07027144541988,300.4947749562274,289.90726796120714
1,70,30,51-60,8.4284,5.675675675675675,7.44,130.79699456310422,475.3888743405472,471.2160448614304
1,70,30,61-70,4.79075,2.1621621621621623,2.755,136.32797480317973,393.593186499129,388.3016601927699
1,70,30,71-80,12.6994,10.81081081081081,11.36,149.45322280157316,273.5178224440289,262.20055562681057
1,70,30,81-90,10.385700000000002,7.297297297297298,10.190000000000001,144.18921285052906,301.86093304540424,290.10903886097384
1,70,30,91-100,5.9765999999999995,2.7027027027027026,4.07,144.4436394061336,349.65982935991485,337.88627217607484
1,75,30,1-10,11.769050000000002,9.08108108108108,10.41,143.0670104783937,258.27099030851355,237.80459055450288
1,75,30,11-20,12.945850000000002,8.0,11.265,137.2891683090177,285.1783405614738,270.47372935519707
1,75,30,21-30,12.0481,7.486486486486486,10.66,135.02512715231705,382.8671910182744,369.4231341763055
1,75,30,31-40,14.971350000000001,9.967567567567567,13.9,129.0866290242207,263.0304303171985,248.43598645171886
1,75,30,41-50,12.4815,8.71891891891892,11.504999999999999,159.71413554585578,331.2731543652602,317.1294841131562
1,75,30,51-60,9.78275,5.675675675675675,8.16,143.3257480537653,319.45427777316496,301.06615665332595
1,75,30,61-70,12.2981,5.518918918918919,10.895,146.41189362129649,325.1478629872185,314.9199298749507
1,75,30,71-80,6.938750000000001,4.005405405405406,5.675,155.93201754354808,323.9544634434691,324.1689125002093
1,75,30,81-90,11.80535,8.118918918918919,10.805000000000001,141.52541430121389,289.87178515298467,285.8097967774637
1,75,30,91-100,6.7637,4.783783783783784,5.73,180.5231618919862,375.3801421291553,361.98748340061945
1,80,30,1-10,7.789400000000002,4.324324324324325,7.144999999999999,135.3905978748854,399.0481845740368,382.6999510870586
1,80,30,11-20,6.994900000000001,3.5135135135135136,6.005,146.93363174227449,332.04361544570907,317.70985512484975
1,80,30,21-30,7.53045,4.054054054054054,5.6899999999999995,147.24714363999965,354.3759673639696,353.1128383575339
1,80,30,31-40,2.1940999999999997,0.2702702702702703,0.5650000000000001,130.07797147543258,431.28986736468585,429.28645174018027
1,80,30,41-50,12.026750000000002,5.2270270270270265,10.459999999999999,132.0602977078734,337.6779193969047,324.9600392033278
1,80,30,51-60,15.2704,9.145945945945945,14.765,131.77472252657896,252.23285143926827,232.33615373188772
1,80,30,61-70,3.7890500000000005,2.4324324324324325,1.8649999999999998,168.15840957835016,455.6772163420754,457.4557977155763
1,80,30,71-80,6.183999999999999,2.1621621621621623,4.18,121.85900672255123,398.40166861560544,388.0946020847051
1,80,30,81-90,8.1872,4.864864864864865,6.87,134.32139772871895,326.1752017299958,316.35917711313596
1,80,30,91-100,8.1164,4.821621621621622,7.659999999999999,162.650359187255,329.0720267510857,316.34750658958694
1,90,30,1-10,11.3206,5.405405405405405,10.24,165.456018111,343.2385055553871,326.29805643074457
1,90,30,11-20,10.04065,3.648648648648649,8.175,149.83333625318306,394.7388153000484,380.9477826816856
1,90,30,21-30,8.13865,3.7837837837837838,7.529999999999999,125.12059127302963,369.19317460368404,354.2256474945145
1,90,30,31-40,4.437749999999999,2.037837837837838,2.4850000000000003,157.38861360315695,403.15271987460727,400.9239440616458
1,90,30,41-50,4.456049999999999,1.0810810810810811,2.8949999999999996,130.70463418097202,426.8605672976861,424.64823787846655
1,90,30,51-60,6.1452,3.1459459459459462,4.9799999999999995,144.51003298624298,364.33346479791413,354.38077924300495
1,90,30,61-70,10.36035,6.389189189189189,9.745,129.8963535565329,352.4657626728122,331.30527618225193
1,90,30,71-80,8.15025,3.7837837837837838,7.12,130.7136312373411,313.5341608781622,303.09026066399224
1,90,30,81-90,8.931999999999999,4.324324324324325,6.834999999999999,125.30197606952609,348.6345940730736,329.8493044122704
1,90,30,91-100,8.208700000000002,4.962162162162163,6.6,136.30356456622494,295.120484078477,282.34365491269057
1,100,30,1-10,7.91245,4.12972972972973,6.33,194.04442051067974,396.4924302170917,388.93689338945524
1,100,30,11-20,4.1286000000000005,1.5405405405405406,2.43,126.04459066133252,427.9050888509625,425.13845377898315
1,100,30,21-30,8.00725,2.972972972972973,6.365,137.97865435127878,410.19552862324963,397.6305456248913
1,100,30,31-40,6.2813,2.7027027027027026,4.055,180.37483382809614,452.56222677948017,445.99157334291914
1,100,30,41-50,12.864349999999998,4.556756756756757,11.030000000000001,125.5764586788066,336.1741705276826,319.7982972329085
1,100,30,51-60,7.658850000000001,3.054054054054054,5.755,139.63708510145813,329.5171897925109,317.86774064920917
1,100,30,61-70,7.7644,3.551351351351351,5.51,135.57228029426884,374.80101004426655,367.32310558224424
1,100,30,71-80,6.29115,2.9729729729729732,4.9799999999999995,127.71354872075749,326.73115197969616,316.1396842275632
1,100,30,81-90,9.8674,5.081081081081081,8.715,134.0528395829964,348.07472891975783,335.9293974813835
1,100,30,91-100,9.59615,4.054054054054054,7.2700000000000005,158.3191992322615,321.08595485758525,315.2566276002382
1,10,50,1-10,3.907600000000001,4.324324324324325,2.135,301.64475278654055,391.4375803070508,385.26641609760577
1,10,50,11-20,3.1435500000000003,2.7027027027027026,1.6150000000000002,204.44159530861273,420.07747977453437,422.8026785068196
1,10,50,21-30,9.7458,12.972972972972974,9.815000000000001,266.38918350100016,320.138215459397,304.85097037853393
1,10,50,31-40,6.003250000000001,7.470270270270271,5.6,165.79170545509442,381.720097374177,370.7484109839548
1,10,50,41-50,3.72185,4.167567567567568,2.475,194.21335646307446,375.0753951920802,369.5067294831048
1,10,50,51-60,3.9296999999999995,3.032432432432432,2.7950000000000004,180.39054279390615,502.0380063964816,491.12628712209454
1,10,50,61-70,5.27935,5.945945945945946,3.5849999999999995,320.2140013863692,371.8805434093325,360.46267489835566
1,10,50,71-80,5.188149999999999,7.237837837837837,4.57,205.81826608986063,352.9981997111541,342.372320670663
1,10,50,81-90,7.9503,11.891891891891891,7.815,199.50247147342725,316.6348568103107,310.9601442566874
1,10,50,91-100,6.3825,6.486486486486487,5.4,210.1217883874493,322.0680666460952,321.49354657205714
1,20,50,1-10,3.5691499999999996,3.4918918918918918,2.1100000000000003,191.60565315586393,429.1430970903313,420.55529679558924
1,20,50,11-20,2.6000500000000004,1.0810810810810811,0.6849999999999999,162.81127305596164,452.2185632923366,450.9195579971468
1,20,50,21-30,4.58485,5.227027027027027,3.97,180.43346625602436,397.0517409065881,392.65192595897986
1,20,50,31-40,6.193150000000001,7.58918918918919,6.87,136.25505965379443,338.2379381675563,333.6288943158798
1,20,50,41-50,4.308999999999999,4.594594594594595,3.055,205.54224532212075,462.64594876525655,462.12201991304937
1,20,50,51-60,6.08375,6.270270270270271,5.0200000000000005,178.19620887925478,370.5234558462108,366.15442816696805
1,20,50,61-70,5.01235,4.324324324324325,3.29,206.5903609373808,358.8224890898465,359.2508956813004
1,20,50,71-80,3.4582,3.5135135135135136,1.115,244.97578595153436,467.35941239276144,473.01011111524684
1,20,50,81-90,7.399599999999998,11.891891891891893,7.840000000000001,208.26401035160822,301.84116067077014,292.68121442747764
1,20,50,91-100,6.425799999999998,7.837837837837839,5.315,204.77527757952467,324.40788686641423,321.2465776242285
1,30,50,1-10,3.4039499999999996,2.4324324324324325,1.525,186.37677298012238,420.75234832946524,420.4579303505272
1,30,50,11-20,2.8874000000000004,1.0810810810810811,0.595,242.28796172085168,459.1053409965335,462.7263955991997
1,30,50,21-30,8.69015,10.216216216216216,9.629999999999999,179.91586320606842,249.6502753698168,236.19952639376606
1,30,50,31-40,4.72365,4.324324324324325,3.62,163.2030776570807,367.944383384255,351.5558463766919
1,30,50,41-50,4.235799999999999,3.4972972972972967,2.7150000000000003,211.04677115652248,396.34136588356387,398.91405592205354
1,30,50,51-60,6.156599999999999,7.221621621621621,4.945,183.65423797010962,324.13589891692504,321.76361929738374
1,30,50,61-70,11.133,13.264864864864865,10.325,199.85890629515757,311.91111531387077,303.093327536536
1,30,50,71-80,6.13445,4.675675675675675,4.29,159.8561244283185,347.1200525239946,345.3538133762305
1,30,50,81-90,5.5474000000000006,6.308108108108108,4.95,192.95061927656377,361.4430207207178,352.3921397552707
1,30,50,91-100,3.1829,2.1621621621621623,0.96,231.22860939746124,375.3697720524797,384.2405740527869
1,40,50,1-10,5.715249999999999,5.405405405405405,3.6450000000000005,209.46947543722803,374.52121994789945,372.1496910406726
1,40,50,11-20,3.59285,3.513513513513513,2.55,198.35301887871276,352.72933069790696,353.2472706652378
1,40,50,21-30,6.8443,7.837837837837839,6.905000000000001,165.0026417797124,310.63215453605466,299.37452981404016
1,40,50,31-40,6.78175,7.2972972972972965,7.3,142.16246927810016,331.5155851607891,323.31353509972865
1,40,50,41-50,10.05195,11.702702702702705,10.01,171.61541232375592,328.49409967925095,312.51039177360474
1,40,50,51-60,2.33365,0.2702702702702703,0.29500000000000004,147.26795082917968,430.16739727590056,417.9014211526651
1,40,50,61-70,4.79615,4.054054054054054,3.34,191.37051377313765,402.1147072741557,391.7167227691363
1,40,50,71-80,6.8149,7.5675675675675675,6.045,171.4424341384582,315.06544216734585,306.241095413064
1,40,50,81-90,3.1624499999999998,2.4324324324324325,1.24,197.30488135783924,435.86971738838764,429.1889191654483
1,40,50,91-100,6.0925,8.108108108108109,6.1499999999999995,181.81094458947376,352.8676190619118,350.1910176176167
1,50,50,1-10,5.1016,4.232432432432432,3.7600000000000002,189.4925058029496,347.8489128579692,344.11690274514757
1,50,50,11-20,10.0691,9.275675675675677,11.510000000000002,146.17901780026915,302.0827617657507,281.3928133781108
1,50,50,21-30,8.5434,6.713513513513513,6.8050000000000015,157.68135162201042,336.5519766762587,326.1715993413278
1,50,50,31-40,5.92945,6.129729729729729,4.8149999999999995,187.43134041479502,359.2641515114307,355.50161155909257
1,50,50,41-50,8.51655,10.4,8.89,169.2470999087953,318.5351471293836,308.3482245466387
1,50,50,51-60,6.648300000000001,5.675675675675675,5.094999999999999,178.779576393233,314.61484285422745,310.1622950112843
1,50,50,61-70,3.7166999999999994,1.8918918918918919,1.57,184.3331171850043,466.0439117481836,459.9250158195726
1,50,50,71-80,6.5055,6.643243243243243,6.180000000000001,153.80973038507827,401.0759667900752,394.7099266145792
1,50,50,81-90,7.335249999999999,8.378378378378377,7.44,152.82481420281746,293.4219770811936,273.1738945686852
1,50,50,91-100,4.1679,3.254054054054054,1.8599999999999999,173.69779150832028,383.1127484549477,388.0339820083856
1,60,50,1-10,11.48415,11.870270270270272,11.025,141.02800022104796,269.00540393264265,257.25384086576184
1,60,50,11-20,4.5298,4.054054054054054,3.425,151.53650423618348,360.32008440556945,358.0683477936632
1,60,50,21-30,8.980299999999998,9.18918918918919,9.015,153.58420969383747,312.3236550898738,298.052601075896
1,60,50,31-40,6.16795,4.378378378378378,4.51,135.0365861780697,352.7666467774303,350.6479313774631
1,60,50,41-50,8.1699,8.027027027027028,7.9350000000000005,141.7660619247688,304.40574055364146,298.5910205550927
1,60,50,51-60,3.1027499999999995,1.3513513513513513,0.9200000000000002,239.30540477709704,484.99982332346934,488.8554663535177
1,60,50,61-70,3.78685,1.8918918918918919,1.85,125.46510286900836,398.4744315182214,390.55140262097126
1,60,50,71-80,5.887599999999999,6.054054054054054,4.765,187.3825549578439,325.52382564237996,319.56825722652724
1,60,50,81-90,6.770899999999999,7.5675675675675675,4.959999999999999,194.4121722417558,303.70031692653976,302.2496840962036
1,60,50,91-100,4.2482500000000005,3.1837837837837837,2.975,161.86255696173032,421.9938056958246,418.96302593421495
1,70,50,1-10,3.964850000000001,2.972972972972973,1.8399999999999999,223.671617390805,480.37406366547475,480.84533518150965
1,70,50,11-20,4.2193,1.8918918918918919,2.335,169.01213336949394,382.9134146098844,377.55387248807483
1,70,50,21-30,5.6974,4.054054054054054,4.67,145.83199961594775,376.2505616357254,372.2044277583615
1,70,50,31-40,10.869800000000001,10.086486486486487,11.915000000000001,129.48647192360096,286.84615311802065,274.2802324496414
1,70,50,41-50,6.5558499999999995,6.54054054054054,5.295,164.23177280729988,353.60638645260747,344.4181389184822
1,70,50,51-60,6.7029,6.486486486486487,6.38,151.20003310431193,407.7927147087595,401.84464569403343
1,70,50,61-70,4.90295,3.583783783783784,2.79,202.11046414044685,300.94465217684325,303.31909590068915
1,70,50,71-80,7.75775,7.5675675675675675,8.044999999999998,143.81870675913348,329.1033779354129,320.02588104178966
1,70,50,81-90,7.08255,6.075675675675676,6.775,137.86337176006361,363.88887651310927,357.1841476577258
1,70,50,91-100,8.04255,6.227027027027027,7.465000000000001,147.98544152005223,308.46570569817436,289.3957031692368
1,75,50,1-10,8.92995,7.837837837837837,8.745,158.5090330803409,291.6261847849288,281.53607457481473
1,75,50,11-20,7.028099999999999,5.259459459459459,6.1,130.68490537390997,430.43437667344176,423.23580893316523
1,75,50,21-30,3.5171,1.6216216216216217,1.43,206.35105169793647,415.1517600040603,413.08154253368485
1,75,50,31-40,5.50695,4.594594594594595,3.7,201.5234924760665,368.6747971998629,366.7031494145663
1,75,50,41-50,2.42695,0.2702702702702703,0.365,122.76457777947063,494.86110221261214,490.6177286162582
1,75,50,51-60,10.50725,9.908108108108108,9.754999999999999,149.27489668807257,299.2294653150317,294.95510373005243
1,75,50,61-70,6.5950500000000005,4.529729729729729,4.7299999999999995,157.83203466960714,313.0492102297453,301.8830284123559
1,75,50,71-80,9.90455,7.864864864864866,9.425,139.45504546426596,348.9090723409929,331.1058569746705
1,75,50,81-90,5.1560500000000005,2.8216216216216217,3.5799999999999996,167.03342523517125,406.22417285964264,402.48279998924954
1,75,50,91-100,5.8744,4.47027027027027,4.335,154.7953896062297,361.4339252965661,357.0178552524475
1,80,50,1-10,4.4719500000000005,2.0864864864864865,2.14,144.1566480484993,397.78591227159484,396.9957705433494
1,80,50,11-20,2.42335,0.5405405405405406,0.525,138.61285749666274,408.72583918204043,411.9161804863732
1,80,50,21-30,4.9521999999999995,4.324324324324325,4.205,140.5267393826575,345.3842726805117,331.13552199664963
1,80,50,31-40,12.443999999999999,9.54054054054054,10.67,167.9947799683276,362.07972239562497,342.91997449759214
1,80,50,41-50,9.9389,8.64864864864865,8.760000000000002,165.95248013067646,310.91254700626195,304.02128056106255
1,80,50,51-60,5.377149999999999,4.054054054054054,4.0649999999999995,156.86476326174602,413.9580366663342,402.01751437015184
1,80,50,61-70,7.630800000000001,6.216216216216216,6.484999999999999,157.56303072525498,309.3781250050479,306.3623806535372
1,80,50,71-80,6.496,4.864864864864865,4.3100000000000005,147.99807163839228,350.99137345799386,348.58030797007416
1,80,50,81-90,7.4864500000000005,5.945945945945946,6.880000000000001,180.28334842602243,379.14692256216875,369.12533097684536
1,80,50,91-100,3.201949999999999,1.427027027027027,2.23,116.42726751533142,428.7482151659656,421.87144534905474
1,90,50,1-10,4.8349,2.313513513513514,2.7649999999999997,180.08162946098548,436.52846806617674,428.1069317011455
1,90,50,11-20,5.51615,4.054054054054054,4.41,165.73469556252437,360.68835893535686,359.488500826779
1,90,50,21-30,4.6588,3.5135135135135136,2.895,146.76294976297342,410.69586343142464,403.5664995160509
1,90,50,31-40,4.5055499999999995,4.594594594594595,2.985,168.91597455534054,325.30896411334663,325.8890429878741
1,90,50,41-50,4.013450000000001,2.621621621621622,2.025,180.32272553698786,363.72165026409203,363.9306580980716
1,90,50,51-60,4.3605,1.8918918918918919,2.37,129.55768835436783,380.7466027412435,385.38308575853495
1,90,50,61-70,5.7194,3.383783783783784,4.635,121.776586481223,366.45938845199134,354.2851761145213
1,90,50,71-80,5.190949999999999,2.7027027027027026,3.3599999999999994,137.73747487216698,299.933909246937,305.2832173179039
1,90,50,81-90,10.6709,7.935135135135136,10.715,137.43627227212798,279.1577379059557,263.0779630916112
1,90,50,91-100,7.2036,4.351351351351352,5.755,164.79802843352056,367.8184566189847,362.57274964631523
1,100,50,1-10,5.01735,2.194594594594595,3.5100000000000002,177.43393092522618,412.98541363337654,402.6401508239784
1,100,50,11-20,5.31325,3.2432432432432434,4.035,157.50254285497576,359.61988958405357,347.67759412266895
1,100,50,21-30,6.70715,3.6,5.795,122.30506789307977,340.200109708289,331.5486046506154
1,100,50,31-40,9.683650000000002,7.2972972972972965,8.83,133.11704972970008,249.79835945719338,245.89763670353614
1,100,50,41-50,6.665850000000001,3.7837837837837838,4.93,137.64510658240772,401.9146955300054,394.0118541741687
1,100,50,51-60,9.1798,6.308108108108108,7.3199999999999985,140.80412743107686,290.670163566559,279.7666819573107
1,100,50,61-70,9.958400000000001,7.054054054054054,9.334999999999999,161.86170389191201,270.9721571916301,260.51358092424374
1,100,50,71-80,14.867399999999998,11.081081081081082,14.425,145.22546136808424,263.492172493649,251.29365232555747
1,100,50,81-90,9.755499999999998,5.405405405405406,8.905,144.08484430550237,387.91012906861107,381.5158329488619
1,100,50,91-100,3.1196999999999995,1.0810810810810811,1.4,121.64081607177393,438.5253410871743,435.32428219925396
1,10,75,1-10,7.019,14.054054054054054,6.95,236.59583239436563,263.26892451369747,264.9202099046342
1,10,75,11-20,3.2650499999999996,3.5135135135135136,1.315,295.6360573225426,429.8787331583511,432.9601064782396
1,10,75,21-30,4.04795,6.010810810810811,3.05,295.7973933496441,438.20137542005875,442.1080038177335
1,10,75,31-40,5.5631,10.0,5.24,258.44993371389177,319.0029512802174,329.0325840916963
1,10,75,41-50,3.62875,6.756756756756756,2.79,241.67674091197253,366.1903847188236,361.87821715426855
1,10,75,51-60,2.9994500000000004,3.2432432432432434,1.77,189.4140768953756,426.1994032942084,417.2159142526797
1,10,75,61-70,8.09385,11.891891891891891,8.080000000000002,207.5984793153349,345.22688928235937,332.9854778859191
1,10,75,71-80,5.182400000000001,7.486486486486487,3.925,253.96320360081478,453.28203705770756,451.1143053447796
1,10,75,81-90,8.8965,14.01081081081081,10.205000000000002,191.1049988095967,324.5383593112733,316.37402633556076
1,10,75,91-100,4.382000000000001,5.545945945945946,3.0349999999999997,243.92963869178604,381.8261252469237,379.5891007972934
1,20,75,1-10,5.497450000000001,8.356756756756756,4.8,208.95088630836705,290.262621607865,288.7298713592583
1,20,75,11-20,3.5150999999999994,4.0,2.45,185.9927847432467,438.8634842016216,429.13632978235955
1,20,75,21-30,3.4879999999999995,3.664864864864865,2.015,196.1911414079873,445.58110338949035,448.74760580388073
1,20,75,31-40,4.66325,5.135135135135135,3.6349999999999993,232.59309879648126,412.3028040058269,411.11386061182674
1,20,75,41-50,5.9125,7.216216216216216,5.585000000000001,155.9963212162826,363.2895577613423,354.78609142318095
1,20,75,51-60,4.70735,5.945945945945946,3.329999999999999,205.18017022975874,372.1748892192656,370.0282066552571
1,20,75,61-70,2.8549999999999995,2.1621621621621623,0.8949999999999999,226.7428086342121,420.3675542748905,421.4114936130345
1,20,75,71-80,4.74245,7.5675675675675675,3.65,233.17879932726936,333.10021049675566,332.78723537946905
1,20,75,81-90,3.9320500000000003,6.735135135135136,3.8600000000000003,190.9906205106341,322.89980695070614,315.1870420269799
1,20,75,91-100,3.8364000000000003,3.5729729729729724,2.1700000000000004,165.02024373429143,385.538184278219,383.58869678590736
1,30,75,1-10,6.9729,11.205405405405404,7.654999999999999,184.703553417689,295.3162271850096,294.7797844535867
1,30,75,11-20,8.107600000000001,11.697297297297299,7.974999999999999,183.92161100877888,298.9812605156968,300.16140539999657
1,30,75,21-30,4.99155,5.508108108108108,4.115,169.50410967416968,356.1856626772995,352.58364778954376
1,30,75,31-40,7.575599999999999,11.091891891891892,7.859999999999999,186.62597064319212,314.08928958274527,297.2401446460106
1,30,75,41-50,6.4029,10.335135135135136,5.835,219.88850889039767,359.84157750777615,352.85548253097136
1,30,75,51-60,6.06965,10.837837837837839,6.2299999999999995,217.9595615464054,314.23047478691024,313.455722940654
1,30,75,61-70,5.86,8.108108108108109,5.845000000000001,201.4446132786728,313.7236124239369,314.3235712811038
1,30,75,71-80,5.107950000000001,7.027027027027027,4.385,213.86228427437905,357.22503103661745,359.4930485673822
1,30,75,81-90,6.2406500000000005,8.983783783783782,5.720000000000001,196.55643694057397,310.0770599492029,306.0626583302379
1,30,75,91-100,5.75625,8.2,4.84,217.8563770280561,308.95177709010864,308.9863721522352
1,40,75,1-10,3.2533000000000003,2.264864864864865,1.8199999999999998,180.53509602530434,390.52625105893475,381.99030234535195
1,40,75,11-20,4.9651000000000005,7.010810810810812,4.73,203.22536199317477,397.377541276495,397.11452263095055
1,40,75,21-30,4.0994,5.135135135135135,2.94,199.76175178658914,340.62660134243185,342.2913308572107
1,40,75,31-40,6.146800000000001,7.491891891891892,6.23,170.853409277174,344.9229487762008,339.73465073116137
1,40,75,41-50,7.0161,9.470270270270271,7.715000000000001,215.08639505059801,321.79080773124315,308.1659259254998
1,40,75,51-60,8.141649999999998,9.57837837837838,8.08,170.18791847122844,255.03552219040162,248.86552495556424
1,40,75,61-70,3.983199999999999,3.2432432432432434,1.9900000000000002,247.04475392773986,383.70900379655774,377.8504536872109
1,40,75,71-80,2.9929499999999996,2.437837837837838,1.6300000000000001,212.39595095131762,430.4566057568174,428.90888421822746
1,40,75,81-90,3.4816000000000003,2.972972972972973,2.125,190.4396265651739,467.17400708207606,464.90397424931245
1,40,75,91-100,5.148300000000001,7.027027027027026,3.7800000000000002,222.23763565152404,320.5695760840662,321.33282036629225
1,50,75,1-10,7.332849999999999,10.394594594594595,7.834999999999999,172.09988622544805,312.91773826064036,302.10128274067443
1,50,75,11-20,3.735550000000001,2.972972972972973,2.2,158.64676014996644,392.16922325565946,380.3655632129227
1,50,75,21-30,6.13265,7.767567567567568,5.525,199.96453073253116,381.69268257019775,378.50484939326293
1,50,75,31-40,7.8762,10.81081081081081,8.135000000000002,192.15711200874023,309.4830884879758,304.3854141471811
1,50,75,41-50,4.6537,4.864864864864865,3.215,169.84953966153245,347.3063037604903,341.3075078650679
1,50,75,51-60,5.02975,6.124324324324324,3.5,202.21611813354158,283.88896188786214,293.5587607536298
1,50,75,61-70,6.5794,7.5675675675675675,5.235,188.19589608656702,314.64839327890985,313.10677258221085
1,50,75,71-80,4.7708,4.805405405405406,2.9,206.6203144959735,422.4575888887304,418.859783132901
1,50,75,81-90,2.1259500000000005,0.0,0.185,,510.14450813045806,498.7853800327683
1,50,75,91-100,4.8702,5.135135135135135,4.135,218.88602076428413,371.6634876756297,361.88091639181374
1,60,75,1-10,3.8086999999999995,2.627027027027027,1.6250000000000004,164.31684243485452,410.95819595787196,409.39860015486784
1,60,75,11-20,7.4464000000000015,10.232432432432432,8.45,187.42662923511133,318.17950913837524,316.0883737998291
1,60,75,21-30,4.4270000000000005,3.8108108108108105,2.9050000000000002,142.05320531934208,395.8440367585728,397.77302069124477
1,60,75,31-40,6.939849999999998,9.18918918918919,6.295,184.59483024529408,398.31985626288304,392.95278326936784
1,60,75,41-50,3.1949500000000004,1.8918918918918919,1.4549999999999998,185.73770144426538,398.28140530711215,391.4421527655378
1,60,75,51-60,2.5675499999999998,0.8108108108108109,0.495,225.33522037670014,451.33011890605906,446.24256088041545
1,60,75,61-70,9.222900000000001,12.605405405405406,10.309999999999999,171.5191190543276,275.0348762406701,264.93322476516266
1,60,75,71-80,5.359,5.059459459459459,4.085,179.89526765502413,361.16694237413174,355.49319963076664
1,60,75,81-90,3.9431,4.054054054054054,3.94,139.14230900944673,394.09532255559157,388.97553821313954
1,60,75,91-100,4.29285,4.232432432432432,3.3600000000000003,203.98691618417888,398.342991108244,396.10997477011506
1,70,75,1-10,6.2986,6.545945945945945,6.175,141.97702285698824,419.07122704767664,410.72943892685754
1,70,75,11-20,8.031600000000001,8.14054054054054,7.004999999999998,171.65147212150723,311.0383063173576,304.47445622761245
1,70,75,21-30,9.239900000000002,11.891891891891891,8.53,160.54218728191316,339.5197174313397,333.19950462453437
1,70,75,31-40,4.41455,4.745945945945946,3.0949999999999998,141.2999425692588,372.71126119006857,372.9264132092351
1,70,75,41-50,6.7084,6.756756756756758,6.185,181.60832278773893,329.01399849778056,331.41766386221383
1,70,75,51-60,4.5491,3.8378378378378377,3.6449999999999996,128.4932359764732,364.86269546838497,358.96005977841907
1,70,75,61-70,5.0936,6.345945945945946,3.95,164.01346604522033,432.35795496747676,432.82802489446976
1,70,75,71-80,6.0988999999999995,4.654054054054055,4.37,173.80514239362725,326.8442925752398,319.6113924681788
1,70,75,81-90,3.5213499999999995,2.1621621621621623,2.055,150.37621175656042,418.13830588097414,410.7542374309167
1,70,75,91-100,2.0330500000000002,0.0,0.0,,490.9365034560283,495.83951532076463
1,75,75,1-10,7.111199999999999,6.918918918918919,6.76,149.0973481991354,368.8674351467161,363.59360000175883
1,75,75,11-20,3.8528999999999995,2.1621621621621623,1.28,179.54132084883383,424.3938557870979,428.46910811322994
1,75,75,21-30,4.0024,3.5135135135135136,2.0949999999999998,162.73077078618505,398.86961293603923,401.0375440674147
1,75,75,31-40,6.98925,6.58918918918919,4.784999999999999,189.2263450253029,336.13677748121154,336.142933300519
1,75,75,41-50,8.393149999999999,8.654054054054054,7.5699999999999985,160.39631080647882,339.99536489875254,344.76432379983305
1,75,75,51-60,4.39645,3.1027027027027025,2.2800000000000002,197.6978507205811,443.78093576892053,442.3867054906041
1,75,75,61-70,5.082800000000001,4.1891891891891895,3.8949999999999996,160.87759564272915,391.50646830660236,386.2652612569629
1,75,75,71-80,7.28195,7.837837837837837,7.5550000000000015,139.41205712247256,347.7946844636863,335.9973375819857
1,75,75,81-90,3.68515,2.7027027027027026,1.4949999999999999,201.68085899205585,366.76545449603844,363.36012130625886
1,75,75,91-100,6.4679,5.9459459459459465,5.7299999999999995,203.87482272249085,349.4974259498463,355.17402510321625
1,80,75,1-10,3.8155499999999996,2.4702702702702704,2.415,167.3350276693325,361.08433482914063,362.81095103213755
1,80,75,11-20,3.3638284232365145,1.463095491441948,1.9571784232365146,125.45008468850995,395.87678754228807,399.7818918519886
1,80,75,21-30,3.0899500000000004,0.8810810810810811,1.0,123.06808153815567,481.7446939161212,478.03371076572296
1,80,75,31-40,8.082600000000001,9.048648648648648,8.23,168.4108445654053,288.46507696640344,279.7436438018677
1,80,75,41-50,5.23815,4.054054054054054,4.470000000000001,187.69860464411957,367.8070414792759,360.6242430768931
1,80,75,51-60,7.517929869149472,8.91891891891892,7.87,163.69052239850546,312.37910552526523,308.54060218411666
1,80,75,61-70,6.0642499999999995,5.540540540540541,5.045,146.58112912130522,326.62744303407743,321.57623109221714
1,80,75,71-80,8.6926,10.594594594594595,8.209999999999999,168.2803819149369,335.6921675946321,329.31731614982635
1,80,75,81-90,5.1208,4.324324324324325,3.29,157.3440266566729,352.7249929548892,355.20450267034255
1,80,75,91-100,6.3210500000000005,5.767567567567567,5.475,175.21571203386713,363.29812494129817,363.9952014715502
1,90,75,1-10,3.91125,2.1621621621621623,2.5949999999999998,166.9183154758666,396.33463008949445,384.9511003983072
1,90,75,11-20,6.888799999999999,5.675675675675675,7.0200000000000005,175.59882745681017,329.0897839078225,322.6553922786453
1,90,75,21-30,9.4462,8.362162162162162,8.764999999999999,139.54871421191106,365.14650329276753,353.9148061332598
1,90,75,31-40,6.456800000000001,4.594594594594595,5.45,186.89148093280974,412.8040322711114,409.0058306050115
1,90,75,41-50,6.4201999999999995,6.2270270270270265,5.69,158.8161175806001,292.2626362308221,279.36213753242475
1,90,75,51-60,8.1538,7.594594594594595,7.535000000000001,157.84908850888903,287.18295619755037,277.5008943458914
1,90,75,61-70,6.9658999999999995,7.027027027027027,5.975,147.78202224119548,399.1331471225412,391.120257381195
1,90,75,71-80,4.65965,3.097297297297297,2.97,138.57872463419255,391.5724242040527,383.72079506887866
1,90,75,81-90,8.3172,7.297297297297298,7.445,159.38101916328029,291.8641293211436,275.5815243478773
1,90,75,91-100,5.3994,4.0540540540540535,3.8549999999999995,164.94700372280002,345.8059570568486,342.7645770954241
1,100,75,1-10,9.1446,6.216216216216216,8.120000000000001,148.65235006252652,273.1150956665221,260.3769363957862
1,100,75,11-20,5.2905999999999995,2.7027027027027026,3.5700000000000003,127.67531674433245,398.34886824293926,392.4089275389563
1,100,75,21-30,7.28245,5.870270270270271,6.055000000000001,144.4579272925388,337.8562346624623,332.79244699743924
1,100,75,31-40,7.912850000000001,7.027027027027027,7.26,170.28548383672415,339.7670568213165,335.5421116370202
1,100,75,41-50,4.5238,2.7027027027027026,2.7299999999999995,146.25242303987258,390.99394873205375,388.45340916896424
1,100,75,51-60,4.9762,2.918918918918919,3.4800000000000004,124.78673429713083,371.98566683101654,366.8166906016614
1,100,75,61-70,4.1206000000000005,1.6216216216216217,2.2600000000000002,160.4328820607123,380.8211358177282,378.69977867432505
1,100,75,71-80,5.747450000000001,5.324324324324325,5.0600000000000005,170.97067595587032,376.21272400704305,365.16928540184074
1,100,75,81-90,6.6607,4.054054054054054,4.805,146.213964513733,345.72098379564477,340.6482677787109
1,100,75,91-100,10.15245,7.837837837837839,8.25,156.40244942400403,296.08533937701753,282.5361064622391
1,10,100,1-10,4.658499999999999,8.908108108108108,3.87,275.1845292892632,352.26078202406273,352.46322563955727
1,10,100,11-20,5.1269,10.31891891891892,4.38,252.14912909841414,350.4653082436167,354.85852524660237
1,10,100,21-30,5.4626,12.432432432432433,5.475,231.33022063365624,331.5940880414402,328.8063909346142
1,10,100,31-40,3.1616500000000003,4.324324324324325,1.8650000000000002,252.28369280007973,385.35997415467375,386.7800133908689
1,10,100,41-50,6.2402999999999995,14.313513513513513,7.084999999999999,311.01079362744963,329.55081748057444,322.9345704127444
1,10,100,51-60,7.251099999999999,16.783783783783782,8.405000000000001,323.8448229541736,321.6665675412939,325.7674882432721
1,10,100,61-70,5.0006,9.45945945945946,4.229999999999999,210.53364055413533,293.7135018023197,287.34242104817986
1,10,100,71-80,8.0881,14.108108108108109,9.57,208.0053588623381,384.7036326715288,381.7508040923715
1,10,100,81-90,6.431699999999999,15.021621621621623,6.839999999999999,362.671233510462,332.7342724561776,323.550617205133
1,10,100,91-100,3.9823999999999997,6.486486486486487,3.5799999999999996,273.11303549050456,353.6316385331154,349.50799381810083
1,20,100,1-10,2.8814,2.037837837837838,1.035,284.5922927397065,484.1273985812093,495.6585410418878
1,20,100,11-20,4.86785,7.443243243243245,4.325,219.79449138846405,395.54924114781244,393.87147334778695
1,20,100,21-30,5.113950000000001,9.951351351351352,4.52,210.55336954567755,357.7420079376872,354.75265391522123
1,20,100,31-40,3.8396500000000002,8.697297297297297,3.7400000000000007,218.96016778861528,393.21431459967863,393.79022788715486
1,20,100,41-50,5.816699999999999,9.18918918918919,5.19,201.94589339988627,375.5927163956214,372.1950157709242
1,20,100,51-60,7.07735,14.237837837837835,8.495000000000001,210.5240449871206,276.5776919435472,272.33398700590664
1,20,100,61-70,3.348,4.816216216216216,2.0300000000000002,229.84943647357628,430.28829674015515,428.9404477329725
1,20,100,71-80,5.445,9.448648648648648,4.27,215.5425044036794,343.13368165994655,346.6262173287132
1,20,100,81-90,3.7678000000000003,6.216216216216217,2.5650000000000004,241.61369743292914,379.48410398499215,375.0946137550275
1,20,100,91-100,3.1114,3.854054054054054,1.605,231.67431295145684,387.38389491074474,387.1341120309909
1,30,100,1-10,4.223699999999999,5.405405405405405,3.5450000000000004,186.3398758863412,433.9439811324898,428.9288188099308
1,30,100,11-20,3.05415,2.972972972972973,1.8350000000000002,204.63453043414432,408.4716011716804,408.7285847451618
1,30,100,21-30,5.913799999999999,11.621621621621623,5.909999999999999,201.64303598733036,287.1684646343601,285.7725007657643
1,30,100,31-40,3.3207,3.513513513513513,1.7050000000000005,201.03962502107967,396.2051370214032,389.5747043667162
1,30,100,41-50,5.1183499999999995,6.756756756756758,4.82,219.50026765623764,391.75554923164214,390.90713116241466
1,30,100,51-60,4.13575,4.275675675675676,2.8950000000000005,223.17366936279197,458.03888517250454,452.58733875451236
1,30,100,61-70,3.9264,5.470270270270271,2.97,208.97985284416657,393.0356785772052,395.5277798166841
1,30,100,71-80,8.359600000000002,14.129729729729728,8.215,183.99228236786612,286.56140774479525,280.1089649361209
1,30,100,81-90,3.9236000000000004,5.135135135135135,2.1950000000000003,199.40792997262278,407.0131828694649,404.9528205365813
1,30,100,91-100,7.5907,12.972972972972974,6.135000000000001,234.7104876269745,326.00072056989495,326.63903352297064
1,40,100,1-10,5.13425,7.5675675675675675,3.8649999999999998,194.43952913239514,361.65392511069183,353.949619284013
1,40,100,11-20,3.86715,4.054054054054054,3.3200000000000003,164.7717366209646,425.61925900325275,417.30113257413404
1,40,100,21-30,4.22825,5.405405405405405,3.3600000000000003,181.6247670501202,371.03916325821615,363.3243520129272
1,40,100,31-40,6.363950000000001,9.064864864864864,5.25,194.87543380015055,303.15137551869446,305.1459040244549
1,40,100,41-50,8.90915,14.91351351351351,10.434999999999999,194.83670260673424,276.73885053590664,270.39342032753905
1,40,100,51-60,3.61555,2.972972972972973,2.56,157.13291334907385,423.3225869780613,414.90070122471315
1,40,100,61-70,6.344250000000001,9.729729729729732,7.18,163.76543277817126,294.7474871214382,288.9429081778995
1,40,100,71-80,3.8394500000000003,4.324324324324325,2.635,193.28846990799613,343.65846314627464,344.5098695255988
1,40,100,81-90,6.7176,10.410810810810812,7.065,185.43820560671747,300.29422997468276,294.8186554621506
1,40,100,91-100,7.3131,12.972972972972974,7.775,173.51185363625586,299.21816003222455,301.9399509474074
1,50,100,1-10,4.622,3.2432432432432434,2.7550000000000003,206.7097524795636,379.7829431370534,375.2564634470908
1,50,100,11-20,5.41695,7.113513513513513,4.549999999999999,199.6443754025257,332.4122298581297,332.2311752335403
1,50,100,21-30,5.28655,6.221621621621622,4.2,189.1707551055809,303.04907948603454,302.1807053511869
1,50,100,31-40,6.8393500000000005,11.94054054054054,7.090000000000001,194.77289246517097,284.07486257763344,284.97781960027123
1,50,100,41-50,6.46135,8.578378378378378,5.025,190.32391075757042,325.4832079525944,324.9512797939632
1,50,100,51-60,4.569249999999999,6.216216216216216,5.050000000000001,162.6792677950443,373.9688979747842,367.4167610060328
1,50,100,61-70,4.97505,7.027027027027027,4.105,192.55971476442485,322.3231428119987,323.69446249583245
1,50,100,71-80,4.07485,4.908108108108109,3.4799999999999995,196.56790280464125,355.8990758952556,355.97174352860566
1,50,100,81-90,7.6049999999999995,11.016216216216216,8.61,191.82683852013383,348.19140807025326,338.96018210367595
1,50,100,91-100,6.305750000000001,8.64864864864865,5.500000000000001,189.6714303523675,300.97314655352,310.17123610457656
1,60,100,1-10,4.62855,5.675675675675675,3.715,180.4396428503582,361.222074940852,362.45701569836507
1,60,100,11-20,5.09925,5.675675675675675,4.34,161.92429194193681,405.99900581300096,407.4223912770229
1,60,100,21-30,3.26605,3.108108108108108,2.32,194.72134068591745,395.972948167809,390.54787384900214
1,60,100,31-40,4.437700000000001,4.054054054054054,2.3950000000000005,203.21205530942188,354.9053802691966,354.20620534803504
1,60,100,41-50,2.24145,0.2702702702702703,0.06999999999999999,253.25972764953926,544.8377746556366,535.4339276549638
1,60,100,51-60,5.02045,6.486486486486487,3.2699999999999996,217.79855488821852,341.329186550582,344.7042982615863
1,60,100,61-70,6.125299999999999,9.102702702702702,7.115,170.03005376475068,350.0328427446469,338.8852565565362
1,60,100,71-80,3.5268,3.0810810810810807,1.78,205.7979957115749,401.2642063936217,404.2932435160011
1,60,100,81-90,4.54025,5.145945945945946,2.8200000000000003,214.20604324285813,380.62831685201434,382.43289703153164
1,60,100,91-100,6.686449999999999,10.108108108108109,7.175,186.52568021242334,313.2575353661367,313.553876225766
1,70,100,1-10,5.11835,5.54054054054054,4.640000000000001,194.752106714936,383.69112255466086,376.06700981001256
1,70,100,11-20,5.35275,5.772972972972973,5.0,156.61141207996928,395.980903500069,387.97070245078146
1,70,100,21-30,4.855849999999999,5.135135135135135,4.3100000000000005,176.89515103140013,398.49716916561067,399.7307813050153
1,70,100,31-40,4.4737,4.054054054054054,2.995,157.05471640876712,373.79293038322487,371.7993500699894
1,70,100,41-50,7.129300000000001,7.908108108108108,6.755000000000001,201.21113125405506,358.62894059817006,353.51663175295573
1,70,100,51-60,5.89555,7.005405405405407,5.700000000000001,165.65941667103445,388.1931150574834,391.4879910985724
1,70,100,61-70,4.442,4.864864864864865,2.925,202.8101898133791,363.1785711191625,359.13563865845686
1,70,100,71-80,8.472000000000001,10.821621621621622,8.875,176.32360317703518,345.3707352125588,336.4145830060087
1,70,100,81-90,7.1762500000000005,8.827027027027027,6.4350000000000005,177.78279876872105,384.9697859807202,374.2775770607816
1,70,100,91-100,4.83065,4.5729729729729724,3.95,168.71994956837173,409.4568939213091,401.3322080988294
1,75,100,1-10,3.8122999999999996,1.637837837837838,1.36,154.1858272172849,421.4727492947609,421.4685016450341
1,75,100,11-20,8.671000000000001,11.621621621621623,8.809999999999999,183.672945759006,315.57126526424076,310.1945448423976
1,75,100,21-30,4.022799999999999,3.5135135135135136,2.365,158.54463178020666,434.88498285117237,435.40374870587374
1,75,100,31-40,4.078449999999999,3.145945945945946,2.9899999999999998,142.28738941783342,343.84904627335686,334.6004702223976
1,75,100,41-50,5.8271500000000005,4.594594594594595,3.4699999999999998,195.17228424409845,438.4114910850209,428.72181944641187
1,75,100,51-60,7.0289,10.32972972972973,8.075,156.04670999805623,370.6549504403871,362.65298466583033
1,75,100,61-70,2.4426,0.6864864864864865,0.905,128.8489784243848,422.99930130273594,420.56663033922905
1,75,100,71-80,7.120949999999999,9.351351351351353,6.529999999999999,159.25769673805976,321.98476851285506,314.91208298885357
1,75,100,81-90,6.893000000000001,8.98918918918919,7.625,154.07067763034547,298.3307526341882,292.3229334193728
1,75,100,91-100,6.71845,8.64864864864865,6.054999999999999,153.47829735718497,347.07880083361965,343.56637765351314
1,80,100,1-10,4.7875,5.821621621621622,5.0600000000000005,156.1210197030509,421.5211740745901,414.857448657753
1,80,100,11-20,5.28855,6.248648648648649,3.9449999999999994,183.2524963659862,350.5917976064926,347.8038983842601
1,80,100,21-30,3.9638999999999998,3.243243243243243,2.44,197.75745746123644,390.61888824569576,382.150885061895
1,80,100,31-40,3.353,1.6216216216216217,2.03,136.11824613997916,430.2825785071585,428.06069455417037
1,80,100,41-50,4.34445,4.864864864864865,2.79,185.30997259394164,374.12430987620644,376.6701166878759
1,80,100,51-60,4.9052,4.940540540540541,3.6450000000000005,180.83094651326132,317.1837215411787,314.34970239884314
1,80,100,61-70,7.2151499999999995,8.524324324324324,7.084999999999999,169.43469969203196,311.7833330360856,303.3222488669102
1,80,100,71-80,3.6489000000000003,2.4324324324324325,2.1550000000000002,185.83327434491852,468.8748588519937,468.7139762822726
1,80,100,81-90,2.5345500000000003,1.3513513513513513,1.015,140.74630401872443,386.35795385097947,387.56734175855956
1,80,100,91-100,4.1995,3.8756756756756756,3.35,196.48599272752836,359.88378758924034,356.9089754135014
1,90,100,1-10,4.945849999999998,4.145945945945946,3.8600000000000003,142.3493138607925,330.56152717728133,331.34971076353366
1,90,100,11-20,4.9722,4.054054054054054,3.56,207.31585803057564,357.9783944553871,356.3021376232791
1,90,100,21-30,5.16935,5.383783783783784,4.3950000000000005,164.46946265991838,337.84087976754137,340.93831012729777
1,90,100,31-40,3.60965,1.8918918918918919,1.8050000000000002,158.81354709095768,403.27945204145874,406.39840284933973
1,90,100,41-50,4.2413,2.7027027027027026,2.555,142.51562942082774,409.73258286022684,400.8485776723744
1,90,100,51-60,6.38725,6.3621621621621625,5.32,147.1839944833485,348.9321014948065,344.07576999095875
1,90,100,61-70,8.022200000000002,8.64864864864865,7.695,152.08511019047558,312.3456780756125,298.3616532903902
1,90,100,71-80,3.8615000000000004,2.7027027027027026,2.3899999999999997,132.74039936856965,416.9436443766913,409.0848791627917
1,90,100,81-90,2.71415,1.0810810810810811,0.6799999999999999,138.30400909202208,440.49830806067513,434.79118877349504
1,90,100,91-100,4.690799999999999,4.010810810810811,3.435,138.9457211904974,432.112967895907,427.881389096327
1,100,100,1-10,6.043950000000001,4.864864864864865,4.545,165.18503427966797,326.3253630351762,317.2447228035153
1,100,100,11-20,7.702800000000001,8.794594594594596,8.235,151.42641744552117,351.17692094500313,339.48867268200473
1,100,100,21-30,9.250050000000002,9.194594594594594,9.045,151.5786443976192,257.7921675617372,251.60522097554204
1,100,100,31-40,6.59105,5.924324324324324,5.91,141.9294346827804,301.6607688317262,304.60758991982686
1,100,100,41-50,6.843849999999999,4.864864864864865,6.415000000000001,128.420088210508,302.1694898903156,287.50663832024554
1,100,100,51-60,3.4899499999999994,1.3513513513513513,1.6149999999999998,121.15635883476497,443.0116018161906,443.54696970851865
1,100,100,61-70,4.6873,3.5135135135135136,3.12,179.21947448778684,412.8912005095758,412.52516763155415
1,100,100,71-80,6.9306,6.6702702702702705,6.49,149.89831359254654,287.84974183301125,281.1689017122476
1,100,100,81-90,3.4869,1.8918918918918919,2.2,134.88305001288214,428.1086602629446,416.154572671422
1,100,100,91-100,4.77965,3.5135135135135136,3.2700000000000005,185.0043828869956,417.14840600081686,417.2657777884933
2,10,1,1-10,16.644,0.5405405405405406,7.220000000000001,108.0292842189588,454.93033658356825,452.3163144248415
2,10,1,11-20,47.4313,0.5405405405405406,26.22,120.56160652588838,395.90612601463965,383.50660608510157
2,10,1,21-30,79.0189,3.205405405405405,42.87,129.2661776892035,228.76676502976434,199.97244082810442
2,10,1,31-40,29.307599999999997,1.3513513513513513,15.175,144.71007283525086,395.925074098387,388.6433189766327
2,10,1,41-50,16.394550000000002,0.5405405405405406,8.08,125.52836563103992,405.81441038943694,410.46763710284597
2,10,1,51-60,62.895849999999996,2.5945945945945943,33.295,118.17137749770203,336.5216018004908,322.0328051163103
2,10,1,61-70,44.3617,2.7027027027027026,23.314999999999998,129.63446702284816,342.96177269387465,321.13460294647996
2,10,1,71-80,67.07860000000002,2.881081081081081,36.125,141.5726036761452,349.51057722261146,330.4471562737467
2,10,1,81-90,59.73935,1.7459459459459459,31.745000000000005,136.27092712317605,349.6026787561466,325.7294702381915
2,10,1,91-100,39.068850000000005,2.4324324324324325,21.42,125.16794510949704,436.05262744560406,420.27013061301807
2,20,1,1-10,18.398149999999998,0.8108108108108109,8.465,112.47532491567826,435.96142676561175,423.0234182010066
2,20,1,11-20,51.111850000000004,0.9837837837837837,26.814999999999998,118.31427492763689,369.3762497679819,346.46578704719116
2,20,1,21-30,74.53305000000002,2.1621621621621623,39.114999999999995,119.39027634265594,280.130427374837,258.6339912622413
2,20,1,31-40,29.298650000000002,1.0810810810810811,15.935000000000002,121.11921818786773,332.60610624293554,314.0014433140096
2,20,1,41-50,64.04775,1.6216216216216217,33.875,116.68646595349882,241.55557213246976,228.474957743703
2,20,1,51-60,34.530950000000004,1.3513513513513513,17.78,123.2384278297771,374.8896674343231,358.26094747056675
2,20,1,61-70,58.470499999999994,1.2,30.645,121.17038587271827,220.41982276982748,193.72275231906733
2,20,1,71-80,52.452600000000004,1.0810810810810811,26.895000000000003,114.97157653009913,282.8863708907961,265.3327577292075
2,20,1,81-90,47.7445,0.8864864864864865,23.375,114.65901808516787,343.4644731886866,333.52856774867035
2,20,1,91-100,45.60645,1.8324324324324324,24.025000000000002,121.45025955542548,343.5856460551074,324.0472493424346
2,30,1,1-10,8.28865,0.0,3.1350000000000002,,480.9708330801265,478.42927772646306
2,30,1,11-20,49.612100000000005,1.3513513513513513,26.085,112.97328597369791,247.50290926431234,223.39345220724408
2,30,1,21-30,71.48385,0.5405405405405406,36.67999999999999,114.05816595610378,308.2959577716044,288.64658457751494
2,30,1,31-40,7.9485,0.0,2.58,,428.85832197415436,424.24428982781694
2,30,1,41-50,2.8709,0.0,0.05500000000000001,,493.7730859068894,492.5638214485022
2,30,1,51-60,38.67975,0.6324324324324324,19.604999999999997,111.10796185634554,360.3687393519025,347.43980901064697
2,30,1,61-70,74.94389999999999,1.6216216216216215,39.325,121.27876928417686,246.4534884044452,228.66132571779963
2,30,1,71-80,48.741749999999996,0.5405405405405406,24.99,110.62869199052102,364.9003363855983,349.78326171701
2,30,1,81-90,49.6918,1.6216216216216217,26.655,118.67120542150053,385.8453178066053,367.46609891542823
2,30,1,91-100,42.730599999999995,2.7027027027027026,22.47,120.446125506045,264.8219573224651,245.70273159723087
2,40,1,1-10,39.03875,0.5405405405405406,20.37,110.04655028191121,357.8941626463899,351.99590898523434
2,40,1,11-20,24.307049999999997,0.8108108108108109,11.195,113.65370384605652,382.1644404689447,372.91169886318096
2,40,1,21-30,67.31925,1.8918918918918919,35.465,112.96827604514003,243.02548188260647,216.8877488138774
2,40,1,31-40,62.55089999999999,1.8918918918918919,32.379999999999995,114.64798479184844,311.91306128314244,291.6208529456415
2,40,1,41-50,78.24255000000001,2.1621621621621623,41.03000000000001,113.74891258029021,233.50680855052323,204.6516102953404
2,40,1,51-60,51.30015000000001,0.5405405405405406,26.855,106.9926176441094,350.40911575966095,333.2223950249838
2,40,1,61-70,36.902049999999996,0.8108108108108109,18.975,122.72090652925539,348.1431317953248,331.4505279697526
2,40,1,71-80,10.9596,0.0,4.135,,420.84277860984764,413.65143684446303
2,40,1,81-90,41.45545,1.3513513513513513,22.15,119.92516030682523,310.0072913153998,300.1949495895849
2,40,1,91-100,31.725300000000004,0.8108108108108109,15.854999999999999,113.4924557559357,338.42564593144806,334.83976046960834
2,50,1,1-10,46.43195,1.0810810810810811,23.675,115.18406848612804,307.4295244916992,295.8290301519631
2,50,1,11-20,46.0065,1.0810810810810811,23.574999999999996,112.50648870628099,300.94420223456046,288.3152551430736
2,50,1,21-30,77.4931,2.1621621621621623,41.615,116.02501781043561,269.31129237477916,250.22026936157562
2,50,1,31-40,31.2625,1.0810810810810811,17.825,136.9712721216423,354.1668458133288,343.4250140592768
2,50,1,41-50,24.77845,0.2702702702702703,12.180000000000001,120.05390701364516,361.1003079359663,356.0619037757392
2,50,1,51-60,26.7041,1.3513513513513513,12.95,121.03437837844828,375.14085374247816,377.13805106895995
2,50,1,61-70,45.226549999999996,1.0810810810810811,23.535000000000004,116.00116372660236,321.4289234227955,302.6272718514721
2,50,1,71-80,10.707600000000001,0.2702702702702703,5.02,123.65220663448248,435.68928220134177,431.458283390217
2,50,1,81-90,30.109199999999998,1.3513513513513513,15.694999999999999,116.45123850815875,315.57722205057325,296.63803600906596
2,50,1,91-100,122.42724999999999,2.7027027027027026,66.41499999999999,116.71657377631432,143.8483439727932,110.37425156937636
2,60,1,1-10,51.346900000000005,0.745945945945946,27.369999999999997,103.60112571758646,301.5259494496431,284.59989323491834
2,60,1,11-20,98.4085,2.4324324324324325,51.59000000000001,114.93233618182462,248.1689994594833,229.42282572986997
2,60,1,21-30,46.118649999999995,0.8108108108108109,25.035,124.81643413797134,278.24242417906214,255.1041304218642
2,60,1,31-40,26.812850000000005,1.0810810810810811,12.91,109.18492455939827,392.2379910249646,380.96913861357837
2,60,1,41-50,49.47225,0.8108108108108109,26.119999999999997,125.66146701681146,278.6087189780445,259.97848529790923
2,60,1,51-60,79.0977,1.3513513513513513,44.605,124.14439771880355,309.9842775793359,287.72880342162546
2,60,1,61-70,28.53315,0.5405405405405406,14.809999999999999,123.45192427425431,380.53530862594346,364.2430444051503
2,60,1,71-80,33.1528,1.3513513513513513,16.925,120.03525626754177,321.4179584388138,311.88426026154355
2,60,1,81-90,49.075950000000006,1.6216216216216217,24.955,113.46151121573598,295.16801879299766,274.2459472774509
2,60,1,91-100,74.21124999999998,2.4324324324324325,39.04,116.07116352213426,234.3411242833469,205.79921428639287
2,70,1,1-10,8.33915,0.0,3.3650000000000007,,444.5199138550482,441.18117736411784
2,70,1,11-20,62.63190000000001,1.3513513513513513,32.49,115.00235606410673,262.2784309712855,236.8999502037124
2,70,1,21-30,63.42040000000001,2.243243243243243,34.105000000000004,116.8949918817271,310.4834653806866,294.68080026255944
2,70,1,31-40,45.1244,0.5405405405405406,22.925,119.98530425144924,369.1981832546788,356.2979936214762
2,70,1,41-50,35.836400000000005,0.8108108108108109,17.405,116.63677898616731,330.1652749972128,324.23306155831995
2,70,1,51-60,42.794200000000004,0.8108108108108109,21.715,122.46010863191039,362.8838658586061,354.0654618651721
2,70,1,61-70,27.2207,0.2702702702702703,12.85,122.2350987681302,382.8743516107574,369.98156596282945
2,70,1,71-80,39.48795,1.0810810810810811,20.825,116.7668528896063,308.8260352111546,284.313534283573
2,70,1,81-90,52.588849999999994,1.3513513513513513,27.619999999999997,120.50273963265965,404.1595008749679,383.959754204884
2,70,1,91-100,47.1164,0.5405405405405406,23.080000000000002,118.62051092059535,359.34306993007834,349.47745872220065
2,75,1,1-10,47.02865,0.5405405405405406,22.775,119.85369936887224,349.00282345421675,333.8386438938186
2,75,1,11-20,37.098000000000006,0.8108108108108109,18.55,113.59090215856963,441.52231176699013,427.52756126326705
2,75,1,21-30,43.02915,1.0810810810810811,21.3,119.13403046567916,354.3922607643052,346.43785093978596
2,75,1,31-40,71.29305,1.8918918918918919,37.215,116.62838960812697,259.654126917994,238.05339930410338
2,75,1,41-50,34.27669999999999,0.5405405405405406,17.189999999999998,109.94133102941632,377.06271955644684,360.0323386846464
2,75,1,51-60,23.99555,0.0,11.515,,397.1472958692385,390.6257895588503
2,75,1,61-70,57.62540000000001,1.0810810810810811,29.905,111.9321038330769,350.3825813138621,336.2864532357138
2,75,1,71-80,49.4397,1.0810810810810811,25.735000000000003,116.14495625152797,312.454700547668,297.0743122945059
2,75,1,81-90,33.90944999999999,1.6216216216216215,18.18,116.16819826291753,326.8636478694787,308.1471246270286
2,75,1,91-100,40.078649999999996,1.3513513513513513,21.06,126.06527028920335,332.89625194699147,323.9916874089092
2,80,1,1-10,58.9135,0.8108108108108109,30.675,115.25120789113181,303.3840859772872,288.6506896750829
2,80,1,11-20,45.31224999999999,2.1621621621621623,23.530000000000005,116.51245669760408,328.3625134740402,313.00094196120205
2,80,1,21-30,62.842949999999995,2.3567567567567567,33.09,115.2522904326282,310.5804366260835,293.0988526505402
2,80,1,31-40,29.26385000000001,1.6216216216216217,14.715,128.07414672110576,379.9874257266943,380.1166170659318
2,80,1,41-50,76.62215,2.6,40.800000000000004,112.09430707755729,306.04156636444793,277.04919182842775
2,80,1,51-60,57.86690000000001,2.9729729729729732,30.830000000000002,117.00299009435476,259.49687416239186,244.73721126156775
2,80,1,61-70,49.7826,1.8918918918918919,25.625,112.65245136337576,323.63162519468915,306.0843675318842
2,80,1,71-80,45.82865,0.8108108108108109,25.65,124.03351689512306,385.3854028891253,365.0403138997003
2,80,1,81-90,28.772199999999998,0.5405405405405406,15.73,129.91549729077366,378.05504242114915,371.12785595126377
2,80,1,91-100,75.9253,2.4324324324324325,40.27,123.70283958550537,249.28399931836333,228.5769072117465
2,90,1,1-10,73.93355,1.3513513513513513,40.275,121.26550774936129,299.1603009853358,281.15246944124783
2,90,1,11-20,31.892449999999997,0.0,15.895,,435.74648019706257,420.913102523016
2,90,1,21-30,38.02755,0.5405405405405406,18.785,122.04576137799421,353.3835018968988,331.2193490892752
2,90,1,31-40,22.4176,1.0810810810810811,10.795,110.74885834250239,333.1571815940919,329.4248585525621
2,90,1,41-50,49.0535,1.6216216216216217,26.335,126.28090934819856,331.87852972195776,313.1403913253219
2,90,1,51-60,47.247550000000004,1.6216216216216217,24.509999999999998,112.02903345890536,340.1667126213264,315.02711710248866
2,90,1,61-70,29.180999999999994,0.5405405405405406,14.275,107.21287655508307,420.77509970123754,405.43914123351794
2,90,1,71-80,50.4434,1.8918918918918919,27.494999999999997,114.80248431189315,278.38854988580306,257.1064353527498
2,90,1,81-90,41.15925,2.4324324324324325,22.06,110.41904061756581,275.1673158380483,263.51456140868714
2,90,1,91-100,34.93265,0.8108108108108109,18.075,115.59079582360319,360.7965612066342,353.2294269401177
2,100,1,1-10,91.67640000000002,2.189189189189189,48.39,108.23196790582404,257.000366641658,238.85666595638773
2,100,1,11-20,47.48655,1.0810810810810811,26.104999999999997,120.8926916651634,414.49947780255434,399.43641391177033
2,100,1,21-30,82.63155,2.4324324324324325,43.58,116.26992708145997,245.4406120164299,227.0510689050519
2,100,1,31-40,28.061349999999997,0.8108108108108109,14.39,115.39285597571863,389.0905237461863,381.8026013801622
2,100,1,41-50,74.76785,1.3513513513513513,38.15,112.47989511514174,249.1974751996679,229.19935360124072
2,100,1,51-60,49.733,1.9243243243243242,26.005000000000003,112.47776568678826,294.7426642869023,271.1105255410598
2,100,1,61-70,45.28645,1.9351351351351351,23.145,114.70495986469909,321.4481091696502,300.4117610467973
2,100,1,71-80,70.82749999999999,3.2432432432432434,39.25500000000001,116.67218579659489,275.07795385228223,257.4252905016522
2,100,1,81-90,27.63225,1.0810810810810811,13.815000000000001,120.0926054557645,400.40019239151513,391.3054639781817
2,100,1,91-100,63.7265,1.0810810810810811,33.35,114.61459497353029,338.19303779980515,316.2249403800905
2,10,5,1-10,12.79145,1.508108108108108,6.12,162.63426209480554,497.57939036474727,481.81014193095945
2,10,5,11-20,46.53685,6.216216216216216,25.804999999999996,187.9759874100043,286.79243781227837,267.6222291514431
2,10,5,21-30,23.93055,2.6702702702702705,12.89,177.36684830935855,342.6641591786039,328.0808841534786
2,10,5,31-40,27.4095,4.594594594594595,15.855,141.75615179910457,335.21571573565944,308.05346484469277
2,10,5,41-50,26.066750000000003,4.864864864864865,14.9,127.78212616885348,330.7953375433236,313.09885385905767
2,10,5,51-60,2.69195,0.0,0.06,,485.44619339768076,482.6179841335813
2,10,5,61-70,19.9809,3.513513513513513,10.7,149.52909704982358,368.09539794014654,362.03293662626004
2,10,5,71-80,36.1764,2.9243243243243247,19.175,153.4891936263212,320.72654260272765,295.1728574528317
2,10,5,81-90,28.939449999999994,3.405405405405405,15.430000000000003,161.30636538050297,337.06264819773423,330.39978411406054
2,10,5,91-100,32.939049999999995,4.886486486486485,19.21,167.55511650712955,347.36595880714,338.6340633288972
2,20,5,1-10,23.89425,1.6216216216216217,12.250000000000002,117.03921741584703,304.6654859979544,294.12893911283686
2,20,5,11-20,23.356099999999998,3.2432432432432434,12.105,131.4853253352225,373.0759513265253,361.61977805278536
2,20,5,21-30,24.190900000000003,3.7837837837837838,12.709999999999999,127.51935004908253,271.10507622514604,255.903370516625
2,20,5,31-40,47.45885,6.783783783783784,27.095,121.29171931895632,303.36673290271176,283.1071403104671
2,20,5,41-50,29.2589,4.594594594594595,15.680000000000001,137.80569917152204,275.05271102030053,264.3945728480238
2,20,5,51-60,51.8224,7.6,30.095,127.35064729292968,213.18998013918699,185.17180440190126
2,20,5,61-70,47.7478,8.108108108108109,26.855,121.04502447845522,259.9461712508447,238.99338775697385
2,20,5,71-80,14.092499999999998,2.1621621621621623,7.325,119.46175280621256,421.2074428549222,420.6496315096464
2,20,5,81-90,26.232,3.7837837837837838,14.365,124.16634722799976,481.68106548384185,461.1817258283337
2,20,5,91-100,43.856649999999995,7.632432432432433,26.785000000000004,123.58875838024319,320.7316195367729,296.4259842397142
2,30,5,1-10,22.338699999999996,3.2432432432432434,12.080000000000002,124.91587959201156,324.8174553739327,314.50194139601615
2,30,5,11-20,23.16625,2.972972972972973,12.605,118.42651721296792,367.14625553494665,344.50011665273837
2,30,5,21-30,46.814350000000005,6.859459459459461,27.609999999999996,119.67360295195492,261.9699997958512,239.2158762842364
2,30,5,31-40,42.9017,6.216216216216216,24.745,117.99796693832806,277.8818414880076,260.42877115651015
2,30,5,41-50,8.311600000000002,1.0810810810810811,3.5150000000000006,118.17158913778405,390.2470263174233,386.30425004876537
2,30,5,51-60,21.2338,2.1621621621621623,10.65,114.42540858339258,324.02631800427315,315.3006427087172
2,30,5,61-70,36.9165,4.891891891891892,19.98,138.50749754497798,279.40840895242724,264.266773231947
2,30,5,71-80,22.422250000000002,2.735135135135135,11.885000000000002,146.69547982975118,371.0138175727418,364.9728772138091
2,30,5,81-90,50.47305,4.870270270270271,26.895000000000003,146.73894279287566,254.26762785252944,231.36628222527557
2,30,5,91-100,11.5113,2.7027027027027026,6.085,139.79786965353583,313.15685218226656,306.1063509120348
2,40,5,1-10,48.19265,4.324324324324325,24.99,112.78912462243655,232.02024503852323,205.13826665366872
2,40,5,11-20,38.4344,5.9459459459459465,21.439999999999998,115.98298516944445,306.0338551512234,288.9062762943511
2,40,5,21-30,12.1577,2.745945945945946,6.415000000000001,126.15243581016912,397.48874318651053,376.91993924063223
2,40,5,31-40,19.56985,2.1621621621621623,10.26,124.92971397762108,385.5363080955323,370.13193286719996
2,40,5,41-50,36.32260000000001,4.794594594594594,20.02,119.3928483609361,308.0847399522853,285.42879142522645
2,40,5,51-60,22.633550000000003,2.7027027027027026,11.895,121.82446248084338,316.93762187454854,298.59256578939534
2,40,5,61-70,28.845049999999993,5.405405405405405,15.400000000000002,121.38260322071422,262.72104475087605,247.25428923788672
2,40,5,71-80,44.61715,6.7783783783783775,25.634999999999998,114.85540566314393,330.42443733929156,300.11409870948165
2,40,5,81-90,20.2748,3.7837837837837838,10.85,127.06474956776725,415.2197193201203,415.3641368922951
2,40,5,91-100,35.24839999999999,4.864864864864865,19.12,119.73661771604027,298.0979810749348,278.7942685519717
2,50,5,1-10,24.40905,2.972972972972973,13.235,121.1084970738206,418.2772119953703,423.6342087878662
2,50,5,11-20,27.589049999999997,3.2432432432432434,14.804999999999998,138.82752774175987,334.95323091060385,324.7081069985177
2,50,5,21-30,12.781799999999999,1.0810810810810811,5.83,131.17828179608662,443.52903756650613,433.9347825477383
2,50,5,31-40,51.6857,7.724324324324324,30.105,121.50610842066816,237.44945618313463,217.61820323265655
2,50,5,41-50,27.4224,5.135135135135135,16.160000000000004,130.07589062855368,328.3772702855873,306.5464430506636
2,50,5,51-60,28.7087,4.324324324324325,15.175,114.66531948602939,360.4391369088265,349.6857303754623
2,50,5,61-70,17.6633,2.7027027027027026,9.24,119.27887666891814,324.9717065631069,317.2259053707195
2,50,5,71-80,35.742399999999996,5.167567567567568,19.619999999999997,119.25593413181126,321.1250226828201,298.29077014812907
2,50,5,81-90,25.3707,3.2432432432432434,12.919999999999998,119.64280704165779,332.0926587493564,321.01720674054604
2,50,5,91-100,36.041000000000004,5.6,19.43,145.92443129993475,302.937615927806,288.63505610685604
2,60,5,1-10,33.2616,4.324324324324325,18.25,120.45589468280963,330.5570375293237,314.4921510670991
2,60,5,11-20,14.946699999999998,1.6216216216216217,7.13,119.4199079606293,370.57615376329534,362.4035377452835
2,60,5,21-30,20.9866,1.827027027027027,10.565,119.42748463004362,321.93274546242435,308.58520363558546
2,60,5,31-40,65.99170000000001,7.2972972972972965,36.885000000000005,116.55560272633444,218.49101590636366,196.02405125204834
2,60,5,41-50,25.609999999999996,3.243243243243243,13.995,127.21049723927591,227.6326886297865,208.67931133047801
2,60,5,51-60,38.17295,4.594594594594595,20.925,124.0535871253331,262.41366965182635,244.35930366928292
2,60,5,61-70,42.2093,7.2972972972972965,25.369999999999997,121.9482364352807,273.50498142942615,260.8788378653634
2,60,5,71-80,34.376799999999996,5.675675675675675,19.380000000000003,121.66199203981925,277.7643140820345,259.4885004513262
2,60,5,81-90,24.851450000000003,1.8918918918918919,12.63,120.65409761617472,438.7922014040416,425.9413700618804
2,60,5,91-100,39.11255,5.675675675675675,21.78,117.5826446639564,264.23815458994784,251.29104765742832
2,70,5,1-10,27.168599999999998,2.7027027027027026,13.515000000000004,115.16633143565645,388.38881992633134,385.5018926571609
2,70,5,11-20,15.751749999999998,1.6216216216216217,7.589999999999999,109.72124217291544,390.58296652974127,381.4388671601604
2,70,5,21-30,15.60905,2.4324324324324325,7.555,121.49430547316851,338.98523124472985,323.46194662367344
2,70,5,31-40,62.71864999999999,7.027027027027027,35.72,119.52382581234474,249.0553176992224,220.95318624402526
2,70,5,41-50,32.2793,4.324324324324325,17.56,120.41930735712118,344.3827197600732,334.5206002159165
2,70,5,51-60,38.43075,3.243243243243243,20.195,116.0736345090714,302.88840147448184,281.0469729463242
2,70,5,61-70,20.96275,2.7027027027027026,11.415,116.27817932409472,347.7855837951903,349.12943356450774
2,70,5,71-80,31.412800000000004,3.7837837837837833,16.15,142.76018489260724,304.0255707780867,280.1969126088522
2,70,5,81-90,57.42059999999999,5.405405405405405,31.3,123.66076228766366,290.7620272715958,264.15194836523904
2,70,5,91-100,38.87935,3.6108108108108112,19.964999999999996,111.64318673907857,326.9717715407868,306.4202012020752
2,75,5,1-10,9.4095,0.5405405405405406,3.8000000000000007,118.89937935189394,401.662465855385,394.64258538088274
2,75,5,11-20,33.04019999999999,3.4810810810810806,17.759999999999998,112.7701142337836,359.0688962146839,345.72825130240324
2,75,5,21-30,37.03005,5.405405405405405,20.514999999999997,121.44012220712071,310.18151651404634,287.8303313395505
2,75,5,31-40,57.823699999999995,5.675675675675675,32.655,125.36009925777003,235.5728499237107,218.1501320749374
2,75,5,41-50,13.74815,1.8918918918918919,6.475,113.294503850844,401.893398606776,390.5874399722733
2,75,5,51-60,50.583400000000005,4.324324324324325,27.880000000000003,116.25554260150993,333.76587047306145,310.6476233401913
2,75,5,61-70,30.193599999999996,2.681081081081081,15.959999999999999,114.55312935728679,344.5549738064245,324.5650872872611
2,75,5,71-80,22.2264,4.594594594594595,12.860000000000003,120.40450580145314,403.6704555355059,392.2616571363967
2,75,5,81-90,21.7249,3.5135135135135136,11.9,123.82926009092196,270.8981221167039,248.56766144142057
2,75,5,91-100,42.428900000000006,4.864864864864865,23.55,119.49751156835482,316.49651314771086,309.65387685210806
2,80,5,1-10,22.941049999999997,2.4324324324324325,11.815,118.17852510121679,369.71252705978907,357.4457195013175
2,80,5,11-20,29.019349999999996,3.5135135135135136,15.960000000000003,124.24130713455475,356.9235552078036,338.30022539050776
2,80,5,21-30,26.209200000000003,4.054054054054054,14.580000000000002,122.5235908132698,391.28612785916675,383.1582006565876
2,80,5,31-40,19.26805,2.972972972972973,10.22,132.45476053067307,290.58097129212223,268.482010158091
2,80,5,41-50,20.7252,3.32972972972973,11.055,114.20846359976811,385.0975484108855,377.53834937809614
2,80,5,51-60,46.706599999999995,6.2918918918918925,26.55,121.18427576101922,338.60150556708766,318.34426931294536
2,80,5,61-70,23.2217,3.5135135135135136,12.17,137.36521961618712,378.36750109622557,358.46351414224375
2,80,5,71-80,44.051649999999995,5.551351351351352,24.520000000000003,114.48269569335679,338.60986048904545,314.0797834876547
2,80,5,81-90,66.48085,8.108108108108109,37.25,114.44037529115383,204.30763053365936,176.53876779667772
2,80,5,91-100,24.96495,1.6216216216216215,12.62,116.25256231494087,363.82748670807996,343.4006327891087
2,90,5,1-10,21.8422,4.594594594594595,12.17,112.44593652224681,317.4542043590377,305.5122173524497
2,90,5,11-20,31.353250000000003,5.675675675675675,17.800000000000004,130.27180555472384,297.6827106204966,288.8558446420958
2,90,5,21-30,22.40355,1.3513513513513513,10.91,122.96867855014051,354.5238762737766,352.0391495724929
2,90,5,31-40,24.573649999999997,2.7027027027027026,13.325,118.62923135825376,310.2107841823598,288.49433440622124
2,90,5,41-50,25.318649999999998,3.2432432432432434,13.45,115.22235685962524,339.2783704911731,327.338952616724
2,90,5,51-60,43.57285,5.156756756756757,24.639999999999997,114.88489597634627,297.29952381077635,278.04978865199644
2,90,5,61-70,20.0316,1.3513513513513513,10.46,119.50860493525282,376.52717385645565,364.69916162319475
2,90,5,71-80,51.572500000000005,7.762162162162163,30.395,120.15161179457527,284.22831610643976,253.12570097955603
2,90,5,81-90,41.4428,8.27027027027027,23.479999999999997,113.96448453825647,308.6694718391441,290.7465206961166
2,90,5,91-100,28.073950000000004,3.5135135135135136,15.45,120.14718452464054,480.59089595432295,464.58853641262203
2,100,5,1-10,43.841550000000005,4.767567567567568,24.07,115.6038086769483,271.7017463109429,244.23361894184404
2,100,5,11-20,13.2915,1.3513513513513513,6.725,131.98173769457733,431.0212811594798,424.34616633186687
2,100,5,21-30,41.768899999999995,4.832432432432432,23.060000000000002,115.33439040855389,248.36339649687838,224.60766035162078
2,100,5,31-40,30.586350000000003,3.589189189189189,16.555,115.50964983927595,245.21594805256342,228.05211046162313
2,100,5,41-50,49.498999999999995,9.18918918918919,29.22,119.17460931026906,238.6808424243374,209.28584912572722
2,100,5,51-60,21.7506,4.68108108108108,12.985,135.52326928386287,305.4660734719764,281.4803543222866
2,100,5,61-70,45.8417,5.675675675675675,25.360000000000003,120.40192381640735,234.14225203105053,206.57624519211421
2,100,5,71-80,34.753249999999994,5.405405405405405,21.044999999999998,127.53348452175844,314.7069957856143,301.2773983689873
2,100,5,81-90,17.47285,2.4324324324324325,8.870000000000001,119.10401436305489,354.7684200749469,354.4334353694731
2,100,5,91-100,24.97475,3.8108108108108114,14.120000000000001,121.17144245498746,308.29769487975244,285.98855719140863
2,10,10,1-10,19.476399999999998,4.518918918918919,9.955,163.72807647294547,417.8688836733712,416.1742563255599
2,10,10,11-20,21.1629,5.405405405405405,11.625,118.16268413948316,309.29440842200336,294.3900897270277
2,10,10,21-30,15.233149999999998,5.054054054054054,8.535,268.36547208050655,447.1435128676593,429.36086463257914
2,10,10,31-40,26.0397,5.135135135135135,15.205000000000002,123.79754519087237,346.19290705261506,329.2296081314169
2,10,10,41-50,22.459899999999998,5.135135135135135,12.065,140.79693314550508,352.0823282877356,338.4254147109226
2,10,10,51-60,22.98165,6.189189189189189,13.885,156.28441713888407,325.37326024106403,314.2950556113266
2,10,10,61-70,17.517699999999998,6.216216216216216,11.11,170.40613946823987,292.8085539445983,271.0041704531707
2,10,10,71-80,10.363499999999998,2.4216216216216218,5.03,140.4539233363819,374.9084391781447,360.98206298128457
2,10,10,81-90,9.24155,1.6216216216216217,3.675,140.99398763592205,384.75565636352337,373.74041190949424
2,10,10,91-100,27.359699999999997,6.216216216216216,15.819999999999999,137.3932556761893,312.9298398007655,288.1998106013333
2,20,10,1-10,8.93925,1.6216216216216217,4.23,127.21145268737286,433.60842989315427,424.16835852279655
2,20,10,11-20,26.5195,6.216216216216216,14.765,133.10092800781396,332.34293166962055,314.1570988293946
2,20,10,21-30,11.196150000000001,2.972972972972973,5.745,124.57116651686583,347.95082421488803,338.0081232530989
2,20,10,31-40,17.8071,5.178378378378379,10.465,150.18023864472804,345.11649818332097,338.20622334571755
2,20,10,41-50,16.6757,4.827027027027027,8.889999999999999,117.67876094128012,457.86967386021513,454.4983220587287
2,20,10,51-60,29.003350000000005,7.264864864864864,17.1,130.36376963605613,279.6609726657169,272.27782698847363
2,20,10,61-70,9.2942,1.9405405405405407,4.26,132.91628218566512,340.8784623229889,341.23568786778105
2,20,10,71-80,20.30615,5.135135135135135,11.57,124.47332551409285,376.2173914406224,360.83131001098457
2,20,10,81-90,12.5104,2.4324324324324325,6.0649999999999995,118.95555822575281,402.0523216969753,382.63404818014317
2,20,10,91-100,6.304550000000001,1.8918918918918919,2.745,168.29203326019027,419.15038495816015,404.3706067896253
2,30,10,1-10,35.89620000000001,8.91891891891892,21.724999999999998,130.30680093919153,272.406670536929,248.90839221783773
2,30,10,11-20,17.1827,7.2972972972972965,10.620000000000001,157.12126941654392,290.60625225943244,273.09713675676016
2,30,10,21-30,13.50675,2.1621621621621623,6.9799999999999995,118.06531069062956,385.56040307504367,372.13202148833255
2,30,10,31-40,28.065050000000003,7.1189189189189195,17.29,118.02662775354905,250.8610253194288,222.12798110629404
2,30,10,41-50,10.3447,2.962162162162162,5.045,116.43164279712717,390.32275952118505,381.9804937523179
2,30,10,51-60,35.934999999999995,9.25945945945946,21.145000000000003,120.88003552653888,250.77544593645297,227.7116026911452
2,30,10,61-70,28.555850000000003,5.135135135135135,16.095,115.44901830972871,322.32583214333636,294.8508639092515
2,30,10,71-80,29.778399999999998,5.405405405405405,18.130000000000003,118.94843101795557,358.8900028618147,327.8799192236853
2,30,10,81-90,40.2493,7.68108108108108,23.955,125.39799237057919,270.6836622215482,255.4973177825475
2,30,10,91-100,18.5521,4.918918918918918,10.16,122.27649564114202,288.1488784357879,277.31774491786496
2,40,10,1-10,35.04665,8.659459459459459,21.1,125.82463270171878,239.73415406623613,208.80536910128103
2,40,10,11-20,29.57865,7.405405405405406,18.270000000000003,127.17638608779164,262.34939777115244,248.6210591361159
2,40,10,21-30,17.230150000000002,5.405405405405405,9.945,121.1907127322436,375.01839303659864,363.0715040426661
2,40,10,31-40,18.01405,3.2432432432432434,9.28,135.3892243153908,364.9986128159786,351.13512066813854
2,40,10,41-50,7.34325,1.3513513513513513,2.85,129.44975159254986,378.022977987544,379.84853254466054
2,40,10,51-60,28.754249999999995,6.756756756756756,16.785,122.47899095800399,346.84600106196893,330.26054812282007
2,40,10,61-70,32.505250000000004,9.72972972972973,20.975,120.20032881035203,320.72038674047315,299.09810567828185
2,40,10,71-80,12.544349999999998,4.054054054054054,7.1899999999999995,141.8527680860005,371.4368031331663,357.9420563233283
2,40,10,81-90,16.010849999999998,5.405405405405405,9.3,164.6734997844492,329.64344205796243,330.2186999909507
2,40,10,91-100,15.27715,4.324324324324325,8.114999999999998,125.65373879990597,352.68397725662635,339.7371878812331
2,50,10,1-10,21.80745,5.675675675675675,12.014999999999999,125.37161237011624,299.11298223701647,270.8785644266468
2,50,10,11-20,17.220950000000002,2.4324324324324325,8.925,121.02214531848347,395.7851674755269,376.53946736807177
2,50,10,21-30,20.1233,5.65945945945946,11.459999999999999,123.92951944907058,423.35467764818696,413.90195736337125
2,50,10,31-40,11.0271,2.972972972972973,5.9399999999999995,131.25901730626057,417.8079874501319,406.05519821771827
2,50,10,41-50,9.08395,1.3513513513513513,4.245,122.42967466319386,400.96479540979584,399.08831941752993
2,50,10,51-60,11.577250000000001,2.4324324324324325,5.525,121.21129445394924,364.8511899208535,363.1006299529298
2,50,10,61-70,19.2578,3.5135135135135136,10.82,123.03909425554149,402.33998323880434,394.42754879868056
2,50,10,71-80,22.77645,5.135135135135135,13.36,115.27010717904537,304.8930114363055,280.72327856337796
2,50,10,81-90,18.5704,5.41081081081081,11.190000000000001,133.86517236714838,377.4368822085277,364.84821249207437
2,50,10,91-100,16.202350000000003,3.7837837837837838,8.815,123.95549315151398,380.32435644811045,362.941880756464
2,60,10,1-10,29.635850000000005,6.205405405405405,17.634999999999998,136.49521521204247,260.99419619595574,237.57033756588748
2,60,10,11-20,20.872750000000003,4.864864864864865,12.535,123.87609218987912,367.14309830069953,351.3500924045195
2,60,10,21-30,35.2986,7.454054054054053,20.22,130.0531195159152,310.81519289365644,290.5955023884277
2,60,10,31-40,20.86925,4.891891891891892,12.405,121.11483407487691,341.3688207647566,338.3177942360201
2,60,10,41-50,19.61865,4.594594594594595,10.799999999999999,128.96700695178592,361.7363739017469,355.70516005404596
2,60,10,51-60,37.937,9.827027027027025,22.935000000000002,118.43741789600114,315.2733716825659,289.20776159336384
2,60,10,61-70,13.196450000000002,2.1621621621621623,6.395,115.81465850976265,434.486716144771,433.1436995566029
2,60,10,71-80,22.52175,3.0486486486486486,12.575,121.23290378175116,392.746587086972,391.8219973999635
2,60,10,81-90,24.453650000000003,5.135135135135135,13.075,127.08888026680575,299.78853735116974,286.915941756467
2,60,10,91-100,23.7853,6.216216216216216,14.455000000000002,132.1891484366847,251.02210530252827,239.27367124487645
2,70,10,1-10,27.803450000000005,6.772972972972974,16.585,132.38108032790322,271.19730956483806,247.52165134086448
2,70,10,11-20,11.4898,2.972972972972973,5.37,129.13870442514246,407.9312271992163,399.9554528407382
2,70,10,21-30,15.318700000000002,3.091891891891892,8.245000000000001,125.171872821298,321.73294913381943,300.4435767328357
2,70,10,31-40,12.9418,4.643243243243243,8.09,127.81989471169071,389.5436010783991,381.3648186858047
2,70,10,41-50,39.7776,9.432432432432432,23.56,121.86556022745897,295.3613901385206,280.27408604345715
2,70,10,51-60,17.03675,4.594594594594595,9.645,123.24949019138148,343.32228499337253,329.8235497321285
2,70,10,61-70,13.690949999999997,3.135135135135135,7.375,120.74507840855802,383.5920550634688,373.23531005067906
2,70,10,71-80,38.65005,12.221621621621622,24.095,123.75524263278706,184.0631692009903,157.2936029017145
2,70,10,81-90,14.9257,2.7027027027027026,7.545,109.38142816581926,357.9000705074727,339.36528463657083
2,70,10,91-100,13.613500000000002,3.513513513513513,7.745,120.63137478638642,362.9727604871875,350.7833912471736
2,75,10,1-10,30.1775,6.378378378378378,17.585,118.84891781582401,299.90526395564723,293.5712355819813
2,75,10,11-20,27.375,4.718918918918919,15.02,117.60753339652808,348.95628909986164,343.9468247119101
2,75,10,21-30,19.2719,4.054054054054054,11.095,121.04909546848053,334.03114236054023,319.95362478485697
2,75,10,31-40,43.01635,8.443243243243243,24.700000000000003,123.30683232742844,221.37045140999786,199.88634828906314
2,75,10,41-50,15.812300000000002,2.7027027027027026,8.425,126.9065768559402,334.8258713319732,318.50126606007615
2,75,10,51-60,14.919550000000001,1.9513513513513516,7.534999999999999,115.88029650609963,393.13422993078456,379.5125308875498
2,75,10,61-70,14.0548,2.4324324324324325,7.3549999999999995,116.2813958420038,375.15766979760764,371.2177565530473
2,75,10,71-80,8.04475,2.1621621621621623,3.775,125.68011636906769,445.1851592088039,431.36912696514185
2,75,10,81-90,16.8885,3.5135135135135136,8.315000000000001,122.01131542316863,497.1245532628867,484.14212218752783
2,75,10,91-100,23.782850000000003,6.216216216216217,14.14,133.4419013065615,348.21187859555323,335.20993900501367
2,80,10,1-10,22.8816,5.108108108108108,13.069999999999999,122.95902307624004,334.3769475048233,320.3916544715208
2,80,10,11-20,13.524350000000002,2.486486486486487,6.83,115.71370680343826,359.5118184659911,353.4320639967709
2,80,10,21-30,32.97895,8.378378378378379,21.375,120.93849906332612,278.06304286154784,263.00083932772407
2,80,10,31-40,20.54255,4.864864864864865,11.305,117.582745951458,304.3051301600639,301.92272444681504
2,80,10,41-50,16.0366,3.243243243243243,8.629999999999999,117.85766515181486,403.69895619209757,398.254642019961
2,80,10,51-60,28.919800000000002,9.68108108108108,17.490000000000002,121.64682625252824,290.67968989476395,278.603346629278
2,80,10,61-70,4.26835,0.2702702702702703,1.135,123.98160615582728,398.88548770093524,397.5503495815266
2,80,10,71-80,17.70175,3.7837837837837838,9.695,126.69975391307031,271.26213915309467,256.5357330625922
2,80,10,81-90,20.8706,4.956756756756758,11.860000000000003,123.10874578367103,252.4926574345323,247.64532150846952
2,80,10,91-100,10.2122,1.6216216216216217,4.529999999999999,123.28261046947414,392.01107653322185,385.2935864624209
2,90,10,1-10,8.999,1.8918918918918919,3.835,120.65309275562285,427.42867096951613,415.39005597676277
2,90,10,11-20,19.7796,2.972972972972973,10.545,118.27568232565841,296.98724111895433,276.9916500655871
2,90,10,21-30,10.7466,2.7027027027027026,5.875,118.81495186560504,387.95506859612703,378.11528893857496
2,90,10,31-40,30.0389,5.85945945945946,18.009999999999998,124.27725226121636,251.63482394698198,230.5059088846459
2,90,10,41-50,29.380699999999997,4.086486486486486,16.169999999999998,118.99750469614074,257.6223113189785,236.18613378436856
2,90,10,51-60,21.52585,6.756756756756756,13.02,118.07575119153593,234.08500085739487,195.22488526684782
2,90,10,61-70,18.68475,3.9513513513513514,10.629999999999999,137.33853956566998,343.2534397848111,330.8055883782765
2,90,10,71-80,17.4715,4.594594594594595,10.165000000000001,122.12687425924396,375.3473923560665,368.7579258806185
2,90,10,81-90,26.463,6.5297297297297305,15.62,120.94444571942076,292.40306102056843,267.2416289135907
2,90,10,91-100,21.0931,5.513513513513514,12.260000000000002,119.69085249988639,334.10752742354134,309.2628573791304
2,100,10,1-10,14.79535,4.594594594594595,8.08,124.09617289267399,380.0161761825316,363.0435253751357
2,100,10,11-20,36.75105,7.297297297297298,20.885,124.02924097413302,279.1004211050179,261.5811051629676
2,100,10,21-30,14.311000000000002,3.1351351351351346,7.580000000000001,120.04613098742922,326.4726619829827,313.41563592937007
2,100,10,31-40,26.948500000000003,4.54054054054054,13.995,124.4971846818702,323.1904671046416,318.7701986381579
2,100,10,41-50,13.049000000000001,3.7837837837837838,6.8950000000000005,124.4679585156078,326.52203273742435,311.38881957241244
2,100,10,51-60,14.143599999999998,1.6216216216216217,6.615,130.29324827397846,401.3849756955007,388.56775316767073
2,100,10,61-70,7.954049999999998,0.8108108108108109,2.96,117.86989002055793,359.226213915075,346.9559712874435
2,100,10,71-80,20.966699999999996,3.0,10.725,123.1130688026705,321.556183218598,309.5650153069044
2,100,10,81-90,18.232350000000004,4.054054054054054,10.755,123.45286617440993,401.84294237686566,389.71609624864254
2,100,10,91-100,28.805649999999996,6.216216216216216,16.0,116.00120310820276,284.31850466851836,270.480172342798
2,10,15,1-10,14.736,7.5675675675675675,9.959999999999999,128.03140320917623,407.21485320888235,390.484575066816
2,10,15,11-20,9.63425,3.5135135135135136,4.845000000000001,170.37317148504462,325.60845160353085,319.1313889475719
2,10,15,21-30,10.673150000000001,5.945945945945946,6.185,165.68090184191018,321.28864872645124,306.40496469667994
2,10,15,31-40,20.6609,8.994594594594593,12.74,212.6455547495803,293.62030630671825,266.1599409448154
2,10,15,41-50,5.815149999999999,2.972972972972973,1.95,344.3058535072396,420.1823671268565,407.7824710249976
2,10,15,51-60,13.33575,4.864864864864865,7.340000000000001,195.68105848913234,358.0298221608398,347.4910538594048
2,10,15,61-70,14.608949999999998,7.027027027027026,8.584999999999999,203.8164144386132,344.077983610814,325.6246732588364
2,10,15,71-80,13.367249999999999,4.891891891891892,7.0,232.72452001924975,366.845696010667,356.387264284919
2,10,15,81-90,19.585,8.378378378378379,12.814999999999998,179.8208426881659,293.05181351360596,273.31760152596524
2,10,15,91-100,12.415249999999999,5.313513513513514,7.164999999999999,382.5568495817876,399.49360785047566,377.1567018768759
2,20,15,1-10,13.0444,5.405405405405405,7.875,134.05335071841424,377.2052646232562,356.07303935739174
2,20,15,11-20,16.79505,7.551351351351352,10.8,155.81733633366412,325.3768494057042,306.477233763677
2,20,15,21-30,17.4452,7.978378378378378,10.879999999999999,135.92299837684334,324.85442314045105,306.1992484782383
2,20,15,31-40,12.353200000000001,5.135135135135135,6.989999999999999,143.26603013826636,359.73431308298507,347.5969817711469
2,20,15,41-50,23.522250000000003,8.118918918918919,13.729999999999999,124.15331372455047,272.72800201766444,247.7265319666373
2,20,15,51-60,13.464199999999996,6.821621621621621,8.129999999999999,156.0162082305194,378.71599922022745,362.50635352314555
2,20,15,61-70,5.5003,1.3513513513513513,2.0949999999999998,131.8208266760746,437.68667256374727,433.01843867319786
2,20,15,71-80,15.378150000000002,5.962162162162163,9.059999999999999,125.54807906626334,344.8211496811504,324.43585136149045
2,20,15,81-90,12.2687,5.837837837837839,7.824999999999998,161.59001854893245,367.828791164004,353.69707854152404
2,20,15,91-100,28.7015,8.108108108108109,16.665,130.0607225876885,305.27651631172813,288.49461214022506
2,30,15,1-10,13.85325,2.924324324324324,7.6850000000000005,118.82927520734187,368.6507628044099,350.54165869791973
2,30,15,11-20,26.6368,7.5675675675675675,15.63,131.75221505645598,292.7399914176108,274.13643642590125
2,30,15,21-30,20.80945,7.567567567567569,12.925,125.69094830236472,347.8785688299769,329.0520660197352
2,30,15,31-40,23.083049999999997,8.016216216216216,13.884999999999996,127.37749460272843,294.7867379860542,279.45643102660824
2,30,15,41-50,8.3869,3.2972972972972974,4.485,146.15727068302766,372.4188420133395,355.9661996642293
2,30,15,51-60,16.69535,6.021621621621621,9.639999999999999,165.0371235675826,301.61512050656586,287.29219032794214
2,30,15,61-70,11.3871,4.594594594594595,6.345000000000001,137.6401203626636,324.33287660359593,313.27223136264524
2,30,15,71-80,23.4344,8.978378378378379,14.290000000000001,132.63851080228665,288.72156173652627,268.9532831705528
2,30,15,81-90,21.641199999999998,10.71891891891892,14.035,137.04832346361036,306.473031996435,285.6639454072307
2,30,15,91-100,9.5474,2.7027027027027026,5.085,128.44439431098894,422.84174543545095,407.58403178527277
2,40,15,1-10,22.73185,8.589189189189188,13.819999999999999,134.7093372982139,292.3387887444145,271.7861588081133
2,40,15,11-20,15.4035,3.9351351351351354,7.715000000000001,117.1566617434854,443.0739235665209,425.3120060599005
2,40,15,21-30,18.0494,5.627027027027027,10.305000000000001,134.2666647644631,310.69607075521,304.0650717080826
2,40,15,31-40,15.5207,4.864864864864865,8.940000000000001,129.17084100575562,383.8241645231808,366.8173373523577
2,40,15,41-50,12.497699999999998,4.518918918918919,7.130000000000001,126.42059242500598,387.9505156069353,380.5915714695283
2,40,15,51-60,17.30025,7.5675675675675675,11.504999999999999,127.91119038069019,332.41671675813785,319.3045315056696
2,40,15,61-70,21.235599999999998,7.837837837837837,13.325,146.79936510841523,319.5072012544799,297.5463558670124
2,40,15,71-80,13.4007,4.594594594594595,8.075,133.17216974867847,322.2589692059882,309.4334381069544
2,40,15,81-90,12.22925,3.7837837837837838,7.155000000000001,129.77296650086566,297.7244796518566,283.7315588615297
2,40,15,91-100,18.95845,7.345945945945947,11.945,133.52777381998223,280.8952398605603,267.55238472602997
2,50,15,1-10,11.8357,2.972972972972973,5.9,121.49735512599997,338.62188036817764,328.11972835472847
2,50,15,11-20,20.35155,5.135135135135135,11.555000000000001,110.85898095257349,348.8110571704682,339.4580700166848
2,50,15,21-30,27.655150000000003,9.459459459459458,17.71,127.12293171780703,289.93324152291063,271.32799672119995
2,50,15,31-40,16.381899999999998,5.745945945945945,9.465,145.35615990232478,284.19063876259276,266.9774110968298
2,50,15,41-50,21.005149999999997,6.048648648648649,11.51,117.712084436632,323.6641996390813,307.32392638578926
2,50,15,51-60,19.3804,8.91891891891892,12.559999999999999,126.60310087855699,292.3880178425348,270.3631115715749
2,50,15,61-70,15.15015,3.7837837837837838,8.004999999999999,115.04909862657561,366.52560711083225,350.79815969397475
2,50,15,71-80,16.350299999999997,5.135135135135135,9.845,154.5941955863485,319.902923401168,303.9453985018475
2,50,15,81-90,14.880299999999997,4.324324324324325,8.08,131.3695456131103,358.15537062808284,336.87446396699863
2,50,15,91-100,28.40505,11.016216216216215,18.130000000000003,121.89821485474467,203.1658362290677,180.34505952635448
2,60,15,1-10,18.7026,8.108108108108109,11.805000000000001,134.4050085365761,314.03861148477944,291.5129655040639
2,60,15,11-20,20.65365,7.027027027027026,12.440000000000001,130.9774264496964,298.39071450205745,279.92609655658265
2,60,15,21-30,25.16025,9.45945945945946,16.685000000000002,128.16203613370095,257.53412542653945,227.70157254795177
2,60,15,31-40,19.6355,8.454054054054055,12.415,120.56117141074124,341.59875507267105,321.7426978884727
2,60,15,41-50,18.5643,7.027027027027027,10.559999999999999,118.96525443400998,347.8037611045285,333.16055105586076
2,60,15,51-60,16.212449999999997,4.594594594594594,9.014999999999999,121.39834338303356,326.83882905802886,305.18149830814673
2,60,15,61-70,29.12305,9.367567567567567,18.35,124.15045729457086,252.8199659607868,221.06890787143448
2,60,15,71-80,12.850949999999997,2.972972972972973,6.530000000000001,118.0088605197177,364.4097145971989,343.76585796861355
2,60,15,81-90,20.307250000000003,9.021621621621621,12.575,167.96792370407292,297.3917463105005,283.08198761282864
2,60,15,91-100,9.8452,2.972972972972973,4.3950000000000005,114.80335477689066,323.2376345930043,310.405938410456
2,70,15,1-10,20.945100000000004,8.108108108108109,12.725,122.43894912276171,256.46671071141685,230.02124329736688
2,70,15,11-20,17.5279,4.324324324324325,9.525,115.61774787274521,329.32702109383,310.58755241375474
2,70,15,21-30,15.612149999999996,4.594594594594595,8.520000000000001,150.3889438588982,323.49479349453975,306.4456800858136
2,70,15,31-40,13.742799999999999,5.897297297297297,8.195,121.73552592251562,361.799775409113,343.66429423011743
2,70,15,41-50,10.6505,2.972972972972973,5.57,118.96036625562938,331.6859845418903,328.7374131344106
2,70,15,51-60,11.2138,2.7027027027027026,5.5200000000000005,148.28765036141854,460.45437030041705,458.16828117239913
2,70,15,61-70,23.792550000000002,7.027027027027026,14.665000000000001,129.4356355144954,290.8785236159977,268.1437064708683
2,70,15,71-80,19.2138,7.059459459459459,12.045,125.90293111489534,302.3195250308743,278.5385434966099
2,70,15,81-90,26.65265,6.318918918918919,15.825000000000003,119.09562869627405,300.76150713500425,278.07361867001765
2,70,15,91-100,10.961850000000002,3.9189189189189193,5.885,124.44042356219877,357.4354817976482,339.98990150526805
2,75,15,1-10,46.998599999999996,16.183783783783785,30.084999999999997,130.50594095506852,203.88547521113074,180.06695644697004
2,75,15,11-20,12.265049999999999,4.054054054054054,6.685,120.45323482643175,357.55309838501864,338.4067431037266
2,75,15,21-30,10.299050000000001,3.8594594594594596,5.3549999999999995,125.34925260738743,342.08858855444686,327.942750479847
2,75,15,31-40,13.214399999999998,3.513513513513513,6.769999999999999,123.9432356999923,390.1832558198541,375.3380982913492
2,75,15,41-50,11.862250000000001,4.054054054054054,7.0550000000000015,121.26660622512071,372.4269925615232,352.2775321569325
2,75,15,51-60,15.961599999999999,7.205405405405405,10.455000000000002,131.59440103274352,345.2536914450623,333.9464421356762
2,75,15,61-70,5.14675,1.3513513513513513,1.6349999999999998,158.6204483007209,386.9516184809459,391.04540672488963
2,75,15,71-80,8.72125,2.4324324324324325,4.225,145.15326603305485,382.9298217646661,370.37165243411505
2,75,15,81-90,20.47495,5.648648648648649,11.51,122.50547039161567,315.1321718634984,302.6059940247559
2,75,15,91-100,17.087049999999998,5.302702702702702,9.99,131.21527606012168,325.8177889293815,310.5628170456954
2,80,15,1-10,19.0541,5.675675675675675,11.665000000000001,122.84705692421271,310.3760459707505,285.6767039811381
2,80,15,11-20,22.080650000000002,8.64864864864865,14.385,121.37139067586445,315.3786185756663,297.3954425664236
2,80,15,21-30,24.193599999999996,8.91891891891892,14.895000000000001,120.9344925410464,352.90889011504714,331.29857514650496
2,80,15,31-40,13.527750000000001,4.902702702702703,8.385000000000002,117.73829753835003,331.7076772095569,321.158154093314
2,80,15,41-50,9.93175,3.2432432432432434,5.295,115.57212552054904,455.55385876915136,443.01449482502466
2,80,15,51-60,16.23305,7.027027027027026,10.42,127.36683497449904,316.138566234159,292.63684769536144
2,80,15,61-70,20.337400000000002,5.9459459459459465,12.51,126.21061826898767,403.7636051084693,388.9484766672728
2,80,15,71-80,9.631400000000001,2.7027027027027026,4.325,135.67458163094696,374.27936862427015,377.0314992036317
2,80,15,81-90,23.806099999999997,6.756756756756756,14.25,122.52374113961139,226.60815999197726,210.0961199784415
2,80,15,91-100,19.80175,7.275675675675676,12.04,139.59602721482418,357.45542467911025,344.8531619416795
2,90,15,1-10,9.12165,3.2432432432432434,4.795,126.37266764908095,314.8225586093423,310.65842676797865
2,90,15,11-20,12.21895,2.4324324324324325,5.755,116.1753984984511,427.52302875907907,417.61468791496645
2,90,15,21-30,22.76135,7.3621621621621625,13.84,130.51631489377758,316.31056652083066,297.86939089052146
2,90,15,31-40,16.408,5.535135135135135,10.040000000000001,123.39388643474418,367.08180717295943,355.4470563000109
2,90,15,41-50,11.385349999999999,3.7837837837837838,6.15,121.21921120359696,307.8531467984537,309.88818161883364
2,90,15,51-60,21.517549999999996,6.756756756756756,13.115,120.08732557424517,293.6082921655759,265.98127317649835
2,90,15,61-70,22.215799999999998,6.87027027027027,13.98,122.25180090437219,324.4008201539474,305.4340442782377
2,90,15,71-80,24.9068,9.454054054054053,16.04,118.89811305796464,337.9761596936804,318.8255117057219
2,90,15,81-90,16.181050000000003,4.745945945945946,9.175,122.56994876627523,331.8183645727804,305.6068285331047
2,90,15,91-100,5.23765,0.8108108108108109,1.735,110.051129695434,438.14685660053374,434.1418283743754
2,100,15,1-10,15.7571,4.054054054054054,8.330000000000002,136.51817145849333,331.33019161592813,321.7419001777278
2,100,15,11-20,12.730100000000002,3.5135135135135136,6.74,117.6279041894442,344.13566924965755,328.7402488450383
2,100,15,21-30,11.68055,3.2432432432432434,5.82,115.65086562184752,368.5295735136266,350.16310512847474
2,100,15,31-40,23.9324,7.324324324324325,14.48,118.96280400852001,286.6062552402017,268.8715764994846
2,100,15,41-50,10.3433,4.054054054054054,5.845,136.421986783113,421.9153284202519,408.2606251776768
2,100,15,51-60,13.4832,4.864864864864865,8.005,122.34382132506187,358.6290600118872,338.16638072076756
2,100,15,61-70,11.3538,2.7027027027027026,5.584999999999999,115.36206761289198,348.76899009725815,325.58256273551956
2,100,15,71-80,9.703599999999998,2.972972972972973,4.4799999999999995,119.90426081357364,409.9001907060967,404.32510036836237
2,100,15,81-90,18.24885,7.027027027027027,11.245000000000001,123.30599593002282,333.9539609611222,320.3595907308991
2,100,15,91-100,26.322899999999997,10.108108108108109,16.83,121.20784956815153,280.8948648772657,250.49295297500197
2,10,20,1-10,7.03515,2.962162162162162,3.1,264.22456341877387,437.44113729508774,426.61582851278365
2,10,20,11-20,12.574249999999997,5.135135135135135,7.1800000000000015,133.6667987008362,355.9663710524914,342.06085393841505
2,10,20,21-30,11.3958,6.216216216216217,6.404999999999999,141.9755358832371,338.6089804594477,329.5272120574714
2,10,20,31-40,9.623750000000001,4.421621621621622,4.79,168.0146773324779,346.1096675623766,331.34141245198646
2,10,20,41-50,26.79385,14.037837837837838,17.919999999999998,169.8349804752788,293.77106619142074,270.1266834648926
2,10,20,51-60,5.274699999999999,2.972972972972973,2.4050000000000002,174.20540088311324,416.26854230106875,423.48716806692994
2,10,20,61-70,16.1601,7.070270270270271,9.855,194.62957312364335,340.6257910082807,332.6933663869489
2,10,20,71-80,14.056299999999998,8.075675675675674,8.830000000000002,219.92164689011634,303.8340902877075,281.17766646890726
2,10,20,81-90,13.5726,5.405405405405405,8.405,255.38028762383718,374.01259325215767,355.00230851847937
2,10,20,91-100,18.177550000000004,6.837837837837839,11.13,145.19421038886858,325.735515569973,305.6529905380625
2,20,20,1-10,18.415249999999997,9.713513513513515,12.03,138.30253229686699,341.3217150577022,332.23277629814356
2,20,20,11-20,13.4058,5.421621621621621,8.46,150.42110047054535,322.813619210857,309.48484341242965
2,20,20,21-30,14.290049999999997,4.616216216216217,7.99,134.3014415387119,323.8021519619254,310.37410619202797
2,20,20,31-40,16.600949999999997,9.383783783783784,11.53,144.68707694717588,310.36948143599864,294.24439032154396
2,20,20,41-50,18.86565,8.913513513513513,12.530000000000001,149.1395024679946,247.3325147440036,219.13522423901736
2,20,20,51-60,9.05555,4.864864864864865,5.239999999999999,153.89650690808955,348.56033813638686,336.2404380074357
2,20,20,61-70,7.2696,2.972972972972973,3.495,133.0310246474168,370.22842174350785,362.56814041629434
2,20,20,71-80,14.666850000000002,5.383783783783784,9.155,146.28381826913997,387.86575224432903,380.46941977197554
2,20,20,81-90,6.9271,1.6216216216216217,2.9299999999999997,122.58171744295855,454.2219149732434,445.6409472941593
2,20,20,91-100,8.503900000000002,2.4324324324324325,3.7299999999999995,114.10980847610764,431.69232118023655,434.3165511706994
2,30,20,1-10,14.156,7.027027027027026,8.83,145.46078982548292,328.02324384581584,313.0706454106902
2,30,20,11-20,7.975900000000001,3.7837837837837838,4.49,156.86150548549514,355.32964238936563,342.0468633204082
2,30,20,21-30,15.589450000000003,7.567567567567569,9.570000000000002,156.78787149238056,343.92562211471466,335.14046002000345
2,30,20,31-40,13.852150000000004,6.216216216216216,7.959999999999999,150.37967798955412,308.9679123742293,290.4458990482356
2,30,20,41-50,17.100099999999998,8.74054054054054,10.719999999999999,154.37142440187282,324.19134600038603,305.19568834981976
2,30,20,51-60,8.27705,3.675675675675676,3.925,163.24468242806748,391.8000848433749,379.7011384082535
2,30,20,61-70,9.602250000000002,3.2432432432432434,5.015,132.20123212418747,384.1264703164396,377.7990980711686
2,30,20,71-80,17.86605,8.108108108108107,11.565000000000001,134.22911449961128,281.6263235723286,258.1511101231155
2,30,20,81-90,12.720099999999999,4.864864864864865,7.714999999999999,120.30278811260224,340.6604118383599,321.7844362804416
2,30,20,91-100,20.00645,8.454054054054055,12.680000000000001,125.63790365361388,306.37011450514535,280.45088291550377
2,40,20,1-10,11.14645,3.5135135135135136,5.385000000000001,123.62027394990214,438.65872928229237,435.1097250640325
2,40,20,11-20,10.610800000000001,4.324324324324325,6.095000000000001,132.04966765896495,360.569077214302,345.78182435361515
2,40,20,21-30,5.91085,2.7027027027027026,2.88,140.12266326576477,404.19921297542254,396.9028123232273
2,40,20,31-40,16.1138,7.508108108108108,10.15,130.8448488506859,326.1446014682838,314.00863706722356
2,40,20,41-50,10.4265,2.1621621621621623,4.999999999999999,122.08579249381808,335.26886020306137,326.781852804809
2,40,20,51-60,13.085049999999999,5.902702702702703,8.16,157.72820451580625,314.86499350317007,298.19333821163036
2,40,20,61-70,15.781049999999999,5.578378378378379,9.149999999999999,141.59608895522206,368.50198411570216,352.81307271175206
2,40,20,71-80,24.9219,11.35135135135135,15.505,123.87182255444758,303.1643894095412,279.3135386079941
2,40,20,81-90,10.49875,4.054054054054054,5.37,185.6920721636088,373.12958328216837,366.5601678177321
2,40,20,91-100,8.430449999999999,4.054054054054054,4.51,168.1385191025334,325.97913920338743,328.2689331242977
2,50,20,1-10,23.674,12.432432432432433,15.37,143.32665492887097,308.68312628045027,297.9825467689865
2,50,20,11-20,9.1124,4.054054054054054,4.3549999999999995,134.601661136301,429.7601114224747,417.7941154396931
2,50,20,21-30,13.4301,6.216216216216216,8.285,126.15801881847283,347.41933725942306,336.20700586342554
2,50,20,31-40,10.8168,4.059459459459459,5.845,123.97563794258585,309.16879277718846,303.2555971294584
2,50,20,41-50,7.6046000000000005,2.972972972972973,3.285,148.94225361416588,330.96063587110325,335.6315122726416
2,50,20,51-60,9.985949999999999,4.324324324324325,6.0,121.71378630134173,384.284908431197,377.19016957778626
2,50,20,61-70,17.325899999999997,5.497297297297297,9.965,120.7325410769759,291.23740954068126,280.9201376130716
2,50,20,71-80,2.87235,0.3027027027027027,0.375,118.07327470584124,478.8071060083562,474.59156022106583
2,50,20,81-90,11.621799999999997,5.135135135135135,7.05,134.249041547758,403.00703580066767,387.36186132546464
2,50,20,91-100,8.947300000000002,3.5783783783783782,5.029999999999999,127.86293980850462,441.35241234742307,433.4442735310698
2,60,20,1-10,13.6932,6.216216216216217,8.290000000000001,148.93955640502466,370.4935622863162,360.8170606788161
2,60,20,11-20,7.349400000000001,2.4324324324324325,3.435,131.68531579830687,354.539573878573,351.085881708473
2,60,20,21-30,19.79065,10.810810810810812,13.25,126.4794754802495,295.3282848009478,272.5003170148808
2,60,20,31-40,17.601399999999998,8.967567567567567,12.095000000000002,131.6704215160384,322.4751360610429,309.03661893007177
2,60,20,41-50,12.57265,5.048648648648649,7.6949999999999985,145.18445158906633,299.4680858501629,286.317576411844
2,60,20,51-60,12.17835,5.34054054054054,7.164999999999999,120.43293539100812,397.73997138643506,384.0194261008299
2,60,20,61-70,12.194,4.054054054054054,6.44,116.00115334487596,361.2543108408105,343.58326405000236
2,60,20,71-80,16.13925,9.18918918918919,10.91,134.0843234028003,314.93166982036365,299.03410393502475
2,60,20,81-90,7.931050000000001,4.313513513513515,3.975,130.9697695422158,328.90108791836883,331.50854203518975
2,60,20,91-100,15.81935,5.8432432432432435,8.985,115.84141970104324,297.3924254709746,282.33228811274876
2,70,20,1-10,10.74155,6.486486486486487,6.815,130.78269901249726,426.55125554404157,414.3401620472244
2,70,20,11-20,17.63385,8.529729729729729,11.26,128.64912228185898,358.7087737478504,341.3632449792225
2,70,20,21-30,18.52975,5.762162162162163,10.834999999999999,127.28389722019547,287.6504666515513,282.2895261386922
2,70,20,31-40,7.7545,2.8702702702702707,4.425,134.71482155939978,476.1325007894496,455.7963657242897
2,70,20,41-50,12.70145,4.324324324324325,6.959999999999999,137.20771936049465,305.14815757180156,295.09340719567064
2,70,20,51-60,12.279950000000001,4.054054054054054,6.945,117.42128095564414,416.07866255225974,405.80047840043284
2,70,20,61-70,14.670350000000003,5.54054054054054,8.969999999999999,125.69596620365215,344.5319813026344,335.7664464101196
2,70,20,71-80,15.265450000000001,6.486486486486487,8.625,128.47870045640627,334.7571834730983,315.1367556325248
2,70,20,81-90,11.67635,4.324324324324325,6.535000000000001,117.70502039733246,386.7449851681632,375.86263536426077
2,70,20,91-100,11.9316,3.5621621621621626,5.840000000000001,119.3732026078906,352.94707306642596,346.11455515182155
2,75,20,1-10,19.72495,8.345945945945946,13.079999999999998,120.34827311142963,340.1455291567246,319.53458589857865
2,75,20,11-20,17.2924,6.583783783783784,10.89,132.52508384826643,321.2457387594817,305.3666910051832
2,75,20,21-30,11.9437,4.545945945945946,6.925,134.13824371658453,331.8853725839732,319.82843429137665
2,75,20,31-40,9.200750000000001,5.254054054054054,5.244999999999999,121.9044939060226,348.5974011038713,335.9546537303535
2,75,20,41-50,9.177400000000002,3.967567567567568,5.335,131.88800698932235,357.8405856443134,345.22673097806944
2,75,20,51-60,5.8489,3.1135135135135137,3.1100000000000003,154.92908167608985,395.3270950491666,385.9713808030914
2,75,20,61-70,32.017199999999995,11.21081081081081,19.425000000000004,121.54520067059741,238.90731253454769,208.2534406760783
2,75,20,71-80,21.898249999999997,9.0,14.905000000000001,131.58080339296168,316.18582867838074,300.0551585608138
2,75,20,81-90,14.853199999999998,6.216216216216217,8.75,133.24796714487067,250.9101286766579,244.6877237856989
2,75,20,91-100,4.97115,1.0810810810810811,1.705,113.97249214285588,409.68776470881164,392.7622781404662
2,80,20,1-10,23.758950000000002,10.205405405405404,15.665000000000001,123.8193751244653,251.79017851103353,223.76410580891238
2,80,20,11-20,30.465149999999994,11.529729729729729,20.625,123.11135023389416,276.0517422796427,260.4943962980094
2,80,20,21-30,12.911000000000001,4.486486486486486,6.51,136.81106377708252,330.79557150170297,320.96564453498047
2,80,20,31-40,12.390400000000001,4.864864864864865,7.175,125.05449048802197,320.1338817271609,308.4729304168216
2,80,20,41-50,17.03295,7.027027027027027,10.129999999999999,122.45759625499467,225.4750609076139,213.8147908585927
2,80,20,51-60,13.526299999999997,5.902702702702703,8.445,131.49830112960777,403.30765787689086,389.69896194273775
2,80,20,61-70,8.4729,2.4324324324324325,4.19,121.236545937044,379.23447922290086,372.02907178953166
2,80,20,71-80,21.988,8.91891891891892,14.094999999999999,128.80787127103568,294.41826739562646,277.9384594205685
2,80,20,81-90,14.553999999999998,5.481081081081081,9.59,119.3836530374918,303.68937679540693,284.05424177641333
2,80,20,91-100,26.568149999999996,10.87027027027027,17.035000000000004,116.97949004906769,216.90585210170943,195.73092013383328
2,90,20,1-10,8.9013,4.054054054054054,4.625,134.5133009847482,388.244738411972,398.39911348982287
2,90,20,11-20,11.800999999999998,5.135135135135135,6.8450000000000015,137.02395673006026,356.7734934547872,339.98283764969807
2,90,20,21-30,10.86205,4.508108108108108,6.055000000000001,132.06013159184135,386.42748503416703,370.5986267723466
2,90,20,31-40,20.54005,7.378378378378379,12.215,124.59571999562836,349.0716194452336,342.6916821136396
2,90,20,41-50,9.2381,3.237837837837838,4.595000000000001,124.35566243708676,362.70224684066136,360.8875179716366
2,90,20,51-60,14.570849999999998,5.756756756756757,9.070000000000002,128.60057526865515,319.7907968678768,301.27223902985355
2,90,20,61-70,23.28785,11.35135135135135,16.044999999999998,128.25804487328523,305.53210521360734,278.4223396195789
2,90,20,71-80,9.33835,3.978378378378379,5.235,122.46548992412463,333.55527156046895,332.1330937403701
2,90,20,81-90,14.8198,7.010810810810812,9.23,137.01894484443054,288.1805245564496,270.0637014482321
2,90,20,91-100,9.914100000000001,3.0270270270270268,5.32,128.6587429786032,361.3624639247938,348.6279146758537
2,100,20,1-10,21.377,5.9459459459459465,12.51,116.89299758401347,361.47129969717446,356.1281276578271
2,100,20,11-20,17.485100000000003,9.45945945945946,11.594999999999999,137.769575884985,313.65792053480243,296.0848661744834
2,100,20,21-30,18.367900000000002,7.1189189189189195,11.055000000000001,119.3665448113838,273.0248817837493,260.64611421155803
2,100,20,31-40,19.61225,7.989189189189188,12.215,125.37483017691507,241.76170661344707,223.2333736226927
2,100,20,41-50,19.4983,7.297297297297298,11.955,127.88745874033724,281.0970597627962,262.7359230656393
2,100,20,51-60,10.7758,3.9513513513513514,5.8950000000000005,123.83253350682952,387.69060455028256,370.46986046357006
2,100,20,61-70,11.06475,4.189189189189189,6.574999999999998,114.93955907749178,352.1291721870911,348.52125765826474
2,100,20,71-80,8.1831,3.2432432432432434,3.8299999999999996,111.7641462947731,447.36711881751705,432.133686126837
2,100,20,81-90,16.49815,6.216216216216216,9.750000000000002,118.24102406525967,309.96632877177547,282.16642900797694
2,100,20,91-100,3.9066,1.0810810810810811,0.8700000000000001,115.67337046357193,450.77017067357804,449.7424382897383
2,10,25,1-10,13.991650000000002,10.275675675675675,9.005,233.25742371620896,329.9974408920678,308.78189919699093
2,10,25,11-20,17.2149,13.513513513513516,11.235000000000001,259.88031058133544,293.3869387007044,286.2413475341802
2,10,25,21-30,5.42605,3.313513513513514,2.48,445.340613099587,450.7013008510864,449.5721558820122
2,10,25,31-40,16.59295,9.010810810810812,10.27,154.97550306841788,313.7055461213366,297.9065251036108
2,10,25,41-50,12.52705,8.64864864864865,8.06,263.3133497887969,328.7467822409791,320.7503212275545
2,10,25,51-60,6.806,6.135135135135135,3.2649999999999997,233.8110088795586,420.62569516588445,417.3639354837445
2,10,25,61-70,19.54725,11.63783783783784,13.24,248.15610319964085,323.73428614925723,309.1616099609668
2,10,25,71-80,6.980549999999999,5.135135135135135,4.03,213.19053123383262,419.33695457398414,416.48457951543367
2,10,25,81-90,9.5943,7.183783783783784,6.300000000000001,186.61756994831464,360.1391680979033,358.108374462489
2,10,25,91-100,11.8025,7.2972972972972965,7.330000000000001,293.29157145196666,325.8247512536651,317.56925489843087
2,20,25,1-10,17.7348,12.205405405405404,12.215,168.045553046666,280.75650412485714,264.2379619371517
2,20,25,11-20,13.437100000000001,5.945945945945946,8.280000000000001,140.65590073400685,331.53235844207586,327.2665122077864
2,20,25,21-30,9.55115,5.135135135135135,5.534999999999999,137.5939764511058,384.91202747069747,370.77886712508604
2,20,25,31-40,11.002849999999999,6.486486486486487,6.275,145.7465243505545,315.44615113537145,295.7746150826144
2,20,25,41-50,5.34875,2.2,2.25,198.10428717768337,374.18570068997775,379.41902567057906
2,20,25,51-60,20.31855,10.31891891891892,13.255,142.4192376617728,265.2604640955313,240.92532376228314
2,20,25,61-70,14.04395,8.708108108108108,9.344999999999999,175.47781785892022,306.52955377495425,319.16376197726777
2,20,25,71-80,12.024049999999999,4.864864864864865,7.175,166.96934029709908,325.849127951441,318.79053583914066
2,20,25,81-90,7.853,2.1621621621621623,3.2299999999999995,134.9096112019119,428.25000540342745,421.49754715920625
2,20,25,91-100,13.777800000000003,9.72972972972973,9.670000000000002,162.42628192217748,328.78075567721714,308.8120024655867
2,30,25,1-10,23.918899999999997,13.994594594594593,17.154999999999998,155.05979284149853,250.56745683048175,227.84281503218602
2,30,25,11-20,14.563749999999999,7.567567567567567,8.215,141.2889240308818,324.4856257351152,306.42735917567546
2,30,25,21-30,15.676200000000003,8.951351351351352,10.86,138.31780793059866,255.246090674527,236.05713188812837
2,30,25,31-40,22.954950000000004,13.513513513513512,16.265,134.53980432655538,272.2196388894581,250.92493420121758
2,30,25,41-50,14.090099999999998,6.562162162162163,8.22,152.01186323996433,370.3117891248205,359.7497416674175
2,30,25,51-60,11.828750000000001,4.864864864864865,6.3149999999999995,181.5269529485733,410.53389730003863,409.2732676331117
2,30,25,61-70,5.73985,3.091891891891892,2.67,171.1635283354486,413.66284736038216,403.8969050130223
2,30,25,71-80,24.3912,12.897297297297296,17.18,129.0694717503302,236.4682743103578,212.22145983500923
2,30,25,81-90,16.35205,8.994594594594595,11.389999999999999,133.81511563396282,248.9687213744324,235.2898023901415
2,30,25,91-100,11.416049999999998,6.221621621621622,7.390000000000001,198.38310651612923,361.5679960892618,357.40825092535215
2,40,25,1-10,5.1274500000000005,1.8918918918918919,1.705,137.68210797408062,393.1903364624402,397.84021538068214
2,40,25,11-20,19.3192,9.367567567567567,13.015,123.01220449513008,357.9071946154303,347.96898835690706
2,40,25,21-30,2.8184,0.2702702702702703,0.08,268.612004532885,437.825749598916,432.3133425815754
2,40,25,31-40,7.08385,2.4324324324324325,3.065,138.18965019635652,402.0030499736564,399.0328669120803
2,40,25,41-50,14.33605,7.297297297297298,8.809999999999999,127.74137079500464,451.7863714855495,435.20540945874336
2,40,25,51-60,9.25395,4.324324324324325,4.835,121.74515649217689,461.6342515741808,461.40547346016376
2,40,25,61-70,7.910199999999999,3.8378378378378373,4.6049999999999995,142.6084397074234,381.59917747768907,373.38021655042087
2,40,25,71-80,12.951849999999999,5.945945945945946,7.62,125.73854145367625,362.4751924658093,342.24534831148856
2,40,25,81-90,9.80035,5.405405405405405,5.38,142.06703586700687,340.18345847193905,331.74724505757814
2,40,25,91-100,8.050650000000001,3.1081081081081083,3.8599999999999994,136.4392818759032,375.0165315653222,381.030258295109
2,50,25,1-10,13.859649999999998,7.297297297297298,8.325000000000001,132.83175298754847,330.70481883061905,312.1833755598727
2,50,25,11-20,26.734500000000004,15.28108108108108,18.875,131.16578687589683,233.240392198492,206.14171569985496
2,50,25,21-30,13.628449999999997,7.31891891891892,8.635,128.26319462380476,321.28907365059615,299.0910936019626
2,50,25,31-40,8.6121,4.324324324324325,4.9350000000000005,127.2076549584552,369.39908699442054,358.06332615087706
2,50,25,41-50,12.176749999999998,7.951351351351351,8.004999999999999,134.4039278506544,347.48702497961546,333.3221972847959
2,50,25,51-60,3.8568500000000006,0.8108108108108109,0.9349999999999999,116.48509470860579,459.89174404251236,454.6685014625517
2,50,25,61-70,7.1217,4.2594594594594595,3.6950000000000003,154.02053748145036,415.87582061381465,420.5953701612966
2,50,25,71-80,15.48305,8.91891891891892,10.125000000000002,145.84268991587513,293.61154556834185,274.76537700416935
2,50,25,81-90,5.0887,0.5405405405405406,1.435,110.44392892087484,446.3966491180546,452.7244459690147
2,50,25,91-100,5.5396,2.7027027027027026,2.5799999999999996,164.67724908281704,373.27889810032855,355.75537706988086
2,60,25,1-10,11.0103,6.610810810810811,6.49,137.96379590119676,355.4803126458802,343.32739401379774
2,60,25,11-20,20.25855,11.08108108108108,14.194999999999999,136.75324467119594,318.5613091729536,305.83856432440064
2,60,25,21-30,13.058349999999999,8.64864864864865,9.29,130.32773909660335,374.67661983273024,371.41795693142063
2,60,25,31-40,8.4616,4.324324324324325,4.594999999999999,141.38452100920807,323.3560124135694,307.69579480344225
2,60,25,41-50,17.086750000000002,8.945945945945947,11.54,129.43116475422457,316.70012518022514,306.8659725662768
2,60,25,51-60,8.65385,4.886486486486486,5.040000000000001,153.700161688745,382.65454880864854,373.0887420594321
2,60,25,61-70,14.250049999999998,5.945945945945946,8.61,145.03516565690649,311.25211339473134,301.8605003366049
2,60,25,71-80,11.29485,4.864864864864866,6.38,125.42286527414558,396.8618970754022,383.13271299152694
2,60,25,81-90,17.046049999999997,9.18918918918919,11.1,131.67995826860752,245.54055940165327,231.02398761427767
2,60,25,91-100,13.201699999999999,6.756756756756756,8.559999999999999,131.868673770415,307.0760415657726,298.4188490488608
2,70,25,1-10,13.163149999999998,5.945945945945946,8.04,151.3459374946919,338.2747903953447,330.0922731525903
2,70,25,11-20,21.362750000000002,12.28108108108108,15.02,128.26424162040882,237.24689544700905,209.25877653922012
2,70,25,21-30,11.911000000000001,4.054054054054054,6.565,123.52269697828757,363.0795377711027,349.7080229382715
2,70,25,31-40,10.65,5.675675675675675,6.945,161.34383277029832,398.3342447600389,395.7664625077681
2,70,25,41-50,19.09505,7.567567567567569,11.575,125.01916661569318,288.9119154378043,283.0770576226339
2,70,25,51-60,10.335000000000003,4.751351351351351,6.35,127.0105300550528,395.8772765280887,380.1467883529329
2,70,25,61-70,10.620400000000002,5.524324324324324,6.1,162.4606915048445,384.5556860659638,364.4835366745231
2,70,25,71-80,16.107400000000002,7.686486486486487,9.855,138.16255029069686,237.16245859702343,217.73785146833976
2,70,25,81-90,9.84965,5.405405405405405,6.65,126.09057859137174,352.21182359316293,344.5999139086433
2,70,25,91-100,16.1582,6.989189189189188,10.19,124.77578570227838,347.32670429117735,337.48303381252754
2,75,25,1-10,17.2085,7.102702702702702,11.190000000000001,126.73538467535438,261.40704532044936,237.21056260222366
2,75,25,11-20,17.906699999999997,9.72972972972973,12.105,132.86750661887925,309.9431260953871,305.3548509182516
2,75,25,21-30,14.52985,7.837837837837839,9.775,128.13974262391687,406.20412573393736,391.13442015406656
2,75,25,31-40,5.9556,2.4324324324324325,2.2600000000000002,121.69847646341475,460.6163049322305,449.8460176000779
2,75,25,41-50,11.36285,7.351351351351352,7.9399999999999995,131.17174736673553,444.3839533332101,430.6089440043187
2,75,25,51-60,11.48715,4.632432432432433,6.55,120.4114253608469,379.59979760007536,359.1494998337614
2,75,25,61-70,13.557449999999998,6.724324324324326,8.07,119.37733223876786,308.0307070280618,289.9027627692438
2,75,25,71-80,15.796750000000003,6.756756756756756,9.465,132.98738025772698,298.2664895470378,273.4522958671634
2,75,25,81-90,7.09025,2.1621621621621623,2.9250000000000003,117.93238439892801,343.89914626472864,342.48261080289427
2,75,25,91-100,16.160800000000002,10.54054054054054,11.45,129.6658095546408,299.1553889315511,286.9700741674624
2,80,25,1-10,23.063,12.859459459459458,15.73,122.27499299772663,186.88467738458854,159.8690005954917
2,80,25,11-20,16.08755,6.216216216216216,10.46,115.00090389145431,333.018235111948,321.59727163175626
2,80,25,21-30,19.928499999999996,10.264864864864865,14.36,122.73612030444492,279.0177101400942,259.7678029392941
2,80,25,31-40,14.2868,6.486486486486487,9.010000000000002,129.98274306106424,344.73701429864633,339.63492621071896
2,80,25,41-50,9.03925,3.7837837837837838,4.99,121.57064943940149,379.58462377377634,359.8837340892959
2,80,25,51-60,23.29085,10.810810810810812,15.335000000000003,132.31006657304022,312.20153404186374,298.1672800584262
2,80,25,61-70,15.095699999999999,7.978378378378378,9.66,131.49763167151812,264.3057325628441,243.17560289417142
2,80,25,71-80,9.24275,5.675675675675675,5.835,150.93838840745897,310.8429311497275,298.30618816711734
2,80,25,81-90,11.63645,5.270270270270271,6.790000000000001,136.69492744483512,345.29414878071276,336.77560496262754
2,80,25,91-100,9.419250000000002,4.864864864864865,6.0,126.52890936800017,327.4316912838502,314.3236047751232
2,90,25,1-10,18.16365,7.4,10.969999999999999,118.03550377288043,309.6791945815022,285.7940777796017
2,90,25,11-20,26.57555,13.843243243243242,18.37,124.38147352559028,263.9599040026568,235.86673302766525
2,90,25,21-30,7.99705,3.7837837837837838,4.3100000000000005,140.68712933784175,376.8516789848152,364.52712445599684
2,90,25,31-40,7.70325,3.5135135135135136,3.925,124.9705586335205,382.43865190697414,385.2843581430001
2,90,25,41-50,10.583749999999998,3.2432432432432434,5.535,117.73458980895296,302.74097313681193,279.38302684442317
2,90,25,51-60,16.739349999999998,7.940540540540541,10.965,121.90776487218847,383.0651112348132,364.18501914327464
2,90,25,61-70,12.858200000000002,6.216216216216216,7.5699999999999985,129.66735467172796,313.17914698244965,296.79576313276846
2,90,25,71-80,23.22615,11.491891891891893,16.009999999999998,125.58120844821622,266.2754829978523,245.21463347138064
2,90,25,81-90,10.761949999999999,5.135135135135135,6.49,125.66013691662079,377.7288375384569,387.2044764292583
2,90,25,91-100,13.5751,6.756756756756758,8.515,128.6201625039756,354.0855475989332,333.02833076637796
2,100,25,1-10,20.4071,13.118918918918919,14.955000000000002,126.90044721983844,292.87657720784637,262.211698984858
2,100,25,11-20,14.4184,7.027027027027027,9.165000000000001,123.2456001135926,317.452877175276,301.2763738230179
2,100,25,21-30,10.14435,5.405405405405405,5.609999999999999,125.58079768700593,387.3202302216397,375.1484318878779
2,100,25,31-40,16.092350000000003,7.027027027027027,9.84,128.09213499556068,285.93102410551916,271.56441992774
2,100,25,41-50,8.219149999999999,2.972972972972973,3.96,157.21968925220085,395.136587187494,387.5306909875528
2,100,25,51-60,11.849450000000001,4.6108108108108095,7.075,126.64330217427411,314.6275979482116,298.70472869195146
2,100,25,61-70,17.6132,8.91891891891892,11.594999999999999,121.47358725904671,288.0166743423193,261.49445464018856
2,100,25,71-80,12.12055,4.054054054054054,6.15,119.74794972669072,301.63857477509384,289.3290481239452
2,100,25,81-90,13.77995,6.8,8.41,130.21386203655032,355.4146108715817,332.1258645395816
2,100,25,91-100,13.797150000000002,6.481081081081081,8.6,126.93879940061562,347.1873219670487,329.5610668306948
2,10,30,1-10,4.694100000000001,3.686486486486487,1.6649999999999998,222.258860077094,365.4130659849836,368.01916366200976
2,10,30,11-20,5.4833,3.681081081081081,2.085,321.1858982975059,393.7668103258105,393.9622154651567
2,10,30,21-30,10.8293,5.945945945945946,6.49,226.46721540966269,325.8814872170142,310.8423967055539
2,10,30,31-40,9.1213,7.908108108108108,5.464999999999999,236.85403912528756,320.3941049842239,315.2422645823382
2,10,30,41-50,15.74255,12.064864864864864,11.275,174.82661408157668,268.088768829694,245.0497409243019
2,10,30,51-60,9.26935,5.675675675675675,5.165,303.73423046972596,397.15930303782545,385.88355778143176
2,10,30,61-70,8.878649999999999,4.805405405405406,4.495,389.86457808597714,446.74770794966616,435.6452223463123
2,10,30,71-80,14.655949999999999,7.837837837837837,8.555,165.0697188599485,284.23519312950657,267.1379128990078
2,10,30,81-90,10.46655,7.837837837837839,6.3549999999999995,189.36746510702153,328.76705569743706,321.9255344561956
2,10,30,91-100,8.559949999999999,6.216216216216216,4.045,373.06546229653264,416.1074966008774,413.66922255833543
2,20,30,1-10,7.47505,5.405405405405405,4.1,164.33630395730236,339.7955542594094,335.37556535050203
2,20,30,11-20,11.89595,6.216216216216216,7.08,124.26237903255443,323.9958150729577,312.7421492998781
2,20,30,21-30,8.902800000000001,5.416216216216216,5.545,179.57041348618822,359.82953250978187,348.04236843648505
2,20,30,31-40,12.825199999999999,7.151351351351352,7.590000000000001,151.62289135391194,274.71984526444976,258.87038945939673
2,20,30,41-50,10.36875,4.864864864864865,6.57,158.73905166391648,419.89890791785217,417.87142690855546
2,20,30,51-60,12.836700000000002,7.264864864864864,8.294999999999998,137.07527802109038,290.371036159912,276.0663136290311
2,20,30,61-70,15.334399999999999,11.08108108108108,10.9,177.49351166509413,298.4645638135285,281.00814746028175
2,20,30,71-80,11.62675,6.756756756756756,7.515000000000001,135.9817839251287,379.3144542189916,356.2341143421111
2,20,30,81-90,12.854850000000003,9.497297297297298,8.715,191.28329464167956,348.69866026868215,333.20145606089153
2,20,30,91-100,7.346000000000001,4.6,4.33,158.95959683359354,414.1847273593071,412.27489952706657
2,30,30,1-10,14.589699999999999,7.940540540540542,9.525000000000002,124.32991820298885,353.40611212576295,336.49528872629855
2,30,30,11-20,12.792300000000001,8.475675675675676,8.62,151.3177602328903,305.1169079732607,286.04227569079364
2,30,30,21-30,9.387,5.881081081081082,5.55,133.18489487803708,331.30618922666525,321.1923417414524
2,30,30,31-40,13.562099999999997,10.172972972972973,11.315,128.46174246895697,296.5784058378239,282.66170128100043
2,30,30,41-50,11.034699999999999,6.216216216216216,5.970000000000001,145.0935503435748,317.0824451682489,303.4787684558767
2,30,30,51-60,9.64035,5.751351351351351,5.340000000000001,143.52347015676315,419.14672945874173,404.56159479051246
2,30,30,61-70,10.34875,7.837837837837839,6.3149999999999995,149.12517080466642,341.66963316373267,334.9853308503026
2,30,30,71-80,13.484649999999998,8.108108108108109,8.66,150.24746687483906,286.2050230134913,286.595177122966
2,30,30,81-90,6.3862499999999995,4.335135135135135,2.6300000000000003,198.36251361678157,337.6506237462261,341.21175697861236
2,30,30,91-100,10.70655,7.837837837837837,7.305,163.59540154812385,303.99715695347857,285.9798455748404
2,40,30,1-10,13.60335,8.183783783783785,9.035,143.18257927980068,326.3291614662636,318.2592725600531
2,40,30,11-20,5.5387,2.1621621621621623,1.9600000000000002,164.710749442733,415.2999184008274,419.5526114650562
2,40,30,21-30,6.088150000000001,4.594594594594595,3.65,150.33927035413382,382.80920078949373,375.0943181734809
2,40,30,31-40,12.68635,6.486486486486486,8.004999999999999,137.76365288426558,274.96168331308115,260.27728815908995
2,40,30,41-50,7.5398499999999995,4.594594594594595,4.0200000000000005,128.3508901900891,299.20253911976636,297.1788056164231
2,40,30,51-60,9.04525,5.675675675675675,5.12,163.45018772605061,327.26702021914855,322.293100687927
2,40,30,61-70,14.44935,9.08108108108108,9.365,136.63664609254195,268.20479339724,260.7681057989166
2,40,30,71-80,11.80775,6.951351351351351,7.239999999999999,151.1185395356356,311.9020497795902,306.43702215057965
2,40,30,81-90,9.230450000000001,6.756756756756756,6.0600000000000005,139.53193302842664,349.61190875143814,342.14660168631525
2,40,30,91-100,16.081449999999997,13.659459459459459,12.790000000000001,139.8313491903962,292.2564897554072,280.002027189911
2,50,30,1-10,14.973799999999997,8.956756756756757,10.52,131.4302226826169,311.4936252510032,285.3270369055701
2,50,30,11-20,10.104500000000002,4.005405405405405,5.26,129.422193027671,365.34511430619284,346.35117898865747
2,50,30,21-30,15.91335,10.594594594594595,11.895,133.18155877259252,344.4294719031979,329.41450924626014
2,50,30,31-40,12.29015,6.8432432432432435,7.495,144.45178185850122,330.8309723042256,321.75800065497026
2,50,30,41-50,21.7793,12.432432432432432,15.159999999999997,137.52713903804562,243.6234763745863,225.63712069888462
2,50,30,51-60,12.432149999999998,8.108108108108109,7.980000000000001,131.71556415634248,283.6071105210131,266.2781417410446
2,50,30,61-70,12.42945,9.372972972972972,8.224999999999998,133.5649053711387,255.72464995831177,243.73033987392938
2,50,30,71-80,8.28395,3.5135135135135136,4.2,134.0569810067285,371.47512434110894,368.05218967517334
2,50,30,81-90,13.426399999999997,8.362162162162162,9.145,131.72185433670992,281.26008281175405,274.4210081927092
2,50,30,91-100,8.5286,3.416216216216216,4.315,129.18405800114445,383.54522409427204,375.5995598233768
2,60,30,1-10,14.04205,7.8,8.8,126.54894227482133,299.9154847076315,287.6823900721005
2,60,30,11-20,5.534650000000001,2.502702702702703,2.395,135.18717392140078,441.30352858795305,437.29510256252127
2,60,30,21-30,10.05235,4.054054054054054,5.114999999999999,133.4687048839198,377.00338960397846,378.80842147079227
2,60,30,31-40,12.841650000000001,7.513513513513513,7.815,135.6477703891085,343.8064486761005,337.1433141881347
2,60,30,41-50,13.940199999999999,10.167567567567568,9.704999999999998,157.76933438795956,282.8979058707208,279.0689173191637
2,60,30,51-60,13.417699999999996,7.4,9.41,132.48573950884364,274.62918795458893,257.6484178238692
2,60,30,61-70,10.749550000000003,4.864864864864865,5.92,169.4400105016452,365.78769936924704,354.6923205994255
2,60,30,71-80,15.987250000000003,11.032432432432433,10.315000000000001,139.70579344489988,234.2422224799762,217.64150076200067
2,60,30,81-90,12.33745,5.302702702702702,6.7,128.49163131871575,365.0095440800356,361.43526359792236
2,60,30,91-100,13.28485,6.486486486486487,7.665000000000001,142.30116929324402,366.85627301666216,362.2809519868123
2,70,30,1-10,11.328700000000001,5.713513513513512,7.0699999999999985,138.77506817981796,289.53392666838204,289.0782841679592
2,70,30,11-20,11.5836,6.437837837837838,7.15,138.2502990978234,328.72710213039994,333.1350759692715
2,70,30,21-30,12.54055,6.45945945945946,7.584999999999999,122.55920612664094,341.1707817702918,334.0027462665106
2,70,30,31-40,12.835049999999999,6.935135135135136,7.6949999999999985,122.4642144640837,342.3118678889823,318.2623296275109
2,70,30,41-50,8.036349999999999,2.983783783783784,3.9299999999999997,124.61371552246187,425.02199298312155,415.56859016450716
2,70,30,51-60,11.07735,5.85945945945946,6.475,128.7938555456214,334.8144732288102,330.2563813970735
2,70,30,61-70,10.5756,2.7027027027027026,5.45,122.500753951754,351.9935386738615,354.39539862689895
2,70,30,71-80,11.31645,6.756756756756758,6.6049999999999995,132.23785903118318,370.36910335222484,346.298883394175
2,70,30,81-90,7.6168000000000005,3.3351351351351353,4.1049999999999995,158.95695040185907,380.88931144485434,379.2387693853039
2,70,30,91-100,4.22535,2.1621621621621623,1.1400000000000001,154.1118215579715,421.45433542200396,419.61394175829884
2,75,30,1-10,23.700049999999997,13.902702702702703,16.755000000000003,129.04159988236339,260.74938562760065,240.60283220290972
2,75,30,11-20,4.9303,1.3513513513513513,1.405,134.50713642479548,406.8849859752619,411.08472907322886
2,75,30,21-30,9.23245,5.675675675675675,5.465,128.77278605240429,342.0981309972244,335.9898077982778
2,75,30,31-40,12.85585,7.027027027027027,7.255,134.92797441775593,328.19034305795844,319.7325331931312
2,75,30,41-50,8.0082,3.5135135135135136,4.3950000000000005,122.66708340399448,392.6131821702869,373.4850666996038
2,75,30,51-60,6.554849999999999,2.627027027027027,2.845,115.6268063236871,339.9962141501147,336.51138312540587
2,75,30,61-70,10.19375,5.886486486486487,6.955000000000001,122.40585011151079,374.25933187393275,373.61237596702887
2,75,30,71-80,10.81895,5.5675675675675675,6.595000000000001,131.14167432975023,321.6466547209616,316.0116310381846
2,75,30,81-90,12.906499999999998,6.951351351351351,7.875,129.73206479944128,334.0264116184285,320.286042016948
2,75,30,91-100,15.9471,7.837837837837837,10.365,132.582109496943,275.615683459949,255.441577018558
2,80,30,1-10,11.9622,6.756756756756758,7.389999999999999,124.78912388476846,288.81253315877586,273.49604344818795
2,80,30,11-20,10.4964,5.675675675675675,6.385,135.87022699238088,392.9796056161,379.5378020572266
2,80,30,21-30,15.002099999999999,7.502702702702702,9.725,128.88961900167857,272.38803826586957,253.77102752453024
2,80,30,31-40,17.726,10.81081081081081,12.88,148.38032783166827,265.36803714651217,249.58246097149308
2,80,30,41-50,7.4533000000000005,5.032432432432432,4.435,139.02388687160285,421.9273412181998,406.34287817939605
2,80,30,51-60,13.1642,6.486486486486487,8.065000000000001,122.75169107707333,320.2956618776906,324.32770929096074
2,80,30,61-70,14.78115,8.108108108108107,9.82,122.44654571403704,331.4565645438803,313.41334467532704
2,80,30,71-80,21.5139,12.243243243243242,14.85,133.6758952528281,288.3429725497159,270.1536721807207
2,80,30,81-90,12.193900000000001,7.632432432432433,8.955,133.54422530098304,370.6351824399784,351.5437182633435
2,80,30,91-100,13.74615,6.481081081081081,8.175,125.00255751540523,319.10626565867483,309.6645017822191
2,90,30,1-10,12.527849999999999,6.383783783783783,7.8549999999999995,123.10645804200244,341.7685708213516,334.8231308667156
2,90,30,11-20,9.2751,3.897297297297297,4.715,117.770015916876,352.4628834164512,356.34541694111465
2,90,30,21-30,8.246500000000001,3.2432432432432434,4.07,148.61532396252062,408.6889942257821,396.666727505175
2,90,30,31-40,8.2315,3.5675675675675675,4.265,158.7231005329366,394.31128628584713,384.72694451924065
2,90,30,41-50,5.48185,2.7027027027027026,2.665,133.438928893064,456.6180939564094,456.53084657617956
2,90,30,51-60,9.7484,5.135135135135135,5.875,120.3460427170545,344.903778406802,338.3930802078356
2,90,30,61-70,11.11035,5.405405405405405,6.565,136.55023336202035,447.8670904625875,429.7572233660708
2,90,30,71-80,14.427550000000002,6.010810810810811,7.965000000000001,121.78352413568645,287.10609511752534,272.1672153641314
2,90,30,81-90,7.444050000000002,4.481081081081081,3.915,161.40866341524304,367.5428249597713,365.24502899563004
2,90,30,91-100,6.38215,2.9567567567567563,3.495,138.0688330346802,386.2855694120569,376.3029526768461
2,100,30,1-10,20.390549999999998,12.502702702702702,13.819999999999999,127.70949147215642,261.4165713237025,235.9935988459781
2,100,30,11-20,10.53375,5.9459459459459465,6.3549999999999995,150.52533176368306,362.74087198483875,351.80213057470684
2,100,30,21-30,14.366400000000002,10.0,9.780000000000001,124.87862294652582,338.98449369077406,326.4790771961271
2,100,30,31-40,14.317700000000002,6.486486486486487,9.125,115.84926189030932,294.6573835748592,287.46401716460565
2,100,30,41-50,20.909650000000003,11.621621621621623,14.334999999999999,122.93005682839875,255.4173462253578,227.48624727765136
2,100,30,51-60,10.705450000000003,3.7837837837837833,6.2,130.3930950642019,404.7727716197241,386.033891136488
2,100,30,61-70,12.58105,7.632432432432433,7.784999999999999,123.04799596107102,314.2140581194019,303.8598133923118
2,100,30,71-80,16.360549999999996,8.475675675675676,10.804999999999998,127.42281986966489,355.8480242054979,342.9964890590736
2,100,30,81-90,10.39565,5.945945945945946,6.24,133.64304592736215,325.2301334459366,316.6377591213726
2,100,30,91-100,10.3346,5.34054054054054,5.8549999999999995,149.35757894289387,399.96977380497526,394.92999495880156
2,10,50,1-10,4.38125,1.8918918918918919,1.515,299.6159732748407,376.65900704159174,376.275990473685
2,10,50,11-20,9.1216,10.475675675675674,6.485000000000001,320.29699653229864,329.7986637950818,325.1498171185919
2,10,50,21-30,4.017200000000001,2.972972972972973,1.23,335.9006841395506,430.5259026848363,442.0555926020767
2,10,50,31-40,5.0128,4.324324324324325,2.4299999999999997,225.35549509102432,471.41615265214307,469.7060047320886
2,10,50,41-50,9.09655,11.502702702702702,6.205,285.16029706902674,353.7808976914822,355.0934876337995
2,10,50,51-60,10.934050000000001,15.491891891891893,9.265,193.53049938136607,289.6607951772131,271.58705779114285
2,10,50,61-70,9.532549999999999,12.972972972972974,7.1899999999999995,242.28455102973865,341.6242510130529,341.0358180373731
2,10,50,71-80,12.49025,15.58918918918919,9.485,207.41506880751857,276.0960368598,262.306485631811
2,10,50,81-90,8.338600000000001,7.2972972972972965,4.67,207.5645316709242,364.56612327880487,345.35502003578597
2,10,50,91-100,7.52405,8.848648648648648,4.385,238.19841526728942,355.4945091822995,345.75159837691064
2,20,50,1-10,9.9776,9.98918918918919,7.904999999999999,158.94120432888772,301.486618313867,292.899455050237
2,20,50,11-20,11.384350000000001,9.35135135135135,7.625,169.01852457098616,321.45843143478817,305.47598891616406
2,20,50,21-30,5.241249999999999,1.6054054054054052,1.58,185.65664743879097,407.39264434468413,408.0587766582396
2,20,50,31-40,9.141300000000001,8.821621621621622,6.074999999999999,150.52407775767367,314.9267660173663,311.7587815335649
2,20,50,41-50,6.5173000000000005,6.216216216216216,3.3600000000000003,175.88992806018013,400.8712666296919,394.69751512812456
2,20,50,51-60,8.32525,7.837837837837839,4.965,189.01306260573128,312.94876946214384,309.95387471042375
2,20,50,61-70,6.8696,5.502702702702703,3.72,206.1724823776415,328.0577260953441,317.80492137318953
2,20,50,71-80,11.3873,7.718918918918919,7.279999999999999,143.89052189705902,325.8662843869391,322.71289274053703
2,20,50,81-90,14.426799999999997,13.65945945945946,10.9,142.11017134800466,257.22725505096696,239.9181737079918
2,20,50,91-100,8.2199,8.91891891891892,6.02,184.10230760838292,329.65271245255377,328.4136668111456
2,30,50,1-10,12.753,10.286486486486487,9.334999999999999,159.42081835359502,309.0616138843747,301.1672148911015
2,30,50,11-20,6.556750000000001,4.324324324324325,3.6650000000000005,123.05821472750415,353.2416836690342,340.42920481549106
2,30,50,21-30,7.4361999999999995,5.405405405405405,4.535,135.08723621620842,457.9986660793594,450.72801112742053
2,30,50,31-40,3.3679,0.8162162162162161,0.5599999999999999,210.95811650554165,425.93730921822055,420.38858217841624
2,30,50,41-50,10.7604,11.918918918918918,7.8549999999999995,161.8723050907791,309.94525998644383,299.91257609895274
2,30,50,51-60,5.91165,3.7837837837837838,2.2649999999999997,149.5671291430038,358.4710740321637,353.5587086819638
2,30,50,61-70,10.073899999999998,9.470270270270271,7.05,150.70892184090627,306.37422876972107,303.0333776594772
2,30,50,71-80,7.3225,5.675675675675675,4.26,158.54054638443623,329.14601510369937,323.16117872367
2,30,50,81-90,5.63625,3.2162162162162162,2.49,166.4737211405519,379.688590251543,371.41051481805414
2,30,50,91-100,7.157000000000001,4.794594594594594,3.66,219.10430906089658,336.34633170280085,322.934904975394
2,40,50,1-10,14.589949999999998,12.972972972972974,11.015,140.0591328635098,264.1865641419394,249.93572861173726
2,40,50,11-20,6.187399999999999,4.324324324324325,3.3850000000000002,212.17558726306058,329.79528336994565,330.9555051300675
2,40,50,21-30,5.29745,3.8108108108108114,2.605,163.31822623270943,371.6184374486428,374.4453479277514
2,40,50,31-40,7.398350000000001,5.027027027027027,4.0649999999999995,150.56149500913511,383.0537740169504,378.7167727632603
2,40,50,41-50,8.62445,6.756756756756758,5.655,142.44902333760547,398.9585079286216,387.57388207785084
2,40,50,51-60,8.15145,5.210810810810811,5.055,141.11781495475518,332.72995008582296,322.4405791274203
2,40,50,61-70,4.9285,3.254054054054054,2.245,147.38118743074324,444.31717386866165,440.40842211447887
2,40,50,71-80,10.350200000000001,4.864864864864865,5.185,136.07652200488909,303.68185332203694,295.2558354001912
2,40,50,81-90,8.0856,7.837837837837837,5.574999999999999,166.50935445973937,340.33327449422205,335.6895726038319
2,40,50,91-100,7.25335,5.135135135135135,4.31,155.11310321845446,366.47876937657446,360.6039229491494
2,50,50,1-10,8.4532,6.2594594594594595,5.68,168.3295239389569,380.16095934510247,369.6080728575487
2,50,50,11-20,4.7026,2.4918918918918918,1.64,168.96833681157554,448.84511546789673,448.21659157709735
2,50,50,21-30,11.033800000000001,10.713513513513515,8.315000000000001,130.8855704732347,293.7214476369358,284.4691425428031
2,50,50,31-40,2.5743000000000005,0.0,0.12,,512.818794291397,498.7607409204999
2,50,50,41-50,7.771849999999999,5.945945945945946,4.45,140.38952076478049,343.43602184297686,345.20276408671555
2,50,50,51-60,14.80455,13.102702702702704,11.559999999999999,149.0346288492743,295.33898489722964,281.93853569655073
2,50,50,61-70,6.811049999999999,5.675675675675675,3.6350000000000002,193.47207697959843,379.50812121101404,385.4870130397252
2,50,50,71-80,13.10155,12.502702702702702,10.11,157.06579996437773,280.9372278983159,269.15112751201895
2,50,50,81-90,4.794300000000001,2.848648648648649,1.765,163.17959426703962,366.8596053614492,376.1945769686854
2,50,50,91-100,11.568299999999999,9.583783783783783,8.215,147.70375020219834,315.08759629320355,301.4508484819189
2,60,50,1-10,12.54205,7.535135135135135,8.25,131.91889920762128,357.3161892908565,336.5519124404319
2,60,50,11-20,9.19615,8.367567567567567,6.455,148.42467110586549,330.93571943061613,316.9101160727813
2,60,50,21-30,5.472600000000001,2.972972972972973,2.4799999999999995,175.4647699406541,412.43779288228507,411.6201931936781
2,60,50,31-40,14.055400000000002,12.497297297297298,10.209999999999999,140.30547819276123,260.0216970716069,244.41763967840885
2,60,50,41-50,6.1325,2.4864864864864864,2.73,130.40911644104204,359.5353607009966,355.0336856887852
2,60,50,51-60,10.6653,9.18918918918919,7.389999999999999,169.91328138725524,270.67868413083437,257.1897467621044
2,60,50,61-70,5.4155,3.0,2.705,170.53886248796323,323.54335878928714,316.93290499083344
2,60,50,71-80,6.522299999999999,5.756756756756756,4.275,152.73565259924084,323.7167952157447,330.4478141510609
2,60,50,81-90,4.698799999999999,2.118918918918919,2.005,151.8664361417779,461.4648870929012,455.027033319869
2,60,50,91-100,8.1134,5.135135135135135,4.9799999999999995,154.22106004321705,369.7931131333706,363.99616637069846
2,70,50,1-10,6.6366,4.821621621621622,4.290000000000001,125.49481063347922,401.6273007575594,397.75091559936936
2,70,50,11-20,5.982200000000001,2.8162162162162163,2.98,133.2611294057194,405.7372076969709,395.62710896844305
2,70,50,21-30,4.413349999999999,1.2648648648648648,1.2,117.52041811922042,403.90545773721846,419.2899521259268
2,70,50,31-40,7.624749999999999,5.654054054054054,4.755,144.57647847545857,338.1118987787755,321.00020100248196
2,70,50,41-50,10.2601,7.837837837837839,6.609999999999999,130.6923967808362,331.92395791013195,321.8459318022757
2,70,50,51-60,6.32345,3.65945945945946,3.135,129.7533925110312,386.9698916513151,368.9639449763193
2,70,50,61-70,11.0212,9.45945945945946,9.0,129.4634918032569,346.78282457624175,337.47586464241977
2,70,50,71-80,11.085849999999999,9.118918918918919,7.565,139.4276188630003,357.7872972689043,360.25074238447047
2,70,50,81-90,10.576249999999998,8.2,7.265000000000001,168.4361086334972,360.41986290611834,344.5391052255362
2,70,50,91-100,6.0601,3.5135135135135136,3.08,123.19064440433573,493.456650918975,476.23101630350874
2,75,50,1-10,11.29635,9.389189189189189,7.660000000000001,155.34999226277984,300.21818678404264,281.17569069693775
2,75,50,11-20,6.80665,3.7837837837837838,3.8200000000000003,149.55329483992114,413.4105346266442,399.89046855825967
2,75,50,21-30,5.863749999999999,4.324324324324325,3.04,134.58380868585,359.9621943669122,372.966271220828
2,75,50,31-40,8.82565,4.924324324324324,5.1450000000000005,160.26754026724808,364.70693346745696,352.88089155806443
2,75,50,41-50,9.55745,6.718918918918919,5.6,133.2081448377286,352.31096796151326,348.1786312920174
2,75,50,51-60,7.319099999999999,5.0162162162162165,5.125,138.240414575537,383.4640958333481,374.19663065780355
2,75,50,61-70,4.1127,1.3513513513513513,0.9800000000000001,139.02901810314532,391.2724572508341,397.82019598329634
2,75,50,71-80,8.8881,8.14054054054054,6.05,160.1026370552294,309.78078566071326,301.0914157026558
2,75,50,81-90,7.9056000000000015,3.8,3.8950000000000005,146.5085498049888,439.2936737890571,428.96697520578675
2,75,50,91-100,10.856,8.632432432432433,7.955,129.33813271599774,429.9165426177936,418.10768316043897
2,80,50,1-10,10.211699999999999,6.210810810810811,6.305000000000001,124.33242610516213,413.74838087245996,409.19343709819
2,80,50,11-20,7.272,3.8,3.8299999999999996,123.94143437547,334.7901915077025,327.58617711908056
2,80,50,21-30,7.853,7.027027027027027,5.41,147.83519084954554,352.6346518687018,354.030200671542
2,80,50,31-40,10.387899999999998,7.3189189189189205,6.769999999999999,130.86021070949747,326.33858920227414,326.0135212501437
2,80,50,41-50,5.37035,2.7027027027027026,2.5599999999999996,134.9635971001366,437.19692016261325,427.3056848027912
2,80,50,51-60,11.111799999999999,9.789189189189191,8.09,150.4401032540569,272.9563719910576,260.4952777808981
2,80,50,61-70,9.37365,7.2972972972972965,6.194999999999999,134.3309980245582,324.0404600495442,317.9021879874008
2,80,50,71-80,13.06455,10.864864864864865,9.36,133.13447886705788,294.9103402392788,284.5472008640312
2,80,50,81-90,7.7005,4.821621621621622,4.5,128.06100396015833,444.7922164926499,430.170644728568
2,80,50,91-100,12.842749999999999,8.572972972972973,9.195,126.84924971683988,359.2982032739906,344.83588152220807
2,90,50,1-10,7.7227500000000004,4.275675675675676,4.364999999999999,127.82833182611394,353.835628748527,348.5859828696245
2,90,50,11-20,9.969,7.945945945945946,6.65,129.84403580514808,331.59760609080547,318.21826099849795
2,90,50,21-30,9.03655,5.767567567567568,6.09,134.01476000968123,417.03857717301526,407.1800701353716
2,90,50,31-40,8.963049999999999,3.945945945945946,5.44,120.4597163613977,462.58347704325087,446.93389522602075
2,90,50,41-50,9.091149999999999,7.027027027027027,5.79,130.83675127502815,338.07460974045637,328.6209799694931
2,90,50,51-60,5.063750000000001,1.8918918918918919,1.58,117.26181642273428,449.55843651664946,457.08567067491947
2,90,50,61-70,5.6240499999999995,3.2432432432432434,2.7649999999999997,139.8133207592174,437.34920768656104,429.876753942257
2,90,50,71-80,12.147300000000001,10.508108108108107,9.385,131.0562196585484,333.66742078628494,320.09871602577454
2,90,50,81-90,11.197700000000001,7.378378378378379,7.8100000000000005,145.36040492202977,331.73698802270326,316.61303204323787
2,90,50,91-100,10.2026,6.216216216216216,6.909999999999999,128.69079768744353,399.49766388407056,392.05983035952136
2,100,50,1-10,13.343099999999998,11.037837837837838,9.265,140.75030131814702,329.5283492033881,309.46305442592245
2,100,50,11-20,10.60155,8.389189189189189,7.56,126.9722204899989,322.6769045371247,307.3700905468776
2,100,50,21-30,11.18435,9.643243243243244,8.28,134.8616833357581,295.4561687846666,281.50405244426366
2,100,50,31-40,3.3548999999999998,0.8108108108108109,0.365,118.73083022123751,424.01880101360837,422.5845183316984
2,100,50,41-50,14.9496,12.183783783783785,11.485,131.1416039539605,368.6627967353337,353.9857477135327
2,100,50,51-60,13.7422,6.7027027027027035,9.155,123.2382488222289,291.83653240420665,280.86419025780526
2,100,50,61-70,6.2371,5.0486486486486495,3.7399999999999998,169.0775180295926,319.31145029956593,310.16088630894166
2,100,50,71-80,12.25,9.167567567567568,8.46,147.30987598485459,261.70555254879446,260.4929841185825
2,100,50,81-90,7.451649999999999,5.3621621621621625,4.334999999999999,137.2256481739756,387.82344394356414,384.4637061243951
2,100,50,91-100,8.473099999999999,5.135135135135135,4.365,125.33342806348492,344.6148080911771,347.505096963033
2,10,75,1-10,5.1823999999999995,5.405405405405405,2.955,324.44634409258094,445.8918434714601,449.84314976405733
2,10,75,11-20,10.767800000000001,14.054054054054053,8.25,230.94868736401577,309.57147878458255,308.8770017132312
2,10,75,21-30,6.951450000000001,9.394594594594594,4.375,255.7830247662957,304.94986948799067,307.15994089521246
2,10,75,31-40,6.9415000000000004,9.275675675675675,4.6450000000000005,310.13182339534546,384.28910792611913,385.62607497543814
2,10,75,41-50,5.6160499999999995,8.832432432432432,3.6100000000000003,397.4453000111672,391.2426239860007,391.41418332034965
2,10,75,51-60,6.0988,10.113513513513514,3.5650000000000004,347.8008162194996,388.99587661115413,379.8625715427598
2,10,75,61-70,6.4985,8.8,3.7399999999999998,331.4572708932154,351.2980227158103,341.7719921942097
2,10,75,71-80,4.8447000000000005,5.405405405405405,2.6049999999999995,312.0541939422192,342.1119862383126,349.67848951697715
2,10,75,81-90,7.055199999999999,10.302702702702703,5.67,216.42135359460661,281.14944859490345,278.9948871682361
2,10,75,91-100,5.78785,9.18918918918919,3.3850000000000002,300.0937430729897,427.94030260929355,425.2471549987437
2,20,75,1-10,7.6763,9.794594594594596,5.609999999999999,177.84981470689158,366.7779004783808,365.24366979025103
2,20,75,11-20,5.0884,4.956756756756756,3.1049999999999995,178.70770507371643,433.59435602532494,425.23657257744736
2,20,75,21-30,6.325900000000002,5.945945945945946,3.7649999999999997,208.44836006059091,349.55101659255445,350.7382485112599
2,20,75,31-40,10.67675618293306,10.73572742637491,7.820807358201328,199.06424592960312,340.2597429346037,334.994197258446
2,20,75,41-50,4.1705,3.513513513513513,1.59,182.2673248682063,426.8589117164788,425.35881769740536
2,20,75,51-60,6.356450000000001,9.45945945945946,3.8900000000000006,193.1211251106395,403.3345787133061,401.98628948655283
2,20,75,61-70,5.334249999999999,5.605405405405405,2.5149999999999997,189.44738671445995,408.9962951552743,398.25391935944685
2,20,75,71-80,5.809948390446521,5.675675675675675,3.3655763239875385,160.46624206218996,337.2886732295399,329.0778392919473
2,20,75,81-90,10.09855,11.68108108108108,8.465,169.77202841717158,372.88596073855086,363.65395280877385
2,20,75,91-100,8.13395,12.01081081081081,5.86,187.15366527401278,334.9097488858696,336.3270685840721
2,30,75,1-10,8.4991,8.91891891891892,5.515,192.51763046719438,385.45859861235226,378.60455223346855
2,30,75,11-20,7.55565,7.048648648648649,4.65,158.7253042375502,330.3411786125029,329.1773470654296
2,30,75,21-30,6.20485,6.627027027027028,3.5849999999999995,174.55409741093854,350.19173016010103,351.7525623578647
2,30,75,31-40,6.0558000000000005,4.232432432432432,3.2600000000000002,138.91663239889021,337.6043703200283,334.67382745350176
2,30,75,41-50,12.05115,17.227027027027027,10.070000000000002,177.0054347590173,277.9735168017469,264.3134750048814
2,30,75,51-60,5.89755,8.378378378378377,4.115,183.4915225943861,297.46890198709565,289.85707563476177
2,30,75,61-70,11.894350000000001,14.243243243243246,8.975,215.45169987194117,335.7390986757442,337.70360799973275
2,30,75,71-80,9.528699999999999,10.545945945945945,7.114999999999999,167.63143226295023,404.45933352370685,400.0143632899775
2,30,75,81-90,8.7713,8.37837837837838,5.9799999999999995,186.5196555702337,374.41427461919767,358.5252595434956
2,30,75,91-100,6.052099999999999,7.837837837837839,3.9,188.7147519351237,373.7533066521522,376.7381082380139
2,40,75,1-10,5.48585,4.054054054054054,2.49,193.95173601832124,340.2117687750298,339.40597413184025
2,40,75,11-20,6.552,7.2972972972972965,4.365,176.34793234227226,347.2776739503919,345.3430337887291
2,40,75,21-30,10.25385,9.843243243243244,7.3199999999999985,157.52016624359092,329.63819031512173,317.92125504435575
2,40,75,31-40,4.839499999999999,3.2432432432432434,1.9400000000000002,168.80976909195925,364.63606322830594,361.71445974474886
2,40,75,41-50,10.3847,10.827027027027025,8.47,148.13570480444534,260.846399928991,257.39986869427673
2,40,75,51-60,7.756,6.486486486486487,4.875000000000001,166.88972579575125,414.2960691152763,406.0964695518791
2,40,75,61-70,7.526750000000002,7.5675675675675675,4.984999999999999,175.27218323263403,353.7902584167608,353.9408594237428
2,40,75,71-80,7.338650000000001,6.5297297297297305,4.205,159.9294209608737,387.80583558200465,379.2054053282199
2,40,75,81-90,5.46345,4.843243243243244,2.815,206.98711555992656,360.1230935497532,358.23003292341144
2,40,75,91-100,7.019550000000001,7.686486486486487,4.459999999999999,168.2427946227546,374.05329920888124,363.4205844193149
2,50,75,1-10,5.21445,4.324324324324325,2.6550000000000002,157.01765358769717,400.5565840850419,399.4517548436944
2,50,75,11-20,6.2151499999999995,4.767567567567567,3.7050000000000005,172.54918960785645,303.98061880571635,315.9635827480475
2,50,75,21-30,7.29545,7.027027027027027,4.655,141.31175549426945,357.6660441506031,355.4626657298242
2,50,75,31-40,12.82935,15.135135135135135,10.64,156.2601800288089,276.1218661793408,260.7768855599689
2,50,75,41-50,8.11105,7.145945945945947,5.41,137.4130177402181,325.02017779884216,325.1308810286188
2,50,75,51-60,3.47025,1.0810810810810811,0.575,119.38076147011705,450.0503886292314,452.5313978712946
2,50,75,61-70,5.7317,3.7837837837837838,2.765,194.51283818729527,394.31115715514716,389.6005915108824
2,50,75,71-80,6.00115,5.405405405405405,3.839999999999999,136.51232120872783,358.1832297684497,351.78646124730176
2,50,75,81-90,9.149899999999999,8.67027027027027,6.225,172.2086050038034,379.02999701087174,369.47539355100923
2,50,75,91-100,6.0704,4.864864864864865,3.6799999999999997,142.34133836558416,347.5338231996619,343.38599825563966
2,60,75,1-10,11.298150000000001,12.205405405405406,9.569999999999999,160.1255644577656,338.1305880350736,329.37101660779024
2,60,75,11-20,8.920100000000001,11.940540540540539,6.805,144.25882412247034,310.0416434149383,307.00038187495755
2,60,75,21-30,5.0051,3.632432432432432,2.0799999999999996,157.35788849831115,367.1815065570546,374.4338289523555
2,60,75,31-40,9.76675,8.232432432432432,7.095000000000001,158.13951724959173,319.4888634656957,317.01294700803476
2,60,75,41-50,7.377599999999999,5.945945945945946,3.7,159.0768387755079,333.8595491271344,327.48432625659063
2,60,75,51-60,6.420349999999999,5.9459459459459465,3.95,158.9942490994986,402.9340413295573,401.63262264077696
2,60,75,61-70,6.0732,5.135135135135135,3.2300000000000004,154.99710403875866,418.13267170262844,405.36937939997273
2,60,75,71-80,10.251349999999999,10.0,7.905000000000001,135.74537107398615,266.0178860852424,259.02307410241406
2,60,75,81-90,6.559900000000001,5.4,4.615,183.52499518393137,323.4242782581438,320.9296887691063
2,60,75,91-100,9.3533,7.189189189189189,6.125000000000001,137.653362158711,400.64897415983467,394.0599094870639
2,70,75,1-10,4.38645,2.1621621621621623,1.6149999999999998,153.28130292226973,392.09802273620824,386.3473748457512
2,70,75,11-20,8.1926,6.216216216216216,4.305,150.87937203494013,323.21549244518957,322.1254925273688
2,70,75,21-30,11.01325,12.702702702702704,9.01,161.29134142749635,317.53779483451916,311.6095081521391
2,70,75,31-40,4.8933,3.4,2.525,175.1426117551759,375.88928534195054,377.4603410691708
2,70,75,41-50,5.9392499999999995,4.616216216216216,3.125,168.2288762150379,417.438001729137,409.257027091997
2,70,75,51-60,10.14735,9.31891891891892,7.0600000000000005,145.98398698575394,317.47819573386624,300.27507298609703
2,70,75,61-70,8.449200000000001,7.5675675675675675,4.5600000000000005,145.75800550491738,335.41808935484073,332.0655937127213
2,70,75,71-80,5.58795,3.2432432432432434,2.585,135.29605624621468,361.191056020113,360.83686733607726
2,70,75,81-90,8.613299999999999,8.64864864864865,5.55,163.47113092604735,396.6878528533263,396.3683978928967
2,70,75,91-100,6.17985,5.405405405405405,3.94,141.5342011172386,389.83051655990437,384.00717033349235
2,75,75,1-10,4.392449999999999,2.843243243243243,1.8199999999999998,158.0615468015702,391.20363592783275,387.9875531929578
2,75,75,11-20,9.324449999999999,9.18918918918919,7.1800000000000015,157.2064159379431,317.1788213738936,319.4134023889849
2,75,75,21-30,8.109300000000001,6.654054054054055,5.204999999999999,148.50215868597047,298.80985464955734,292.9690996591903
2,75,75,31-40,7.552250000000001,7.027027027027027,5.84,146.65159015708676,364.0483288780964,359.452402886991
2,75,75,41-50,5.1009,2.972972972972973,2.2649999999999997,125.05439849316899,428.7445645889883,427.099032646269
2,75,75,51-60,5.033100000000001,3.2432432432432434,2.3,154.22649650181904,424.067126948453,430.5813901126491
2,75,75,61-70,8.169450000000001,7.2972972972972965,5.6450000000000005,131.28049152074914,314.8906016989229,304.55755521160506
2,75,75,71-80,10.871149999999998,11.064864864864864,8.71,137.34372039938907,366.9218214806245,362.37005755943716
2,75,75,81-90,7.236600000000001,6.043243243243244,4.74,151.70820132501183,399.7694368949269,378.02182654421205
2,75,75,91-100,3.19635,0.5405405405405406,0.155,190.54581964059105,444.9159457218815,452.9281108110566
2,80,75,1-10,13.5257,12.956756756756757,10.835,139.83993155719426,264.7434399699693,255.2326805611388
2,80,75,11-20,5.512,4.4,2.685,139.77611985506203,383.30789471789154,375.97303982960216
2,80,75,21-30,4.19085,2.021621621621622,1.675,188.5145582640977,415.1801820253514,416.2769878648608
2,80,75,31-40,4.5463000000000005,1.8918918918918919,1.42,142.70857045067436,402.0402892285187,399.73971471447
2,80,75,41-50,8.569500000000001,7.270270270270269,5.705,167.729795608278,323.6311048658839,312.55543684991045
2,80,75,51-60,5.687400000000001,4.594594594594595,2.865,139.20863188078005,355.0006404843876,357.36667738497493
2,80,75,61-70,3.87625,1.0648648648648649,0.8,115.33953956286169,470.9703882111024,465.0274466041992
2,80,75,71-80,6.384549999999999,5.405405405405406,3.6,139.80488619039508,348.6738112758113,348.25759171339007
2,80,75,81-90,11.962350000000002,12.740540540540541,8.91,144.1494394389307,321.7707398241961,309.59033535701167
2,80,75,91-100,5.9915,3.5135135135135136,3.015,134.7811056634465,387.9371586260284,384.74448448591176
2,90,75,1-10,8.736099999999999,8.64864864864865,6.695,141.5502961922164,280.6816699413306,280.8001526593613
2,90,75,11-20,8.44125,7.632432432432433,5.859999999999999,130.73294745621365,342.9969795202793,325.74642229419317
2,90,75,21-30,8.73925,9.07027027027027,5.9,155.37204885091353,350.1647252230794,349.0970223328652
2,90,75,31-40,9.52645,8.751351351351351,7.12,133.68244681433308,274.9933894802913,274.36942679726445
2,90,75,41-50,8.4814,6.345945945945945,5.284999999999999,148.74529832561024,364.64163459871196,361.66460422337514
2,90,75,51-60,8.198800000000002,7.945945945945946,5.845000000000001,177.63699229072708,305.371250305289,307.4146785330198
2,90,75,61-70,9.08945,7.34054054054054,6.644999999999999,129.4731420711139,387.1738971741953,379.93904234022006
2,90,75,71-80,6.78025,5.929729729729729,4.04,145.59607935914642,307.1659292520901,303.895088347227
2,90,75,81-90,6.9154,5.7405405405405405,4.194999999999999,147.5135258832403,319.67438448862185,326.2441671283367
2,90,75,91-100,12.14175,11.481081081081083,10.16,141.11719366002373,245.57102093627054,235.68018799809838
2,100,75,1-10,13.53415,15.135135135135133,11.42,135.00348303490708,242.6003057969731,228.88402038633552
2,100,75,11-20,3.3547000000000002,0.8108108108108109,0.7950000000000002,129.76126979593286,448.0608659964403,441.65549697881033
2,100,75,21-30,5.652200000000001,3.2432432432432434,2.975,131.97620447369758,384.15644466207584,381.3919829423257
2,100,75,31-40,9.69755,8.378378378378379,6.43,130.58708598987846,318.92752207658634,321.75197273646603
2,100,75,41-50,6.314799999999999,4.054054054054054,3.4849999999999994,123.5388672706012,378.19592374420233,365.408133282824
2,100,75,51-60,10.100249999999999,7.9459459459459465,7.13,137.913540190031,380.27197471598697,372.26896972738547
2,100,75,61-70,6.1278500000000005,3.2432432432432434,3.5,125.85401268498042,462.0728737529645,450.2722482925121
2,100,75,71-80,6.4601,5.6378378378378375,4.305,133.57642492157524,360.18056311535,345.9628423527523
2,100,75,81-90,6.932249999999999,5.135135135135135,3.9849999999999994,123.28480316566228,351.7243109050393,339.4770782384004
2,100,75,91-100,5.055250000000001,2.627027027027027,2.085,141.30581898748196,496.0239888699184,489.89866944480883
2,10,100,1-10,5.8627,12.156756756756756,4.540000000000001,455.759739441748,400.1789227739545,402.90366791416164
2,10,100,11-20,5.4761500000000005,8.518918918918919,2.685,373.5742806007032,384.4591786158088,388.5417856473003
2,10,100,21-30,4.8873,7.8054054054054065,2.4400000000000004,380.1596549009059,349.34057157960075,360.3276705387068
2,10,100,31-40,4.31865,6.216216216216216,2.035,363.66184023694433,406.5129816366965,403.27725209718267
2,10,100,41-50,7.15795,8.108108108108109,5.25,412.24925026817164,401.8290979329398,393.62599434276467
2,10,100,51-60,8.707250000000002,15.69189189189189,7.81,299.5530821674631,271.89247636982356,263.4204429559872
2,10,100,61-70,7.65205,14.324324324324323,6.210000000000001,394.60729488827116,322.09887588226803,320.31807331899
2,10,100,71-80,7.8038,14.702702702702704,5.82,247.9494503219266,290.5471577462555,288.47551337883357
2,10,100,81-90,4.8068,5.405405405405405,2.0149999999999997,298.06517891878565,409.4315768726623,409.5772785660376
2,10,100,91-100,3.77475,4.864864864864865,1.1300000000000001,437.77704861775766,428.93298410143444,430.2847788568176
2,20,100,1-10,11.06935,15.443243243243241,10.725,186.53277962257266,396.3127453518068,384.2566547118415
2,20,100,11-20,8.521799999999999,10.27027027027027,7.075,195.3590181650959,341.88443727286284,327.69565499993496
2,20,100,21-30,6.4963999999999995,9.18918918918919,4.575,229.0634331176425,338.64420393552723,342.0765733301673
2,20,100,31-40,8.808600000000002,12.972972972972974,8.309999999999999,186.51102169681903,359.2101481365071,355.07108656162893
2,20,100,41-50,5.061749999999999,6.648648648648648,2.835,227.87163446284222,374.25241301672855,373.659132837801
2,20,100,51-60,6.355299999999999,7.935135135135136,3.4800000000000004,228.24102753704884,378.8635893928978,382.6497065129556
2,20,100,61-70,9.309050000000001,13.772972972972974,8.385,185.3980052291888,295.87915995584336,291.2235558781046
2,20,100,71-80,7.7874,11.064864864864864,7.15,182.38955211382043,352.79108209173484,342.72601882515016
2,20,100,81-90,7.323449999999999,7.837837837837839,4.765,210.98334845354339,401.42687833896446,397.5983596384229
2,20,100,91-100,4.9857,5.227027027027027,2.67,188.9752150050424,442.80461078003526,424.7951487972913
2,30,100,1-10,8.167849999999998,10.827027027027027,6.340000000000001,155.0390932060918,327.9355796664508,325.82729575319127
2,30,100,11-20,6.3506,7.837837837837839,4.325,200.247800908441,348.57022362056074,354.18930814638594
2,30,100,21-30,10.0718,14.145945945945945,9.0,178.89951125782045,287.5112202742083,282.3920217608149
2,30,100,31-40,5.378449999999999,5.383783783783784,3.1700000000000004,178.7437212674378,364.55160440250955,369.17417991613513
2,30,100,41-50,6.275799999999999,8.12972972972973,4.609999999999999,160.51007492807017,337.0213843581605,335.37346598576966
2,30,100,51-60,6.8743,7.702702702702702,5.1,194.30047451506812,372.5343207125334,377.4026427056643
2,30,100,61-70,6.6322,7.5675675675675675,4.514999999999999,156.4655420723921,360.06626665121934,361.52748403301587
2,30,100,71-80,6.79075,7.5675675675675675,5.305000000000001,151.25712314332128,387.58029621393496,385.28178918677384
2,30,100,81-90,9.0377,15.135135135135135,7.3950000000000005,180.6981458481415,247.14895764267393,244.25524310134546
2,30,100,91-100,10.23245,16.124324324324323,9.785,178.32617375354997,312.8639200034837,304.6922946588801
2,40,100,1-10,5.285750000000001,5.113513513513514,2.73,161.18874196256834,427.3480707430297,427.1748874967617
2,40,100,11-20,6.079700000000001,5.675675675675675,3.900000000000001,161.6335718625858,425.10567502784954,410.02236341822163
2,40,100,21-30,9.1602,13.102702702702704,7.485000000000002,172.8710346359606,307.4076124433706,311.1151856299524
2,40,100,31-40,7.17295,7.956756756756756,5.215,158.03480633280995,343.0687498598134,332.3101642367142
2,40,100,41-50,5.63665,4.178378378378378,3.3299999999999996,169.73844033249725,399.9750411704351,400.8737427379394
2,40,100,51-60,5.3561,4.464864864864865,3.2600000000000002,178.74329324072534,349.72339019438726,352.6348707735833
2,40,100,61-70,5.995050000000001,6.572972972972974,4.1850000000000005,163.69914655925672,316.3535959395148,312.99160270193136
2,40,100,71-80,3.4661999999999997,2.6432432432432433,1.435,174.7424335620671,439.45037921729426,438.92495412141005
2,40,100,81-90,5.893700000000001,6.335135135135135,3.4549999999999996,149.95482461742296,342.868497434219,341.18710524649646
2,40,100,91-100,6.3713,6.216216216216217,4.12,192.21162002290004,418.51833650992893,421.2739495409411
2,50,100,1-10,6.948950000000001,7.4918918918918935,4.880000000000001,150.38676969884722,392.21384155550606,391.93309827894984
2,50,100,11-20,9.67655,11.356756756756758,7.6,155.556077776875,317.9986562976561,318.1063707165821
2,50,100,21-30,8.8107,9.551351351351352,6.760000000000001,161.1561643137815,368.63536748537183,355.98470989973526
2,50,100,31-40,10.2893,14.27027027027027,9.18,141.65216924006887,265.7988530825921,254.79039473161993
2,50,100,41-50,5.4525,3.7837837837837838,2.855,137.33903587249995,435.1967658000364,431.1242041253824
2,50,100,51-60,8.14395,9.65945945945946,6.000000000000001,156.30797470617847,320.1416384420588,313.55967989590215
2,50,100,61-70,6.6396500000000005,5.135135135135135,3.8600000000000003,140.72941464073617,444.5744640898819,447.7822011720344
2,50,100,71-80,5.3454,4.172972972972973,3.075,129.88708735955123,399.1920708187316,403.8276658610117
2,50,100,81-90,8.143349999999998,9.432432432432432,5.199999999999999,175.80204080660505,356.224333158806,367.57705212361964
2,50,100,91-100,7.567800000000001,8.427027027027027,5.58,191.50599815632066,422.0668370227551,419.1425040433787
2,60,100,1-10,8.98425,12.432432432432432,7.955000000000001,161.26825839665173,309.02023138530114,299.0612171816474
2,60,100,11-20,5.18685,3.2432432432432434,2.59,150.3572916111421,394.4758759742301,383.5549733546198
2,60,100,21-30,5.1837,3.513513513513513,2.65,157.92656120425426,413.3640072944271,405.35961471104036
2,60,100,31-40,4.1671499999999995,2.972972972972973,1.355,162.30863148248466,408.18956078592066,411.2706935457254
2,60,100,41-50,5.745,4.794594594594594,3.345,177.64475231450353,408.5961438851699,405.95840125423086
2,60,100,51-60,10.213,12.972972972972974,8.99,148.9583140328617,343.2648150381348,337.59317324060095
2,60,100,61-70,8.4069,10.0,6.005,166.0777123567575,308.3841868775627,313.77573672813406
2,60,100,71-80,5.504599999999999,5.405405405405405,3.045,180.27616373926134,386.6861748354392,390.42305769801266
2,60,100,81-90,7.08625,7.027027027027026,4.35,158.72500443588027,324.47415142546527,325.8771731071163
2,60,100,91-100,7.738850000000001,7.383783783783784,5.785,137.17795594783942,355.00494902287335,350.388528596446
2,70,100,1-10,6.6148,6.410810810810811,3.8650000000000007,186.10027278513815,342.5721211592585,349.3919315317753
2,70,100,11-20,6.11525,6.308108108108109,4.494999999999999,136.68110223161207,358.89904480270087,364.3539771951802
2,70,100,21-30,7.7007,8.405405405405407,5.6499999999999995,156.71963960435792,328.7929810148782,323.7669922429077
2,70,100,31-40,5.3623,5.232432432432432,3.0249999999999995,174.8954068096882,375.967282351403,372.5523889956381
2,70,100,41-50,11.31545,13.98918918918919,9.334999999999999,151.48688270546785,250.5593573936375,240.29351662103718
2,70,100,51-60,7.40505,7.027027027027027,5.35,138.38934796330363,303.5172685006508,296.10991298940854
2,70,100,61-70,6.09905,4.491891891891892,3.3050000000000006,145.2740597243956,395.35470684885576,382.00389503244566
2,70,100,71-80,6.1729,5.405405405405405,3.685,143.94210259407214,382.643969344752,379.7473591907116
2,70,100,81-90,6.350949999999999,7.443243243243242,4.29,169.12252557858764,289.9549667288554,290.4635386392998
2,70,100,91-100,4.42,3.2432432432432434,1.8800000000000001,146.84919182280385,425.5645368175843,419.2853156873099
2,75,100,1-10,10.14275,11.486486486486488,8.135,137.91727846953648,315.41562931385687,305.768664365321
2,75,100,11-20,4.963050000000001,2.902702702702703,1.9100000000000001,157.12291420760687,437.1778394602924,445.1362307227788
2,75,100,21-30,6.3168500000000005,5.405405405405405,3.6450000000000005,157.72614158842646,355.6944871741104,364.4520964940574
2,75,100,31-40,6.3428,4.324324324324325,2.7700000000000005,152.80849529387882,362.4853432627127,368.99144357867806
2,75,100,41-50,8.0023,6.68108108108108,5.3,147.88281791483368,368.23016747412487,374.6987047410194
2,75,100,51-60,7.8732500000000005,10.32972972972973,6.899999999999999,149.0342604035769,286.03924438752017,278.42053749899253
2,75,100,61-70,4.61665,2.972972972972973,1.78,150.03026184197668,372.3488318751909,362.0123654585171
2,75,100,71-80,4.86425,3.7837837837837838,2.425,159.87096062913784,376.6081398929581,380.09875526977805
2,75,100,81-90,7.700149999999999,8.924324324324324,5.385,155.20575908848863,333.61503258900154,337.0178282558888
2,75,100,91-100,6.702,6.216216216216216,4.2700000000000005,132.6087355986715,403.84520085786954,392.17181740285884
2,80,100,1-10,5.05625,4.578378378378379,2.96,161.0094926459985,363.81763780191784,366.79029551857565
2,80,100,11-20,11.747250000000003,13.745945945945948,10.1,138.761565820715,307.8487056788755,292.577927705105
2,80,100,21-30,5.04105,3.8162162162162163,2.75,180.31696795106947,417.6464852755927,418.7141179000384
2,80,100,31-40,6.0092838943552565,5.1456060215184305,4.157685137234593,143.6814315791185,407.2006607103016,413.4099682442071
2,80,100,41-50,5.089449999999999,4.054054054054054,2.955,136.7165043301125,418.6641448827371,413.44851202494954
2,80,100,51-60,5.7709,6.216216216216216,4.075,141.5891082353645,366.9523352168827,367.698278158948
2,80,100,61-70,7.390237422037423,8.949017337517901,6.05956340956341,147.69612846799993,346.9534642802861,338.61602371373374
2,80,100,71-80,4.1468,2.1621621621621623,1.6400000000000001,136.771145893214,482.1550075985191,484.2421084161323
2,80,100,81-90,7.874093313222724,7.8810810810810805,5.270525389643036,141.82858702110562,400.08585016634663,381.8253426714808
2,80,100,91-100,6.492550000000001,6.486486486486487,4.135,150.54241743144703,394.9103104837774,392.50992620102807
2,90,100,1-10,7.5817499999999995,8.254054054054055,5.465000000000001,158.14203358701153,386.1374142209878,388.10871243782424
2,90,100,11-20,4.4428,2.1621621621621623,1.4949999999999999,148.52271169104995,386.49877819051517,393.9973073025674
2,90,100,21-30,7.62855,7.113513513513513,5.56,133.31905498163573,343.63614610104906,329.90929442005597
2,90,100,31-40,3.62685,0.5405405405405406,0.655,113.05192702250316,387.58532556690886,381.13037001487135
2,90,100,41-50,7.1511499999999995,7.032432432432434,4.765,160.34744273823208,327.48200653390325,319.42676201727994
2,90,100,51-60,8.620000000000001,9.01081081081081,5.549999999999999,149.0749868884777,265.04362531293975,265.77397603880297
2,90,100,61-70,4.8543,3.65945945945946,2.4,126.6657248899548,390.1440605673705,389.5862579187131
2,90,100,71-80,5.80725,5.135135135135135,3.4450000000000003,160.2445048074583,355.6247944858895,359.9563697220148
2,90,100,81-90,6.252249999999999,5.135135135135135,3.4,143.23772008340853,414.50474882628885,414.21797239154995
2,90,100,91-100,4.392099999999999,1.0810810810810811,1.145,132.50979797997354,432.3492421755256,426.5309599304481
2,100,100,1-10,6.7600999999999996,5.772972972972973,3.5300000000000002,138.2386990231826,327.64106429790803,323.88938575301165
2,100,100,11-20,8.23225,7.5675675675675675,5.765000000000001,135.853420114422,332.5395541443024,309.51779907349993
2,100,100,21-30,8.8988,9.421621621621622,7.335000000000001,136.89605490950734,390.2227217047724,387.6473216613323
2,100,100,31-40,6.38415,5.675675675675675,3.6799999999999997,151.88698182162787,416.3125964777814,407.6113184787512
2,100,100,41-50,7.55145,5.945945945945946,5.46,126.05085490237093,368.3519136497026,356.4192568665815
2,100,100,51-60,5.7136499999999995,4.535135135135135,3.38,134.04880720070403,413.5693524344786,410.2386886709736
2,100,100,61-70,10.70745,9.778378378378378,7.69,126.69199382220927,336.37817386310314,330.8463049603455
2,100,100,71-80,4.0247,2.810810810810811,1.6700000000000004,160.19519160840287,374.4590127208502,371.5822517385394
2,100,100,81-90,7.648349999999999,5.956756756756756,4.675,145.9340487189787,407.5778891938473,389.7044011494986
2,100,100,91-100,8.00445,7.421621621621621,5.959999999999999,135.86225582887005,381.7422301825528,384.50968016598034
3,10,1,1-10,108.56470000000002,2.1621621621621623,36.629999999999995,104.32854605658774,234.70818577273013,204.18510731784949
3,10,1,11-20,56.75965,1.3513513513513513,18.740000000000002,103.80039794657678,295.8703348010424,290.60992500346185
3,10,1,21-30,160.73265,2.7027027027027026,55.55,104.60755089657607,218.97751915111786,192.43830482498373
3,10,1,31-40,49.616600000000005,0.5405405405405406,15.875,95.0041804134954,361.441667540127,349.76359309347816
3,10,1,41-50,96.46829999999999,1.3513513513513513,31.755000000000003,93.55109226072918,280.9156215722813,263.24892530180057
3,10,1,51-60,86.09285,1.8918918918918919,29.825,117.65565858977573,313.19156660072696,308.79365962664576
3,10,1,61-70,62.38695,1.1837837837837837,20.729999999999997,101.17898805159052,310.4622406855112,299.0632700667152
3,10,1,71-80,127.34594999999999,2.7027027027027026,45.075,105.36539305594258,240.49545634688775,210.39077679745114
3,10,1,81-90,44.974799999999995,1.3513513513513513,15.209999999999999,210.78698182174216,360.78861259434973,352.17473387859656
3,10,1,91-100,62.66020000000001,1.6216216216216215,20.669999999999998,139.12919227819927,271.70007891867806,258.436644016868
3,20,1,1-10,92.72135,1.8918918918918919,31.79,105.81658708570279,227.93121885673153,216.4286252911943
3,20,1,11-20,81.81505,0.5405405405405406,27.68,112.94756601761608,300.08242676690895,290.2639187205267
3,20,1,21-30,87.8816,1.0810810810810811,29.919999999999998,101.3531764651137,278.41310765381155,247.7715742376628
3,20,1,31-40,94.15605,0.0,32.275,,322.4575148919943,301.28196127423587
3,20,1,41-50,72.98479999999999,1.0810810810810811,24.305,105.13630344802698,294.35207260504274,276.2455867346936
3,20,1,51-60,69.76115,0.5405405405405406,23.005000000000003,102.84945727581264,337.3436111657835,333.4968818119274
3,20,1,61-70,70.6978,0.16756756756756758,23.03,104.15515344429453,328.33752393032677,319.063731769519
3,20,1,71-80,72.68195,1.3513513513513513,25.435,102.7284461515934,297.8104184205872,282.93074010725144
3,20,1,81-90,51.3119,0.8108108108108109,16.79,110.61937477092533,384.64768780487776,375.4736391609472
3,20,1,91-100,125.6579,2.4324324324324325,43.485,104.44050377751502,247.63844350134568,225.2117017595694
3,30,1,1-10,72.44115000000001,1.7945945945945947,24.66,102.08143187467387,305.57800067679113,294.3674578230267
3,30,1,11-20,145.90375,3.0864864864864865,51.81500000000001,105.62431656081714,170.26795903954235,146.68499703309436
3,30,1,21-30,54.5129,1.0810810810810811,17.285,100.1755633776823,383.9210324118389,380.91247770146936
3,30,1,31-40,78.0174,0.5405405405405406,26.2,112.40511122519737,282.408391538476,274.66012166639115
3,30,1,41-50,81.22649999999999,0.31351351351351353,27.28,108.1903466564151,295.8926039887396,283.38714337626635
3,30,1,51-60,113.91385,1.0810810810810811,38.7,108.22040282960387,286.23106980610726,271.6872975923564
3,30,1,61-70,116.26135,1.6486486486486485,40.91,103.2510791143197,236.69341491408014,220.78746149635813
3,30,1,71-80,84.23694999999998,2.7027027027027026,29.615,113.058958140402,286.6693816326391,262.22728048701026
3,30,1,81-90,98.97065,0.8108108108108109,33.17,101.47044888546719,296.50604119477305,279.37252815592905
3,30,1,91-100,70.77969999999999,1.6,24.195,96.33025890020608,312.03496104885556,309.37872138390037
3,40,1,1-10,104.8951,1.3513513513513513,35.504999999999995,101.60979329420172,300.2812560519961,281.91807594886404
3,40,1,11-20,82.79164999999998,1.3513513513513513,28.585,108.62687423253607,340.10549522110745,325.636021725698
3,40,1,21-30,47.7863,0.5405405405405406,15.665000000000003,113.82174919854322,341.20029967026437,329.04227510661565
3,40,1,31-40,57.78304999999999,1.0810810810810811,19.285000000000004,106.44445367465433,358.35685298644205,335.19873679971226
3,40,1,41-50,57.424699999999994,1.0810810810810811,19.505000000000003,105.09423926825201,403.15076954562113,379.81836560101567
3,40,1,51-60,69.68205,1.3513513513513513,24.130000000000003,113.67393293488557,405.873979289224,396.49558416264307
3,40,1,61-70,95.77405,1.3513513513513513,32.2,99.94558044936423,324.4236606155388,298.4008913998755
3,40,1,71-80,25.403799999999997,0.2702702702702703,7.654999999999999,94.7557804224784,389.61986266313625,391.20952981092927
3,40,1,81-90,30.53835,0.5405405405405406,9.515,102.5971003099065,445.55169291477597,429.73122562533456
3,40,1,91-100,146.1889,1.0810810810810811,49.30499999999999,92.63362919247916,241.0948125208209,218.35960047765224
3,50,1,1-10,117.3087,2.1243243243243244,41.355000000000004,109.02710609529834,329.834695018831,307.66792095948887
3,50,1,11-20,59.0333,0.8108108108108109,19.485000000000003,102.5067505476394,348.32714473386943,336.7718229877856
3,50,1,21-30,64.04235000000001,0.8108108108108109,21.265,104.7665399119461,370.53045038727083,357.49496763778353
3,50,1,31-40,27.205699999999997,0.2702702702702703,7.909999999999999,100.64676048830883,435.48289742406996,432.7570308075766
3,50,1,41-50,49.29225,2.1621621621621623,16.525,107.85586135421454,306.4967316944527,287.26392729281747
3,50,1,51-60,59.71695,1.3513513513513513,19.865,108.26113826447855,315.4345477491773,299.0641672688096
3,50,1,61-70,40.97375,0.8108108108108109,12.95,105.24179347893188,337.30275665299746,321.7750667679649
3,50,1,71-80,89.8765,1.0810810810810811,30.24,102.94528281017392,347.3044473357037,328.6162306893555
3,50,1,81-90,119.42935,0.8108108108108109,40.63,107.23897357484498,284.40586056849247,256.7558901273812
3,50,1,91-100,43.52025,0.5405405405405406,14.485,123.36437373298477,404.65513100835585,399.41738457542715
3,60,1,1-10,106.00274999999999,2.1621621621621623,35.48,101.07307368131507,262.8215660176958,238.3579404695077
3,60,1,11-20,79.6786,0.5405405405405406,26.955000000000002,106.14143707185696,308.5925653445373,291.93723742761057
3,60,1,21-30,72.40065,2.5891891891891894,25.035,104.89176921976316,357.3212295405345,343.30984408756336
3,60,1,31-40,128.00095,1.8918918918918919,43.785000000000004,102.79222341383826,256.6639547498721,243.9166065770562
3,60,1,41-50,26.144550000000002,0.0,7.289999999999999,,476.3933387218587,471.37106028244887
3,60,1,51-60,44.26825,1.8918918918918919,14.775,99.04155546921864,351.22125911218893,340.82361635744286
3,60,1,61-70,73.01480000000001,3.2432432432432434,25.555,106.86135432595661,298.7877436279977,288.28602987247837
3,60,1,71-80,59.10445,1.0810810810810811,20.765000000000004,107.64759038417965,289.1580564349048,265.49131586955457
3,60,1,81-90,40.42155,1.3513513513513513,13.02,100.78122832746256,407.73565004265504,389.33664321462027
3,60,1,91-100,72.27165,1.0810810810810811,24.805,111.281199300439,312.2235568360882,296.56627529357627
3,70,1,1-10,4.3103,0.0,0.06,,475.773414973388,476.1378134576247
3,70,1,11-20,87.57764999999999,1.0810810810810811,29.27,102.04560998636106,294.9387613836384,282.67696729252333
3,70,1,21-30,40.952450000000006,0.8108108108108109,12.794999999999998,101.30086782069264,433.0038570001517,429.7206042651962
3,70,1,31-40,55.089549999999996,2.4324324324324325,19.165,105.7467087476175,355.5354768866611,347.38566557726386
3,70,1,41-50,88.5875,1.6216216216216217,30.235000000000003,97.05557450778826,270.87000066218155,247.08404908549238
3,70,1,51-60,59.49035,0.9675675675675676,19.285,103.06183276596701,367.20906957223576,347.1298946764797
3,70,1,61-70,85.88879999999999,0.8108108108108109,28.880000000000003,102.3536131448076,323.14550658713404,307.90175415884744
3,70,1,71-80,92.40214999999999,1.5621621621621622,31.145000000000003,103.89476768773741,253.7981232265442,229.07435733220944
3,70,1,81-90,26.8772,0.5405405405405406,8.739999999999998,108.79924387242447,430.70995128511834,430.4783431814638
3,70,1,91-100,39.689499999999995,0.8108108108108109,12.969999999999999,106.28555795555337,455.5464467187806,439.5597040325072
3,75,1,1-10,63.696400000000004,1.464864864864865,21.695,104.49643812258016,391.98062462918426,386.6373253013708
3,75,1,11-20,63.96555000000001,3.2432432432432434,21.830000000000002,111.06777899548834,341.2224525106942,316.0595607469653
3,75,1,21-30,85.12884999999999,0.8108108108108109,28.085,109.3202357964368,288.2634691547884,269.6269801360955
3,75,1,31-40,77.10974999999999,1.0810810810810811,25.764999999999997,98.1341512166177,283.44620248860826,268.05443722966004
3,75,1,41-50,64.71005,1.3513513513513513,22.564999999999998,111.22729768673133,404.65059278229046,393.62310642618786
3,75,1,51-60,84.58685,1.3513513513513513,28.860000000000003,103.62427559456751,380.49008676862985,359.8432359415364
3,75,1,61-70,123.94115,1.0810810810810811,41.69,104.20060617227783,256.3374097872145,231.72076510700063
3,75,1,71-80,67.2274,0.5405405405405406,22.385,112.73437397233015,342.58967414272763,317.6828956130581
3,75,1,81-90,86.38155,1.6216216216216217,29.764999999999997,103.35295547772053,266.60888893390836,248.1432083299297
3,75,1,91-100,94.45439999999999,0.8108108108108109,31.305,101.40140843736388,302.2343305886489,287.31956365526656
3,80,1,1-10,49.37675,1.0810810810810811,16.015,102.22678656572505,366.411267055364,361.0747131720858
3,80,1,11-20,38.38555,0.8108108108108109,12.635,111.3006165278713,325.8462017331158,317.6510307048235
3,80,1,21-30,70.70715,1.0810810810810811,23.235000000000003,106.28486824662411,283.43383408099936,273.52552255115927
3,80,1,31-40,49.32985,1.0810810810810811,16.205000000000005,117.82739845389109,332.4630959368575,321.0895572040275
3,80,1,41-50,67.32964999999999,0.2702702702702703,21.535000000000004,98.65390471742612,296.05340313833847,281.1104198031027
3,80,1,51-60,54.50375000000001,0.5405405405405406,17.905,114.53396952732427,457.6786026183834,439.344755922882
3,80,1,61-70,52.2803,2.1621621621621623,17.535,108.1022647654083,398.22580681558236,382.66642013153427
3,80,1,71-80,85.66130000000001,1.8918918918918919,28.55,94.254756871069,326.19982217460625,310.7121000121517
3,80,1,81-90,93.27255,1.8918918918918919,31.75,104.95278329392073,323.8047459401233,305.5204100907892
3,80,1,91-100,103.50635,1.0810810810810811,35.225,100.18750316531188,261.35086206583696,240.00203275892486
3,90,1,1-10,81.99980000000001,1.6216216216216217,28.29,105.98316157577727,301.65610123906407,280.9227750855952
3,90,1,11-20,150.01425,2.367567567567567,51.315,98.36171021659891,231.36108209320915,213.356193155347
3,90,1,21-30,125.07480000000001,2.7027027027027026,42.385000000000005,104.16599043341178,244.47677926224446,228.642904116923
3,90,1,31-40,83.12265,1.3513513513513513,28.825,103.95307347142025,286.9760148234303,253.0077248664648
3,90,1,41-50,89.31680000000001,1.6216216216216217,30.445000000000004,102.40945866382735,252.02780352897116,232.43277635170617
3,90,1,51-60,57.1476,1.2756756756756757,18.95,106.003681941849,345.1981399096813,323.1984857317817
3,90,1,61-70,95.85515000000001,1.0810810810810811,32.754999999999995,101.14928134594763,243.7229016677837,221.53213771761907
3,90,1,71-80,116.11974999999998,2.016216216216216,40.459999999999994,103.10638443511102,223.28680812779166,190.36766827370988
3,90,1,81-90,85.34145,1.3513513513513513,29.910000000000004,110.11326783296752,324.24684001451647,301.6786168095932
3,90,1,91-100,73.08505,0.8108108108108109,24.544999999999998,100.0289018108492,307.09334427828645,313.46832345165114
3,100,1,1-10,79.84545,1.6216216216216217,27.335,113.8287575538155,267.4289576895711,255.56069988216046
3,100,1,11-20,108.43945,1.0810810810810811,36.245000000000005,97.03150499464866,261.91025050107214,254.81787743248415
3,100,1,21-30,54.67565,0.5405405405405406,18.2,111.76474710805294,450.4548008707981,436.32950522615255
3,100,1,31-40,55.6154,0.8216216216216216,18.195,97.57449164697266,337.78704247812453,320.79472934037875
3,100,1,41-50,114.00129999999999,0.8108108108108109,37.705,99.65874231346902,280.59648286419167,275.2327294947025
3,100,1,51-60,77.15,0.5405405405405406,24.945,114.23277221816618,346.49848971120554,342.4015988500872
3,100,1,61-70,54.0184,0.8108108108108109,17.449999999999996,119.70364347064682,313.09496557763566,303.4598545405728
3,100,1,71-80,53.12865000000001,0.8108108108108109,17.085,101.58403816543664,381.6136518626819,380.0912013355648
3,100,1,81-90,47.00015,1.0594594594594595,15.425,108.66434386237172,389.24930972366025,377.8089598803214
3,100,1,91-100,71.33120000000001,1.0702702702702702,23.55,99.94035896219324,389.40977386560377,381.48152109637283
3,10,5,1-10,66.4103,5.135135135135135,24.665,112.49882823399277,262.6792996629006,243.1148212533596
3,10,5,11-20,19.13105,3.7189189189189187,6.365,522.7761627474961,483.4611584340422,475.1507953291586
3,10,5,21-30,54.2509,5.405405405405405,19.385,144.94592221023873,225.23608498262712,215.42037783195548
3,10,5,31-40,28.805500000000002,4.205405405405405,9.57,260.05024852251125,440.5456861796671,432.856373300865
3,10,5,41-50,34.9358,3.091891891891892,11.855,178.48250360528792,360.7254417793107,350.2991811878135
3,10,5,51-60,57.02505,4.837837837837838,20.904999999999998,108.20178659745584,297.9805551565782,294.85014840669
3,10,5,61-70,30.567249999999994,3.5135135135135136,10.605,111.48323831242321,361.19807387688434,345.62867551109724
3,10,5,71-80,54.7673,4.594594594594595,19.634999999999998,106.63055392467355,269.1695226056094,229.71604974566284
3,10,5,81-90,45.50665,4.562162162162162,16.08,200.24221075722474,299.74829399609933,284.61844245943684
3,10,5,91-100,41.5735,3.945945945945946,14.875,120.57558080029143,456.1131526047895,442.05982898465317
3,20,5,1-10,94.84029365482235,5.068369468369468,32.70467005076142,101.9987839286065,274.07369983091337,253.17958802368162
3,20,5,11-20,51.693056465796545,4.126745526969115,18.07887048571164,113.79009199362594,308.8167863515912,294.47952777006446
3,20,5,21-30,70.72935,6.243243243243244,26.109999999999996,111.97877831591624,263.98850463039287,236.6982243105828
3,20,5,31-40,57.040675115439626,5.405405405405405,21.035000000000004,113.776302798593,360.24016216329755,329.03344052075306
3,20,5,41-50,22.04225,1.8918918918918919,7.115,105.01630835840946,406.01598060622666,389.7480630234178
3,20,5,51-60,94.67155,5.037837837837839,34.255,103.72070726754191,280.72692330797634,266.43930715197575
3,20,5,61-70,3.4807,0.0,0.0,,551.8542625861555,549.5036560100153
3,20,5,71-80,16.924560390585878,0.7675675675675675,4.720000000000001,103.31370423927554,451.8929883496204,456.61720459924834
3,20,5,81-90,46.62890000000001,3.2432432432432434,16.605,125.69281897554568,282.4364589731179,267.3455844085861
3,20,5,91-100,39.527687040764974,3.659459459459459,13.559999999999999,104.28554787451576,302.2837802495736,289.413454363095
3,30,5,1-10,57.9987,5.405405405405406,20.875,114.06464519091467,360.409245449826,359.75453050562294
3,30,5,11-20,54.75425,3.513513513513513,20.665,111.94956842701836,273.27676758444375,263.2066390861777
3,30,5,21-30,84.36175,5.832432432432434,30.345,110.1825249421599,258.6353235072372,238.95843631662402
3,30,5,31-40,76.65799999999999,6.756756756756756,28.05,104.59113127012203,257.0546072958161,231.67189680191345
3,30,5,41-50,44.220449999999985,4.054054054054054,16.705000000000002,107.28583088720661,318.0436823141517,307.70511608420446
3,30,5,51-60,58.4403,5.172972972972973,22.32,115.18180174297954,277.7683406232741,260.6934484125537
3,30,5,61-70,65.68735,5.583783783783784,24.215,108.16855017149744,375.62317773841255,350.52400195717917
3,30,5,71-80,45.64985,2.4324324324324325,15.664999999999997,104.23522350838408,385.9916122165475,389.9358810076169
3,30,5,81-90,47.8542,3.0648648648648646,16.51,109.67673392075908,286.6132117815014,258.28340995358525
3,30,5,91-100,49.682399999999994,4.351351351351352,17.715,105.81888870502694,310.78795969122746,293.6710797387829
3,40,5,1-10,31.624949999999995,2.1621621621621623,10.580000000000002,109.7139755524415,325.47813082799337,310.2875541739463
3,40,5,11-20,42.3163,4.6378378378378375,15.13,108.92183379750355,248.03961646525553,217.2421548803232
3,40,5,21-30,44.42115,3.8216216216216217,16.14,105.9911896592653,334.4027920337659,314.9554399494461
3,40,5,31-40,26.29385,2.7297297297297294,9.035,105.6227209248381,397.65152913767986,380.5659381243373
3,40,5,41-50,50.49624999999999,5.405405405405405,19.22,111.22160345800607,355.91552659566986,347.97637528478606
3,40,5,51-60,50.25005,4.054054054054054,18.130000000000003,108.17036036144599,310.33062125901483,309.0693995714077
3,40,5,61-70,30.409,3.2432432432432434,9.945000000000002,105.80429554913704,360.32711864310653,341.7848363020891
3,40,5,71-80,31.741750000000003,3.2432432432432434,12.17,111.85084678053515,375.5496954148772,380.08945979616567
3,40,5,81-90,34.61794999999999,2.972972972972973,12.16,110.39158735421935,350.06385962213994,333.4063407011594
3,40,5,91-100,56.804899999999996,4.0540540540540535,20.169999999999998,108.55901860839883,244.83546923183022,216.12209302646733
3,50,5,1-10,70.71615,6.345945945945946,26.575,114.0972976068402,267.2903519848622,253.92225822444706
3,50,5,11-20,80.66425000000001,7.5675675675675675,30.755000000000003,114.13171426164214,207.93581717933117,180.9318383969181
3,50,5,21-30,43.6708,4.324324324324325,15.75,125.05429986177803,380.4243454700153,378.9972716207675
3,50,5,31-40,48.2961,5.664864864864866,17.205000000000002,108.06268655161949,288.80294628875555,268.28695997278265
3,50,5,41-50,72.58005,4.324324324324325,25.46,102.87852903086565,307.03129149187396,290.6650764845897
3,50,5,51-60,46.893649999999994,3.513513513513513,16.535,106.78439702750856,306.2872377267431,302.546000326432
3,50,5,61-70,55.51995000000001,4.745945945945946,20.335,105.53457789442125,261.0415750248193,245.15378354334104
3,50,5,71-80,52.87049999999999,6.2216216216216225,19.72,105.76572338221365,286.16716555424784,272.81193997250557
3,50,5,81-90,42.92530000000001,2.4324324324324325,14.535,108.07134920023577,323.10132145525176,308.03703498567296
3,50,5,91-100,38.60654999999999,5.545945945945947,14.604999999999999,106.52273803789096,276.4047947481909,253.94224017221376
3,60,5,1-10,24.857000000000003,3.513513513513513,8.64,110.45046959796325,362.5459653988037,356.1163335792022
3,60,5,11-20,35.99455,3.7837837837837838,12.425,103.78840671472896,360.80326507674005,347.79248056766386
3,60,5,21-30,60.38719999999999,5.135135135135135,20.994999999999997,104.34282655791651,290.18718713544916,263.890421709399
3,60,5,31-40,48.1942,3.2432432432432434,17.305,100.74171592303031,370.1671528807984,345.0294613337512
3,60,5,41-50,24.044950000000004,2.9729729729729732,8.42,110.05855885207205,401.5138522836311,401.28912655433624
3,60,5,51-60,60.144600000000004,6.940540540540541,22.955,111.32764201523464,282.6936201195265,274.4469795557969
3,60,5,61-70,23.88965,2.7027027027027026,8.595,118.01552008814949,385.5463823072163,367.9872184841023
3,60,5,71-80,38.78425,2.2756756756756755,13.415000000000001,102.54969039687565,323.84831273923663,306.6112063105027
3,60,5,81-90,17.39035,2.4324324324324325,5.615,106.68225826221855,423.0054765913872,421.12742703227167
3,60,5,91-100,63.981500000000004,4.054054054054054,22.029999999999998,101.69155191093569,280.3492551488621,267.5809634361348
3,70,5,1-10,50.71465,3.654054054054054,17.669999999999998,102.94427654878663,321.7409714642592,306.44298645379826
3,70,5,11-20,38.20315,3.243243243243243,12.774999999999999,105.61683420423238,274.344887685614,274.8279230653104
3,70,5,21-30,83.27074999999999,6.0,30.575,113.39478771553654,226.39030766377618,204.62148417266457
3,70,5,31-40,57.08005000000001,5.962162162162161,20.660000000000004,106.2215542940146,273.4868872584072,253.7951308270297
3,70,5,41-50,59.84905,4.783783783783784,21.349999999999998,104.59753259980238,337.210016490353,325.0725192358643
3,70,5,51-60,33.7575,2.4324324324324325,11.315000000000001,106.44656178391705,361.01133966901955,356.9971778728909
3,70,5,61-70,14.342099999999999,1.3513513513513513,3.9099999999999993,102.08658407464371,413.7901678580185,399.5548410591644
3,70,5,71-80,38.972,3.983783783783784,14.310000000000002,111.2858976432686,289.6861438272584,276.71776281889606
3,70,5,81-90,30.681099999999994,2.9297297297297296,10.36,113.06433487379402,363.41443741894886,350.7784424330929
3,70,5,91-100,26.980649999999997,2.9729729729729732,8.794999999999998,107.26163183219687,373.8502026037482,366.5959418239976
3,75,5,1-10,63.39324999999999,6.675675675675675,23.835,109.93488951290335,227.01066730231258,208.48459908574583
3,75,5,11-20,45.84585,3.7837837837837833,15.969999999999999,100.18356715445779,292.3728597659612,286.6078567859885
3,75,5,21-30,46.492650000000005,2.427027027027027,15.55,111.37978407914628,354.5053312023442,352.2599468788239
3,75,5,31-40,50.4142,4.864864864864865,18.695,112.59261105410165,325.98954127103,301.8578150137824
3,75,5,41-50,61.454100000000004,5.6378378378378375,22.17,116.36664450708336,315.5195283182114,285.5334587403569
3,75,5,51-60,32.34875,4.054054054054054,11.81,143.90877792706556,278.405634373067,260.42153637038393
3,75,5,61-70,67.58945000000001,3.151351351351351,23.04,102.7323557808841,272.5732760613225,250.50298359889135
3,75,5,71-80,20.81775,1.464864864864865,6.4799999999999995,105.0002706683743,446.5085320466786,451.3525862297964
3,75,5,81-90,38.57815,4.12972972972973,13.765,107.7836735089472,318.5842988546343,280.08543474022656
3,75,5,91-100,9.037749999999999,0.8108108108108109,2.2350000000000003,113.77720520625432,410.57332777165976,409.2824157585961
3,80,5,1-10,28.32545,1.6486486486486487,9.29,104.22306523599224,356.3749078566393,351.94524203103515
3,80,5,11-20,64.51395000000001,4.864864864864865,22.955000000000002,110.06139078286942,306.3962794487955,292.87240996954927
3,80,5,21-30,13.39735,1.6216216216216217,3.8200000000000003,135.93951158038828,400.09918780365376,388.0087509683353
3,80,5,31-40,62.73715000000001,6.486486486486487,23.485,106.68696704402286,348.73495754946117,340.8796733637753
3,80,5,41-50,64.4092,6.216216216216215,23.675,110.92426805502679,261.0348292868624,234.4742749792587
3,80,5,51-60,66.0129,3.7783783783783784,23.765,106.20211095111301,293.59253680038125,273.772097212653
3,80,5,61-70,57.2737,4.054054054054054,20.705,105.84513747873757,337.13713995772684,321.5954359752876
3,80,5,71-80,15.25265,1.0810810810810811,4.27,108.08848240923611,394.84042714372424,378.07585481690916
3,80,5,81-90,32.84759999999999,2.1621621621621623,11.235000000000001,106.60463284362632,335.51942113611483,331.13333123352487
3,80,5,91-100,34.65089999999999,3.2432432432432434,12.085,124.92814280260977,331.24818253517435,311.17739477210006
3,90,5,1-10,69.114,3.9027027027027033,23.665000000000003,103.81697642456308,295.6922254102905,287.53360591669116
3,90,5,11-20,63.83115,4.951351351351351,23.044999999999998,107.96597783489149,265.5520583691643,229.33509325144072
3,90,5,21-30,40.4411,4.324324324324325,14.38,105.32568637532911,323.68305737878,313.78790452882924
3,90,5,31-40,67.77574999999999,5.129729729729729,25.34,108.64989814363724,302.62611192044574,288.39222476030193
3,90,5,41-50,74.57465,6.216216216216216,27.290000000000003,109.04134874418004,254.5672961818059,239.0598965248612
3,90,5,51-60,46.09035000000001,4.054054054054054,17.03,106.01262731013337,385.42349824363606,383.232415658425
3,90,5,61-70,47.5559,2.7027027027027026,16.4,106.30470083770861,312.83717007300527,293.0587412436606
3,90,5,71-80,57.75335,4.864864864864865,21.32,106.96710294734596,324.34836973874934,314.40218874886716
3,90,5,81-90,40.77714999999999,3.1351351351351346,13.965,105.91023987130336,314.3232328468687,296.9385054756694
3,90,5,91-100,54.59805,5.724324324324324,19.744999999999997,108.70939872554428,320.4032829665369,315.70225044986836
3,100,5,1-10,62.46244999999999,4.302702702702702,22.275,104.42854433451411,292.31821270571817,269.79241408449315
3,100,5,11-20,74.03909999999999,5.135135135135135,26.919999999999998,103.62109560270815,276.8921632698402,254.87902198034553
3,100,5,21-30,74.13615,7.4,27.865000000000002,106.29759692644562,286.9878832898599,273.74443573007284
3,100,5,31-40,31.754749999999994,2.7027027027027026,10.265,111.09830890487846,349.16137374805606,340.9393536445754
3,100,5,41-50,28.904799999999994,1.3513513513513513,9.365,101.87157578321883,388.229678326911,368.1018573750027
3,100,5,51-60,67.3349,4.324324324324325,24.284999999999997,113.19029367635552,277.10281154943584,253.18001444389216
3,100,5,61-70,29.1262,2.1621621621621623,9.61,109.45581059527531,371.6189536495593,361.16738875315207
3,100,5,71-80,47.442,4.151351351351351,17.15,105.69791167018239,297.33416717191955,282.1261205456561
3,100,5,81-90,43.1129,4.324324324324325,15.040000000000001,105.49650914843265,330.50650645926413,316.07595303025636
3,100,5,91-100,59.774300000000004,4.594594594594595,21.865000000000002,107.87718678364669,328.7146459385731,316.62111334585114
3,10,10,1-10,18.988550000000004,2.427027027027027,6.025,227.76250503853458,323.35812503182296,318.74759471608604
3,10,10,11-20,27.28895,5.675675675675675,9.83,295.3205284406871,335.1208656987607,311.3780006737704
3,10,10,21-30,51.7096,6.6378378378378375,20.555,123.85403591809253,386.3961535823464,374.13286640470716
3,10,10,31-40,11.854500000000002,1.8918918918918919,3.04,225.75224559457624,450.89869538728533,430.5030377948624
3,10,10,41-50,19.026,7.837837837837839,7.915000000000001,235.15384322466983,301.52250784614773,292.53732949035606
3,10,10,51-60,17.092999999999996,4.054054054054054,5.8100000000000005,418.61668883204567,415.7222180657861,422.39119493151355
3,10,10,61-70,31.724650000000004,8.378378378378379,12.45,170.52914384782397,282.83239707240296,266.46895698334595
3,10,10,71-80,49.48175,9.681081081081082,20.13,199.17774061947998,227.31664829328992,203.19128642118395
3,10,10,81-90,35.90375,8.72972972972973,14.89,132.63778633293623,262.07769114399855,242.89266611478624
3,10,10,91-100,23.154600000000002,3.513513513513513,7.734999999999999,269.5305235012885,313.2037919965684,312.84067761872564
3,20,10,1-10,26.477899999999998,4.551351351351352,9.78,115.32148545735822,438.86330633727584,435.77869414837244
3,20,10,11-20,11.1167,2.1621621621621623,3.3899999999999997,134.9593171534098,444.27235729719894,445.74994177129327
3,20,10,21-30,42.1536,8.610810810810811,16.715,118.9870906308397,291.8108905044448,268.10938562838356
3,20,10,31-40,25.38735,4.864864864864865,9.6,116.22916245114436,435.99223426330775,422.3649232958589
3,20,10,41-50,22.3806,5.232432432432432,8.209999999999999,135.16256340820354,401.0391932237294,375.9430639484658
3,20,10,51-60,18.947200000000002,2.972972972972973,6.17,114.36099854547601,452.7618174106225,447.3458584848754
3,20,10,61-70,9.06815,1.6216216216216217,2.32,109.16694120446137,464.3991384762802,459.8784673013357
3,20,10,71-80,46.132099999999994,7.31891891891892,17.325,120.27623732409003,312.8837620581613,309.1684401450925
3,20,10,81-90,50.691700000000004,7.5675675675675675,20.509999999999998,119.40898406381189,287.79884344865536,266.9485557012611
3,20,10,91-100,22.35945,4.454054054054054,7.81,125.35650713586315,366.57353216035943,342.7872071465177
3,30,10,1-10,34.5584,6.216216216216216,13.76,107.72546109661691,328.8145961863081,312.55276771192223
3,30,10,11-20,21.4696,3.2432432432432434,7.380000000000001,109.7265775942302,279.4449772739753,257.059607506663
3,30,10,21-30,9.12875,1.3513513513513513,2.255,107.63821151611656,434.18880724718895,433.6255747598699
3,30,10,31-40,15.78115,2.9027027027027024,5.319999999999999,138.76293208243897,342.701625802547,328.72852339833264
3,30,10,41-50,41.309250000000006,6.756756756756756,15.329999999999998,132.44439410641394,249.1779447327117,229.16659524749826
3,30,10,51-60,19.672950000000004,2.4324324324324325,6.785000000000001,152.28024486868927,345.9060626901293,341.8567998154476
3,30,10,61-70,16.9885,1.8972972972972975,5.385,106.54820895058874,350.6996915359583,337.4868464237109
3,30,10,71-80,36.3323,7.940540540540541,14.690000000000001,109.61756253990555,244.538560997393,218.32477124994216
3,30,10,81-90,47.082049999999995,8.237837837837839,17.869999999999997,110.13104037225845,260.48293682889533,237.36580541710345
3,30,10,91-100,31.85025,5.135135135135135,11.264999999999999,125.92259032484942,333.5990217438087,315.58080690325437
3,40,10,1-10,47.226150000000004,7.297297297297298,18.279999999999998,116.34376855364874,325.8418589618808,305.1468251481985
3,40,10,11-20,13.919099999999997,1.8918918918918919,3.8349999999999995,106.73233448330703,405.2083916300757,408.2351822095775
3,40,10,21-30,36.3004,4.324324324324325,12.555,109.72320873337796,288.7883788538426,274.08197492209865
3,40,10,31-40,30.697750000000003,4.718918918918918,11.325,114.88528650084373,467.24550641277244,442.0592822883913
3,40,10,41-50,43.8209,7.335135135135135,17.225,114.10449112656917,259.35949455782,244.83600621954224
3,40,10,51-60,43.92705,5.935135135135136,16.305,109.31738019429213,360.28872857232074,343.5705035073855
3,40,10,61-70,23.96765,4.594594594594595,8.605,106.63167401188676,365.1037556741062,352.5466777552088
3,40,10,71-80,12.5095,2.4216216216216218,3.8299999999999996,124.62314625370945,424.3557998841314,409.15054387507246
3,40,10,81-90,41.9674,5.075675675675676,15.395,112.62105076040022,326.1826703335854,316.626497412816
3,40,10,91-100,34.747550000000004,4.4270270270270276,12.610000000000001,121.10125337913968,377.91194676414005,363.32142839140454
3,50,10,1-10,6.36565,0.2702702702702703,0.9400000000000001,107.22992777813401,443.50871976318683,444.0154519376332
3,50,10,11-20,14.793899999999999,2.4324324324324325,4.845,117.17247033528933,398.64052913403435,381.7153520914188
3,50,10,21-30,47.62895,9.075675675675676,18.859999999999996,114.58939304209103,264.14730250648597,245.90849796798094
3,50,10,31-40,37.2985,6.486486486486487,14.959999999999999,118.68643739291538,283.76136222095323,258.38536953933937
3,50,10,41-50,34.018550000000005,4.486486486486487,12.254999999999999,106.78319222400442,393.25947840898755,391.78890797165093
3,50,10,51-60,42.43,4.075675675675676,14.944999999999999,109.68987310360257,340.7348719771861,316.74420616031693
3,50,10,61-70,49.8045,7.351351351351352,20.23,108.4492642322074,285.8768406625472,270.1058278799006
3,50,10,71-80,17.79805,1.3567567567567569,5.1899999999999995,109.0625610434422,388.2498857190568,381.59264721245046
3,50,10,81-90,30.078750000000003,6.686486486486487,11.93,125.05028538224775,381.76567242906856,361.52797858674205
3,50,10,91-100,33.236050000000006,7.264864864864864,13.445000000000002,114.41521191043321,305.6686286789685,279.1492842725479
3,60,10,1-10,24.8697,4.864864864864865,9.3,109.33713741678135,302.9265392948502,289.2449607440893
3,60,10,11-20,13.726750000000001,1.8918918918918919,4.245,108.89185243357534,335.4007373500726,339.1900685563155
3,60,10,21-30,39.8209,6.0162162162162165,14.970000000000002,110.12791243676845,331.8798334348094,320.09469554333253
3,60,10,31-40,54.47825,7.989189189189188,20.68,122.3711925998528,322.9859468918805,307.84861170327
3,60,10,41-50,51.29305000000001,5.675675675675675,19.035,112.15660805952022,298.7518500382069,287.45206892915195
3,60,10,51-60,24.542450000000002,5.005405405405405,9.075,113.57204171257057,335.0703783370781,320.1192516522436
3,60,10,61-70,17.9788,1.8918918918918917,5.6049999999999995,108.31338102706195,366.78071642164565,348.1835091098874
3,60,10,71-80,12.67285,2.4324324324324325,4.455,109.6376874560458,392.7959537371197,387.64342791406966
3,60,10,81-90,60.7632,8.481081081081081,23.81,109.43498736555084,287.3662415342029,269.86660050512484
3,60,10,91-100,54.4701,8.64864864864865,20.775,110.28804439839013,224.1368950323198,203.28520109480664
3,70,10,1-10,18.79315,4.232432432432431,7.019999999999999,115.37895082945533,396.5572826001088,388.6371931074762
3,70,10,11-20,37.082350000000005,5.675675675675675,13.59,112.91809099393251,375.95135996165396,362.35947620607755
3,70,10,21-30,29.928950000000004,4.864864864864865,11.17,105.3108757473408,381.88815195097885,363.5152915615903
3,70,10,31-40,25.167100000000005,2.9729729729729732,8.7,106.15430526844966,376.1631419562282,360.1962807973322
3,70,10,41-50,25.22895,3.2432432432432434,8.645,104.794077645213,361.67060482095866,365.6446720161161
3,70,10,51-60,52.755399999999995,8.64864864864865,21.625,106.14922111640327,265.3328185028913,252.26355627510898
3,70,10,61-70,36.704499999999996,5.135135135135135,13.469999999999999,108.52302138722247,327.9665479719582,325.5836775387695
3,70,10,71-80,11.6518,1.6162162162162161,3.2699999999999996,111.80069756536993,364.97854283769414,358.98783036151906
3,70,10,81-90,27.430600000000005,2.9729729729729732,9.84,108.00935417583639,354.82546303485753,354.17551771014274
3,70,10,91-100,33.2618,6.448648648648648,12.934999999999999,113.21201908898188,326.5118258855862,309.6476744558221
3,75,10,1-10,11.773100000000001,2.1621621621621623,3.59,126.42244951047178,427.2834396738317,432.53574225218415
3,75,10,11-20,36.31875,6.756756756756756,14.309999999999999,109.65437225495373,276.1737577330195,255.75788192652158
3,75,10,21-30,44.802200000000006,8.918918918918921,18.4,115.81860057327606,277.7122893740733,261.48396013155855
3,75,10,31-40,6.612550000000001,0.9351351351351351,1.64,113.20540608590996,431.002354868567,419.9306092394977
3,75,10,41-50,28.43895,5.675675675675675,10.745000000000001,109.58061737144382,367.4597724338733,352.2351713941117
3,75,10,51-60,23.1928,4.464864864864865,8.5,114.4510342021185,426.72157530318117,399.397082117229
3,75,10,61-70,16.40185,2.7621621621621624,5.72,114.70048228480613,400.22936876526273,382.37950584642664
3,75,10,71-80,31.677900000000005,6.216216216216216,11.985,119.31176772504455,398.75098653427693,392.93789539426734
3,75,10,81-90,61.0973,8.043243243243243,22.925,102.54183821356487,226.54711787757782,197.57559636322236
3,75,10,91-100,20.456049999999998,2.854054054054054,6.764999999999999,112.8342379938585,463.5634873077908,455.48623926747985
3,80,10,1-10,27.927700000000005,3.8756756756756756,9.96,107.77565058368198,329.71675384401794,313.9284419299433
3,80,10,11-20,33.3789,5.135135135135135,12.569999999999999,109.89406360858406,281.7968075614684,265.64217931245605
3,80,10,21-30,36.447449999999996,6.102702702702702,13.7,120.98612393682492,345.00094624283753,331.8693086115256
3,80,10,31-40,44.2963,7.027027027027027,16.46,105.35636666470461,336.09271632447945,309.4789328175103
3,80,10,41-50,30.90845,4.686486486486485,11.45,116.16134511681882,295.54859648939214,289.14754978358224
3,80,10,51-60,8.3787,0.8108108108108109,2.02,101.71702848665456,465.1494273198505,458.355041439601
3,80,10,61-70,27.743450000000003,5.945945945945946,10.67,110.42463894525005,358.810743480294,345.1260601181066
3,80,10,71-80,48.58085,6.583783783783784,18.31,110.79434257864632,310.33726049618565,301.8918626675755
3,80,10,81-90,55.106449999999995,7.372972972972972,21.265,105.55061473846504,336.6563322789007,331.61346388320914
3,80,10,91-100,14.88815,2.4324324324324325,4.675,106.90361494960317,444.1327084197052,453.79258452704397
3,90,10,1-10,42.5414,4.805405405405405,15.665000000000001,109.61918980502753,327.4284539845209,310.1813699869976
3,90,10,11-20,24.9512,4.054054054054054,8.860000000000001,135.61528287893947,345.649313286869,331.3797597892574
3,90,10,21-30,33.008300000000006,4.324324324324325,12.205,112.36298654639906,390.5206908265121,381.5934581636832
3,90,10,31-40,26.455849999999998,4.324324324324325,9.41,112.68850999713872,332.8992203594598,317.6641522105833
3,90,10,41-50,20.0203,1.8918918918918919,6.305000000000001,114.04081924416703,459.6682668986367,446.2334903571359
3,90,10,51-60,17.4107,3.3513513513513518,6.0200000000000005,108.35290988753177,435.4497716146051,421.02688370231056
3,90,10,61-70,31.700000000000006,3.2432432432432434,10.85,109.17334832730401,369.18827831609923,356.7780452609942
3,90,10,71-80,61.255250000000004,8.378378378378379,23.485000000000003,105.55145265727364,262.5181820817944,237.33142382170973
3,90,10,81-90,69.2398,10.54054054054054,27.589999999999996,108.50520921838792,177.55659561759225,149.2699355673867
3,90,10,91-100,32.964099999999995,5.9459459459459465,12.2,110.21260017198836,263.5840321958293,255.1450853771787
3,100,10,1-10,25.342400000000005,4.324324324324325,9.049999999999999,113.8221178492457,337.9258352607421,322.92048673498573
3,100,10,11-20,51.31105,7.2972972972972965,19.220000000000002,107.85731782621531,302.48419077677437,273.4576917490788
3,100,10,21-30,35.374700000000004,6.756756756756756,13.555000000000001,107.51794944927444,284.20349792837084,259.3684731620423
3,100,10,31-40,39.074799999999996,7.924324324324326,15.675,112.41046097890334,349.9148387961575,330.40377788421085
3,100,10,41-50,39.418,4.594594594594595,14.170000000000002,119.08144732783781,339.6317691243744,328.5852155377057
3,100,10,51-60,52.14034999999999,8.556756756756757,21.330000000000002,108.20515588612238,278.46594254417715,259.7395599741128
3,100,10,61-70,30.2226,4.972972972972973,11.11,112.13928792605778,381.04681805342204,379.4706891561179
3,100,10,71-80,42.2153,7.027027027027027,16.555,106.39023373719353,221.57519341380376,204.432584197719
3,100,10,81-90,22.353199999999998,3.8,8.154999999999998,108.2065815489656,319.1145595285124,308.26301784556927
3,100,10,91-100,40.455650000000006,7.518918918918919,15.66,115.85798024371293,312.3698535931475,295.9567362394755
3,10,15,1-10,22.46945,8.70810810810811,9.71,308.1967235911379,345.2291420530234,323.828190891565
3,10,15,11-20,27.612099999999998,8.616216216216216,10.265,253.14446431881382,320.50706212018844,310.3231029080544
3,10,15,21-30,23.72365,6.756756756756756,8.595,308.1402081795869,340.6019219293997,321.2739121580643
3,10,15,31-40,24.67045,6.756756756756756,9.504999999999999,252.55942441137535,412.556504449174,383.46440006244075
3,10,15,41-50,45.171299999999995,15.702702702702704,19.685,213.97806251633412,213.01388046175202,196.35079293007897
3,10,15,51-60,11.806449999999998,5.34054054054054,4.18,322.8444655733266,352.16550017222204,347.7436349275241
3,10,15,61-70,36.9876,9.18918918918919,14.444999999999999,138.1398005431823,243.93437460059144,216.710299924252
3,10,15,71-80,29.001300000000004,7.232432432432432,11.59,256.22272152054126,357.16700279415574,339.77588941089004
3,10,15,81-90,28.0584,6.632432432432433,10.995000000000001,236.7798875682563,326.389831862636,314.5962458168929
3,10,15,91-100,11.86355,2.1621621621621623,3.475,335.348810542393,363.38800444996565,355.81403395377987
3,20,15,1-10,31.24045,8.64864864864865,12.690000000000001,121.93476699865653,290.03698434207735,277.83307687266085
3,20,15,11-20,44.0135,8.108108108108109,17.19,127.26710404893208,250.0768509851311,237.59655067294784
3,20,15,21-30,16.9391,4.102702702702702,5.865,123.75482958812881,368.3008347049394,368.40613009956945
3,20,15,31-40,20.9227,6.481081081081081,8.5,124.14598864393302,319.0246359522295,311.22843697452345
3,20,15,41-50,23.6176,7.2972972972972965,9.91,116.6173514895248,357.7853432290091,343.49960243259375
3,20,15,51-60,29.7112,6.14054054054054,11.434999999999999,118.0604471801588,287.55778168079,270.41850495037863
3,20,15,61-70,8.17975,1.4702702702702701,2.105,110.72137640758798,413.28494544220564,393.12176107503575
3,20,15,71-80,14.928650000000001,3.616216216216216,5.075000000000001,143.76867209024172,415.4139003180659,388.36129557178646
3,20,15,81-90,22.04735,4.054054054054054,8.02,108.3064965801602,398.3659479479694,397.04440570057125
3,20,15,91-100,22.10135,4.297297297297297,7.864999999999999,135.19027117084562,329.79119910849784,325.2314196600908
3,30,15,1-10,27.7408,7.837837837837839,11.09,149.08017215366317,340.4210034046328,324.3347957189242
3,30,15,11-20,28.65455,5.405405405405405,10.52,110.80313322237642,291.84402111099075,282.79042621994944
3,30,15,21-30,8.657050000000002,2.908108108108108,2.565,129.87067301883454,460.07736666743057,437.39719529659243
3,30,15,31-40,30.849899999999998,8.275675675675675,12.225000000000001,126.59153651781662,311.15558746443077,302.17809698909946
3,30,15,41-50,32.673249999999996,8.043243243243243,12.809999999999999,111.72114704615896,323.4925113212718,305.65260119845124
3,30,15,51-60,40.63164999999999,10.27027027027027,17.130000000000003,123.92909711365279,278.6506966616065,252.01862149947638
3,30,15,61-70,43.45504999999999,12.572972972972973,18.675,118.3512228252813,239.71884825885635,218.35080031503998
3,30,15,71-80,18.412950000000002,3.5135135135135136,6.154999999999999,111.36302821233048,492.5564765516735,476.31900587213033
3,30,15,81-90,37.065400000000004,9.45945945945946,15.014999999999997,120.9641841026342,327.56938956881123,298.2006044398223
3,30,15,91-100,23.977600000000002,5.891891891891892,9.340000000000002,114.3386149195049,338.32319332060854,326.01994209544785
3,40,15,1-10,8.54125,1.3513513513513513,2.0100000000000002,112.2528941490726,413.17689374665605,405.16555390073825
3,40,15,11-20,16.51145,3.5135135135135136,5.25,109.8007087681062,326.8418087654767,332.0279659890196
3,40,15,21-30,21.68325,4.864864864864865,8.92,117.7258154360534,399.83901205898013,382.0999680674139
3,40,15,31-40,17.124499999999998,4.864864864864865,6.470000000000001,124.14222946126904,435.6282680058641,429.16236333921995
3,40,15,41-50,29.886850000000003,7.151351351351352,12.184999999999999,113.00388579681997,342.0713656734642,321.7238551883114
3,40,15,51-60,16.481199999999998,3.2162162162162162,5.6450000000000005,113.96978278242203,391.08189979695044,379.83478718188366
3,40,15,61-70,10.5401,2.7027027027027026,3.09,112.10895360301338,374.602158195269,373.89125139855554
3,40,15,71-80,21.001549999999998,4.594594594594595,8.205,121.77099041603859,345.4837039582587,326.57823911096983
3,40,15,81-90,15.64075,2.1621621621621623,4.83,110.69004607251833,524.432362316503,506.86901808466666
3,40,15,91-100,44.05825,9.18918918918919,17.475,120.68023864537608,235.11678316143258,218.03929510014117
3,50,15,1-10,20.297800000000002,3.5135135135135136,7.17,110.13434895908091,421.27102772263714,410.3372291142867
3,50,15,11-20,30.82185,8.156756756756758,13.690000000000001,111.37186971851237,319.2818260099508,308.74697411843874
3,50,15,21-30,13.987100000000002,3.2432432432432434,4.595000000000001,115.22019701646381,407.12406677605765,386.13409725117987
3,50,15,31-40,34.376099999999994,7.735135135135136,13.930000000000001,108.33947957416228,266.71243129536236,250.56257322420242
3,50,15,41-50,32.497749999999996,8.78918918918919,13.274999999999997,110.1305073782049,314.3175796874088,305.5280793900276
3,50,15,51-60,20.487900000000003,5.135135135135135,7.62,116.45051225346292,345.82594681498335,321.2123477861916
3,50,15,61-70,25.934050000000003,5.297297297297297,9.64,115.1763607100906,294.94112286634856,291.901767165543
3,50,15,71-80,25.225550000000005,5.454054054054054,9.52,113.12705197140583,352.7043319088831,329.6832973194833
3,50,15,81-90,21.653200000000002,5.9459459459459465,8.830000000000002,118.4386417288196,317.16750601869774,303.48942210077615
3,50,15,91-100,36.439750000000004,11.281081081081082,16.53,121.04538670461646,304.5150340213876,273.8137488383332
3,60,15,1-10,21.652399999999997,5.675675675675675,7.865,133.90574457128687,303.9008499500861,295.4291366179303
3,60,15,11-20,23.7969,6.216216216216216,9.145,126.52426624454327,396.0888050453181,387.5452517646203
3,60,15,21-30,48.47715,10.832432432432432,19.85,113.49358205647573,336.1737565598786,325.82917951374145
3,60,15,31-40,35.94,9.459459459459461,14.690000000000001,120.48164343343515,345.331443799495,331.4228936937472
3,60,15,41-50,25.4129,4.913513513513514,9.629999999999999,120.66298759926615,282.8839868935938,265.4812417609391
3,60,15,51-60,34.046299999999995,8.05945945945946,13.079999999999998,110.36810356694275,295.64019255033554,267.36148964195405
3,60,15,61-70,17.000750000000004,3.691891891891892,6.08,117.70962456459888,403.8797078301277,389.4850267244473
3,60,15,71-80,21.341900000000003,5.4,8.98,130.71517396806738,361.5408626286693,372.81812380375766
3,60,15,81-90,21.3582,6.216216216216216,7.904999999999999,115.53539939197135,294.3359174521265,280.1576665152807
3,60,15,91-100,27.285899999999998,7.027027027027027,10.844999999999999,130.2593187248123,342.14806706551974,327.3993377629719
3,70,15,1-10,37.6661,8.432432432432433,14.885,105.87300568461524,313.0158231908423,305.2247168310888
3,70,15,11-20,14.893799999999999,1.6216216216216217,4.630000000000001,107.72232609215777,345.00561457022394,323.78894515502105
3,70,15,21-30,11.723399999999998,2.7027027027027026,3.6999999999999993,108.06882243589742,452.5193451505738,448.2589408758764
3,70,15,31-40,14.2219,2.972972972972973,4.295,116.43960767786727,379.4948465748373,389.8346476125759
3,70,15,41-50,45.342549999999996,11.891891891891891,19.384999999999998,118.76604392555659,196.70676958066704,174.81291725264924
3,70,15,51-60,12.875899999999998,3.2432432432432434,4.31,111.74612662825064,434.7224021943205,441.8492833212047
3,70,15,61-70,14.403100000000004,1.118918918918919,3.9799999999999995,110.33182374109015,512.5771273910811,517.8575610021959
3,70,15,71-80,13.025,2.4324324324324325,3.9449999999999994,146.7489659437725,449.08906524589486,454.7638247052134
3,70,15,81-90,29.78945,7.027027027027027,12.005,112.0613764047873,305.2857375615581,293.4775285770605
3,70,15,91-100,20.9858,5.135135135135135,7.755000000000001,111.21493716178115,405.3819001962916,404.8226879953186
3,75,15,1-10,37.8653,10.610810810810811,15.979999999999999,116.73265964920971,309.946946867013,291.9122442913916
3,75,15,11-20,25.321850000000005,5.951351351351351,9.12,111.15091090392286,311.8354463651166,296.4136975560933
3,75,15,21-30,22.165599999999998,5.356756756756757,8.275000000000002,112.907252241734,312.8390765859306,310.3856539957118
3,75,15,31-40,35.1331,7.227027027027027,13.805000000000001,113.85299568287827,294.79015264278996,276.6704987255265
3,75,15,41-50,26.464199999999998,6.178378378378378,10.694999999999999,115.9578238621856,356.896342018921,349.2172935740183
3,75,15,51-60,11.84555,2.3351351351351353,3.3950000000000005,112.0149520129009,375.74075582493526,379.5954870631126
3,75,15,61-70,10.3204,2.1621621621621623,3.5149999999999997,120.30321218215056,321.33655643801296,326.83021038784227
3,75,15,71-80,14.857249999999999,1.8918918918918919,4.76,115.51611704245867,364.0567421516431,355.8890353756065
3,75,15,81-90,37.94775,8.64864864864865,15.875,108.0409099437961,315.17118393550084,283.60405536525343
3,75,15,91-100,26.52815,7.767567567567568,11.02,112.49631113548462,283.4318556967113,261.23844286597483
3,80,15,1-10,10.62075,2.1621621621621623,3.125,120.8179478213264,358.6613548593198,349.67003598584284
3,80,15,11-20,30.45875,6.194594594594595,11.205,111.70540033837815,386.20690120459085,369.22926175564464
3,80,15,21-30,26.141100000000005,5.5675675675675675,9.569999999999999,112.76004397749948,313.1985625682274,320.26906025370124
3,80,15,31-40,16.66095,3.421621621621621,5.395,114.02137295929124,349.00223555539367,339.6042105551288
3,80,15,41-50,14.27955,1.6216216216216217,4.095000000000001,112.85518666590963,433.4360401980713,427.04398129426954
3,80,15,51-60,32.2699,6.897297297297298,12.13,109.27243691839185,298.2821841087019,276.5636234903273
3,80,15,61-70,21.438850000000002,6.756756756756758,9.065000000000001,119.09473557394438,401.5451400134245,385.8403476140972
3,80,15,71-80,26.614849999999997,9.097297297297299,11.84,117.71810171965282,238.0159684394649,210.4740337023777
3,80,15,81-90,31.071499999999997,6.464864864864865,11.45,115.44130156335923,371.11607683211844,358.05328650031794
3,80,15,91-100,16.45215,3.1027027027027025,5.694999999999999,117.91723130989533,358.42527324265666,349.18128371255546
3,90,15,1-10,28.302249999999997,6.756756756756758,10.7,108.31987951836082,295.71622969724933,277.8369212940871
3,90,15,11-20,26.340000000000003,6.962162162162163,10.635,114.56463879859324,275.06627299153024,262.76730233223464
3,90,15,21-30,36.46724999999999,6.486486486486487,14.635000000000002,123.83174007837192,314.7813324904005,291.02624295406497
3,90,15,31-40,27.934450000000005,3.9189189189189184,9.500000000000002,132.47300460862172,281.9795519402403,254.62443849952552
3,90,15,41-50,23.741699999999998,5.145945945945946,9.444999999999999,110.64413292208064,288.16654440917057,274.7285094830475
3,90,15,51-60,31.649749999999994,5.524324324324324,12.18,108.8968140127249,322.44730493564964,302.6044365759522
3,90,15,61-70,30.6543,8.675675675675677,12.510000000000002,124.0224587478337,248.78972157913535,242.50824842112834
3,90,15,71-80,33.43480000000001,6.4270270270270276,12.5,110.79384781265591,354.0666538905326,332.8358395032558
3,90,15,81-90,31.2332,7.189189189189189,12.540000000000001,119.00786416267958,381.78463692972224,373.15701587388446
3,90,15,91-100,22.9723,4.427027027027027,8.59,110.6561716940886,319.30527778727503,317.1337317235135
3,100,15,1-10,15.656200000000002,3.7729729729729726,5.5550000000000015,109.18582653349056,476.0402816793823,470.67487397767326
3,100,15,11-20,60.660000000000004,14.486486486486488,25.7,115.02940141570224,255.25411698052844,234.01551383450442
3,100,15,21-30,20.71875,3.7837837837837838,6.99,118.90934423892779,330.12204961789297,322.7755385950476
3,100,15,31-40,17.84315,2.227027027027027,5.63,113.67833430766598,350.60777810131117,344.1701115266111
3,100,15,41-50,31.2327,8.708108108108108,13.184999999999999,114.71153053577686,309.2322108492565,292.6342596854845
3,100,15,51-60,12.822849999999999,1.8918918918918919,3.97,112.21946477737909,363.648030041195,367.6345131080126
3,100,15,61-70,16.8304,2.4324324324324325,5.49,108.43322885898853,474.98864205788396,467.2172161051202
3,100,15,71-80,33.68405,6.275675675675676,12.780000000000001,109.90521725448909,285.0976310818463,261.3445446119214
3,100,15,81-90,20.1069,4.864864864864865,7.345000000000001,114.18838954515492,378.9756284563086,369.2123844207709
3,100,15,91-100,50.0593,12.016216216216216,21.48,116.87016262765096,244.4621460762258,204.6932092186659
3,10,20,1-10,16.70455,5.978378378378379,6.11,171.9410074283582,400.2565531038794,390.90714492954334
3,10,20,11-20,27.87355,10.57837837837838,11.34,332.8278924534542,356.12812305141745,343.8068438260517
3,10,20,21-30,26.89885,10.075675675675676,11.33,293.4621335152147,281.04468000568625,263.5385149166218
3,10,20,31-40,19.092200000000002,8.108108108108109,7.69,376.7080572691679,398.74400243095056,404.55315816542964
3,10,20,41-50,18.652350000000002,9.372972972972974,8.14,276.72483948211914,279.88355726678867,285.03807293900127
3,10,20,51-60,19.32345,8.64864864864865,7.630000000000001,406.6492847799262,393.48666726867293,380.96155490441157
3,10,20,61-70,31.77665,14.335135135135136,15.084999999999999,228.5104604180451,308.7294857188149,290.43146815867146
3,10,20,71-80,22.98055,8.108108108108109,10.014999999999999,300.91377419348845,367.88424937669015,348.6448538327335
3,10,20,81-90,25.8833,8.378378378378379,10.175,253.48389297074118,341.3811357329712,321.37075649277915
3,10,20,91-100,30.11175,11.016216216216216,12.915000000000001,249.72423437791366,307.8816829395238,282.109424792779
3,20,20,1-10,26.711750000000002,9.183783783783785,11.665000000000001,125.01907024436325,294.10677219915914,285.76362333143555
3,20,20,11-20,46.14405,14.172972972972975,20.54,124.00899622852008,264.76130062827167,246.1506632339361
3,20,20,21-30,30.864400000000007,8.589189189189188,12.670000000000002,121.86584370855958,327.01015806653083,303.7047634929758
3,20,20,31-40,16.871599999999997,8.108108108108109,7.2,152.10411705111795,300.6922645089896,290.6905036721984
3,20,20,41-50,21.018949999999997,4.864864864864865,7.915000000000001,121.8008061254512,309.46020525119457,303.68402571324475
3,20,20,51-60,10.78945,1.8918918918918919,2.56,130.918747264886,368.3382183605792,373.8588105379135
3,20,20,61-70,12.998350000000002,2.972972972972973,4.470000000000001,113.17691052484005,411.74151000188874,395.6935764656979
3,20,20,71-80,19.57255,9.767567567567568,8.165,169.23973484885957,288.4483893143987,272.4366461317507
3,20,20,81-90,14.98605,3.7837837837837838,5.0200000000000005,161.40803330556852,458.1010990634424,453.6543657155118
3,20,20,91-100,21.3076,6.578378378378379,8.26,148.2854638018882,444.86874888098936,427.8831784978585
3,30,20,1-10,22.36325,6.783783783783784,8.695,109.07098935381991,316.8598609434007,305.7065606303483
3,30,20,11-20,31.212600000000002,9.72972972972973,13.8,120.23123519118819,284.11464647565475,270.06894395652364
3,30,20,21-30,29.441099999999995,7.664864864864865,12.19,119.54893757800593,339.9163485579622,341.75942522533285
3,30,20,31-40,13.488649999999998,4.724324324324324,4.340000000000001,133.03196455131766,310.10897055082665,308.0352492595741
3,30,20,41-50,22.4395,6.313513513513515,9.575,114.72808821246525,334.27396333956136,330.6124723049777
3,30,20,51-60,12.86505,4.621621621621621,4.904999999999999,154.6444592100886,425.8387815818668,423.5572281728406
3,30,20,61-70,26.736749999999994,9.135135135135133,10.77,125.1693656255665,247.0048460226987,240.54546102502
3,30,20,71-80,26.946999999999996,6.870270270270271,11.085,114.3528985521515,282.92240703245596,266.57140179620126
3,30,20,81-90,3.9198500000000003,0.2702702702702703,0.16999999999999998,118.2307318461616,492.02760814008104,475.00856940200384
3,30,20,91-100,9.34255,2.275675675675676,2.535,114.48736125878615,406.65246672919955,411.0039070679344
3,40,20,1-10,46.7014,13.810810810810812,20.835,121.7032747291274,211.06311525152142,177.73210630992045
3,40,20,11-20,12.4665,4.594594594594595,4.43,134.50760439555552,309.2735127080181,287.686274928167
3,40,20,21-30,18.4362,4.124324324324324,6.915000000000001,112.22529895532563,285.1219100674831,259.8336745216774
3,40,20,31-40,7.1783,1.3513513513513513,1.5650000000000002,183.04200169939872,416.2286887875833,417.2388890623994
3,40,20,41-50,23.032149999999998,6.216216216216216,9.02,117.11427622095741,338.46641275386025,314.6099778113802
3,40,20,51-60,40.800399999999996,11.972972972972974,17.635,120.95592753286746,283.3829381496315,268.25578979690107
3,40,20,61-70,13.968950000000001,3.7837837837837838,4.79,115.15932161551491,367.00186275994275,342.08971501315364
3,40,20,71-80,24.4724,7.84864864864865,10.775,112.8715150422513,332.29321161392545,317.29028958018006
3,40,20,81-90,20.6821,7.556756756756758,8.87,121.35150775738916,379.5759407147984,372.1334127986021
3,40,20,91-100,31.79185,8.61081081081081,11.785,121.48484318279817,305.9654254199589,292.7613195797502
3,50,20,1-10,9.9292,2.7027027027027026,2.805,136.35110048677757,406.3002424114058,401.5725615949302
3,50,20,11-20,7.06605,0.8108108108108109,1.2349999999999999,101.17851123156079,446.23791545711026,435.9581304307765
3,50,20,21-30,28.0762,9.17837837837838,12.5,145.98431030361454,293.32724154782784,277.18835990721817
3,50,20,31-40,19.3225,5.124324324324324,7.3149999999999995,129.05244732826893,397.43692929655356,373.9270811403945
3,50,20,41-50,19.176949999999998,7.643243243243243,8.81,125.84307869363656,363.0866913917647,359.5303797613336
3,50,20,51-60,29.362299999999994,10.0,12.565,117.38928306805458,309.23367687218365,294.66142917497007
3,50,20,61-70,11.846400000000001,2.972972972972973,3.745,118.54402232438136,436.0988243763263,434.433019575143
3,50,20,71-80,23.135749999999998,8.8,10.200000000000001,114.44283237042559,352.2844594296907,352.80866298583567
3,50,20,81-90,24.200599999999998,7.837837837837839,10.77,121.58802193494803,351.71396051265884,343.80009365317864
3,50,20,91-100,24.84525,8.335135135135136,10.219999999999999,135.72342810987513,324.9932184681924,315.4758341774825
3,60,20,1-10,20.174799999999998,5.135135135135135,7.295,113.17396043696674,308.8883722273814,290.61730193053717
3,60,20,11-20,23.028150000000004,7.837837837837837,10.385000000000002,129.92271731507253,341.47564654295763,326.22735359977185
3,60,20,21-30,29.113349999999997,7.956756756756758,12.05,118.17956767369881,298.8568026211155,282.39692108013645
3,60,20,31-40,24.350450000000002,8.037837837837838,9.705000000000002,120.2025493072009,306.94918003542745,288.57698302997517
3,60,20,41-50,22.2074,6.232432432432433,8.965,111.81097148052461,313.3269417136768,294.93928003750653
3,60,20,51-60,16.879849999999998,5.918918918918919,6.284999999999999,115.72921565757532,439.2702957625108,418.34958948692747
3,60,20,61-70,22.751500000000004,9.210810810810809,9.969999999999999,118.34268880619778,262.6310686138098,234.76662061351902
3,60,20,71-80,23.216,8.054054054054054,10.010000000000002,111.51859990885855,358.45292426171005,333.92621972633816
3,60,20,81-90,15.3978,4.183783783783784,5.58,125.87777620369421,308.9361803149554,301.53509855326047
3,60,20,91-100,40.9758,11.816216216216215,18.33,122.85442517947563,275.6654906081945,254.88099480403685
3,70,20,1-10,25.4467,6.145945945945947,9.995000000000001,111.4478542191065,396.3148809579658,383.45769123636586
3,70,20,11-20,34.05949999999999,9.908108108108108,14.1,124.68112181544583,240.48069768168997,219.50167032207128
3,70,20,21-30,14.297099999999997,4.864864864864865,5.225,108.60350197726368,350.1952230157941,354.58084923511143
3,70,20,31-40,21.681199999999997,5.9459459459459465,9.080000000000002,107.99416955112568,392.0914777483523,386.33614052589945
3,70,20,41-50,17.33285,5.405405405405405,6.67,126.04310469883073,318.9299612914229,305.88421375917693
3,70,20,51-60,21.753049999999998,6.772972972972974,8.53,130.87515689795643,323.0636666735269,311.4353951926852
3,70,20,61-70,24.1423,8.021621621621623,10.06,119.34725193426668,297.31916008047665,283.13362175525515
3,70,20,71-80,9.684000000000001,2.1621621621621623,2.5300000000000002,113.2351140262394,475.4290565840741,468.1339926634146
3,70,20,81-90,20.24705,6.2594594594594595,7.7700000000000005,114.91012952586159,291.54594246751617,283.01506313407276
3,70,20,91-100,11.986450000000001,4.054054054054054,4.834999999999999,120.65295243069922,347.1907883423163,334.68746245674777
3,75,20,1-10,29.6413,8.81081081081081,12.854999999999999,120.87273158217674,273.4871073325456,266.8575176060125
3,75,20,11-20,20.3682,7.5675675675675675,9.115,120.82578399922697,283.6428908205736,254.51527966338273
3,75,20,21-30,20.809450000000002,2.9729729729729732,7.24,117.3719605782585,385.98984731181173,379.5925530825094
3,75,20,31-40,15.725,4.594594594594595,5.515000000000001,124.60823478770529,409.20468738692955,402.80013186877557
3,75,20,41-50,27.54475,7.027027027027027,10.97,119.9841455467251,330.43348854812297,311.331881978912
3,75,20,51-60,23.56285,7.2972972972972965,9.865,111.91579452182286,295.2259163902364,270.278731056252
3,75,20,61-70,20.756999999999998,8.64864864864865,9.325,117.57350422248783,372.09824077179474,362.21245973816474
3,75,20,71-80,38.630199999999995,9.432432432432433,15.975,118.06084177438295,262.85472297889834,233.91196181077916
3,75,20,81-90,16.42045,5.929729729729731,6.375,122.84236042861336,377.4648587152134,368.3894661744638
3,75,20,91-100,10.24645,1.1135135135135135,2.425,123.41277729390794,450.70812630588546,451.1081697143266
3,80,20,1-10,18.34075,6.756756756756756,7.69,119.43840659004488,315.60307279933977,305.80400953775495
3,80,20,11-20,27.464349999999996,6.486486486486487,10.965,110.3249765775274,369.0474113969866,344.41001262251837
3,80,20,21-30,9.34585,1.7027027027027029,2.165,117.27196257052753,384.2013669641722,378.89340783221473
3,80,20,31-40,36.01905000000001,11.372972972972974,16.634999999999998,113.46785283254192,215.67370318773297,199.33524486543627
3,80,20,41-50,23.3017,8.783783783783784,10.165,123.38466227871064,379.0990474433509,365.656515540872
3,80,20,51-60,7.96525,1.7351351351351352,1.7150000000000003,156.34853261351125,483.80723535728765,472.054618928178
3,80,20,61-70,27.34595,7.167567567567568,11.42,117.91466176362835,348.17066689506953,334.64435105286964
3,80,20,71-80,25.154649999999997,5.945945945945946,9.815000000000001,119.08260499545023,310.274303602992,288.28883366938453
3,80,20,81-90,14.021600000000003,2.972972972972973,4.7,109.10980906251781,364.87413865738387,357.09768869999135
3,80,20,91-100,7.3657499999999985,2.7027027027027026,1.8550000000000004,126.47426382310437,407.8075050399377,396.25894599984645
3,90,20,1-10,18.9998,4.324324324324325,6.845000000000001,114.59299737266609,352.97621035403415,351.62299468749234
3,90,20,11-20,22.246850000000002,5.583783783783784,8.495000000000001,115.78719755565777,339.62544674946236,329.2473596533549
3,90,20,21-30,24.169949999999996,7.335135135135134,10.35,113.3922621247305,392.7155230767232,379.56838677926254
3,90,20,31-40,41.8076,12.32972972972973,17.74,113.6509294354853,301.63013020888656,281.26914406502067
3,90,20,41-50,24.1181,6.216216216216216,9.015,107.83344649400485,328.5436623179345,306.6927851762541
3,90,20,51-60,24.958949999999998,7.9189189189189175,9.934999999999999,114.22840998251733,279.5298513392944,257.8068368328922
3,90,20,61-70,24.26815,7.5675675675675675,9.919999999999998,118.36724758229892,409.32267670568615,393.0273953160142
3,90,20,71-80,29.187450000000002,10.783783783783784,13.345000000000002,114.86195511015262,259.6100590957697,229.60610210482272
3,90,20,81-90,23.33275,6.756756756756758,9.534999999999998,110.63123867190257,358.1609330093164,350.4840648719729
3,90,20,91-100,22.79715,5.4324324324324325,9.415000000000001,112.93111678602008,369.5063795544585,352.4837206235775
3,100,20,1-10,48.62500000000001,13.135135135135135,20.13,112.6842865339252,206.85733181872212,184.06415534991396
3,100,20,11-20,10.2258,2.1621621621621623,2.94,116.61995637507283,412.0853068174558,411.07473751663184
3,100,20,21-30,24.065949999999997,5.962162162162162,9.385,110.09747538813286,329.6784937446808,322.32859908131
3,100,20,31-40,11.2113,2.1621621621621623,3.465,113.09319483207011,446.3131816719082,430.69820192554437
3,100,20,41-50,19.2756,6.518918918918919,7.6,121.04245098218688,295.77867525135923,288.7379036456814
3,100,20,51-60,13.52925,3.2054054054054055,4.88,112.120527584314,368.1341290201635,363.0765591425742
3,100,20,61-70,19.88205,6.81081081081081,7.88,124.15802290592596,300.5389638969482,304.75299597067243
3,100,20,71-80,16.299,7.762162162162161,7.025,123.46148438024431,347.04032668666724,337.72276245182
3,100,20,81-90,15.515600000000001,4.054054054054054,5.984999999999999,137.8027461887171,371.24314522806606,360.20329513499536
3,100,20,91-100,35.68555,7.5675675675675675,14.36,118.63234230564024,366.4528892982445,358.5273050497406
3,10,25,1-10,10.574549999999999,5.945945945945946,3.65,371.78999947587437,419.85758412004463,413.0175569466354
3,10,25,11-20,13.298599999999999,9.145945945945945,5.840000000000001,327.62353059356775,336.9086677187399,337.7526331675251
3,10,25,21-30,16.40335,8.135135135135137,6.7700000000000005,280.6704066926759,311.64797971777114,314.54063769024907
3,10,25,31-40,32.658049999999996,12.243243243243244,15.45,134.3643482539297,243.23702120876064,217.38140587450107
3,10,25,41-50,14.3094,7.027027027027027,5.68,440.9209660047721,395.30365823007367,394.64881550907546
3,10,25,51-60,13.0685,5.945945945945946,5.115,600.4343508543667,454.53722815777036,447.6003633190779
3,10,25,61-70,13.732650000000001,7.740540540540541,5.4399999999999995,384.81365539973564,390.25301030167645,381.5576770549087
3,10,25,71-80,10.34565,5.405405405405405,3.5900000000000007,368.3083013814092,421.20349087269926,416.1444136384945
3,10,25,81-90,16.1142,10.243243243243244,7.325,258.22462647561815,301.58541506115205,285.2358387576634
3,10,25,91-100,19.00435,13.583783783783783,9.220000000000002,254.38191715132913,269.1445172046027,260.8767060974768
3,20,25,1-10,23.580000000000002,11.610810810810811,11.02,130.8009362324081,311.17599127738293,286.90328363241326
3,20,25,11-20,12.690100000000001,3.7837837837837838,4.3549999999999995,121.08799493099627,370.2690943464238,373.11500307872495
3,20,25,21-30,23.680349999999997,7.664864864864865,10.165000000000001,120.69979862795898,324.2881578786948,296.6345824430968
3,20,25,31-40,21.276450000000004,8.848648648648648,9.370000000000001,137.21747794633782,376.68619752444965,359.16580093914484
3,20,25,41-50,11.357099999999999,4.054054054054054,3.425,154.04519930340075,417.77836061048356,413.90604262849973
3,20,25,51-60,18.9822,4.324324324324325,6.16,137.7856124237008,350.12303796991824,354.59368478566046
3,20,25,61-70,20.6286,5.962162162162162,7.960000000000001,132.78464341186805,317.63136474912534,308.82973920018304
3,20,25,71-80,17.7676,4.891891891891892,7.345000000000001,127.5393237102242,274.78751018155947,265.95043712808723
3,20,25,81-90,13.607949999999999,5.945945945945946,5.6,176.80832705435049,381.500080940007,366.35314770469546
3,20,25,91-100,17.2059,7.2972972972972965,7.265000000000001,143.56312395670474,342.04041927276546,323.3714663469828
3,30,25,1-10,24.04215,11.254054054054055,11.665000000000001,119.05223701459558,354.999615650433,342.926206918768
3,30,25,11-20,10.8466,4.594594594594595,4.13,138.2901439270087,321.2620667359265,339.07814504732806
3,30,25,21-30,20.152849999999997,8.032432432432433,8.68,153.09983000228698,324.8327424897336,314.49608463732216
3,30,25,31-40,20.88575,9.62702702702703,9.05,133.70909756944155,329.898579116077,309.6361232676318
3,30,25,41-50,22.989150000000002,9.367567567567567,10.110000000000001,133.12521337221187,285.9967761029826,264.22819483386087
3,30,25,51-60,18.72875,7.724324324324324,7.6049999999999995,123.7053798418467,313.41130363714757,301.00583817389884
3,30,25,61-70,11.4486,2.7027027027027026,3.825,109.1369960949067,384.4690671394499,379.0236232657479
3,30,25,71-80,16.871450000000003,4.967567567567568,6.369999999999999,123.32188455247827,277.0434428168505,266.4270465246652
3,30,25,81-90,11.530899999999999,4.216216216216216,3.665,148.0899474602864,378.40206746516395,382.65430752687496
3,30,25,91-100,24.64205,10.454054054054055,11.73,121.8204343257953,261.31779303057345,246.1611057607895
3,40,25,1-10,11.38545,3.416216216216216,3.9850000000000003,136.45807901661416,414.6038151313372,393.40378906416447
3,40,25,11-20,16.076249999999998,4.054054054054054,5.795,108.75524557034034,342.8214116671363,330.54154494468605
3,40,25,21-30,16.132693446723362,7.45945945945946,6.875,123.51508592793634,339.0132114275372,324.49398117048673
3,40,25,31-40,14.256895981655868,4.587974996627243,5.891408090117769,144.5794474598552,336.6934281063286,321.8146268526021
3,40,25,41-50,28.732100000000003,12.77837837837838,13.520000000000001,120.40466415999624,316.11901770334447,301.9280885676606
3,40,25,51-60,16.18675,7.275675675675674,6.08,123.9840567073931,337.6948643829604,334.92966906580557
3,40,25,61-70,23.8093,8.37837837837838,10.145,120.93662574722654,314.05006486965465,298.166107864415
3,40,25,71-80,35.78335,10.0,14.559999999999999,108.67282247380649,314.3674977715792,297.6370035936094
3,40,25,81-90,7.31665,2.4324324324324325,2.32,145.85354348805157,476.060393991759,485.016291675722
3,40,25,91-100,6.1788,1.3513513513513513,1.1800000000000002,171.20011774790734,419.58870790660677,406.1873870451851
3,50,25,1-10,13.699850000000001,3.513513513513513,4.63,118.64873259804953,417.56664371256556,411.0839316622508
3,50,25,11-20,18.3791,7.2972972972972965,7.6450000000000005,159.5628649622555,307.7043732015053,302.7818025445196
3,50,25,21-30,20.393549999999998,6.756756756756758,8.295,116.47982819369776,230.10329089917528,216.77515562525338
3,50,25,31-40,15.479000000000003,5.827027027027027,6.57,122.85542450735835,324.44537813680415,313.85813504341536
3,50,25,41-50,17.8726,6.827027027027027,7.525,117.4525024385885,319.5643168271988,316.103417662909
3,50,25,51-60,9.441799999999999,2.4324324324324325,2.95,114.23457392972777,433.33178520372513,431.5745570028388
3,50,25,61-70,10.4908,1.8918918918918919,3.16,102.67710981400535,424.2741877548692,427.529971041895
3,50,25,71-80,11.583099999999998,3.5135135135135136,3.8150000000000004,119.44507564175159,416.3361796011788,403.1434815913533
3,50,25,81-90,22.820500000000003,7.718918918918919,9.495,118.21594394495469,310.47498993489626,290.9633426314159
3,50,25,91-100,14.681149999999999,4.51891891891892,5.275,115.4833434640387,392.02128721880115,388.56782061591707
3,60,25,1-10,12.26345,4.545945945945945,4.615,125.37371597974241,362.771975426023,358.8950536163942
3,60,25,11-20,7.081949999999999,1.0810810810810811,1.3850000000000002,111.37149718180646,435.3025965575986,445.47738844196294
3,60,25,21-30,17.087349999999997,6.486486486486487,7.17,115.06769155699392,363.5238808641521,360.24917697436206
3,60,25,31-40,20.31925,6.216216216216216,8.38,120.3738656286229,365.24758887708487,352.53264087991704
3,60,25,41-50,12.653049999999999,4.891891891891891,4.675,124.48400891189014,339.9712811672822,326.9340727248516
3,60,25,51-60,33.0476,10.58918918918919,14.245000000000001,116.57628147905075,361.47317623331713,339.7162980824836
3,60,25,61-70,26.63425,8.221621621621622,11.690000000000001,111.29012087450046,300.7666069178508,284.16801492846054
3,60,25,71-80,13.109500000000002,4.864864864864865,4.6899999999999995,118.38058720026316,376.8208745204005,368.6568975261674
3,60,25,81-90,18.4948,5.940540540540541,7.234999999999999,138.3032312764635,314.04040414222436,302.5841315271791
3,60,25,91-100,10.41405,2.848648648648649,3.1950000000000003,109.80235610201147,388.9537230299547,365.4352764808422
3,70,25,1-10,16.708599999999997,6.5675675675675675,6.654999999999999,118.96150920575174,306.4224591947801,288.8420718992354
3,70,25,11-20,29.579349999999998,13.18918918918919,13.415000000000001,132.84448371451947,225.77831917638258,209.58161355269348
3,70,25,21-30,12.590549999999999,4.324324324324325,4.13,158.43066071678578,350.3052557818079,345.88976121941454
3,70,25,31-40,12.4438,4.864864864864865,4.6,116.81083656923188,334.70323391304214,326.933332655691
3,70,25,41-50,15.73385,4.864864864864865,6.2299999999999995,128.75747276894924,399.12056238064326,379.473502936156
3,70,25,51-60,18.89985,4.162162162162162,6.610000000000001,107.47618080491075,430.1079248539403,420.23370897159464
3,70,25,61-70,21.7522,7.751351351351351,8.88,116.2277414159192,265.1033872068998,236.49058640234858
3,70,25,71-80,24.167049999999996,7.891891891891893,9.974999999999998,114.10122385928592,322.0981886160085,316.7856336177911
3,70,25,81-90,22.01185,5.675675675675675,8.180000000000001,117.29165593722875,369.90558840391907,352.9840394814322
3,70,25,91-100,26.625350000000005,8.64864864864865,11.545,111.81829220071874,287.70735037508535,270.5935291084602
3,75,25,1-10,24.21195,7.962162162162163,10.41,126.04149857350926,272.5591189244622,262.9891016287364
3,75,25,11-20,16.04975,5.5675675675675675,6.27,113.76409851750323,340.1215655720822,331.27840783778254
3,75,25,21-30,20.67115,7.5675675675675675,8.4,112.22025996698385,353.4159057867369,349.99641945500423
3,75,25,31-40,16.3672,6.486486486486487,6.85,112.27959083305021,380.4641713257095,373.33431023952375
3,75,25,41-50,41.573100000000004,14.864864864864865,19.055,115.44438801771653,268.6201100700512,247.24820968038253
3,75,25,51-60,15.603400000000002,5.221621621621622,6.3149999999999995,115.73125921086978,353.4568192600053,345.8075645792786
3,75,25,61-70,9.332849999999999,2.4972972972972975,2.8449999999999998,115.93334958709629,375.830128750429,374.0698870912109
3,75,25,71-80,11.7251,4.005405405405406,4.279999999999999,128.21362915293184,389.526774497561,388.22262193256364
3,75,25,81-90,18.3221,6.216216216216216,7.834999999999999,116.83500135935489,368.72125051802243,343.91966527564927
3,75,25,91-100,20.351850000000002,7.275675675675676,8.465,119.24911126077828,370.3417328487614,354.5535534061636
3,80,25,1-10,11.145100000000001,3.0054054054054054,3.9,111.61266356128955,435.3919168973043,427.9234592687664
3,80,25,11-20,22.344550000000005,4.864864864864865,8.23,113.25679031029442,388.474993955899,372.9793983145704
3,80,25,21-30,12.685949999999998,4.962162162162162,5.035,116.5927928178331,376.76951339387745,352.89790585078515
3,80,25,31-40,14.2591,3.702702702702703,5.005,111.60767847197906,366.64458714971437,353.84400846911274
3,80,25,41-50,11.957450000000001,2.972972972972973,3.8,111.55733318395183,444.7925514787197,453.46252699536035
3,80,25,51-60,20.8633,5.545945945945946,7.945,113.9430578893128,340.5066822652649,322.16028325726126
3,80,25,61-70,11.643049999999999,3.4648648648648654,4.095000000000001,115.18798481324438,351.8477665375433,338.18771544117305
3,80,25,71-80,12.302350000000002,4.324324324324325,4.680000000000001,119.31697280922924,368.0703161230877,367.28944139277166
3,80,25,81-90,5.4849499999999995,0.9513513513513514,0.95,148.58963831038128,441.1417595163422,442.14435585319325
3,80,25,91-100,19.376250000000002,7.627027027027028,8.235,119.9501980114729,379.33065417375246,349.57210753275444
3,90,25,1-10,19.60315,7.302702702702703,8.41,120.81913008530775,369.54752216181953,358.1093835868486
3,90,25,11-20,12.3271,5.854054054054054,4.8549999999999995,122.91732867890579,389.02945777944535,364.6080775434846
3,90,25,21-30,25.1562,8.108108108108109,10.530000000000001,135.8994431866974,329.2473199253523,329.7993782153534
3,90,25,31-40,27.301650000000002,10.50810810810811,12.39,122.90860697505528,348.1170837070383,335.45657492085036
3,90,25,41-50,17.7014,6.313513513513513,7.35,119.81768717445404,301.5410506090428,288.96627561035115
3,90,25,51-60,16.623849999999997,4.324324324324325,5.915,146.52305089188678,392.2903268314718,402.00539981800256
3,90,25,61-70,25.50635,8.405405405405407,11.584999999999999,113.46657357893272,412.0583782054094,395.0633218771217
3,90,25,71-80,38.342200000000005,11.086486486486487,16.815,113.27935877927573,285.1218421513854,263.70111877311666
3,90,25,81-90,16.995299999999997,5.945945945945946,7.2299999999999995,119.187370671626,286.27860209488153,278.8893750085207
3,90,25,91-100,8.644949999999998,2.1243243243243244,2.215,117.97189731147768,380.06482407609565,390.7866082139524
3,100,25,1-10,15.4267,4.054054054054054,5.68,113.69153707690141,368.03874833818105,357.32966965598786
3,100,25,11-20,12.4644,3.7837837837837838,4.255,110.94113587722134,398.9482876829672,375.94425752470596
3,100,25,21-30,13.12545,4.308108108108108,4.4799999999999995,115.76725218864465,387.8872268867371,391.77947048042694
3,100,25,31-40,14.839099999999998,5.675675675675675,5.7700000000000005,125.5698883137654,372.3181228001904,353.5519598860069
3,100,25,41-50,5.778700000000001,0.5405405405405406,0.585,122.62123638083514,409.14311786899066,407.8296178472965
3,100,25,51-60,12.5523,3.7837837837837838,4.345000000000001,115.74940578003799,372.1221466805817,371.68251099140826
3,100,25,61-70,23.575049999999997,6.962162162162161,9.435,107.04730327309755,362.8981349153063,333.89338942219047
3,100,25,71-80,18.573199999999996,6.383783783783784,8.010000000000002,126.35366123092953,334.3162843604012,322.48711481029096
3,100,25,81-90,19.065300000000004,4.951351351351351,7.505,116.65606723921536,281.710746624899,284.81859251588855
3,100,25,91-100,19.6552,7.205405405405405,8.01,117.99755657945165,354.4602804901477,330.7266857964884
3,10,30,1-10,12.060500000000001,7.297297297297298,3.9750000000000005,405.7763007804824,322.12957520793145,311.493888300362
3,10,30,11-20,13.428199999999999,9.562162162162162,6.2,274.29673617615384,280.0400232337512,273.35654934377595
3,10,30,21-30,26.034399999999998,11.902702702702703,11.655000000000001,395.72428874715587,364.2401816399074,351.4206935176288
3,10,30,31-40,18.5644,8.91891891891892,7.720000000000001,310.7525244315818,319.84041409087075,308.1511404450228
3,10,30,41-50,19.493299999999998,10.405405405405405,9.575,156.81402297422892,352.11279237523127,322.4960618064104
3,10,30,51-60,20.5668,9.756756756756756,9.6,275.2290094885834,363.6977814412222,342.8579776148482
3,10,30,61-70,17.0808,7.594594594594595,6.8,216.82782832664284,309.3725256976019,291.70425732973933
3,10,30,71-80,23.35095,12.432432432432432,10.49,205.3364819315774,236.44628533834543,212.21943347234136
3,10,30,81-90,12.512,8.108108108108109,4.71,374.4279127833032,387.76748119612176,364.7222201604966
3,10,30,91-100,15.678300000000002,11.35135135135135,7.334999999999999,354.9033701453041,341.98855130948795,338.9617822742258
3,20,30,1-10,5.36565,1.0810810810810811,0.65,127.26930858723952,432.2346444291173,446.13074435254913
3,20,30,11-20,16.627650000000003,7.8810810810810805,6.374999999999999,141.13441770904856,348.6203930568108,353.99763300405647
3,20,30,21-30,9.18,4.648648648648648,3.91,177.07630900957187,348.480108697146,346.3422652048543
3,20,30,31-40,14.457149999999999,7.3621621621621625,6.475,135.22108003631894,379.48496327645637,384.04609924963654
3,20,30,41-50,23.68515,12.17837837837838,11.645,144.98688040085455,237.82079894525992,214.80578527045182
3,20,30,51-60,12.288049999999998,6.216216216216216,4.9399999999999995,137.02573375153403,305.5702639953234,302.8692339402345
3,20,30,61-70,13.3584,3.7837837837837838,4.95,165.86506445053413,405.16443927673384,415.2112524356359
3,20,30,71-80,7.07415,2.4,1.72,167.38837940871537,432.4764739387325,430.3198881399426
3,20,30,81-90,7.866549999999999,2.1621621621621623,1.9849999999999999,117.5952161558169,364.5414745855341,368.54113219384215
3,20,30,91-100,14.2847,5.675675675675675,5.194999999999999,132.2900031550682,307.120674094224,293.5804352765175
3,30,30,1-10,18.954500000000003,8.643243243243244,8.655,119.78807968096115,305.72284743187043,295.9872075185932
3,30,30,11-20,20.481499999999997,8.91891891891892,9.25,129.90353621697722,288.29279385031884,276.3979163178904
3,30,30,21-30,11.603649999999998,2.7027027027027026,3.525,109.55121136685264,336.31257120561185,329.39358266175805
3,30,30,31-40,18.258000000000003,8.8,8.17,120.05577845818364,272.473236867725,248.41300370698892
3,30,30,41-50,19.830900000000003,9.837837837837839,9.26,132.42861513310183,422.84700942846905,412.4622419799475
3,30,30,51-60,19.233249999999998,8.562162162162162,8.765,137.42269966900045,298.74425869191003,291.4447857206274
3,30,30,61-70,10.26595,3.7837837837837838,3.8300000000000005,162.6525664045164,348.206160439152,342.1659876727675
3,30,30,71-80,7.5306,2.1621621621621623,1.81,124.16796284565783,421.26311452506326,422.77895707923926
3,30,30,81-90,24.6081,8.248648648648649,10.540000000000001,134.08863393256902,342.81367856184704,329.61034515832654
3,30,30,91-100,15.291750000000002,6.486486486486487,6.780000000000001,130.32421940584575,331.1013318505244,336.0749757259847
3,40,30,1-10,18.684849999999997,8.08108108108108,8.51,127.01619607247251,341.8165380988563,324.5621532420691
3,40,30,11-20,9.8055,4.864864864864865,3.7049999999999996,127.90683172146814,322.454334020608,309.1333242013485
3,40,30,21-30,21.5537,7.6702702702702705,9.05,121.13283305414338,304.02800182486493,294.03168977097164
3,40,30,31-40,13.1196,2.789189189189189,4.5600000000000005,106.3047706839114,400.6743327985188,387.2949661193569
3,40,30,41-50,24.0258,11.016216216216216,10.639999999999999,122.22005330970781,402.52320616722784,380.97569042855446
3,40,30,51-60,19.265849999999997,6.508108108108108,7.609999999999999,112.19871199550903,331.5714786378069,312.4165704038371
3,40,30,61-70,31.45735,15.843243243243242,15.960000000000003,122.51995616559584,346.4842427877471,337.2830977680428
3,40,30,71-80,30.978199999999998,13.432432432432432,14.335000000000003,133.43032178844993,250.67885903617974,224.99181226400978
3,40,30,81-90,12.665899999999999,3.4054054054054057,4.049999999999999,108.7765418641979,408.1138329393285,401.1644782355785
3,40,30,91-100,26.712399999999995,8.118918918918919,11.305000000000001,119.66206836710762,412.54080197193673,404.07283157567514
3,50,30,1-10,16.034000000000002,7.297297297297298,6.470000000000001,135.41500306159247,337.4471032944335,295.79216503436555
3,50,30,11-20,13.996300000000002,8.108108108108109,6.710000000000001,125.57073652307031,356.0532487703091,338.2771293901415
3,50,30,21-30,17.33945,6.302702702702702,7.024999999999999,117.92790366325863,332.21980613561385,338.5739478516383
3,50,30,31-40,10.26445,4.4,3.7600000000000002,168.20221766764456,369.07563033228087,365.01672274410987
3,50,30,41-50,17.01695,7.167567567567568,7.19,119.94099511770227,340.77159821477824,337.6050258565537
3,50,30,51-60,11.430200000000001,4.713513513513514,4.47,156.127478408081,333.74197762257427,335.7375637838745
3,50,30,61-70,13.13185,4.313513513513514,5.234999999999999,121.32617139353638,383.49877697186355,374.32773041639774
3,50,30,71-80,18.18455,7.297297297297298,9.095,122.76461831686993,356.0058845214616,347.3795077445511
3,50,30,81-90,11.55345,4.275675675675676,4.51,126.40269588574694,371.8993821908022,368.7744543085737
3,50,30,91-100,10.213249999999999,4.891891891891892,4.05,120.18364490122308,454.16163853449655,441.59403371852807
3,60,30,1-10,10.2213,4.054054054054054,3.6950000000000003,133.51966453506256,383.163390681863,367.00625859255047
3,60,30,11-20,12.21995,5.135135135135135,5.089999999999999,137.84431105673968,403.5131548916751,391.8106786026019
3,60,30,21-30,13.6052,6.151351351351352,5.665,123.35090026216207,376.6485931646594,369.7209672867317
3,60,30,31-40,15.3886,6.497297297297297,5.635,135.67292166573935,387.53308163132516,360.13931076646656
3,60,30,41-50,23.51775,11.102702702702702,11.445,143.80866268220274,341.66270495171034,335.5532143110171
3,60,30,51-60,20.432349999999996,10.416216216216217,9.094999999999999,122.83188346453721,306.7235094466685,283.1844241207319
3,60,30,61-70,25.26395,8.416216216216217,11.005,117.57756432147146,316.66954793076354,306.8923537115125
3,60,30,71-80,6.3933,1.3513513513513513,1.42,156.25726342298893,446.05893212052615,455.33711723162
3,60,30,81-90,22.67295,10.297297297297296,10.64,128.33341889081535,274.4573106210585,257.48570177598504
3,60,30,91-100,17.674,6.216216216216217,6.4300000000000015,120.43014645642383,363.85744771779525,336.4576203228317
3,70,30,1-10,37.247049999999994,17.44864864864865,19.065,118.4666236866934,254.81243652033217,242.20543708310805
3,70,30,11-20,20.549699999999998,8.64864864864865,8.870000000000001,122.73745349781706,279.0911944299194,245.70090179942858
3,70,30,21-30,22.4576,10.000000000000002,10.425,122.56391580603481,338.5146904327921,329.5071961649739
3,70,30,31-40,25.62265,10.8,10.985000000000001,122.1413171365898,284.4168003339393,264.5891688803669
3,70,30,41-50,7.856500000000001,1.8918918918918919,1.8850000000000002,112.17171686614883,414.12477741673547,405.6906291549607
3,70,30,51-60,19.512700000000002,8.64864864864865,9.330000000000002,116.97779252977575,343.66006846334756,337.87954396104595
3,70,30,61-70,5.9047,1.0810810810810811,1.31,104.42701029270525,522.0173382961427,511.17438889824143
3,70,30,71-80,19.517850000000003,7.5675675675675675,7.94,118.84579378790768,298.0304749630151,290.9240443757935
3,70,30,81-90,16.69095,7.194594594594595,6.755000000000001,120.06866103421885,301.68057929498616,292.48949597786475
3,70,30,91-100,15.406199999999998,6.389189189189189,5.97,151.93538806147356,403.3137475104021,397.16974101408834
3,75,30,1-10,10.25365,3.7837837837837833,3.7049999999999996,122.72826365084484,393.02154626730487,390.42013023181863
3,75,30,11-20,24.067050000000002,12.297297297297296,11.185,121.42417371986808,271.9905821733738,257.5237640211766
3,75,30,21-30,18.3262,7.2972972972972965,7.705,134.1135533819715,303.40257845840415,291.7772459311599
3,75,30,31-40,13.481750000000002,5.351351351351352,5.33,112.15832590062458,313.8663302058287,294.13811543613485
3,75,30,41-50,20.5147,6.372972972972973,8.605,113.57047768986254,381.9923284688772,376.689365764372
3,75,30,51-60,3.8558499999999993,0.0,0.03,,509.3157339191097,501.55287327063206
3,75,30,61-70,35.17595,17.281081081081084,17.34,123.55701036957825,219.69579907614948,191.69453722322004
3,75,30,71-80,21.3515,8.27027027027027,9.015,126.00915374579083,304.5141835506425,285.37728841853965
3,75,30,81-90,13.48745,5.421621621621622,5.4399999999999995,116.37535200961725,342.349377953234,342.1501749080326
3,75,30,91-100,23.026300000000003,12.28108108108108,11.120000000000001,122.69033560941497,267.52380491304757,243.1786339273991
3,80,30,1-10,20.744,9.31891891891892,9.235,125.89856570755381,334.9590791882192,322.8488326373272
3,80,30,11-20,17.48005,8.108108108108109,7.080000000000001,116.55601829629703,320.6704864407364,310.17279873298884
3,80,30,21-30,20.3989,6.486486486486487,7.999999999999998,116.52455773685367,282.26531017507943,263.78864439754176
3,80,30,31-40,15.126500000000002,4.054054054054054,6.135,123.69055883263749,449.8579176894915,449.27897321423626
3,80,30,41-50,29.1024,11.962162162162162,13.6,117.18556241683827,290.82381793475025,260.92523144975473
3,80,30,51-60,10.050450000000001,2.4324324324324325,2.8649999999999998,116.6597086162827,351.66626115165565,352.13933988333036
3,80,30,61-70,7.097599999999998,3.2432432432432434,2.06,161.4877832367187,346.12085426779566,356.3104142898496
3,80,30,71-80,28.1813,11.41081081081081,13.1,122.26628192077204,262.38753542482965,234.25068571033776
3,80,30,81-90,10.590900000000001,3.367567567567568,3.845,120.35668527385245,396.111584424301,377.39645078493135
3,80,30,91-100,13.996950000000002,6.34054054054054,6.015,116.54359115058213,361.3340819471792,355.70061602699315
3,90,30,1-10,20.825200000000002,8.578378378378378,9.84,112.18457078268628,341.4932826420065,323.61772720137606
3,90,30,11-20,16.98475,8.64864864864865,7.640000000000001,112.90563305933183,307.20318217486476,289.2681159279145
3,90,30,21-30,19.49225,8.07027027027027,8.469999999999999,117.27707550164219,349.4515516473534,347.22850352670605
3,90,30,31-40,15.131850000000004,4.85945945945946,5.87,112.4972557000161,359.56121897890245,346.3670273744735
3,90,30,41-50,10.719899999999999,4.324324324324325,3.3649999999999998,117.79685511093905,369.64306665622894,359.81154113876744
3,90,30,51-60,16.874850000000002,6.41081081081081,6.65,123.68638702606002,315.63772383844343,312.0422825199752
3,90,30,61-70,29.05095,13.340540540540541,14.65,112.31036785755592,230.44343328048757,212.4612406951785
3,90,30,71-80,26.387249999999995,11.08108108108108,11.754999999999999,113.11696370380623,292.5817555202601,275.82169588539944
3,90,30,81-90,22.3601,7.756756756756756,9.690000000000001,112.33832546216875,304.83197260365455,292.90922631127563
3,90,30,91-100,31.211800000000004,10.762162162162161,13.290000000000001,119.83966804997472,231.84964040216602,206.88000256030446
3,100,30,1-10,24.6803,11.08108108108108,10.915000000000003,117.4840809944803,296.630982947432,269.62539767326376
3,100,30,11-20,26.307350000000007,10.783783783783784,11.47,112.37208860660338,365.98004863798275,357.3759673116739
3,100,30,21-30,14.757150000000001,4.864864864864865,5.390000000000001,111.93532114174513,323.2647313520232,318.53504899435177
3,100,30,31-40,17.552799999999998,7.68108108108108,7.495,125.09657496622633,327.62572823649606,322.4520389467254
3,100,30,41-50,15.8112,5.697297297297298,6.04,132.90782207516622,311.55225979815106,299.6118332671367
3,100,30,51-60,15.076899999999998,5.405405405405405,6.17,116.55216809985464,334.7770598291691,317.72965023921375
3,100,30,61-70,20.5335,7.69189189189189,8.334999999999999,111.7612883823978,246.62801774695382,224.56088605197783
3,100,30,71-80,29.6014,10.783783783783784,13.194999999999999,119.16549017966383,306.17429201001016,283.21657950375896
3,100,30,81-90,14.3205,4.864864864864865,5.26,122.93913545605518,333.9887427584719,339.2892471333722
3,100,30,91-100,15.737549999999999,5.675675675675675,6.464999999999999,116.051882816633,370.73666758549746,373.35954961129977
3,10,50,1-10,9.144049999999998,11.162162162162161,4.089999999999999,379.65706761354056,396.06599802377275,392.2946947448991
3,10,50,11-20,20.954349999999998,19.821621621621624,11.965,274.29259284961836,243.49970754460506,229.44309695674127
3,10,50,21-30,6.2696999999999985,6.632432432432433,1.935,443.2556228779109,425.1373268885785,423.7997906982715
3,10,50,31-40,7.538799999999999,8.108108108108109,3.025,402.34324061190495,386.984421422619,380.9165786947491
3,10,50,41-50,16.62525,18.075675675675676,9.834999999999999,217.6710836110301,293.1302785985155,268.30675151363573
3,10,50,51-60,13.076250000000002,10.129729729729728,5.45,415.6980458191903,372.13508466653536,362.2601857742276
3,10,50,61-70,11.4937,9.17837837837838,5.43,367.63402978947005,363.9146775425579,359.575615300993
3,10,50,71-80,10.4056,8.91891891891892,4.154999999999999,445.22638328256835,384.01535703396064,372.5060743371499
3,10,50,81-90,15.3186,14.054054054054054,8.775,296.12042595519546,376.37701303942464,361.6682134115263
3,10,50,91-100,4.2536000000000005,2.7027027027027026,0.31500000000000006,537.0718694152123,518.0987041330368,522.0837654886049
3,20,50,1-10,6.0808,2.4324324324324325,1.56,174.2906724666443,418.42120274064354,422.3406225465331
3,20,50,11-20,17.185100000000002,10.405405405405405,8.01,139.80986689760093,305.4586139635004,290.5175951804387
3,20,50,21-30,6.007099999999999,2.1621621621621623,1.025,231.8580759088005,477.3861597432759,482.4320692057183
3,20,50,31-40,12.938549999999998,8.64864864864865,6.639999999999999,169.1003954384267,350.63829733387786,338.99200076248945
3,20,50,41-50,13.312050000000003,7.778378378378379,6.1450000000000005,145.32924177891672,325.0201306767689,307.0174002991417
3,20,50,51-60,10.47025,4.324324324324325,3.7649999999999997,142.54384904186296,337.09426613662265,327.9515571341726
3,20,50,61-70,15.689100000000005,11.470270270270271,7.845000000000001,162.28171480016644,248.20580591745366,239.743255178626
3,20,50,71-80,9.53435,5.4324324324324325,3.3449999999999998,180.38339324380124,368.34022139094134,373.0608210992094
3,20,50,81-90,10.940700000000001,5.135135135135135,4.245,137.75983595369672,401.28097879082907,395.1702309727317
3,20,50,91-100,17.271099999999997,9.45945945945946,8.075,154.02148663208524,368.0849312152366,355.52544074054396
3,30,50,1-10,7.7959499999999995,5.135135135135135,2.7600000000000002,157.2312342602062,377.51972172200954,363.58102343706383
3,30,50,11-20,10.444100000000002,6.38918918918919,4.995,144.87359401562423,398.7246837302838,390.3121161954242
3,30,50,21-30,17.337349999999997,12.972972972972974,9.040000000000003,155.03649101805064,272.02686874710633,264.16672300515825
3,30,50,31-40,9.308850000000001,4.951351351351351,3.495,167.92377626650094,326.44219538897795,337.983007810869
3,30,50,41-50,11.3445,5.545945945945946,4.425,173.15782335955825,340.8244946311292,325.7260785729384
3,30,50,51-60,12.3986,6.756756756756758,4.995,135.7449813805896,379.4441225890423,368.3379277655321
3,30,50,61-70,15.005399999999998,12.72972972972973,8.215,158.83714389597876,398.9915103043001,382.8074784433951
3,30,50,71-80,16.4916,9.72972972972973,7.5,137.46281914022833,294.73758605846854,274.057211527241
3,30,50,81-90,14.4599,7.31891891891892,5.925,149.49159462085993,412.3190072507612,402.40545113340283
3,30,50,91-100,7.7490499999999995,3.513513513513513,2.175,154.96538344181818,400.75197376768136,402.56975055478927
3,40,50,1-10,16.31655,9.664864864864864,8.055000000000001,143.4754811407301,304.1987248749057,297.85287774507594
3,40,50,11-20,10.7981,5.945945945945946,4.875,117.08306885000145,369.6467986112417,373.01583836849517
3,40,50,21-30,9.43805,5.135135135135135,3.11,132.58057019982135,385.5907280041427,382.1480239798716
3,40,50,31-40,14.89425,8.108108108108109,7.455,127.15001974417919,349.26435796553596,341.329809610542
3,40,50,41-50,23.569450000000003,16.691891891891892,12.205,138.4520300039617,299.97578995366246,283.82470891271845
3,40,50,51-60,12.84715,7.535135135135135,5.66,135.63866955136407,298.2736819763876,296.85481671235283
3,40,50,61-70,9.2547,5.9459459459459465,3.6150000000000007,133.62012501515983,373.06958830780525,373.6271121782394
3,40,50,71-80,10.067,4.545945945945945,4.284999999999999,128.6046732755132,376.96685035709424,375.58786135136216
3,40,50,81-90,11.1022,6.789189189189189,4.8100000000000005,139.81575956992373,405.3517343521802,387.5272895673733
3,40,50,91-100,6.34385,2.7027027027027026,1.145,130.14100431409818,410.5610506830375,430.59230487477464
3,50,50,1-10,9.218350000000001,6.216216216216216,4.01,123.54778316920157,398.1439248013806,397.3651922613767
3,50,50,11-20,18.58055,13.08108108108108,10.765,141.6184692416859,255.68784079054845,238.94634944092064
3,50,50,21-30,10.485899999999999,6.756756756756758,4.66,152.21762148320008,325.80507924131126,330.687347975321
3,50,50,31-40,16.0857,8.075675675675676,7.285000000000001,137.28776218012626,317.00072524942857,302.23269661817574
3,50,50,41-50,11.86475,8.108108108108109,5.795,129.27493858804482,356.686172239153,345.6563814965115
3,50,50,51-60,12.823400000000001,8.016216216216216,5.74,114.45154102301804,407.34414906392925,400.1368538910052
3,50,50,61-70,10.672450000000001,5.41081081081081,4.0,128.75787876623764,346.4627771306275,342.9520692449763
3,50,50,71-80,14.044999999999998,10.540540540540542,7.065,135.58768976959,312.3291748577909,300.73096012825306
3,50,50,81-90,7.191250000000001,2.7027027027027026,2.075,137.7033641448215,408.8768410715292,415.16296933299844
3,50,50,91-100,19.004299999999997,10.583783783783783,9.405000000000001,125.27669342031325,328.90310427135483,292.0701005992772
3,60,50,1-10,8.549299999999999,3.7837837837837838,2.6,130.26221581770244,411.0467584122439,417.4715775075203
3,60,50,11-20,8.9839,5.005405405405407,3.7649999999999992,145.07087070566826,329.6539835984593,327.57619514507184
3,60,50,21-30,8.17155,3.5135135135135136,2.45,119.94457572662002,465.2632072045438,462.7620891094797
3,60,50,31-40,8.2955,1.8918918918918919,2.19,119.62371872164556,404.50732464702963,402.9557308799443
3,60,50,41-50,12.14245,9.18918918918919,6.040000000000001,141.61187329400528,264.74491223243456,258.6682570593886
3,60,50,51-60,26.8641,18.91891891891892,15.314999999999998,132.41926914128166,244.53277164185448,235.36663146937514
3,60,50,61-70,10.214699999999999,4.864864864864865,4.34,123.77164297284314,319.3161928499033,311.496938082468
3,60,50,71-80,11.94415,6.216216216216216,4.795,135.40804440325687,393.4770061535465,384.4219743835581
3,60,50,81-90,14.182400000000001,8.378378378378377,6.435,137.01586242777066,303.83038743712723,297.6456698859407
3,60,50,91-100,10.5355,4.864864864864865,4.035,133.4688063540333,354.9383217088431,351.3192994572247
3,70,50,1-10,7.3009,3.5135135135135136,2.575,157.56342123213622,413.577789833056,413.13334475886785
3,70,50,11-20,6.645149999999999,1.3945945945945948,1.4549999999999998,116.51111401450653,411.0210936901505,422.8739388532995
3,70,50,21-30,12.81465,8.91891891891892,6.24,128.2126569338154,345.5625769769309,330.7447830268581
3,70,50,31-40,23.064750000000004,15.67027027027027,12.635000000000002,126.9248608970419,254.3315180279796,231.62378697488148
3,70,50,41-50,14.130600000000001,8.524324324324326,6.745,135.2923651054868,393.2998444910888,395.04732230420655
3,70,50,51-60,14.881400000000003,9.18918918918919,7.219999999999999,131.34693122069635,334.020096542028,320.99349649820675
3,70,50,61-70,17.66945,11.324324324324325,9.07,131.10553890220214,316.8374124755348,298.72730793787383
3,70,50,71-80,13.4847,9.021621621621623,6.515000000000001,137.24124568136955,319.96798307004246,319.31969352662384
3,70,50,81-90,19.601350000000004,11.28108108108108,9.12,144.52285711932643,322.3430903567226,315.62417223142427
3,70,50,91-100,20.144349999999996,12.702702702702704,11.03,126.37515713726324,337.81542174749273,317.1640717094103
3,75,50,1-10,8.4963,6.108108108108108,3.7600000000000002,130.45431959450113,346.9870313289172,349.32452022190967
3,75,50,11-20,15.606449999999999,8.378378378378379,7.2299999999999995,121.43914993794043,364.6372593960334,352.6947439009409
3,75,50,21-30,14.110399999999998,8.535135135135135,6.255,136.68225877158307,331.77294213627675,325.61959398976825
3,75,50,31-40,10.73835,6.308108108108108,4.46,149.81934536661976,353.1470876883657,367.67397334249097
3,75,50,41-50,9.582699999999999,4.086486486486487,3.6700000000000004,117.36063334474541,415.98635713346005,411.60161965942905
3,75,50,51-60,15.663049999999998,9.45945945945946,7.084999999999999,120.40685449687413,319.1656492644531,313.5378500254183
3,75,50,61-70,11.627300000000002,6.486486486486487,5.125,121.95141513559038,317.37044841446874,316.35073471405957
3,75,50,71-80,11.7644,4.594594594594595,4.284999999999999,116.36107751746863,400.30396750810064,397.4831858978344
3,75,50,81-90,15.577749999999998,7.918918918918919,6.639999999999999,128.0328784404831,353.3696235621403,355.5349346857164
3,75,50,91-100,16.2472,9.72972972972973,8.01,123.47430815636706,360.48105015389143,358.30002937129444
3,80,50,1-10,11.881050000000002,6.486486486486487,4.944999999999999,123.64859220878277,327.4494756732436,327.3530171855001
3,80,50,11-20,7.0399,3.2432432432432434,1.955,162.539457358849,413.85592268677993,431.5581464417719
3,80,50,21-30,14.25245,7.232432432432432,6.455,122.18448154038019,338.07777700685074,324.9840902156866
3,80,50,31-40,11.91075,8.378378378378379,6.015,138.81946109346728,392.20229096697284,381.1015978491247
3,80,50,41-50,10.4101,5.697297297297299,4.334999999999999,121.51704833658177,364.717781080232,358.61117622358137
3,80,50,51-60,17.38275,9.881081081081081,8.045,127.68239265802059,263.19843112063086,251.00614479084888
3,80,50,61-70,11.654250000000001,4.810810810810811,4.265,116.359574108684,416.57520086228743,410.09930978986205
3,80,50,71-80,10.0048,5.135135135135135,3.7300000000000004,130.629319627045,373.8716473808924,362.6382001723522
3,80,50,81-90,10.5455,4.162162162162162,3.4650000000000007,162.97001225960454,356.34228371374144,361.93128568520086
3,80,50,91-100,6.06955,2.4324324324324325,1.4600000000000002,139.3249021412172,388.5259933484152,388.6956649777932
3,90,50,1-10,18.60565,8.524324324324324,8.26,118.93033463079905,357.34174775575997,349.29010026312864
3,90,50,11-20,15.702949999999998,7.978378378378379,6.395,117.84818739407949,252.4703353157016,237.78132388626653
3,90,50,21-30,16.64765,9.681081081081082,8.900000000000002,126.94582871360278,351.42282238045107,348.0292308403561
3,90,50,31-40,11.46265,6.405405405405406,4.565,127.03232002232525,431.05413766856,426.46530789727814
3,90,50,41-50,11.27055,5.135135135135135,4.485,120.01541360970597,381.6308175528883,368.28568285541024
3,90,50,51-60,14.2167,8.91891891891892,7.17,118.40876848679927,356.5799607272349,343.7811400163772
3,90,50,61-70,8.129700000000001,3.5783783783783782,2.795,133.7637573635365,441.9765137739899,432.4013267564339
3,90,50,71-80,7.7517999999999985,3.4594594594594597,2.55,136.1006592692483,388.28271892970855,394.1454119091462
3,90,50,81-90,7.67945,2.7027027027027026,2.43,112.28028006163225,378.78159455277694,384.2544651171324
3,90,50,91-100,11.20945,5.627027027027028,4.115,143.44116373470246,382.4956727071273,379.117075457708
3,100,50,1-10,20.673750000000002,11.891891891891891,9.874999999999998,125.300117999195,308.48537814118254,294.2751619536722
3,100,50,11-20,9.235899999999999,4.594594594594595,3.66,128.77289258884426,455.6374956673715,452.1748419376463
3,100,50,21-30,16.4524,7.837837837837839,7.15,124.66511973759923,388.4506266447398,384.7026534697425
3,100,50,31-40,8.8816,4.675675675675675,3.44,151.17813452568845,510.67824354414626,501.3366402988384
3,100,50,41-50,9.2839,3.72972972972973,3.4850000000000003,129.43041941107805,380.53670124945654,379.83134314923615
3,100,50,51-60,20.095100000000002,14.724324324324325,11.245000000000001,130.9136387229176,341.5986578433335,330.40380863433495
3,100,50,61-70,16.927100000000003,9.443243243243241,8.415,121.87636848633298,350.05911284573864,328.3866229624658
3,100,50,71-80,15.943549999999998,8.64864864864865,6.914999999999999,118.63359146236591,306.84058063911095,292.58223919492434
3,100,50,81-90,11.53375,4.594594594594595,4.7299999999999995,116.71019016144753,361.02940129174806,357.1304410377046
3,100,50,91-100,13.843149999999998,8.6,6.255,124.57357972084486,401.2870333619929,384.5844834508177
3,10,75,1-10,8.141350000000001,11.081081081081084,4.17,401.73312997031184,367.09206396327966,369.28051186914956
3,10,75,11-20,7.7249,11.91891891891892,3.625,367.967626299406,348.2367349481809,357.6112138198922
3,10,75,21-30,11.914449999999999,12.945945945945946,6.37,357.081271980708,337.7322603549827,334.5513147035639
3,10,75,31-40,8.100100000000001,12.356756756756758,4.215000000000001,436.56338779896095,382.2581566527968,387.4855676777964
3,10,75,41-50,10.351049999999999,12.437837837837838,4.78,411.36488054702096,344.0839692091965,343.5786021129679
3,10,75,51-60,4.3315,5.135135135135135,0.29500000000000004,705.9608282376938,507.56536560036955,507.9651679531324
3,10,75,61-70,6.892899999999999,10.27027027027027,2.5549999999999997,361.60487303085597,362.8831301687463,368.16931747057924
3,10,75,71-80,11.213750000000001,13.854054054054055,5.43,373.0966273281404,348.194553918195,348.4634430541518
3,10,75,81-90,8.89225,8.72972972972973,3.6450000000000005,439.0712618257533,351.7328079272302,353.71379922715147
3,10,75,91-100,13.76295,19.45945945945946,8.455,387.69857420107945,328.60380905291595,312.97303691976197
3,20,75,1-10,11.369649999999998,12.340540540540541,6.425,186.82681845768863,300.5984395523409,299.4845596008229
3,20,75,11-20,9.61205,8.378378378378377,5.135000000000001,154.4320280957976,420.04512973100316,408.32176208083064
3,20,75,21-30,8.464699999999999,5.027027027027027,3.5450000000000004,146.58855033632355,400.83879643239123,389.18739961180114
3,20,75,31-40,9.370650000000001,7.810810810810811,4.4,193.60192449276883,336.76245070230675,341.9243230039583
3,20,75,41-50,13.360650000000001,13.232432432432432,7.904999999999999,151.433380344579,328.2878331585104,315.21382460248066
3,20,75,51-60,15.9612,15.140540540540542,9.600000000000001,172.81016321730294,257.5313456197847,252.24200902374113
3,20,75,61-70,5.8325,2.972972972972973,1.365,194.3648959847037,406.1110673772031,416.48177877931664
3,20,75,71-80,11.099450000000001,13.09189189189189,6.135,172.97517984082666,306.82181756931215,292.7277227254382
3,20,75,81-90,12.9238,11.50810810810811,7.275,201.23348993772782,303.6102330219202,315.36122749739286
3,20,75,91-100,8.3154,7.027027027027027,3.585,192.37964356758755,413.05061394554167,421.98207938580526
3,30,75,1-10,7.98845,5.405405405405405,2.87,147.10220675010953,368.9937327934141,361.7579806509917
3,30,75,11-20,10.4809,6.708108108108108,4.715000000000001,152.99338346982378,335.3516984499155,327.6724845292216
3,30,75,21-30,7.681100000000001,3.2432432432432434,2.03,184.6997470822097,328.6634603232038,336.2835787107705
3,30,75,31-40,11.446250000000001,10.697297297297299,5.0600000000000005,165.32313847016977,322.7825394858321,333.8917469783587
3,30,75,41-50,10.425500000000001,7.908108108108108,5.11,160.85953622536636,340.3683195391471,333.1881826465109
3,30,75,51-60,10.2732,9.486486486486488,4.95,154.3026798752216,339.57348422271286,351.99955506755094
3,30,75,61-70,8.01135,5.405405405405405,2.87,177.55051260382962,354.90355941406386,351.4001726869823
3,30,75,71-80,11.9008,11.059459459459461,5.6899999999999995,174.27478237792755,284.10028165222207,295.42668302015306
3,30,75,81-90,14.51985,10.297297297297296,7.469999999999999,159.7317032187192,262.0489279836673,255.62857641639948
3,30,75,91-100,8.66665,3.5135135135135136,2.6350000000000002,140.40895175001398,417.82267139898613,433.87942659264246
3,40,75,1-10,12.6417,10.383783783783784,6.43,150.53011163381584,273.14707898825316,273.5830686159625
3,40,75,11-20,12.031600000000001,8.064864864864864,5.459999999999999,146.84291724422292,416.6015979013863,408.83646519993994
3,40,75,21-30,6.12635,2.972972972972973,1.765,153.85159029495102,392.66904565291617,396.19155732091264
3,40,75,31-40,8.1376,3.654054054054054,2.48,157.36064300646666,355.83795742203404,362.18646220083946
3,40,75,41-50,14.783749999999998,13.054054054054054,8.39,146.3624610736422,328.7116264156552,316.45814099776
3,40,75,51-60,10.77715,7.6378378378378375,4.89,170.68889228922396,352.7955544320719,348.27258617446125
3,40,75,61-70,9.5196,7.027027027027027,4.59,156.12531451649238,374.1047364931936,371.19804912500683
3,40,75,71-80,8.425999999999998,6.216216216216217,3.88,156.9322770591794,435.53178613532117,418.4111322967863
3,40,75,81-90,16.665,15.972972972972974,10.629999999999999,148.42201389797327,253.61793560715483,235.85327124587656
3,40,75,91-100,9.984200000000001,6.502702702702703,4.335,148.14594727292737,321.0607117129172,322.30546668030604
3,50,75,1-10,13.2407,11.35135135135135,7.529999999999999,157.66130104767666,360.243391496109,349.64109036299965
3,50,75,11-20,9.75125,7.421621621621623,4.665000000000001,165.9002835060299,451.31264779421815,443.08312826189797
3,50,75,21-30,8.8759,9.45945945945946,5.115,153.515693115617,322.54822110675093,319.1953487884736
3,50,75,31-40,12.0211,7.6,6.07,125.47783595655187,368.95993746094547,362.0376319155867
3,50,75,41-50,11.144949999999998,7.718918918918919,5.529999999999999,134.33383984623313,370.01812867377157,360.1848708982942
3,50,75,51-60,10.345899999999999,6.162162162162162,4.445,144.68933170784484,356.78640957352985,352.78620254738206
3,50,75,61-70,7.073300000000001,4.221621621621621,2.54,164.17753350074761,360.01756820570074,372.9261693623439
3,50,75,71-80,12.03305,7.027027027027029,5.5,168.30388346177816,324.21989422554344,311.17785148216154
3,50,75,81-90,7.9159999999999995,5.9459459459459465,3.5549999999999997,149.5170804180587,368.6725307695408,363.4661372001392
3,50,75,91-100,11.945150000000002,10.0,6.385,143.10784912895667,304.9948593900779,298.15683789010325
3,60,75,1-10,12.392050000000001,10.064864864864864,6.69,146.71712337669663,313.03378423929314,311.10424024470774
3,60,75,11-20,17.713649999999994,12.32972972972973,9.304999999999998,130.41742655543507,283.09021545094936,279.2719330676064
3,60,75,21-30,8.567350000000001,6.756756756756756,3.8600000000000003,161.20443606451275,371.27950031746417,361.0864817330319
3,60,75,31-40,11.103950000000001,6.756756756756758,5.18,142.8082362180698,327.1997626043712,338.0040903781731
3,60,75,41-50,9.217099999999999,5.789189189189189,4.215,150.43773852135615,372.99778968277167,374.3588988526727
3,60,75,51-60,10.925299999999998,6.756756756756758,5.1850000000000005,140.44391482091078,424.77242042580974,428.03941692743877
3,60,75,61-70,9.54475,5.9459459459459465,4.089999999999999,146.86044231608798,391.1006795075287,398.6804163712736
3,60,75,71-80,13.89955,11.621621621621621,7.5649999999999995,136.4368755460801,341.4214410860759,328.60245437052083
3,60,75,81-90,8.786249999999999,3.583783783783783,3.1550000000000002,115.3518720169729,413.8252011919858,420.94887758243186
3,60,75,91-100,12.911449999999999,9.908108108108108,7.209999999999999,141.9089089274964,351.5966976319179,362.7657765102922
3,70,75,1-10,11.32595,6.216216216216216,5.390000000000001,151.9599731543452,352.17012642533746,348.23050081019204
3,70,75,11-20,9.567150000000002,4.324324324324325,3.425,138.7318834142582,338.1684371321102,325.32564285926054
3,70,75,21-30,15.2999,12.891891891891891,9.254999999999999,128.6454837913902,324.965418511557,316.4004341711013
3,70,75,31-40,9.62535,8.52972972972973,4.8100000000000005,131.8479675234397,343.9253535747465,347.28322846626537
3,70,75,41-50,7.4455,3.5135135135135136,2.0700000000000003,120.89379548706059,353.82465762423016,360.1187999938599
3,70,75,51-60,11.2544,6.270270270270271,4.145,137.36830874221005,331.13288553314516,339.1311027628122
3,70,75,61-70,10.74055,7.027027027027027,4.1,142.50840995146396,330.2095447796079,314.640696720245
3,70,75,71-80,9.654800000000002,8.513513513513514,4.51,147.37907550664033,293.3055205808663,313.2490994282865
3,70,75,81-90,8.03725,5.135135135135135,3.4799999999999995,146.0346953294649,369.54138041653283,371.922520226321
3,70,75,91-100,14.562849999999997,10.94054054054054,7.459999999999999,130.20179696794597,334.21596227711586,317.3517991835455
3,75,75,1-10,6.569300000000001,2.972972972972973,1.905,136.97015441582835,412.0727312855356,426.58340035754856
3,75,75,11-20,9.7743,6.216216216216216,4.67,130.52398519977265,394.76398139122085,391.0407630205201
3,75,75,21-30,5.152849999999999,1.8918918918918919,0.8800000000000001,156.3654437505284,402.10676342021674,408.92472299541384
3,75,75,31-40,11.6232,7.962162162162161,5.499999999999999,147.41212250284843,374.1821104629599,372.4257377551181
3,75,75,41-50,17.85935,15.91891891891892,12.484999999999998,139.88323550468064,319.1979225764335,308.3462684699138
3,75,75,51-60,11.313749999999999,8.378378378378377,5.6049999999999995,136.7176913764703,321.36737378097195,323.7693950045878
3,75,75,61-70,8.97215,6.475675675675674,4.1850000000000005,153.3429660689855,320.22354031908606,328.98262349757533
3,75,75,71-80,13.440050000000003,11.697297297297297,7.325,139.15611569979336,331.00248418954465,338.27624077323264
3,75,75,81-90,11.70745,6.210810810810811,5.534999999999999,125.80070186693328,451.3005609170394,460.9045622599757
3,75,75,91-100,12.17975,8.91891891891892,6.014999999999999,143.85119269474322,304.08057299052183,301.9189580662628
3,80,75,1-10,17.795499999999997,11.643243243243244,9.945,129.44577468017087,370.50736718095686,345.77328859917105
3,80,75,11-20,10.937100000000001,9.113513513513514,5.369999999999999,132.0165384217578,344.49660307780454,340.79955691468945
3,80,75,21-30,6.6927,2.4324324324324325,1.8350000000000002,130.62915011055827,395.9857270624818,405.4439150229935
3,80,75,31-40,11.58935,8.745945945945945,5.34,140.65381091591976,287.92470846596706,290.33049950737177
3,80,75,41-50,12.231,8.918918918918921,5.955,129.22386459111803,336.37947581365586,323.6735872532412
3,80,75,51-60,8.602649999999999,5.405405405405405,3.6,131.95111041058078,396.74407324633046,386.26914551004876
3,80,75,61-70,11.88665,8.108108108108109,5.58,154.7545780710274,387.2847519736466,366.8340233798893
3,80,75,71-80,9.52685,7.248648648648649,4.63,134.58097274801426,338.2874481944529,328.1896735642329
3,80,75,81-90,13.11085,10.378378378378377,7.260000000000001,137.66910445020687,334.09144085320617,326.05062698416765
3,80,75,91-100,9.5651,5.675675675675675,3.7299999999999995,138.84196607857731,363.18373326564034,341.7237246724065
3,90,75,1-10,6.876249999999999,4.140540540540541,2.665,121.15894361360182,397.1230361610146,389.0390999742328
3,90,75,11-20,9.851500000000001,4.864864864864865,3.55,132.81334449806192,355.726337071911,354.5021488338474
3,90,75,21-30,7.938150000000002,3.2432432432432434,2.32,127.02886206335398,438.36482780632076,445.3940347043149
3,90,75,31-40,7.688599999999999,4.486486486486486,3.125,131.59014681256986,435.7882826676362,427.8183429721515
3,90,75,41-50,8.617450000000002,6.005405405405405,3.815,135.21807712110595,398.7243961983947,408.4595231132583
3,90,75,51-60,13.753000000000004,9.502702702702702,7.065,134.50959887906373,358.23185687316317,353.3334032598071
3,90,75,61-70,6.80045,2.4324324324324325,1.7850000000000001,135.6516409856829,430.9472491582125,425.86715984192443
3,90,75,71-80,9.998999999999999,7.837837837837839,4.595000000000001,129.39805711123367,333.61855297846586,324.7667454764382
3,90,75,81-90,11.55695,7.951351351351351,5.24,123.06873619047238,421.8237905193572,415.65637170678446
3,90,75,91-100,12.336649999999999,7.291891891891892,6.359999999999999,134.1458489482939,311.15962413210156,307.5402671546344
3,100,75,1-10,10.849050000000002,7.064864864864864,5.390000000000001,126.13769737391485,355.91139374809165,365.514657406918
3,100,75,11-20,16.5698,12.691891891891892,9.77,125.09770885216491,362.10956954703795,348.17029877585406
3,100,75,21-30,6.6805,3.778378378378379,1.8350000000000002,143.58119015665335,425.3036771855153,412.235757379559
3,100,75,31-40,10.703599999999998,5.6054054054054046,4.859999999999999,117.72511511435962,370.3464767547781,369.80249636413754
3,100,75,41-50,14.859799999999998,13.243243243243242,9.095,125.03119360250582,294.7976187564771,287.89585378607
3,100,75,51-60,8.1027,2.4864864864864864,2.275,128.6610510793434,359.5520557466224,370.30997761784676
3,100,75,61-70,10.102,6.216216216216216,4.71,144.37596263578897,463.9142090086255,456.48074159037924
3,100,75,71-80,16.4186,11.27027027027027,8.72,132.48669031794512,294.43681498695867,276.6862776117522
3,100,75,81-90,11.924650000000002,8.378378378378377,5.68,122.61721511368394,355.01723171290075,331.58895820787336
3,100,75,91-100,6.980850000000001,2.972972972972973,2.1100000000000003,124.29665451585487,479.3839675830965,479.17021171098986
3,10,100,1-10,7.982900000000001,10.81081081081081,3.875,310.9834321078157,365.0399544996056,358.95488481416567
3,10,100,11-20,5.360250000000001,7.632432432432433,1.705,572.4743262308754,514.6033516188617,514.341657978148
3,10,100,21-30,11.592850000000002,19.281081081081084,7.275,312.67604208637925,309.38325672798464,306.28256254251613
3,10,100,31-40,9.1389,14.054054054054054,4.720000000000001,432.6988680116213,348.04334295672567,347.3434037823578
3,10,100,41-50,8.16555,10.78918918918919,4.470000000000001,479.5889865119405,383.688696221382,386.06531713122445
3,10,100,51-60,7.973716390041494,13.783783783783784,3.63,372.3580167882391,325.11508041701654,331.13976035256746
3,10,100,61-70,7.780499999999999,11.016216216216218,3.7399999999999998,451.7048673413577,381.9103256127518,393.8891252644967
3,10,100,71-80,8.7326,13.518918918918919,3.8649999999999998,426.8556158553084,353.8906813500011,342.41037721884476
3,10,100,81-90,8.6342,14.016216216216216,4.705,445.5920103604277,378.7871763470601,371.903416084564
3,10,100,91-100,9.389100000000001,16.216216216216218,5.57,384.83505791492667,373.1758842104331,361.87841242508887
3,20,100,1-10,8.0947,7.34054054054054,3.6700000000000004,187.96449488053702,375.7665919019403,384.53234820216517
3,20,100,11-20,9.0292,8.918918918918921,3.9850000000000003,147.88950522238676,364.6789422771699,361.01681569902064
3,20,100,21-30,7.588849999999999,6.31891891891892,2.875,165.56768702682095,410.1964931777754,417.4984777595006
3,20,100,31-40,9.8727,11.216216216216216,4.699999999999999,201.24547943446743,317.2437748849572,321.8621387569882
3,20,100,41-50,7.5739,7.037837837837837,2.9949999999999997,171.87042854525296,342.6366433027976,346.3376731483142
3,20,100,51-60,8.02735,5.675675675675675,3.21,152.11861168460342,416.3343791650549,421.49398290186537
3,20,100,61-70,6.075550000000001,2.7027027027027026,1.48,164.70901796224672,388.38251871406845,382.84678535183286
3,20,100,71-80,11.44135,11.751351351351351,6.869999999999999,199.21726576607466,341.2246072278966,335.57206459450583
3,20,100,81-90,8.36935,9.18918918918919,4.369999999999999,189.13322114945566,358.6877577270048,369.73066457430474
3,20,100,91-100,6.6774000000000004,5.405405405405405,2.1399999999999997,175.81127839857976,381.7991816746934,384.13860341184335
3,30,100,1-10,7.1168,7.097297297297298,3.07,204.41063415906459,363.2555583186852,381.03393806870366
3,30,100,11-20,5.8365,2.972972972972973,1.58,179.69816579037715,427.83802402399687,432.11729288994167
3,30,100,21-30,8.779799999999998,6.486486486486487,4.0,167.48965053368525,381.1223347995,372.7254447136926
3,30,100,31-40,10.0036,9.908108108108106,4.95,191.11515898877894,334.64200029268693,337.7960354999511
3,30,100,41-50,4.319599999999999,0.2702702702702703,0.175,137.41161452376437,479.25449901430636,475.56645105252693
3,30,100,51-60,4.857850000000001,1.2054054054054053,0.5349999999999999,164.3636935009751,397.6957383954794,409.34960813347686
3,30,100,61-70,13.84745,16.481081081081083,9.37,186.16590273370537,256.7408976565121,249.09757589502107
3,30,100,71-80,7.560499999999999,7.005405405405405,3.28,164.24547815337553,337.4866295906678,333.5182020250984
3,30,100,81-90,6.936550000000001,5.945945945945946,3.1249999999999996,161.48571335519233,348.82451259475295,349.5665905544259
3,30,100,91-100,6.13325,4.594594594594594,2.16,207.107541427368,384.6589320316797,386.33797995846413
3,40,100,1-10,12.250900000000001,11.497297297297298,7.114999999999999,171.49600709642687,343.5689070267751,340.1559975439225
3,40,100,11-20,13.420300000000001,12.675675675675674,7.6450000000000005,152.65952545100717,263.4021093233722,256.6763368062305
3,40,100,21-30,12.687700000000001,12.162162162162163,6.945,158.13137718266535,251.52118435129964,253.99715146215
3,40,100,31-40,8.688550000000001,8.394594594594595,4.904999999999999,162.51397889209602,352.63643026484687,349.1732379525925
3,40,100,41-50,5.25135,2.1621621621621623,1.02,153.0593408015767,427.46097472585205,422.2634607173553
3,40,100,51-60,7.443199999999999,6.486486486486487,3.08,171.63422072081374,358.9703008958117,372.60982048256983
3,40,100,61-70,8.1769,6.1567567567567565,3.78,157.22063387669093,416.1977175637976,414.0441178652577
3,40,100,71-80,7.0135000000000005,6.486486486486487,2.74,154.10510619827244,379.8059322595784,386.12075748638057
3,40,100,81-90,6.9392,6.216216216216216,3.08,157.88914011615404,401.6904566410785,407.9323277777487
3,40,100,91-100,10.2748,11.151351351351352,5.6899999999999995,155.71356098179538,358.6954187063579,347.7397733882779
3,50,100,1-10,6.631749999999999,4.594594594594595,2.9650000000000003,154.72630613442442,392.2319878764188,381.61710487177436
3,50,100,11-20,10.75775,10.421621621621622,5.2299999999999995,155.96484105597423,343.55740357134533,340.4667113024296
3,50,100,21-30,7.51605,3.9405405405405403,2.685,158.76096049353367,353.7375146999743,354.9146182643286
3,50,100,31-40,12.65695,10.394594594594594,6.93,177.35794452841967,323.0351166623741,324.96365473603566
3,50,100,41-50,11.48785,9.681081081081082,5.779999999999999,150.554188165319,312.9470274884376,304.31206671956676
3,50,100,51-60,10.9007,11.470270270270271,6.3950000000000005,151.4827383100817,312.8890589740821,310.20161412807477
3,50,100,61-70,7.817900000000002,6.216216216216216,3.78,156.27073657783822,288.70110866070934,293.46201413198696
3,50,100,71-80,14.177150000000001,14.097297297297297,9.04,142.73062524971203,339.68142903142086,329.644292779317
3,50,100,81-90,8.3792,5.486486486486487,2.975,133.4738198161405,474.3650377337406,473.9859246836837
3,50,100,91-100,7.8744,6.486486486486487,3.4799999999999995,154.43058110152256,368.1319121031447,361.25842463687053
3,60,100,1-10,11.871500000000001,9.18918918918919,5.784999999999999,136.5879874127738,318.69787504000914,323.03401091289976
3,60,100,11-20,17.241400000000002,18.767567567567568,12.709999999999999,156.8953748994755,346.1301391720327,347.0776581151463
3,60,100,21-30,9.876800000000001,6.486486486486487,4.83,129.36854757660612,436.0093338293276,427.7676302074741
3,60,100,31-40,12.097,11.086486486486487,7.185,143.9483889499903,374.43007980174036,366.00299695492373
3,60,100,41-50,11.898399999999999,9.18918918918919,7.5200000000000005,154.18217347366107,366.2006608101574,358.9007957544419
3,60,100,51-60,9.10775,7.497297297297298,4.3549999999999995,144.4149375543644,357.1864091861167,353.07320206023195
3,60,100,61-70,9.3238,7.5675675675675675,3.775,143.02784935127153,332.1892200998831,335.0619329546895
3,60,100,71-80,8.4832,6.216216216216216,3.825,145.1648521888987,358.43963346924863,364.8720918235196
3,60,100,81-90,8.9853,4.718918918918919,3.775,139.09750021103696,451.5526681094766,441.1076961374018
3,60,100,91-100,8.906249999999998,7.443243243243243,4.35,184.84093822885055,344.5090037586775,348.6304933131961
3,70,100,1-10,6.8416,3.632432432432432,2.3899999999999997,144.29984032065408,374.8187713812505,366.76608635729207
3,70,100,11-20,5.332599999999999,1.6216216216216217,0.795,146.53597105886234,399.8436145022401,401.02659842797635
3,70,100,21-30,12.39335,8.28108108108108,6.590000000000001,138.64042092876397,361.55783731341364,363.41057923902275
3,70,100,31-40,9.1752,6.891891891891892,4.275,138.4493597873273,379.79433136643564,375.9198009576112
3,70,100,41-50,8.18995,5.794594594594594,3.6799999999999997,150.66085369175994,408.9993649768055,413.603577929328
3,70,100,51-60,11.82415,10.74054054054054,7.130000000000001,160.07770531555428,321.1737171160528,324.2785745218593
3,70,100,61-70,14.176099999999996,15.324324324324326,8.515,142.0872387006509,307.47840061566103,309.7374202636993
3,70,100,71-80,4.12505,0.7621621621621621,0.45,120.59144787647818,489.07171313111104,485.94182315546976
3,70,100,81-90,5.30175,3.054054054054054,1.045,181.11501573157597,356.0583339939952,377.77206583180225
3,70,100,91-100,8.0178,4.535135135135135,2.645,133.14128765205496,385.35144026020095,382.748057357422
3,75,100,1-10,6.06635,1.8918918918918919,1.3699999999999999,120.46708650630319,480.8451422204988,479.5185088176443
3,75,100,11-20,11.781,9.713513513513513,7.26,144.9992515771038,291.98352904112204,283.5260308013038
3,75,100,21-30,9.843399999999999,8.043243243243243,4.595000000000001,159.76701412360492,324.11477031499584,314.6271342029994
3,75,100,31-40,9.269200000000001,6.848648648648648,4.154999999999999,142.6139194583453,442.1373054709182,440.3857793932375
3,75,100,41-50,8.84755,5.6,3.8349999999999995,126.9847472749766,334.877229399622,330.75075770541343
3,75,100,51-60,10.2773,7.5675675675675675,6.055,125.47455969224406,395.3957905650103,380.9761179782984
3,75,100,61-70,10.1524,5.816216216216216,4.445,131.50483478285548,346.36851871615943,349.4212352379703
3,75,100,71-80,9.075000000000001,6.437837837837837,4.08,148.2047623436828,371.3932306926418,382.0430345689707
3,75,100,81-90,11.066799999999999,10.27027027027027,6.14,153.34333659258095,322.5339872272217,326.0227097190494
3,75,100,91-100,10.15605,6.794594594594595,5.3,132.71531105892169,329.943325625053,336.95527266006786
3,80,100,1-10,7.33375,4.054054054054054,2.6799999999999997,135.74090448811134,416.05737088262515,435.68667250513215
3,80,100,11-20,10.02285,8.91891891891892,4.69,147.65368524450872,355.4594177004265,351.653627525401
3,80,100,21-30,6.3862499999999995,1.8918918918918919,1.41,147.07623088482546,417.4540617100688,441.66598702744466
3,80,100,31-40,11.925650000000001,9.18918918918919,6.15,145.50109349912856,374.9427601025627,370.424312872842
3,80,100,41-50,6.3419,1.8918918918918919,1.925,120.61724263814313,388.82109532692147,395.6178656920355
3,80,100,51-60,8.981399999999999,6.372972972972972,4.37,156.2068823035781,399.1137692608765,382.50935273328
3,80,100,61-70,12.2725,8.837837837837839,6.125,138.54303285031287,356.5963225796364,348.34344030153466
3,80,100,71-80,8.3205,6.216216216216216,3.9,132.46458671399068,374.5123163828982,370.52807494920216
3,80,100,81-90,8.6158,5.951351351351351,3.975,132.52865557943645,352.15096620793736,347.70822087818726
3,80,100,91-100,6.0461,2.054054054054054,1.4449999999999998,134.7619879857443,360.3135312129946,356.04102992607443
3,90,100,1-10,10.8517,8.735135135135137,6.095,136.6492583092167,377.2128127620148,373.7980729940858
3,90,100,11-20,14.243,12.962162162162162,8.785,146.5251552671062,305.1079638066899,300.54264632539815
3,90,100,21-30,13.828300000000002,11.92972972972973,8.3,133.20805197545272,342.99671675162,328.55032589365123
3,90,100,31-40,5.8652500000000005,1.3513513513513513,1.24,118.11385081241505,426.91327286659424,438.02768406536114
3,90,100,41-50,4.9199,1.8918918918918919,0.9149999999999998,145.53887784635435,438.618093363065,441.16537185584156
3,90,100,51-60,12.687500000000002,11.994594594594595,7.660000000000001,124.30304376930223,330.4975931948285,317.0090112513045
3,90,100,61-70,9.4291,6.183783783783784,4.885,135.02353693276248,376.2653218769381,365.0725481296222
3,90,100,71-80,9.64335,5.897297297297298,3.72,120.23174215514337,323.57304347293575,322.5589561411922
3,90,100,81-90,9.47585,7.2972972972972965,4.635,131.42252551442672,331.10559567525274,335.98777462467467
3,90,100,91-100,13.271199999999999,12.432432432432432,8.05,130.06374212220902,338.3619459531944,332.96864720483626
3,100,100,1-10,8.3939,6.756756756756756,4.57,124.94893172622932,415.19728702146574,405.6437644638017
3,100,100,11-20,11.577800000000002,9.18918918918919,5.9399999999999995,154.141496946906,329.28559794061306,329.35888760849355
3,100,100,21-30,6.0381,2.7027027027027026,1.8199999999999998,149.43367482488372,445.96575484838996,440.21251072554577
3,100,100,31-40,13.38305,11.302702702702703,7.88,124.52743316049813,335.4978147085669,322.2855159515385
3,100,100,41-50,10.6422,6.3567567567567576,4.555,129.31954968841038,393.9763419806308,384.16987751663527
3,100,100,51-60,8.7975,6.529729729729729,4.055000000000001,124.7326944528711,305.4453987454016,309.03277014970087
3,100,100,61-70,7.11665,3.1945945945945944,2.57,129.78279138961304,410.05330281153726,402.34400253711755
3,100,100,71-80,12.52995,10.81081081081081,7.3549999999999995,133.36571791417379,374.7711454751625,350.4921415894172
3,100,100,81-90,8.18035,7.027027027027027,3.335,126.67018863538769,384.11321111015775,392.4731683597568
3,100,100,91-100,9.43075,7.2972972972972965,4.13,133.6643250690183,340.742299831666,341.13282658609523
