,Promoter,Threshold,Activation,S5PInt,S2PInt,Contact,DistActivation
0,1,1,1,51.5661,3.1567567567567565,45.88,225.18669608625987
1,1,1,1,5.7549,3.243243243243243,3.2699999999999996,578.1339516557238
2,1,1,1,14.4112,3.2432432432432434,11.33,606.7849546102178
3,1,1,1,22.9398,2.1621621621621623,19.779999999999998,220.32063994349934
4,1,1,1,39.3581,3.7837837837837838,31.410000000000004,588.8775205896303
5,1,1,1,2.5903,3.2432432432432434,0.8400000000000001,776.1772806370208
6,1,1,1,37.8388,3.243243243243243,31.830000000000002,356.28624243299447
7,1,1,1,29.0864,3.978378378378378,25.509999999999998,267.7799034933472
8,1,1,1,35.3898,5.945945945945946,31.68,278.2649526904988
9,1,1,1,20.4449,1.6216216216216217,14.870000000000001,763.8975658465824
10,1,1,1,36.5956,2.7027027027027026,29.54,375.31694291722243
11,1,1,1,18.8813,4.324324324324325,18.02,404.6263173733838
12,1,1,1,2.1449,3.697297297297297,0.03,723.1418831183089
13,1,1,1,48.607,4.864864864864865,42.87,323.67458282134453
14,1,1,1,22.4258,2.7027027027027026,17.160000000000004,460.82068515020256
15,1,1,1,12.4376,3.243243243243243,10.97,559.5538993053639
16,1,1,1,17.3606,3.2432432432432434,12.55,471.2386346008805
17,1,1,1,28.4067,3.2432432432432434,24.68,181.6136243844328
18,1,1,1,21.4056,2.7027027027027026,18.59,273.46466470264943
19,1,1,1,20.9176,1.6216216216216217,16.619999999999997,479.28007251244804
20,1,10,1,29.3666,0.0,22.39,
21,1,10,1,2.0967,0.0,0.0,
22,1,10,1,25.2841,0.5405405405405406,21.22,113.20708654178615
23,1,10,1,31.164,2.1621621621621623,26.270000000000003,121.00065164482133
24,1,10,1,34.7746,0.0,28.919999999999998,
25,1,10,1,33.8731,0.5405405405405406,28.2,138.22979684758826
26,1,10,1,26.0986,1.6216216216216217,20.27,129.2421838465091
27,1,10,1,24.5817,0.5405405405405406,19.94,131.3939777934565
28,1,10,1,37.5296,1.6216216216216217,29.05,119.98255786993752
29,1,10,1,12.0346,0.0,9.1,
30,1,10,1,15.2462,1.6216216216216217,11.319999999999999,124.67261447922458
31,1,10,1,31.5116,0.5405405405405406,26.480000000000008,198.28409059695915
32,1,10,1,71.7727,3.2432432432432434,58.89,126.93814621404817
33,1,10,1,21.7411,0.5405405405405406,14.680000000000001,129.31546521376023
34,1,10,1,33.5557,3.4810810810810806,29.889999999999997,132.198434460425
35,1,10,1,48.8045,2.1621621621621623,41.86,160.1780533715871
36,1,10,1,24.2623,0.5405405405405406,18.550000000000004,126.26515638084607
37,1,10,1,30.2807,1.0810810810810811,23.88,122.8561756714814
38,1,10,1,47.5661,3.7837837837837838,40.74,127.54524306321483
39,1,10,1,21.9591,0.021621621621621623,15.26,126.77736091468428
40,1,20,1,46.615,2.7027027027027026,40.85,114.81786978190891
41,1,20,1,48.887,1.6216216216216217,39.53,180.47253468748252
42,1,20,1,34.1808,1.6216216216216217,26.439999999999998,123.2276368874892
43,1,20,1,13.2701,0.5405405405405406,10.02,110.65638367050009
44,1,20,1,12.8164,1.0810810810810811,10.190000000000001,111.99681420381417
45,1,20,1,16.0575,0.0,10.77,
46,1,20,1,18.7151,1.0810810810810811,16.93,139.54107064802483
47,1,20,1,25.1318,0.5405405405405406,20.830000000000002,111.32466038752548
48,1,20,1,31.2947,1.8918918918918919,25.04,116.59881951760758
49,1,20,1,11.4481,0.0,7.94,
50,1,20,1,9.6269,2.1621621621621623,6.88,156.77941750885668
51,1,20,1,33.7845,1.0810810810810811,25.96,122.51918320866169
52,1,20,1,6.5246,0.5405405405405406,4.16,133.76086690514043
53,1,20,1,14.2184,0.5405405405405406,9.959999999999999,103.69089026189532
54,1,20,1,26.9876,1.0810810810810811,21.43,122.49312787859554
55,1,20,1,51.1088,1.9675675675675677,42.76,116.81530315977936
56,1,20,1,20.5536,0.5405405405405406,17.02,107.94084355268325
57,1,20,1,22.6301,0.5405405405405406,17.19,132.68270984978167
58,1,20,1,22.2281,0.5405405405405406,15.940000000000001,117.97596580266281
59,1,20,1,24.5598,1.0810810810810811,18.46,131.91287719792064
60,1,30,1,18.2761,1.6216216216216217,14.61,119.16434407666134
61,1,30,1,8.5605,0.5405405405405406,4.92,124.6788169308235
62,1,30,1,17.475,0.5405405405405406,14.39,128.24734997145566
63,1,30,1,29.2918,0.5405405405405406,27.560000000000002,140.9706110784262
64,1,30,1,2.2296,0.0,0.08,
65,1,30,1,49.1357,0.5405405405405406,42.92,120.63319145912996
66,1,30,1,6.5088,1.0810810810810811,4.55,132.02237926316266
67,1,30,1,10.6485,0.5405405405405406,7.1,115.7531997471412
68,1,30,1,56.7797,2.1621621621621623,46.629999999999995,121.33934131485893
69,1,30,1,24.5861,1.0810810810810811,19.43,134.80605027409607
70,1,30,1,24.7324,0.5405405405405406,20.23,130.39677752679668
71,1,30,1,21.8105,0.5405405405405406,18.199999999999996,126.09778031083256
72,1,30,1,10.468,1.0810810810810811,8.45,133.51187797504855
73,1,30,1,32.1029,2.1621621621621623,26.860000000000003,118.02627617168156
74,1,30,1,41.5634,1.0810810810810811,33.82,119.36961214856164
75,1,30,1,27.2842,0.5405405405405406,21.369999999999997,127.65978758612454
76,1,30,1,5.3092,0.5405405405405406,2.5000000000000004,113.6057696790986
77,1,30,1,27.7403,0.5405405405405406,21.93,122.72343535057502
78,1,30,1,31.9029,0.0,23.53,
79,1,30,1,22.1797,0.5405405405405406,16.45,115.66320656135684
80,1,40,1,25.4172,0.5405405405405406,19.2,113.87518276779306
81,1,40,1,2.5658,0.0,0.0,
82,1,40,1,57.7831,1.0810810810810811,46.59,136.238189512217
83,1,40,1,37.9514,0.5405405405405406,33.85,136.6827232683431
84,1,40,1,29.9623,1.6216216216216217,23.449999999999996,112.45151013782997
85,1,40,1,23.7809,0.0,18.07,
86,1,40,1,17.2468,0.5405405405405406,13.479999999999999,113.37121957981441
87,1,40,1,23.5256,0.5405405405405406,20.07,121.05611104657159
88,1,40,1,34.0606,1.0810810810810811,28.15,123.45470154736174
89,1,40,1,24.0463,1.0810810810810811,18.85,109.5693577591752
90,1,40,1,41.6052,0.5405405405405406,33.39,125.44701312257229
91,1,40,1,20.8201,1.6216216216216217,17.97,127.11225574110263
92,1,40,1,17.7935,1.0810810810810811,14.45,135.9003728617007
93,1,40,1,26.013,1.0810810810810811,19.490000000000002,114.55251280822694
94,1,40,1,8.8662,1.0810810810810811,6.69,128.29791305673763
95,1,40,1,17.1954,0.5405405405405406,15.85,129.38244019320103
96,1,40,1,24.1412,1.0810810810810811,19.97,125.91960599963042
97,1,40,1,2.0894,0.0,0.0,
98,1,40,1,9.3486,0.5405405405405406,5.59,123.3219212760625
99,1,40,1,18.5572,1.0810810810810811,14.919999999999998,143.30226011090917
100,1,50,1,17.3474,0.5405405405405406,11.35,130.95073728939283
101,1,50,1,9.6923,0.0,6.42,
102,1,50,1,48.3694,2.7027027027027026,39.760000000000005,117.66637660395513
103,1,50,1,5.0682,0.5405405405405406,3.3099999999999996,145.88609753470314
104,1,50,1,22.8916,0.5405405405405406,15.8,116.63012943650986
105,1,50,1,46.2196,2.7027027027027026,40.82,123.68021676417007
106,1,50,1,10.1536,0.5405405405405406,8.45,133.132156576297
107,1,50,1,23.7932,1.6216216216216217,19.2,136.60304220629058
108,1,50,1,42.361,4.324324324324325,36.29,129.87730489015462
109,1,50,1,14.856,0.5405405405405406,10.690000000000001,116.67038701602397
110,1,50,1,28.7788,2.1621621621621623,24.32,131.34016433196288
111,1,50,1,44.4439,2.7027027027027026,39.42,120.69585170290956
112,1,50,1,53.1918,1.0810810810810811,42.4,124.21872654933497
113,1,50,1,8.9877,0.5405405405405406,5.2299999999999995,119.31509460745686
114,1,50,1,8.5419,1.0810810810810811,6.2299999999999995,116.65650412789597
115,1,50,1,27.9385,1.6216216216216217,22.68,115.59586532219687
116,1,50,1,33.4849,0.5405405405405406,27.810000000000002,130.46072379401986
117,1,50,1,14.2303,0.5405405405405406,8.78,110.28569752051209
118,1,50,1,30.7883,0.918918918918919,26.8,128.6081549138271
119,1,50,1,21.6609,1.0810810810810811,17.18,123.683895284973
120,1,60,1,27.9022,0.5405405405405406,21.46,116.48928565353177
121,1,60,1,28.0563,1.6216216216216217,21.910000000000004,117.82902029384451
122,1,60,1,7.0811,0.5405405405405406,4.119999999999999,125.5324534152886
123,1,60,1,42.1584,0.5405405405405406,32.71,108.91687455370612
124,1,60,1,20.7519,0.5405405405405406,16.44,117.02395910828852
125,1,60,1,28.3097,1.0810810810810811,23.44,129.76295518745786
126,1,60,1,27.9007,0.5405405405405406,23.119999999999997,120.73188479228914
127,1,60,1,38.9137,1.6216216216216217,30.829999999999995,119.88952839849962
128,1,60,1,28.512,1.0810810810810811,23.360000000000003,124.89589422118736
129,1,60,1,60.0159,1.0810810810810811,49.120000000000005,130.18284498225034
130,1,60,1,17.3823,0.5405405405405406,12.5,130.162903252572
131,1,60,1,27.8716,1.9135135135135137,22.639999999999997,118.11444075694511
132,1,60,1,16.7927,0.0,13.35,
133,1,60,1,18.1341,1.6216216216216217,13.27,125.04503872319509
134,1,60,1,15.3767,0.5405405405405406,13.13,118.61755813609565
135,1,60,1,36.7978,1.0810810810810811,31.0,114.42653549101858
136,1,60,1,49.7529,1.0810810810810811,41.870000000000005,118.95919119919537
137,1,60,1,34.4287,2.1621621621621623,26.6,119.11747833375723
138,1,60,1,47.5547,0.5405405405405406,39.29,113.5940309165468
139,1,60,1,27.9039,1.6216216216216217,23.04,115.66418700154725
140,1,70,1,24.449,1.6216216216216217,21.66,115.1629186802192
141,1,70,1,2.2081,0.0,0.0,
142,1,70,1,31.9884,1.6216216216216217,29.389999999999997,130.49663730621486
143,1,70,1,77.6431,2.1621621621621623,62.40999999999999,127.73504327156425
144,1,70,1,41.8348,0.0,35.35,
145,1,70,1,20.711,2.1621621621621623,16.919999999999998,120.09316822426851
146,1,70,1,2.005,0.0,0.0,
147,1,70,1,36.6066,1.0810810810810811,29.679999999999996,129.28450979907146
148,1,70,1,17.6148,1.0810810810810811,14.05,130.95037315143335
149,1,70,1,24.9635,1.0810810810810811,22.2,122.27704549121543
150,1,70,1,50.1172,2.1621621621621623,42.49,124.7695762952957
151,1,70,1,19.755,1.0810810810810811,15.65,106.57847587264067
152,1,70,1,8.8789,0.0,5.99,
153,1,70,1,50.0757,1.6216216216216217,39.95,118.3052223197321
154,1,70,1,13.0409,1.0810810810810811,9.440000000000001,118.8029469180155
155,1,70,1,26.4957,0.0,21.490000000000002,
156,1,70,1,19.3056,0.5405405405405406,15.51,124.9073861637952
157,1,70,1,49.1247,1.6216216216216217,41.55,129.03659725968464
158,1,70,1,29.7299,0.5405405405405406,22.419999999999998,111.57554574912554
159,1,70,1,17.674,0.0,15.59,
160,1,75,1,39.4434,1.0810810810810811,30.560000000000002,129.62600720044355
161,1,75,1,23.4924,1.0810810810810811,19.19,116.65418185686123
162,1,75,1,17.8751,0.5405405405405406,12.1,118.29085605889412
163,1,75,1,36.9076,1.6216216216216217,31.820000000000004,120.83429672080705
164,1,75,1,51.9612,1.0810810810810811,43.77,136.09779031250974
165,1,75,1,8.78,1.0810810810810811,6.16,111.96816496419504
166,1,75,1,36.3199,1.0810810810810811,31.190000000000005,119.98963865099502
167,1,75,1,10.6165,0.5405405405405406,6.56,119.48772848970788
168,1,75,1,37.3692,2.1621621621621623,32.15,121.42477020029929
169,1,75,1,45.9789,0.5405405405405406,39.809999999999995,108.24906682521838
170,1,75,1,56.8779,2.1621621621621623,46.029999999999994,119.13652771769472
171,1,75,1,63.0358,1.6216216216216217,53.720000000000006,125.96366597136115
172,1,75,1,27.799,0.0,23.07,
173,1,75,1,56.8688,2.7027027027027026,48.41,121.72643641781993
174,1,75,1,2.8161,0.5405405405405406,1.2,121.4841841542892
175,1,75,1,2.9652,0.0,0.8399999999999999,
176,1,75,1,20.0938,0.5405405405405406,14.7,143.60235870524343
177,1,75,1,30.9734,2.1621621621621623,24.93,114.83528564901818
178,1,75,1,28.3497,2.1621621621621623,24.22,139.4344940472873
179,1,75,1,31.9743,0.0,22.47,
180,1,80,1,37.2804,1.0810810810810811,31.089999999999996,114.89430330830245
181,1,80,1,20.9562,0.0,15.52,
182,1,80,1,25.9331,0.5405405405405406,20.5,122.1181014116962
183,1,80,1,41.0397,0.5405405405405406,31.380000000000003,110.04936170997658
184,1,80,1,1.9782,0.0,0.0,
185,1,80,1,30.3188,0.0,22.3,
186,1,80,1,44.1582,0.5405405405405406,35.19,135.90387445951626
187,1,80,1,19.7328,1.0810810810810811,15.91,117.82864164928279
188,1,80,1,27.9237,1.6216216216216217,21.970000000000002,133.05657867117372
189,1,80,1,21.1786,0.5405405405405406,19.1,125.96657180313782
190,1,80,1,55.1896,0.5405405405405406,45.42999999999999,118.5258550239796
191,1,80,1,22.0213,1.0810810810810811,17.78,117.76744815714088
192,1,80,1,28.341,0.5405405405405406,22.490000000000002,141.22619300414007
193,1,80,1,24.7486,0.0,18.7,
194,1,80,1,10.7911,1.0810810810810811,8.28,140.24214695700158
195,1,80,1,31.3972,1.0810810810810811,24.04,126.66605625615051
196,1,80,1,18.5739,0.0,15.89,
197,1,80,1,15.1221,0.0,11.11,
198,1,80,1,8.9879,0.0,6.1,
199,1,80,1,29.899,0.5405405405405406,24.220000000000002,110.6488740874001
200,1,90,1,54.851,1.7297297297297298,46.3,120.51304956603215
201,1,90,1,41.4512,1.6216216216216217,37.989999999999995,122.69287428086875
202,1,90,1,1.9539,0.0,0.0,
203,1,90,1,7.0121,1.0810810810810811,5.4399999999999995,117.58770534139344
204,1,90,1,23.17,1.0810810810810811,17.53,126.86148005443427
205,1,90,1,8.9424,0.0,5.98,
206,1,90,1,19.849,1.5567567567567566,15.85,123.81301795955592
207,1,90,1,2.3233,0.0,0.0,
208,1,90,1,49.0387,1.0810810810810811,40.57,118.53801145285327
209,1,90,1,13.5326,0.5405405405405406,10.51,117.04719924583652
210,1,90,1,42.1849,0.508108108108108,30.679999999999996,115.20356257767862
211,1,90,1,18.9428,0.5405405405405406,15.6,128.40313432828475
212,1,90,1,20.3124,0.5405405405405406,16.96,134.73489057067084
213,1,90,1,16.9526,1.0810810810810811,14.459999999999999,126.99253485712515
214,1,90,1,18.8306,0.5405405405405406,14.39,107.99163107112092
215,1,90,1,58.7946,2.1621621621621623,46.980000000000004,121.96900124980367
216,1,90,1,22.4164,0.5405405405405406,16.88,131.22491755598284
217,1,90,1,31.6881,0.0,24.43,
218,1,90,1,41.252,0.0,31.520000000000003,
219,1,90,1,13.7101,0.5405405405405406,9.17,111.52206688562808
220,1,100,1,9.0625,0.0,6.35,
221,1,100,1,20.8835,0.5405405405405406,15.440000000000001,131.58973319789777
222,1,100,1,2.2596,0.0,0.0,
223,1,100,1,16.9012,0.5405405405405406,15.459999999999999,135.4594011205998
224,1,100,1,54.7551,2.0864864864864865,46.629999999999995,123.13346977386716
225,1,100,1,30.8125,0.5405405405405406,26.630000000000003,135.9827823204071
226,1,100,1,26.3752,0.5405405405405406,22.36,103.54920811572073
227,1,100,1,16.8184,0.0,14.620000000000001,
228,1,100,1,29.7095,0.5405405405405406,24.3,142.79034089144452
229,1,100,1,35.4644,1.0810810810810811,27.79,169.63590617354987
230,1,100,1,21.4159,1.0810810810810811,16.43,120.25138203055104
231,1,100,1,44.4065,0.5405405405405406,39.190000000000005,131.10659635544172
232,1,100,1,2.1644,0.0,0.06,
233,1,100,1,2.4187,0.0,0.21000000000000002,
234,1,100,1,11.073,0.0,8.22,
235,1,100,1,42.4883,1.0810810810810811,32.67,110.2325870615822
236,1,100,1,26.5738,0.0,19.880000000000003,
237,1,100,1,36.0319,1.0810810810810811,29.889999999999997,117.29311718268784
238,1,100,1,20.3491,0.0,15.810000000000002,
239,1,100,1,39.5115,1.535135135135135,33.15,120.32858924204187
240,1,370,1,23.7456,0.0,16.89,
241,1,370,1,24.2862,0.0,22.65,
242,1,370,1,51.5256,0.0,43.4,
243,1,370,1,61.443,0.0,49.29,
244,1,370,1,71.6688,0.0,61.36999999999999,
245,1,370,1,14.2851,0.0,13.14,
246,1,370,1,9.0228,0.0,5.88,
247,1,370,1,2.436,0.0,0.13,
248,1,370,1,56.9861,0.0,45.63000000000001,
249,1,370,1,40.065,0.0,35.529999999999994,
250,1,370,1,40.2506,0.0,31.76,
251,1,370,1,19.853,0.0,14.99,
252,1,370,1,40.0343,0.0,30.380000000000003,
253,1,370,1,19.6709,0.0,14.9,
254,1,370,1,1.9244,0.0,0.12,
255,1,370,1,19.6935,0.0,14.910000000000002,
256,1,370,1,24.4533,0.0,18.35,
257,1,370,1,47.1054,0.0,40.52,
258,1,370,1,37.8506,0.0,28.880000000000003,
259,1,370,1,20.473,0.0,15.95,
260,1,1,5,8.5872,11.891891891891893,6.580000000000001,506.0765340034388
261,1,1,5,4.8718,17.664864864864864,3.21,548.3094459097459
262,1,1,5,16.3758,11.772972972972974,14.48,428.2435505852991
263,1,1,5,19.3478,14.594594594594593,15.819999999999999,466.10957026570475
264,1,1,5,7.6991,12.897297297297296,6.720000000000001,537.4577590058365
265,1,1,5,18.211,15.135135135135135,14.309999999999999,484.6151224295865
266,1,1,5,23.9686,16.8,19.96,410.8129174992283
267,1,1,5,29.481,11.891891891891891,24.48,447.8866721927245
268,1,1,5,21.049,15.135135135135135,19.15,443.4443730444683
269,1,1,5,24.4323,13.643243243243242,22.410000000000004,377.884287932959
270,1,1,5,1.9023,12.183783783783785,0.0,635.9387693733833
271,1,1,5,36.7643,15.956756756756755,33.339999999999996,290.2574544123038
272,1,1,5,43.779,12.118918918918919,42.37,350.05463357897827
273,1,1,5,2.2446,9.254054054054055,0.0,646.4514386427645
274,1,1,5,16.7711,16.16216216216216,13.290000000000001,480.75811495604023
275,1,1,5,19.2905,11.891891891891891,16.080000000000002,455.550789217182
276,1,1,5,26.5288,12.843243243243242,23.43,459.78694271691415
277,1,1,5,1.9907,8.216216216216216,0.0,685.6091262885595
278,1,1,5,6.3316,14.594594594594597,4.24,570.2443329364435
279,1,1,5,23.9332,15.135135135135135,19.919999999999998,357.70000357552374
280,1,10,5,1.9556,0.0,0.0,
281,1,10,5,1.9545,0.0,0.02,
282,1,10,5,32.6367,8.108108108108109,30.48,134.1532263545909
283,1,10,5,27.7053,5.405405405405405,24.860000000000003,140.83351202134037
284,1,10,5,26.8539,5.935135135135136,22.04,150.60390213771214
285,1,10,5,14.0513,2.7027027027027026,10.900000000000002,126.06074907085915
286,1,10,5,9.6375,1.6216216216216217,6.24,176.05909818932923
287,1,10,5,26.1385,9.762162162162163,24.28,158.70479308376292
288,1,10,5,22.0066,3.2432432432432434,17.53,162.00778571347806
289,1,10,5,2.1912,0.0,0.0,
290,1,10,5,15.0471,5.405405405405405,13.09,126.87108159748243
291,1,10,5,2.2732,0.0,0.02,
292,1,10,5,45.592,9.18918918918919,39.88,126.10968458571634
293,1,10,5,25.3961,2.1621621621621623,19.130000000000003,114.61864071624726
294,1,10,5,14.7954,2.7027027027027026,10.870000000000001,117.87983134644814
295,1,10,5,16.7379,3.7837837837837838,13.070000000000002,197.1079284812483
296,1,10,5,3.0215,0.5405405405405406,0.32,286.82402747453233
297,1,10,5,7.4689,2.1621621621621623,5.2,165.99658391552947
298,1,10,5,28.3923,5.448648648648648,24.119999999999997,123.83812584075237
299,1,10,5,8.2106,2.7027027027027026,7.110000000000001,208.4789357424126
300,1,20,5,17.5654,3.7837837837837838,13.209999999999999,182.31514616087932
301,1,20,5,7.3749,2.1621621621621623,4.46,170.08541969745278
302,1,20,5,19.3673,5.005405405405405,17.93,137.45951152285903
303,1,20,5,11.9169,1.0810810810810811,9.58,122.90667116182848
304,1,20,5,2.3657,0.5405405405405406,0.22000000000000003,118.53237677172243
305,1,20,5,17.6321,4.864864864864865,16.4,134.25755427267168
306,1,20,5,19.4474,4.324324324324325,16.04,146.08614022284593
307,1,20,5,13.8751,3.7837837837837838,11.15,153.59300913817597
308,1,20,5,10.1107,3.2432432432432434,9.39,116.80153265407303
309,1,20,5,5.1886,0.5405405405405406,2.68,108.87455832674941
310,1,20,5,2.2413,0.0,0.06,
311,1,20,5,34.9526,3.2648648648648644,29.95,137.189604669998
312,1,20,5,10.4885,2.7027027027027026,10.07,158.59058299717907
313,1,20,5,13.3752,4.367567567567567,11.91,142.66901867742934
314,1,20,5,1.9449,0.0,0.0,
315,1,20,5,26.8325,6.41081081081081,23.77,190.14004578377384
316,1,20,5,9.2066,1.7297297297297298,7.69,127.66034631787888
317,1,20,5,11.666,2.7027027027027026,10.08,122.40623018199622
318,1,20,5,14.8184,4.324324324324325,14.209999999999999,131.6051893106987
319,1,20,5,2.5502,0.0,0.17,
320,1,30,5,15.0132,2.7027027027027026,12.959999999999999,130.9091723086066
321,1,30,5,18.9082,2.745945945945946,14.219999999999999,120.26035874762756
322,1,30,5,28.3798,4.864864864864865,22.99,113.03196696823316
323,1,30,5,22.0229,3.2864864864864862,16.36,114.60249374530983
324,1,30,5,15.3699,5.405405405405405,13.45,120.88790352070195
325,1,30,5,22.8543,5.9459459459459465,18.1,134.8471986964818
326,1,30,5,13.2274,2.7027027027027026,11.52,126.98610491088724
327,1,30,5,5.2829,0.0,2.9699999999999998,
328,1,30,5,11.9879,2.7027027027027026,8.73,185.98210771187587
329,1,30,5,16.7095,4.324324324324325,13.77,152.57256620460942
330,1,30,5,10.264,1.2216216216216216,7.019999999999999,124.29985331280784
331,1,30,5,31.2925,5.1567567567567565,24.919999999999998,134.5249214806052
332,1,30,5,26.3833,2.2594594594594595,21.43,125.10922223189095
333,1,30,5,11.1267,1.6216216216216217,8.379999999999999,134.95154266747548
334,1,30,5,16.0798,2.7027027027027026,12.15,128.32078215221355
335,1,30,5,18.2378,1.6216216216216217,12.830000000000002,118.75660407417445
336,1,30,5,16.1931,3.7837837837837838,13.979999999999999,149.78083221291283
337,1,30,5,20.7605,6.486486486486486,18.9,127.62617925770394
338,1,30,5,23.359,5.697297297297298,20.779999999999998,124.37661036099665
339,1,30,5,23.9626,2.1621621621621623,20.1,119.97982835596495
340,1,40,5,21.8475,3.7837837837837838,17.18,142.3650237980264
341,1,40,5,33.259,4.324324324324325,27.55,140.87469846761172
342,1,40,5,3.69,0.5405405405405406,1.6800000000000002,130.1333757517984
343,1,40,5,1.9295,0.0,0.2,
344,1,40,5,32.6139,4.864864864864865,25.939999999999998,118.79675172578634
345,1,40,5,14.5145,2.1621621621621623,10.290000000000001,119.43234091152257
346,1,40,5,3.1613,0.5405405405405406,1.23,111.35257945269058
347,1,40,5,2.4472,0.0,0.06999999999999999,
348,1,40,5,28.4051,7.783783783783784,28.119999999999997,121.30919365917752
349,1,40,5,2.4369,0.0,0.15,
350,1,40,5,19.4801,6.486486486486487,16.84,122.87026855829417
351,1,40,5,2.7982,0.0,0.16999999999999998,
352,1,40,5,18.126,3.7837837837837838,15.190000000000001,145.76838840089528
353,1,40,5,25.7842,4.324324324324325,22.58,115.0179792832182
354,1,40,5,6.2833,2.1621621621621623,4.63,123.43664292957752
355,1,40,5,3.85,1.0810810810810811,2.02,136.85663200482412
356,1,40,5,5.2739,1.6216216216216217,2.78,141.08153544739523
357,1,40,5,9.0694,1.6216216216216217,6.659999999999999,116.08544274293557
358,1,40,5,2.2931,0.0,0.16999999999999998,
359,1,40,5,1.7804,0.0,0.0,
360,1,50,5,11.4265,1.6216216216216217,8.87,175.29517808149487
361,1,50,5,2.9799,0.5405405405405406,1.09,116.03091218884414
362,1,50,5,10.9233,1.0810810810810811,9.0,116.6052038751717
363,1,50,5,2.1345,0.0,0.01,
364,1,50,5,29.7475,3.967567567567568,23.669999999999998,138.1653448614377
365,1,50,5,19.8003,1.6216216216216217,17.77,120.39811875300249
366,1,50,5,10.9539,2.1621621621621623,9.32,145.79348001620195
367,1,50,5,25.4959,4.324324324324325,22.439999999999998,122.32108950471523
368,1,50,5,7.6087,2.1621621621621623,5.499999999999999,116.22392071338705
369,1,50,5,1.6955,0.0,0.0,
370,1,50,5,9.2385,1.0810810810810811,6.6899999999999995,123.24067272206955
371,1,50,5,5.7737,1.0810810810810811,3.9199999999999995,122.22075006568679
372,1,50,5,18.8958,5.6,15.029999999999998,137.52291778242508
373,1,50,5,17.642,5.405405405405405,16.580000000000002,154.87935409756787
374,1,50,5,16.2899,3.2432432432432434,12.3,109.43167298857371
375,1,50,5,17.2359,2.1621621621621623,11.64,193.29709299698385
376,1,50,5,9.2508,1.6216216216216217,6.32,175.91495789290875
377,1,50,5,14.4289,3.2,12.88,120.88118543418602
378,1,50,5,10.7623,3.2432432432432434,8.379999999999999,138.49688119397493
379,1,50,5,8.3735,2.7027027027027026,6.489999999999999,116.39989718167017
380,1,60,5,16.4528,3.027027027027027,12.39,120.65055965808943
381,1,60,5,19.7098,5.632432432432433,18.22,125.72749973115387
382,1,60,5,1.9895,0.0,0.0,
383,1,60,5,6.634,1.6216216216216217,4.04,130.3236504448711
384,1,60,5,15.6886,2.7027027027027026,12.95,115.26681889451831
385,1,60,5,7.2948,1.0810810810810811,4.89,118.4699710193124
386,1,60,5,12.2781,2.1621621621621623,8.7,121.9769989007949
387,1,60,5,35.0624,7.027027027027027,30.869999999999997,134.67071322535963
388,1,60,5,9.7653,2.075675675675676,7.7,119.6370390911725
389,1,60,5,22.4542,5.9459459459459465,20.110000000000003,124.1664558670078
390,1,60,5,50.1303,9.18918918918919,44.06,123.71303583257668
391,1,60,5,13.0256,2.7027027027027026,11.28,126.61353519889569
392,1,60,5,18.589,3.935135135135135,16.970000000000002,124.78788403050744
393,1,60,5,14.5971,0.5513513513513513,10.870000000000001,118.98476677178921
394,1,60,5,21.0083,2.7351351351351356,17.51,120.57367065081415
395,1,60,5,11.1181,1.6216216216216217,7.090000000000001,112.64169061932908
396,1,60,5,7.0535,2.1621621621621623,4.46,126.42779375163985
397,1,60,5,45.7739,7.027027027027026,40.45,124.42442927141465
398,1,60,5,3.2458,0.0972972972972973,1.47,123.06837875466114
399,1,60,5,19.0273,2.1621621621621623,16.05,119.81086489944295
400,1,70,5,9.0819,2.1621621621621623,6.49,123.77605062240224
401,1,70,5,13.123,2.7027027027027026,10.129999999999999,150.21349354802783
402,1,70,5,33.2481,2.7027027027027026,27.660000000000004,115.02074983983809
403,1,70,5,24.7919,6.281081081081082,22.029999999999998,120.73768187047254
404,1,70,5,10.05,1.6216216216216217,6.359999999999999,162.35772650336207
405,1,70,5,11.2401,1.6216216216216217,7.4799999999999995,127.00841947934332
406,1,70,5,5.3862,0.5405405405405406,2.8099999999999996,131.74143714859852
407,1,70,5,6.7132,1.0810810810810811,4.67,137.09786718781467
408,1,70,5,13.6788,1.6216216216216217,10.2,106.71096193832385
409,1,70,5,17.8366,3.2432432432432434,14.6,129.29754004256867
410,1,70,5,2.6223,0.0,0.39,
411,1,70,5,23.8038,3.7837837837837838,21.02,141.9603895097221
412,1,70,5,8.6452,1.0810810810810811,5.359999999999999,124.89688782573744
413,1,70,5,11.7745,2.1621621621621623,9.790000000000001,123.62629894144499
414,1,70,5,29.1162,3.7837837837837838,23.51,124.22067729943846
415,1,70,5,29.1417,6.486486486486487,26.26,129.2319131786717
416,1,70,5,31.7551,4.864864864864865,27.04,118.93245300845325
417,1,70,5,9.3623,2.7027027027027026,6.05,117.1224794037104
418,1,70,5,32.5948,5.3297297297297295,26.389999999999997,131.03018256405312
419,1,70,5,29.7423,2.7027027027027026,25.54,134.7920817960732
420,1,75,5,35.1316,4.324324324324325,31.369999999999997,120.3298855929166
421,1,75,5,7.7326,1.6216216216216217,5.55,115.80047100813572
422,1,75,5,23.3262,4.864864864864865,19.91,139.3103148051747
423,1,75,5,22.6165,2.1621621621621623,20.39,118.11910701606786
424,1,75,5,7.0402,1.6216216216216217,5.01,131.39977869713917
425,1,75,5,25.3847,0.0,18.07,
426,1,75,5,12.985,2.1621621621621623,10.03,117.46866959218644
427,1,75,5,22.9629,2.7027027027027026,18.04,121.93358630613345
428,1,75,5,8.327,2.075675675675676,6.95,117.52878592541795
429,1,75,5,16.659,2.7027027027027026,13.319999999999999,123.55252903314408
430,1,75,5,19.9444,2.7027027027027026,14.51,117.52440658802304
431,1,75,5,12.9423,1.6216216216216217,9.879999999999999,187.9929641368266
432,1,75,5,33.5302,6.0864864864864865,28.389999999999997,119.44140224994027
433,1,75,5,11.4687,3.2432432432432434,8.7,119.41651106720515
434,1,75,5,44.8544,7.027027027027027,37.0,123.56283350714807
435,1,75,5,25.9448,6.486486486486487,23.310000000000002,131.23636214029526
436,1,75,5,31.1666,2.7027027027027026,25.589999999999996,122.84711159450191
437,1,75,5,24.468,2.7027027027027026,20.73,117.95454104492993
438,1,75,5,19.0809,4.367567567567567,17.470000000000002,118.72433262148031
439,1,75,5,27.3658,4.864864864864865,25.97,125.77118174108273
440,1,80,5,13.6513,3.5567567567567564,14.169999999999998,142.45418318167023
441,1,80,5,8.6643,1.6216216216216217,5.680000000000001,128.09592841355663
442,1,80,5,13.297,2.7027027027027026,9.28,149.90529926526509
443,1,80,5,32.7462,3.2432432432432434,25.52,113.96179285382154
444,1,80,5,2.2998,0.0,0.42000000000000004,
445,1,80,5,23.9969,2.7027027027027026,17.5,122.0803966600522
446,1,80,5,6.2689,1.6216216216216217,4.01,127.79679688796682
447,1,80,5,18.7473,2.7027027027027026,15.05,121.71601178176033
448,1,80,5,2.2975,0.0,0.11000000000000001,
449,1,80,5,23.0471,3.978378378378379,20.169999999999998,124.9101444391396
450,1,80,5,22.7483,2.1621621621621623,18.610000000000003,116.79978074450455
451,1,80,5,11.0044,2.1621621621621623,8.559999999999999,119.87218935879477
452,1,80,5,24.4919,2.7027027027027026,21.28,122.19294328126259
453,1,80,5,16.9662,2.1621621621621623,13.02,116.91824320347261
454,1,80,5,12.0898,2.7027027027027026,9.95,152.55595507730737
455,1,80,5,5.2333,1.0810810810810811,2.7300000000000004,213.90404304579909
456,1,80,5,9.6767,0.5405405405405406,6.029999999999999,114.76913064384756
457,1,80,5,21.0416,3.2432432432432434,16.34,125.70219135283112
458,1,80,5,14.0839,3.7837837837837838,13.14,125.38819915081085
459,1,80,5,25.7671,3.7837837837837838,22.72,118.27574229372735
460,1,90,5,20.6015,3.7837837837837838,16.990000000000002,148.3314397450653
461,1,90,5,21.1128,3.2432432432432434,17.82,120.16868341262999
462,1,90,5,25.0438,4.864864864864865,21.13,128.80180119902823
463,1,90,5,2.2265,0.0,0.01,
464,1,90,5,18.6431,2.1621621621621623,14.330000000000002,115.66493926077382
465,1,90,5,9.9539,1.0810810810810811,7.1,114.70383743251233
466,1,90,5,18.7278,0.0,14.430000000000001,
467,1,90,5,32.1365,4.864864864864865,26.580000000000002,122.45913511106515
468,1,90,5,2.7648,0.5405405405405406,0.54,117.15697142832026
469,1,90,5,36.9547,3.2432432432432434,32.03,127.42294983620063
470,1,90,5,36.9515,5.405405405405405,30.07,122.56714794534255
471,1,90,5,15.998,4.324324324324325,15.039999999999997,128.95345094579542
472,1,90,5,18.6439,1.8918918918918919,15.16,123.99847077729873
473,1,90,5,32.0913,5.945945945945946,30.52,118.540167867868
474,1,90,5,22.9253,3.2432432432432434,19.410000000000004,127.46334022653413
475,1,90,5,11.1969,0.7567567567567568,7.720000000000001,119.16162430167049
476,1,90,5,9.2008,1.0810810810810811,6.6,122.54631395627716
477,1,90,5,15.6102,2.205405405405405,12.55,116.5265029863273
478,1,90,5,20.9568,3.7837837837837838,18.17,142.75677648756917
479,1,90,5,9.8355,1.0810810810810811,7.279999999999999,206.09066013975843
480,1,100,5,19.3604,2.7027027027027026,18.22,132.63021835907787
481,1,100,5,17.6802,2.1621621621621623,16.29,128.31369357095014
482,1,100,5,13.373,2.27027027027027,9.63,163.76016087836098
483,1,100,5,29.688,3.7837837837837838,25.23,126.69060593459538
484,1,100,5,9.9345,2.1621621621621623,7.7,121.74776250033722
485,1,100,5,34.2332,2.1621621621621623,30.580000000000002,125.4630633168992
486,1,100,5,33.7775,3.7837837837837838,30.429999999999996,123.8183484698378
487,1,100,5,24.2845,2.7027027027027026,20.720000000000002,120.71050982273712
488,1,100,5,15.0253,3.4270270270270276,11.46,145.27791464134705
489,1,100,5,26.0318,5.405405405405405,21.28,124.28478755583399
490,1,100,5,10.2969,2.27027027027027,7.4799999999999995,125.0949405658456
491,1,100,5,5.2863,0.5405405405405406,3.41,125.71133482083559
492,1,100,5,17.5584,1.6216216216216217,12.48,114.72493272241566
493,1,100,5,17.1251,2.7027027027027026,12.22,147.10173370649537
494,1,100,5,18.5511,2.7027027027027026,13.7,124.84147956858229
495,1,100,5,13.693,3.2432432432432434,8.87,121.5178143859518
496,1,100,5,15.308,0.5405405405405406,13.25,145.22182823181535
497,1,100,5,21.5695,3.2432432432432434,17.889999999999997,123.51153874399427
498,1,100,5,2.0386,0.0,0.0,
499,1,100,5,25.3059,2.1621621621621623,23.65,122.81593686174284
500,1,370,5,27.7661,0.0,24.339999999999996,
501,1,370,5,41.6708,0.0,30.880000000000006,
502,1,370,5,49.8152,0.0,41.370000000000005,
503,1,370,5,30.8241,0.0,24.47,
504,1,370,5,26.5084,0.0,23.67,
505,1,370,5,37.8051,0.0,29.020000000000003,
506,1,370,5,34.1215,0.0,26.55,
507,1,370,5,2.0863,0.0,0.23000000000000004,
508,1,370,5,41.063,0.0,34.64,
509,1,370,5,2.6853,0.0,0.16,
510,1,370,5,56.6046,0.0,46.14,
511,1,370,5,67.2014,0.0,54.17999999999999,
512,1,370,5,44.1135,0.0,32.64,
513,1,370,5,24.3511,0.0,19.34,
514,1,370,5,2.0134,0.0,0.12,
515,1,370,5,28.28,0.0,24.12,
516,1,370,5,45.3702,0.0,38.4,
517,1,370,5,78.1686,0.0,66.59,
518,1,370,5,26.5686,0.0,20.11,
519,1,370,5,17.804,0.0,12.58,
520,1,1,10,4.9952,19.913513513513514,2.75,592.6755760860316
521,1,1,10,16.2248,21.308108108108108,12.76,478.1556032821478
522,1,1,10,24.2205,23.805405405405402,20.82,392.68827224832626
523,1,1,10,7.3407,26.583783783783787,6.08,511.7057601931154
524,1,1,10,2.3003,23.881081081081085,0.45,645.3682995990539
525,1,1,10,2.6538,25.935135135135134,0.99,585.6219688486578
526,1,1,10,17.1831,19.902702702702705,14.680000000000001,434.733111863808
527,1,1,10,12.1342,26.48648648648649,11.059999999999999,525.9411140302814
528,1,1,10,7.3652,23.243243243243246,5.4,639.3711080690134
529,1,1,10,5.5422,20.0,3.29,670.5737890688764
530,1,1,10,2.2241,19.45945945945946,0.02,644.6530279880333
531,1,1,10,19.0262,22.756756756756754,18.85,357.33491150521263
532,1,1,10,2.2042,18.92972972972973,0.06999999999999999,672.7786146470874
533,1,1,10,14.013,23.243243243243242,11.2,538.3499742293618
534,1,1,10,22.982,26.789189189189187,19.66,484.79858905896486
535,1,1,10,5.7852,18.962162162162166,4.2299999999999995,619.6481178366174
536,1,1,10,12.987,25.481081081081083,12.790000000000001,492.9252440255382
537,1,1,10,4.0836,22.410810810810812,2.66,588.6631456554425
538,1,1,10,7.9185,26.735135135135135,4.959999999999999,548.0524967576431
539,1,1,10,19.7083,24.324324324324323,17.64,493.6632353216442
540,1,10,10,10.0943,5.405405405405405,6.8,182.99348023135406
541,1,10,10,11.9393,3.7837837837837838,9.2,146.87094129006456
542,1,10,10,7.44,5.5675675675675675,7.13,144.6524734859041
543,1,10,10,5.1071,1.6216216216216217,2.6,234.6127269622488
544,1,10,10,7.4072,1.945945945945946,4.99,326.98174729563857
545,1,10,10,8.3493,3.2432432432432434,6.68,173.98331902321146
546,1,10,10,3.0492,1.0810810810810811,1.23,131.0139642552055
547,1,10,10,8.4703,4.864864864864865,7.610000000000001,161.60799498429247
548,1,10,10,19.4484,8.64864864864865,18.72,147.07457962317557
549,1,10,10,13.2832,12.216216216216216,12.53,191.02084949072542
550,1,10,10,14.0931,3.7837837837837838,9.760000000000002,185.82242306440685
551,1,10,10,5.733,2.7027027027027026,4.82,151.28204683116036
552,1,10,10,16.6715,5.405405405405405,15.61,132.1942484709587
553,1,10,10,2.1685,0.0,0.02,
554,1,10,10,20.9377,7.027027027027026,18.19,127.80312473106663
555,1,10,10,21.2125,11.848648648648648,20.82,133.93500901169497
556,1,10,10,5.2964,1.6216216216216217,2.62,221.12467694887178
557,1,10,10,11.6921,4.864864864864865,10.379999999999999,149.82036407351876
558,1,10,10,21.2169,6.994594594594593,20.32,141.42375859233996
559,1,10,10,10.5517,4.324324324324325,8.190000000000001,182.46574890575272
560,1,20,10,15.072,4.864864864864865,12.74,134.89252377736787
561,1,20,10,8.6932,2.7027027027027026,6.51,131.37150696021618
562,1,20,10,16.189,9.72972972972973,17.04,147.8277194663848
563,1,20,10,17.5773,6.486486486486487,16.330000000000002,120.6746285685843
564,1,20,10,26.7543,16.216216216216218,26.75,159.0563586100047
565,1,20,10,16.6383,3.7837837837837838,14.76,160.02536301254617
566,1,20,10,17.262,5.945945945945946,15.11,137.98540634206685
567,1,20,10,3.5285,1.0810810810810811,1.2400000000000002,217.33399196189671
568,1,20,10,11.4325,3.978378378378378,8.33,148.52949103240414
569,1,20,10,2.9783,1.0810810810810811,0.32999999999999996,257.04446531144333
570,1,20,10,7.7465,3.2432432432432434,6.609999999999999,180.54109588968404
571,1,20,10,33.4928,9.6,29.85,136.92997440405614
572,1,20,10,3.2914,0.5405405405405406,0.79,254.665938928996
573,1,20,10,18.0381,6.821621621621621,14.99,135.73583299602592
574,1,20,10,13.703,6.65945945945946,10.75,180.25323728332043
575,1,20,10,2.4027,0.5405405405405406,0.030000000000000006,310.2344849521997
576,1,20,10,2.0215,0.0,0.01,
577,1,20,10,3.2253,0.5405405405405406,1.34,142.03292667806826
578,1,20,10,7.857,5.405405405405405,6.789999999999999,165.08112425930076
579,1,20,10,20.6464,9.72972972972973,17.02,179.2828362968632
580,1,30,10,5.7091,2.1621621621621623,3.7,111.30317701960118
581,1,30,10,13.2805,2.7027027027027026,9.23,121.45652284643833
582,1,30,10,5.6348,2.7027027027027026,3.7400000000000007,140.38794672103222
583,1,30,10,14.7972,5.405405405405405,13.169999999999998,125.5815982623679
584,1,30,10,14.8712,5.7405405405405405,12.330000000000002,140.15248913092483
585,1,30,10,26.2083,8.64864864864865,21.919999999999998,140.12171608374985
586,1,30,10,14.2839,5.405405405405405,11.34,126.28529481144464
587,1,30,10,15.0651,3.2432432432432434,12.74,126.95684136337955
588,1,30,10,23.5627,6.940540540540541,20.78,168.08729886942686
589,1,30,10,15.2685,7.5675675675675675,16.28,130.58114278659508
590,1,30,10,7.958,1.6216216216216217,5.54,124.67476878010531
591,1,30,10,6.4594,2.1621621621621623,5.33,174.10051257683278
592,1,30,10,22.2305,3.2432432432432434,17.35,121.27398543251286
593,1,30,10,7.7131,2.7027027027027026,5.7700000000000005,165.2839297546437
594,1,30,10,24.026,8.464864864864866,19.580000000000002,173.7289311167295
595,1,30,10,18.7436,9.98918918918919,17.770000000000003,130.38420769596897
596,1,30,10,28.1754,10.497297297297298,25.669999999999998,136.77606188222268
597,1,30,10,6.6457,3.7837837837837838,5.34,149.8160890563776
598,1,30,10,23.1111,8.108108108108109,18.41,136.16887784256124
599,1,30,10,9.326,3.7837837837837838,6.909999999999999,159.98217533988742
600,1,40,10,2.1609,0.0,0.01,
601,1,40,10,5.3793,2.7027027027027026,4.18,133.90605670247183
602,1,40,10,11.3174,1.6216216216216217,8.25,125.06714264848303
603,1,40,10,22.8173,9.72972972972973,21.32,140.12833713382395
604,1,40,10,9.5121,0.5405405405405406,8.1,139.84736864532744
605,1,40,10,3.328,1.6216216216216217,2.1399999999999997,163.74019658675243
606,1,40,10,26.8986,8.464864864864866,24.0,129.94104518261892
607,1,40,10,7.0079,0.5513513513513513,3.5300000000000002,113.85471218304812
608,1,40,10,8.115,2.7027027027027026,5.79,130.09394445564178
609,1,40,10,13.7327,3.621621621621622,9.52,130.04353647141377
610,1,40,10,10.2852,3.2432432432432434,8.89,131.4140833832394
611,1,40,10,6.5723,2.1621621621621623,3.65,156.65993996169885
612,1,40,10,25.6327,9.632432432432433,25.43,131.471257137713
613,1,40,10,4.8949,1.6972972972972973,3.35,116.97826822652692
614,1,40,10,26.1226,10.81081081081081,24.55,130.9997247880994
615,1,40,10,22.0085,7.027027027027026,18.07,139.01200573015174
616,1,40,10,11.3184,3.5027027027027025,8.959999999999999,118.9828732061038
617,1,40,10,5.4249,1.6216216216216217,2.4699999999999998,155.3341529823932
618,1,40,10,23.8273,7.027027027027027,21.24,124.65160808360686
619,1,40,10,5.7541,1.6216216216216217,3.84,127.54728273885398
620,1,50,10,14.8513,6.345945945945946,13.210000000000003,163.32716425934038
621,1,50,10,18.7106,6.313513513513513,16.0,135.7297819108822
622,1,50,10,9.4062,2.7135135135135138,7.5,161.36820299984637
623,1,50,10,2.7626,0.5405405405405406,0.5900000000000001,188.9213559601883
624,1,50,10,22.9054,5.405405405405405,19.4,128.93864524284166
625,1,50,10,19.1362,6.2594594594594595,17.240000000000002,141.7574674569574
626,1,50,10,10.7263,3.978378378378378,8.2,152.14183204124294
627,1,50,10,6.1968,0.5405405405405406,4.03,279.65283162967285
628,1,50,10,25.21,4.864864864864865,20.81,122.70819078344681
629,1,50,10,28.2009,9.18918918918919,25.169999999999998,124.56522210694663
630,1,50,10,11.3269,4.324324324324325,9.85,134.8633045742945
631,1,50,10,23.2376,7.027027027027027,22.270000000000003,131.4466556510574
632,1,50,10,19.9603,6.691891891891892,18.54,150.91675366585736
633,1,50,10,6.4168,2.1621621621621623,4.83,158.28105138156116
634,1,50,10,1.6282,0.0,0.02,
635,1,50,10,12.8672,4.508108108108108,13.169999999999998,129.13881744857014
636,1,50,10,2.4823,0.5405405405405406,0.22999999999999998,282.01583733341454
637,1,50,10,11.3052,4.864864864864865,9.8,138.1012106341021
638,1,50,10,15.7632,6.486486486486487,15.51,117.5415394811804
639,1,50,10,5.2438,1.0810810810810811,3.0900000000000003,131.84012133331214
640,1,60,10,11.5313,2.1621621621621623,7.9,120.39273535703879
641,1,60,10,16.5499,4.864864864864865,16.05,126.71220819183814
642,1,60,10,10.6584,3.7837837837837838,8.8,127.58098036971329
643,1,60,10,17.0279,6.118918918918919,14.529999999999998,130.3993707948358
644,1,60,10,18.5409,8.540540540540542,17.880000000000003,137.4696456277396
645,1,60,10,11.5237,2.7027027027027026,9.190000000000001,118.36942028879108
646,1,60,10,21.0793,5.935135135135136,17.65,133.65476881817602
647,1,60,10,8.7296,1.6216216216216217,5.959999999999999,121.19949137963344
648,1,60,10,7.054,2.7027027027027026,5.319999999999999,143.2509971561868
649,1,60,10,2.005,0.0,0.05,
650,1,60,10,10.0671,5.405405405405405,9.43,135.22862587508936
651,1,60,10,11.5006,1.0810810810810811,8.33,124.50130045422816
652,1,60,10,10.8777,4.324324324324325,9.94,125.38740957934479
653,1,60,10,12.7606,2.4,10.9,157.85884127103242
654,1,60,10,11.7083,3.7837837837837838,9.31,117.95943536256459
655,1,60,10,7.0908,1.0810810810810811,3.9799999999999995,128.90742310782505
656,1,60,10,12.0947,4.324324324324325,11.489999999999998,156.8924601914262
657,1,60,10,18.7986,5.9459459459459465,17.839999999999996,140.4999738611565
658,1,60,10,19.8548,8.108108108108109,18.339999999999996,127.64318311364136
659,1,60,10,2.9362,0.0,0.8300000000000001,
660,1,70,10,16.6328,4.324324324324325,13.580000000000002,115.90463735278331
661,1,70,10,17.1682,5.945945945945946,15.029999999999998,123.37691413223816
662,1,70,10,33.5148,8.551351351351352,32.92,134.4275274726263
663,1,70,10,13.2435,1.6216216216216217,10.45,113.16454910922694
664,1,70,10,2.1059,0.0,0.27999999999999997,
665,1,70,10,19.34,9.18918918918919,16.4,151.6952451469554
666,1,70,10,15.7642,5.9459459459459465,13.239999999999998,143.10724545259993
667,1,70,10,9.716,2.7027027027027026,8.36,125.0540426205868
668,1,70,10,7.6041,2.7027027027027026,5.8,131.6011901457644
669,1,70,10,4.6409,1.6216216216216217,2.33,168.83303763230288
670,1,70,10,25.11,7.027027027027027,21.089999999999996,136.17721450737127
671,1,70,10,20.1046,9.18918918918919,19.79,140.03152351447537
672,1,70,10,7.2473,3.2432432432432434,4.859999999999999,139.8705821246698
673,1,70,10,5.8289,2.1621621621621623,3.45,117.62779554082739
674,1,70,10,9.8354,3.2432432432432434,7.76,116.92169991024834
675,1,70,10,11.5476,3.891891891891892,9.2,144.46306089852925
676,1,70,10,4.141,0.5405405405405406,1.86,114.88798912816542
677,1,70,10,7.7374,2.1621621621621623,5.83,143.6630795261817
678,1,70,10,19.9419,6.486486486486487,17.279999999999998,129.91189231664407
679,1,70,10,17.8827,8.108108108108109,15.0,147.790898626093
680,1,75,10,9.512,2.7027027027027026,7.659999999999999,125.7328184946828
681,1,75,10,2.6826,0.5405405405405406,1.1300000000000001,120.50419166929296
682,1,75,10,11.332,2.1621621621621623,8.17,114.93532288305319
683,1,75,10,6.0389,0.5405405405405406,3.65,127.4179714370494
684,1,75,10,19.5289,4.38918918918919,16.009999999999998,121.6090965841844
685,1,75,10,7.5476,2.7027027027027026,5.5600000000000005,127.97162306055489
686,1,75,10,12.6009,3.7837837837837838,11.22,125.5330558754312
687,1,75,10,20.5813,4.68108108108108,16.27,128.17623156762644
688,1,75,10,12.132,3.2432432432432434,10.39,151.70818152500235
689,1,75,10,9.6047,3.7837837837837838,9.25,131.19881206592117
690,1,75,10,31.7031,7.081081081081081,27.190000000000005,123.34488126227613
691,1,75,10,23.4971,9.72972972972973,24.0,130.8163742742975
692,1,75,10,19.267,4.324324324324325,17.32,122.62695261028914
693,1,75,10,7.6377,1.6216216216216217,5.71,122.18879469351693
694,1,75,10,19.5824,5.405405405405405,16.810000000000002,119.3695379676811
695,1,75,10,4.781,1.6216216216216217,3.4800000000000004,137.14920431736834
696,1,75,10,3.1788,0.5405405405405406,0.6599999999999999,269.0444595268364
697,1,75,10,20.0332,5.405405405405405,16.96,117.38085899153369
698,1,75,10,13.3733,3.7837837837837838,11.42,128.46781529702415
699,1,75,10,1.9939,0.0,0.0,
700,1,80,10,5.6222,2.1621621621621623,4.0200000000000005,139.25695898580017
701,1,80,10,14.682,3.7837837837837838,13.090000000000003,144.68287116807593
702,1,80,10,21.164,7.027027027027026,19.810000000000002,134.89180329014718
703,1,80,10,13.0891,5.945945945945946,11.89,132.10324735334157
704,1,80,10,3.8466,0.5405405405405406,2.5900000000000003,140.19608624689525
705,1,80,10,12.0115,2.7027027027027026,9.8,140.9937580112083
706,1,80,10,21.7074,5.8810810810810805,19.89,131.68324549593183
707,1,80,10,6.6437,0.43243243243243246,3.9299999999999997,110.65109987931807
708,1,80,10,10.6159,2.7027027027027026,8.260000000000002,132.63577040661764
709,1,80,10,32.5986,8.64864864864865,29.65,126.83267607777285
710,1,80,10,2.3237,0.0,0.8400000000000001,
711,1,80,10,30.3677,7.027027027027027,27.1,123.50884421977136
712,1,80,10,20.7387,7.027027027027027,16.720000000000002,144.11099911285197
713,1,80,10,14.2495,3.7837837837837838,12.71,119.32645677954879
714,1,80,10,3.1096,0.5405405405405406,0.8699999999999999,126.43363948681704
715,1,80,10,25.1834,5.405405405405405,23.57,130.58199390602914
716,1,80,10,2.2794,0.0,0.11000000000000001,
717,1,80,10,18.4717,4.324324324324325,15.98,150.00337457098266
718,1,80,10,15.4693,4.324324324324325,12.61,125.36137923117425
719,1,80,10,15.4177,4.324324324324325,12.3,120.04519628616251
720,1,90,10,6.9234,1.6216216216216217,3.94,112.8526436838078
721,1,90,10,8.2665,2.1621621621621623,5.46,132.2351417469919
722,1,90,10,20.7332,4.324324324324325,17.15,119.2350346843426
723,1,90,10,12.7673,1.0810810810810811,9.559999999999999,117.08511156735582
724,1,90,10,9.329,2.1621621621621623,6.36,122.26623272534115
725,1,90,10,24.1633,4.864864864864865,21.3,117.4268601807804
726,1,90,10,19.4911,7.5675675675675675,16.81,151.21174828239376
727,1,90,10,28.641,5.254054054054054,24.65,128.13105932319493
728,1,90,10,2.913,0.5405405405405406,0.61,125.78635937214032
729,1,90,10,4.89,1.0810810810810811,2.59,140.7999685224651
730,1,90,10,13.6902,3.7837837837837838,11.12,123.05300290590695
731,1,90,10,10.5098,3.2432432432432434,7.840000000000001,139.02568851926364
732,1,90,10,9.6146,2.7027027027027026,6.589999999999999,120.38640591795092
733,1,90,10,19.6121,5.405405405405405,18.69,136.82806226616157
734,1,90,10,17.9524,4.864864864864865,13.74,127.58287696166177
735,1,90,10,7.9386,2.1621621621621623,7.31,160.7772107048104
736,1,90,10,11.0454,2.7027027027027026,8.09,138.31742942192233
737,1,90,10,12.6761,3.9567567567567563,11.65,122.78774259035046
738,1,90,10,2.528,0.0,0.11000000000000001,
739,1,90,10,19.5221,3.156756756756757,19.32,128.79803834570353
740,1,100,10,34.6894,8.25945945945946,29.73,129.81854255824652
741,1,100,10,7.5412,1.0810810810810811,4.67,116.31024727307496
742,1,100,10,24.6483,4.324324324324325,20.240000000000002,136.6193265671501
743,1,100,10,23.5841,7.027027027027027,20.71,131.42567755086185
744,1,100,10,2.2496,0.0,0.18,
745,1,100,10,19.9804,4.108108108108108,15.829999999999998,132.1648587903782
746,1,100,10,17.9724,5.945945945945946,15.76,136.73165881403722
747,1,100,10,18.7191,3.308108108108108,15.14,118.6140774242053
748,1,100,10,7.0596,0.5405405405405406,4.88,118.34242941127033
749,1,100,10,5.1781,0.8432432432432432,3.16,122.72962318391805
750,1,100,10,28.8859,5.6432432432432424,23.96,120.88879091460149
751,1,100,10,21.7478,2.7027027027027026,18.73,161.83822835718817
752,1,100,10,5.9059,1.0810810810810811,4.3100000000000005,122.70967207649949
753,1,100,10,18.7881,2.7027027027027026,16.0,126.6136028327185
754,1,100,10,6.8358,2.1621621621621623,5.25,121.14065541169627
755,1,100,10,27.7801,8.108108108108109,24.48,138.2368852203322
756,1,100,10,22.7791,4.8432432432432435,20.78,125.75221075756563
757,1,100,10,16.1734,3.7837837837837838,15.49,142.908263090846
758,1,100,10,13.1179,1.6216216216216217,8.76,131.06743412937826
759,1,100,10,29.9649,8.64864864864865,26.840000000000003,127.43883159970709
760,1,370,10,27.8846,0.0,20.77,
761,1,370,10,11.7265,0.0,7.85,
762,1,370,10,42.595,0.0,35.879999999999995,
763,1,370,10,24.27,0.0,18.419999999999998,
764,1,370,10,2.1423,0.0,0.0,
765,1,370,10,35.2537,0.0,27.839999999999996,
766,1,370,10,61.2577,0.0,49.3,
767,1,370,10,58.8891,0.0,48.55,
768,1,370,10,20.3526,0.0,14.64,
769,1,370,10,37.1861,0.0,28.590000000000003,
770,1,370,10,54.3702,0.0,45.029999999999994,
771,1,370,10,1.9009,0.0,0.0,
772,1,370,10,2.0733,0.0,0.0,
773,1,370,10,2.5948,0.0,0.31,
774,1,370,10,33.1302,0.0,24.660000000000004,
775,1,370,10,87.9362,0.0,76.65,
776,1,370,10,36.6915,0.0,29.97,
777,1,370,10,40.4225,0.0,33.88000000000001,
778,1,370,10,25.2326,0.0,21.57,
779,1,370,10,80.4541,0.0,61.160000000000004,
780,1,1,15,17.9607,34.03243243243243,17.07,417.9673432801625
781,1,1,15,2.3202,25.63243243243243,0.04,635.0414828921708
782,1,1,15,14.9543,29.318918918918918,14.440000000000001,426.692208646027
783,1,1,15,14.3042,35.25405405405405,12.29,579.2333347432708
784,1,1,15,13.8055,32.421621621621625,14.169999999999998,413.2688440266082
785,1,1,15,12.7478,29.27567567567568,10.02,494.1212376841396
786,1,1,15,3.4723,30.745945945945948,1.3199999999999998,580.2623642763053
787,1,1,15,13.1179,30.854054054054053,9.79,478.97344455810247
788,1,1,15,5.0587,31.697297297297297,3.1799999999999997,655.3203553620172
789,1,1,15,2.0828,26.054054054054053,0.0,707.1841983493382
790,1,1,15,10.6357,33.513513513513516,11.959999999999999,460.038576164981
791,1,1,15,4.3614,32.48648648648649,2.91,580.1412165814676
792,1,1,15,2.5861,29.589189189189188,0.02,642.0561302151941
793,1,1,15,2.7924,27.56756756756757,1.2,589.7206972104212
794,1,1,15,24.7294,37.67567567567568,26.22,302.61583823539854
795,1,1,15,12.5544,31.95675675675676,11.440000000000001,437.863275592835
796,1,1,15,10.6304,35.48108108108108,8.98,467.7512297127912
797,1,1,15,8.4781,30.281081081081084,6.9,578.3147720251469
798,1,1,15,3.9591,23.243243243243246,1.83,647.3405277792494
799,1,1,15,25.0858,29.297297297297302,23.26,353.3903621399421
800,1,10,15,8.6614,4.864864864864865,8.290000000000001,134.57343591976007
801,1,10,15,12.3187,9.72972972972973,12.209999999999999,164.67610730986556
802,1,10,15,20.2675,9.956756756756757,19.580000000000002,162.0970635723601
803,1,10,15,13.3117,8.324324324324325,13.02,155.84962307348297
804,1,10,15,9.1966,7.027027027027026,8.36,173.39169071437848
805,1,10,15,11.5763,5.405405405405405,9.940000000000001,165.56903458845565
806,1,10,15,5.5869,2.7027027027027026,4.15,186.87793688110554
807,1,10,15,6.329,3.135135135135135,4.69,158.97433192067106
808,1,10,15,12.1173,8.108108108108109,12.770000000000001,160.94842045124568
809,1,10,15,6.3074,5.405405405405405,5.29,176.09216459903678
810,1,10,15,14.4008,7.5675675675675675,12.45,195.3560882856507
811,1,10,15,11.4071,6.8,10.49,165.8832025005634
812,1,10,15,4.2283,1.3945945945945946,2.17,180.353792283471
813,1,10,15,5.7822,2.7027027027027026,4.3,181.03869603034653
814,1,10,15,15.6893,6.486486486486487,13.27,163.72954317847208
815,1,10,15,9.5631,2.7027027027027026,6.37,137.68074934998205
816,1,10,15,2.5742,0.0,0.06000000000000001,
817,1,10,15,2.5559,0.0,0.06,
818,1,10,15,25.493,16.756756756756758,25.990000000000002,160.41323729168155
819,1,10,15,6.4675,3.2432432432432434,4.59,167.6217658578358
820,1,20,15,8.1173,4.324324324324325,5.43,191.0730401572536
821,1,20,15,2.977,1.0810810810810811,0.72,139.29663819007243
822,1,20,15,8.1259,5.167567567567568,7.26,133.37740464340374
823,1,20,15,5.1986,2.7027027027027026,4.1899999999999995,181.0613829847028
824,1,20,15,9.5312,2.7027027027027026,8.28,135.61450549048203
825,1,20,15,3.2077,0.5405405405405406,0.47000000000000003,290.7831863771476
826,1,20,15,15.2108,12.767567567567568,14.810000000000002,150.6552312024811
827,1,20,15,24.5595,9.35135135135135,23.42,151.33036121063097
828,1,20,15,16.7951,8.64864864864865,15.7,134.82285831647434
829,1,20,15,10.0964,7.027027027027027,9.5,149.44960145809574
830,1,20,15,6.496,3.7837837837837838,5.040000000000001,151.16023268744058
831,1,20,15,9.9296,5.405405405405405,7.539999999999999,140.20510669444823
832,1,20,15,8.223,3.675675675675676,6.18,163.32966227168436
833,1,20,15,1.9527,0.0,0.030000000000000006,
834,1,20,15,5.8048,3.2432432432432434,5.2299999999999995,128.49949898985892
835,1,20,15,4.0712,2.1621621621621623,2.2299999999999995,180.72926418953637
836,1,20,15,2.0717,0.0,0.36,
837,1,20,15,8.2901,5.027027027027027,6.92,134.87869874930402
838,1,20,15,5.8093,3.2432432432432434,4.380000000000001,158.73606593708692
839,1,20,15,15.0544,8.432432432432432,14.4,153.55467687445326
840,1,30,15,4.4665,1.0810810810810811,2.59,128.43846910706608
841,1,30,15,16.6249,5.145945945945946,13.9,124.46474338044179
842,1,30,15,10.9567,7.686486486486487,10.379999999999999,161.17897984360263
843,1,30,15,6.6013,3.2432432432432434,4.58,125.0235175349337
844,1,30,15,18.8768,14.054054054054054,17.04,168.37876753433045
845,1,30,15,10.0197,5.405405405405405,8.01,151.3111303752407
846,1,30,15,10.2921,3.7837837837837838,7.140000000000001,179.63738674833
847,1,30,15,14.9651,4.864864864864865,12.190000000000001,132.74104322186406
848,1,30,15,3.4276,0.34594594594594597,1.19,114.92938685021333
849,1,30,15,13.0346,4.864864864864865,12.42,139.87487934755052
850,1,30,15,9.5777,3.7837837837837838,7.44,131.55170391453356
851,1,30,15,16.8492,6.627027027027028,16.57,134.29858268121663
852,1,30,15,10.2838,5.9459459459459465,8.64,162.47186033445305
853,1,30,15,8.698,4.162162162162162,8.48,139.42943787792007
854,1,30,15,9.3224,3.72972972972973,5.82,209.48780356565703
855,1,30,15,2.3202,0.5405405405405406,0.65,293.77086590917565
856,1,30,15,16.774,7.837837837837839,15.800000000000002,138.0588946811649
857,1,30,15,5.3862,2.1621621621621623,3.4899999999999998,123.53858219071645
858,1,30,15,13.3442,6.9837837837837835,12.52,142.13667604258507
859,1,30,15,8.8841,3.7837837837837838,7.01,168.78752716502498
860,1,40,15,12.4195,6.486486486486487,11.25,144.24491424840602
861,1,40,15,9.9991,3.7837837837837838,9.280000000000001,164.2250786978134
862,1,40,15,10.6428,5.405405405405405,8.91,163.197084943768
863,1,40,15,13.0757,5.210810810810811,11.14,123.88354434593455
864,1,40,15,2.8478,0.5405405405405406,0.79,121.89804973525135
865,1,40,15,5.591,1.6216216216216217,3.6599999999999993,139.73377939884756
866,1,40,15,11.8826,3.7837837837837838,9.94,127.33944363103244
867,1,40,15,2.8561,0.5405405405405406,0.64,180.63886575214056
868,1,40,15,22.7211,10.63783783783784,21.21,146.25283113310257
869,1,40,15,9.6052,4.313513513513513,8.389999999999999,172.8641584564595
870,1,40,15,7.2993,3.7837837837837838,5.83,134.90846507028934
871,1,40,15,17.9148,11.05945945945946,16.2,129.38930196975747
872,1,40,15,3.4539,2.1621621621621623,2.45,195.9646299505531
873,1,40,15,2.376,0.5405405405405406,0.52,199.37778985892464
874,1,40,15,10.9856,5.481081081081081,8.37,162.89134891018372
875,1,40,15,12.81,4.324324324324325,10.1,125.19838791755448
876,1,40,15,18.503,10.27027027027027,15.439999999999998,158.20027253079843
877,1,40,15,2.7203,0.5405405405405406,0.95,100.46378714757228
878,1,40,15,12.6355,4.324324324324325,10.75,152.5501861155769
879,1,40,15,10.5505,3.762162162162162,8.53,123.23373860336451
880,1,50,15,3.66,2.1621621621621623,1.6600000000000001,143.44368077356364
881,1,50,15,10.383,6.1189189189189195,9.51,150.21850808900948
882,1,50,15,2.1541,0.0,0.29000000000000004,
883,1,50,15,11.296,4.864864864864865,8.819999999999999,137.55607815855038
884,1,50,15,5.2679,1.6216216216216217,2.8,127.14200164828792
885,1,50,15,14.0508,4.324324324324325,12.49,128.29914570402622
886,1,50,15,12.7858,2.1621621621621623,9.309999999999999,113.49497715923737
887,1,50,15,7.2946,4.324324324324325,5.96,144.1309983573202
888,1,50,15,18.7636,7.027027027027027,14.85,151.8764030148717
889,1,50,15,7.5987,3.2432432432432434,6.05,123.11204045493781
890,1,50,15,5.5792,3.2432432432432434,4.11,186.1304238164388
891,1,50,15,5.4456,1.6216216216216217,3.5900000000000007,187.29617274394244
892,1,50,15,10.8397,5.945945945945946,9.93,139.4553878759429
893,1,50,15,7.82,3.7837837837837838,6.250000000000001,144.41964703672835
894,1,50,15,10.6766,5.578378378378379,9.629999999999999,128.69023852387173
895,1,50,15,14.3026,6.205405405405405,11.0,176.30434050995447
896,1,50,15,5.2232,2.1621621621621623,4.04,150.74424208522805
897,1,50,15,11.0016,8.108108108108109,11.139999999999999,147.66753233105015
898,1,50,15,7.4755,2.7027027027027026,6.55,116.08288684475724
899,1,50,15,2.9733,0.5405405405405406,0.45,151.2938379106229
900,1,60,15,8.8934,4.324324324324325,7.840000000000001,137.26983702135686
901,1,60,15,6.825,1.6216216216216217,4.68,140.86212841329268
902,1,60,15,13.16,4.864864864864865,11.75,117.11062272434548
903,1,60,15,3.9385,1.7621621621621621,1.7600000000000002,207.3696278752857
904,1,60,15,13.1595,5.405405405405405,11.370000000000001,138.14593470382684
905,1,60,15,7.3544,3.2432432432432434,4.720000000000001,141.23937168040698
906,1,60,15,11.7258,8.54054054054054,12.280000000000001,134.84733518448405
907,1,60,15,13.3056,5.9459459459459465,12.7,130.2373671260614
908,1,60,15,7.7091,3.2432432432432434,6.609999999999999,133.5973315343132
909,1,60,15,8.974,4.475675675675676,6.589999999999999,151.06037196402022
910,1,60,15,3.4557,1.9243243243243247,2.1399999999999997,130.0360866775615
911,1,60,15,10.2916,5.405405405405405,8.870000000000001,142.97345304331884
912,1,60,15,9.9646,2.1621621621621623,7.18,156.70483101537582
913,1,60,15,16.1657,7.643243243243243,15.569999999999999,125.46599585491431
914,1,60,15,10.4048,1.6216216216216217,8.61,173.00521572734593
915,1,60,15,11.2179,4.324324324324325,9.209999999999999,125.48938709841447
916,1,60,15,16.2803,7.027027027027027,14.080000000000002,135.28312101811832
917,1,60,15,8.4374,2.389189189189189,4.9799999999999995,137.57594404877452
918,1,60,15,13.6112,5.945945945945946,12.39,121.23712084049325
919,1,60,15,12.4775,7.027027027027027,12.27,127.22529459414442
920,1,70,15,10.0822,6.486486486486486,9.669999999999998,125.58699074287505
921,1,70,15,3.3494,0.0,1.0699999999999998,
922,1,70,15,26.1904,8.64864864864865,22.29,125.03230632117841
923,1,70,15,4.2129,1.0810810810810811,2.81,120.35909697402515
924,1,70,15,8.509,4.864864864864865,5.86,133.00938213381545
925,1,70,15,4.6172,1.6216216216216217,1.72,131.93231991882382
926,1,70,15,10.6951,6.486486486486487,9.38,130.68604342380078
927,1,70,15,3.6304,1.6216216216216217,1.86,168.57362191377322
928,1,70,15,14.013,5.945945945945946,14.62,150.56402551226986
929,1,70,15,3.7358,0.0,1.6800000000000002,
930,1,70,15,2.4824,0.5405405405405406,0.55,234.2714602337845
931,1,70,15,6.6253,1.0810810810810811,4.66,131.2888531029055
932,1,70,15,16.8068,3.7837837837837838,14.610000000000003,119.51964166181074
933,1,70,15,3.118,1.0810810810810811,0.85,140.27669164658835
934,1,70,15,24.2539,7.027027027027026,22.389999999999997,123.44373733768975
935,1,70,15,17.836,6.486486486486487,16.21,145.08386025470946
936,1,70,15,13.8229,7.027027027027027,12.52,138.9754872196768
937,1,70,15,6.3522,2.1621621621621623,4.790000000000001,130.86308765175608
938,1,70,15,7.1728,3.7837837837837838,5.67,164.66574767862897
939,1,70,15,11.4704,4.248648648648649,9.4,145.12885904329062
940,1,75,15,13.1725,5.697297297297298,11.419999999999998,132.77954027598935
941,1,75,15,10.0492,4.864864864864865,8.92,131.85540864605073
942,1,75,15,14.0043,5.945945945945946,12.190000000000001,126.35863642340502
943,1,75,15,4.9617,1.2864864864864864,2.9,133.39471967411268
944,1,75,15,6.2793,1.6216216216216217,3.3600000000000003,118.8667963897364
945,1,75,15,5.9255,2.1621621621621623,3.6700000000000004,154.40127241941445
946,1,75,15,11.0019,4.324324324324325,9.6,145.10635819734208
947,1,75,15,4.9144,1.3297297297297297,3.1100000000000003,126.60978549762638
948,1,75,15,2.7606,0.5405405405405406,0.57,116.5514792433724
949,1,75,15,9.892,4.324324324324325,7.5,162.27940434936522
950,1,75,15,30.1516,11.351351351351353,28.73,128.29065069956326
951,1,75,15,11.5545,4.324324324324325,9.48,125.54773513412535
952,1,75,15,7.2646,2.1621621621621623,5.26,128.28231559158527
953,1,75,15,29.3111,13.513513513513512,28.939999999999998,129.5061897646845
954,1,75,15,20.4444,6.486486486486487,17.84,132.5689727484879
955,1,75,15,3.5963,0.5405405405405406,1.7399999999999998,105.15013415214987
956,1,75,15,2.2681,0.0,0.1,
957,1,75,15,6.73,3.7837837837837838,5.45,171.06540730532987
958,1,75,15,10.0478,4.324324324324325,7.8,140.0743673522145
959,1,75,15,2.2796,0.0,0.05,
960,1,80,15,4.8086,1.6216216216216217,2.21,126.95844884147004
961,1,80,15,7.3886,1.8702702702702703,5.15,126.97937806229993
962,1,80,15,18.9136,6.897297297297297,17.85,133.54569666950277
963,1,80,15,2.0194,0.0,0.04,
964,1,80,15,4.9408,1.6216216216216217,3.6699999999999995,159.0750777600671
965,1,80,15,5.2469,0.5405405405405406,3.15,124.5355162727206
966,1,80,15,9.9086,3.2432432432432434,8.459999999999999,125.68018378721068
967,1,80,15,10.7957,4.864864864864865,9.21,158.1044328907074
968,1,80,15,9.4456,3.2432432432432434,7.37,137.5557391163155
969,1,80,15,8.8398,3.2432432432432434,6.76,145.5735120052395
970,1,80,15,6.5913,3.2324324324324323,4.83,145.787377808283
971,1,80,15,20.4384,7.5675675675675675,19.04,130.20735566429272
972,1,80,15,1.6678,0.0,0.02,
973,1,80,15,12.9071,4.010810810810812,11.969999999999999,130.24584083616838
974,1,80,15,3.7025,0.0,2.41,
975,1,80,15,13.0205,7.027027027027026,10.73,133.668638721116
976,1,80,15,19.4341,9.913513513513514,17.46,129.58328694827682
977,1,80,15,1.9552,0.0,0.01,
978,1,80,15,9.5156,4.183783783783784,7.639999999999999,121.52074611663899
979,1,80,15,8.1488,2.7027027027027026,5.75,148.20410752786043
980,1,90,15,9.8691,1.6216216216216217,7.6800000000000015,126.42682588322124
981,1,90,15,26.2786,13.72972972972973,25.98,153.31694217142552
982,1,90,15,7.5028,2.7027027027027026,5.41,119.13708898789068
983,1,90,15,13.902,4.864864864864865,12.639999999999999,136.00855766506695
984,1,90,15,6.8829,1.7297297297297298,5.03,176.55996565992723
985,1,90,15,22.5335,5.945945945945946,20.06,118.86014338686309
986,1,90,15,15.5786,6.486486486486486,14.14,137.5044483024905
987,1,90,15,2.5096,0.0,0.31,
988,1,90,15,4.4937,1.6216216216216217,2.8,114.23672179289683
989,1,90,15,17.0952,6.075675675675676,14.580000000000002,132.59410634563756
990,1,90,15,10.4868,4.324324324324325,7.980000000000001,137.39545836991743
991,1,90,15,14.951,8.108108108108107,13.210000000000003,117.81667368817243
992,1,90,15,3.3038,1.0810810810810811,2.2600000000000002,121.95554780230799
993,1,90,15,17.2921,5.945945945945946,15.77,122.96716412977825
994,1,90,15,5.643,1.6216216216216217,2.9699999999999998,127.05906452192546
995,1,90,15,16.3304,4.864864864864865,14.319999999999999,136.0931610013236
996,1,90,15,5.5077,1.0810810810810811,4.03,135.3916799528623
997,1,90,15,6.9444,4.324324324324325,5.33,117.58172094391851
998,1,90,15,9.4384,2.1621621621621623,8.05,128.38962333217663
999,1,90,15,1.8739,0.0,0.0,
1000,1,100,15,15.5138,3.7837837837837838,12.540000000000001,131.0430702706604
1001,1,100,15,11.8249,3.2432432432432434,11.14,140.83552428243172
1002,1,100,15,2.6589,0.5405405405405406,0.77,138.76590929712097
1003,1,100,15,17.4129,3.9351351351351354,14.38,129.272705630928
1004,1,100,15,12.9612,3.7837837837837838,10.98,126.03154166665682
1005,1,100,15,7.6442,1.6216216216216217,5.61,120.47184127562319
1006,1,100,15,17.167,4.324324324324325,15.55,118.84545017413419
1007,1,100,15,11.708,2.6810810810810812,9.53,124.23108696215127
1008,1,100,15,3.4587,1.0810810810810811,1.43,178.318306522082
1009,1,100,15,6.1382,1.0810810810810811,3.5200000000000005,122.31325995970622
1010,1,100,15,7.3284,1.772972972972973,4.55,118.90610701188275
1011,1,100,15,10.2183,4.324324324324325,8.78,127.65823924539976
1012,1,100,15,14.6408,2.7027027027027026,14.2,131.7617392011934
1013,1,100,15,7.0655,1.6216216216216217,4.680000000000001,132.13139634265107
1014,1,100,15,8.265,2.1621621621621623,6.36,124.9051717500549
1015,1,100,15,10.8142,2.7027027027027026,8.39,134.81660669997876
1016,1,100,15,15.7452,4.464864864864865,13.37,120.3535258111508
1017,1,100,15,25.4731,7.751351351351351,23.34,134.15733190726604
1018,1,100,15,14.4768,5.945945945945946,12.059999999999999,123.65054012106897
1019,1,100,15,3.5442,0.0,1.75,
1020,1,370,15,4.672,0.0,3.12,
1021,1,370,15,17.5197,0.0,12.639999999999999,
1022,1,370,15,36.6522,0.0,30.02,
1023,1,370,15,29.3976,0.0,25.28,
1024,1,370,15,2.2186,0.0,0.1,
1025,1,370,15,31.5576,0.0,24.86,
1026,1,370,15,40.073,0.0,31.659999999999997,
1027,1,370,15,57.4098,0.0,43.65,
1028,1,370,15,14.4092,0.0,11.32,
1029,1,370,15,21.8235,0.0,17.410000000000004,
1030,1,370,15,15.9213,0.0,11.2,
1031,1,370,15,30.0879,0.0,24.98,
1032,1,370,15,28.7754,0.0,22.45,
1033,1,370,15,16.4709,0.0,14.75,
1034,1,370,15,23.4401,0.0,17.2,
1035,1,370,15,9.6991,0.0,6.51,
1036,1,370,15,9.6411,0.0,6.56,
1037,1,370,15,19.7433,0.0,14.209999999999999,
1038,1,370,15,29.0715,0.0,23.169999999999998,
1039,1,370,15,41.0135,0.0,30.78,
1040,1,1,20,2.2628,34.064864864864866,0.0,685.6348276135199
1041,1,1,20,12.582,44.432432432432435,12.42,460.9254810014111
1042,1,1,20,17.7754,39.589189189189185,15.9,473.831337467903
1043,1,1,20,2.6846,36.637837837837836,0.41,582.0824662178583
1044,1,1,20,2.7338,34.04324324324324,1.5100000000000002,663.268093808452
1045,1,1,20,3.2333,39.83783783783784,1.94,598.2295603537235
1046,1,1,20,6.2511,41.43783783783784,5.01,527.9992829552189
1047,1,1,20,7.6643,33.70810810810811,6.83,532.3849471105339
1048,1,1,20,12.8199,36.10810810810811,11.77,520.7526567341089
1049,1,1,20,3.6851,41.621621621621614,1.6800000000000002,613.0043843960258
1050,1,1,20,17.034,46.48648648648649,18.660000000000004,390.9921392287858
1051,1,1,20,2.5493,37.891891891891895,0.8,685.1508890274854
1052,1,1,20,5.6997,42.24864864864865,3.9800000000000004,562.3145746793862
1053,1,1,20,8.8325,40.03243243243243,7.44,529.3895882652978
1054,1,1,20,8.3761,35.372972972972974,9.3,429.23489677739815
1055,1,1,20,8.8506,35.78378378378378,8.29,479.33010177011664
1056,1,1,20,13.1813,34.28108108108108,12.16,476.8254745390302
1057,1,1,20,5.4442,34.994594594594595,3.6,511.26772386661224
1058,1,1,20,5.1218,35.524324324324326,2.63,578.3031056569695
1059,1,1,20,8.7683,36.21621621621621,6.99,548.8154593043892
1060,1,10,20,3.4136,2.7027027027027026,2.16,135.5996768182835
1061,1,10,20,13.3957,13.08108108108108,12.280000000000001,182.01080148190434
1062,1,10,20,6.7077,5.405405405405405,5.25,189.06785385646558
1063,1,10,20,5.3934,1.4702702702702704,3.7299999999999995,129.51389492644108
1064,1,10,20,4.0133,2.7027027027027026,2.43,181.03317917724348
1065,1,10,20,12.1653,10.443243243243243,10.86,173.24539226798422
1066,1,10,20,5.5017,2.1621621621621623,3.9200000000000004,166.76046213099227
1067,1,10,20,7.8837,2.7027027027027026,5.45,155.8510549611246
1068,1,10,20,10.8069,9.72972972972973,10.86,192.95942831253083
1069,1,10,20,5.3553,3.7837837837837838,4.08,206.04571048885282
1070,1,10,20,12.692,7.470270270270271,11.52,151.7370609806121
1071,1,10,20,5.6953,5.405405405405405,4.5600000000000005,166.2294524270089
1072,1,10,20,10.1546,5.9459459459459465,8.540000000000001,181.26496665760305
1073,1,10,20,9.6692,5.405405405405405,8.34,175.11084240103676
1074,1,10,20,6.2838,7.5675675675675675,6.029999999999999,181.5918377980442
1075,1,10,20,8.4241,8.108108108108109,7.209999999999999,194.2331251427121
1076,1,10,20,8.3856,6.486486486486487,7.1,179.72676063093695
1077,1,10,20,3.4789,2.7027027027027026,2.5200000000000005,155.00491236936207
1078,1,10,20,10.2945,8.108108108108109,10.920000000000002,182.207803042699
1079,1,10,20,14.466,11.35135135135135,14.919999999999998,158.5427996446978
1080,1,20,20,16.844,8.843243243243244,15.810000000000002,163.5843847871018
1081,1,20,20,10.9744,7.967567567567568,9.2,160.53887263026883
1082,1,20,20,3.4102,1.6216216216216217,1.2,189.616657357034
1083,1,20,20,2.7174,0.0,0.49000000000000005,
1084,1,20,20,6.8091,3.2432432432432434,5.28,178.73254753941464
1085,1,20,20,13.4946,12.064864864864864,12.470000000000002,194.19625662378735
1086,1,20,20,2.269,0.0,0.15,
1087,1,20,20,12.6021,10.27027027027027,10.91,179.04407996182954
1088,1,20,20,11.4028,7.027027027027027,8.53,169.35019194210275
1089,1,20,20,6.9478,5.405405405405405,5.13,169.84813052302542
1090,1,20,20,11.6096,9.85945945945946,12.74,162.56823689791915
1091,1,20,20,18.0736,10.81081081081081,17.4,143.34652457622138
1092,1,20,20,7.6289,3.2432432432432434,5.05,164.23204051098122
1093,1,20,20,7.6444,8.50810810810811,7.7,166.64425249385943
1094,1,20,20,12.0627,8.421621621621622,12.67,165.3776563757363
1095,1,20,20,4.5796,2.4756756756756757,3.0700000000000003,143.24254265773905
1096,1,20,20,6.5127,4.389189189189189,4.790000000000001,173.41482467292778
1097,1,20,20,5.3579,3.7837837837837838,3.8,163.61667195621223
1098,1,20,20,12.3205,4.897297297297297,10.169999999999998,119.06294301259648
1099,1,20,20,10.7045,9.383783783783784,7.630000000000001,172.52877964693118
1100,1,30,20,5.1486,4.324324324324325,3.47,172.24476689079052
1101,1,30,20,6.8807,3.7837837837837838,6.040000000000001,150.7050904742333
1102,1,30,20,9.7698,7.027027027027027,9.03,152.17128550394534
1103,1,30,20,6.1037,7.5675675675675675,6.640000000000001,161.8898538563626
1104,1,30,20,5.287,2.1621621621621623,3.45,128.43376049928702
1105,1,30,20,12.9589,10.443243243243243,12.379999999999999,171.49588958640894
1106,1,30,20,6.7992,2.1621621621621623,5.25,147.95186215347417
1107,1,30,20,8.6036,4.864864864864865,7.0,157.25967017283125
1108,1,30,20,8.3789,8.108108108108109,7.99,187.96206901209655
1109,1,30,20,6.4776,2.7567567567567566,4.82,117.36502590972272
1110,1,30,20,4.8023,2.1621621621621623,2.6,123.61900734082471
1111,1,30,20,3.829,2.1621621621621623,2.7299999999999995,168.7093674475619
1112,1,30,20,9.874,8.8,9.059999999999999,163.65464823718904
1113,1,30,20,8.6331,4.864864864864865,6.4,191.19297405895375
1114,1,30,20,13.3399,10.821621621621622,11.14,171.06860258494046
1115,1,30,20,8.3683,4.324324324324325,5.84,133.5183314539729
1116,1,30,20,15.9905,9.340540540540541,15.689999999999998,153.29789259546286
1117,1,30,20,7.148,3.621621621621622,4.07,138.51095050904854
1118,1,30,20,2.2641,0.0,0.0,
1119,1,30,20,12.0132,7.027027027027027,9.77,149.9725948365163
1120,1,40,20,5.821,2.1621621621621623,4.2299999999999995,130.96642256667732
1121,1,40,20,2.4779,0.0,0.24,
1122,1,40,20,4.088,1.0810810810810811,2.1999999999999997,113.6292865289249
1123,1,40,20,3.6831,2.1621621621621623,2.33,179.02292881504303
1124,1,40,20,7.4647,5.405405405405405,8.2,126.91497750539061
1125,1,40,20,7.1236,3.6648648648648647,5.16,160.54229550402212
1126,1,40,20,5.6505,2.1621621621621623,3.5100000000000002,146.98757509588685
1127,1,40,20,19.2885,9.805405405405406,16.19,150.96638391640118
1128,1,40,20,23.733,11.35135135135135,22.169999999999998,151.9251728153988
1129,1,40,20,8.9714,7.027027027027026,6.529999999999999,161.2776268634775
1130,1,40,20,15.6602,9.18918918918919,13.920000000000002,149.64398367488525
1131,1,40,20,7.0531,4.378378378378378,6.93,167.34303161928693
1132,1,40,20,4.633,3.7837837837837838,2.57,142.62643608269624
1133,1,40,20,2.962,1.6216216216216217,1.3800000000000001,175.25413976736513
1134,1,40,20,11.3968,7.621621621621623,9.68,172.99681595851865
1135,1,40,20,6.2385,2.1621621621621623,3.79,120.68715496227415
1136,1,40,20,7.2278,3.632432432432432,5.16,159.00270341994172
1137,1,40,20,2.4152,1.0810810810810811,0.03,296.2211894813032
1138,1,40,20,7.2876,4.864864864864865,6.529999999999999,168.2571642624409
1139,1,40,20,18.0174,9.72972972972973,17.2,150.2156392314887
1140,1,50,20,3.8744,2.1621621621621623,2.09,216.88682769654545
1141,1,50,20,5.1842,2.7027027027027026,3.8000000000000007,194.9797109612754
1142,1,50,20,10.1541,7.5675675675675675,9.49,151.62974022014438
1143,1,50,20,4.8712,0.08648648648648649,2.24,148.93718440336863
1144,1,50,20,2.3848,0.0,0.08,
1145,1,50,20,8.5981,5.945945945945946,8.510000000000002,133.5238886902264
1146,1,50,20,14.8188,8.724324324324325,13.0,153.42916090040356
1147,1,50,20,8.9021,4.864864864864865,8.25,139.14194149208438
1148,1,50,20,2.0731,0.0,0.06,
1149,1,50,20,5.2324,2.7027027027027026,2.38,191.0240807813129
1150,1,50,20,2.4894,0.5405405405405406,0.38,275.7933207614471
1151,1,50,20,5.9001,2.7027027027027026,4.04,118.0182940356007
1152,1,50,20,18.0967,7.935135135135136,16.85,139.86797486143516
1153,1,50,20,17.3337,10.27027027027027,16.76,145.50957376962964
1154,1,50,20,3.6218,0.7891891891891892,1.37,163.95928135421616
1155,1,50,20,13.5509,6.4,11.14,131.60769320800935
1156,1,50,20,12.6421,6.486486486486487,10.91,174.94702406130568
1157,1,50,20,7.1579,3.7837837837837838,5.9799999999999995,132.18919044480126
1158,1,50,20,10.6489,7.5675675675675675,9.59,152.05586432457207
1159,1,50,20,11.7693,7.5675675675675675,10.14,152.86494653752217
1160,1,60,20,14.5922,8.64864864864865,12.16,174.48302364735196
1161,1,60,20,5.8478,3.2432432432432434,3.4800000000000004,152.65618117725046
1162,1,60,20,13.3002,7.967567567567568,12.920000000000002,151.46885669588755
1163,1,60,20,12.4725,7.113513513513515,10.18,177.64682070063284
1164,1,60,20,6.8941,3.2432432432432434,5.609999999999999,131.24401426236093
1165,1,60,20,3.9899,3.2432432432432434,2.34,191.2575694434397
1166,1,60,20,8.2376,3.243243243243243,7.109999999999999,137.34155676414318
1167,1,60,20,3.3317,0.5405405405405406,1.2,136.88374103669653
1168,1,60,20,5.7165,2.1621621621621623,3.55,125.00485569301068
1169,1,60,20,1.9139,0.0,0.0,
1170,1,60,20,2.2883,0.0,0.17,
1171,1,60,20,5.8508,3.7837837837837838,4.24,160.0874963105874
1172,1,60,20,14.0187,10.27027027027027,12.16,151.79838399944515
1173,1,60,20,4.1262,2.1621621621621623,1.89,134.29348570710064
1174,1,60,20,7.453,2.810810810810811,5.3100000000000005,121.85913069233219
1175,1,60,20,6.6612,2.7027027027027026,5.06,123.2240044010301
1176,1,60,20,2.2324,0.0,0.22000000000000003,
1177,1,60,20,15.3769,10.086486486486487,14.540000000000001,124.40062875620453
1178,1,60,20,7.9772,4.032432432432432,6.08,178.84806200716832
1179,1,60,20,7.2015,4.324324324324325,4.86,158.88915486934525
1180,1,70,20,9.1318,3.7837837837837838,7.0600000000000005,141.49987482071586
1181,1,70,20,4.0936,2.7027027027027026,2.56,186.7560179532366
1182,1,70,20,2.3603,0.0,0.15,
1183,1,70,20,15.0426,8.702702702702704,14.63,153.43664042234124
1184,1,70,20,10.7186,4.745945945945946,9.01,134.66126712312155
1185,1,70,20,5.9954,4.864864864864865,5.3100000000000005,137.7764391325619
1186,1,70,20,2.4292,0.0,0.05,
1187,1,70,20,13.403,6.486486486486487,12.489999999999998,124.97852215023987
1188,1,70,20,4.9165,2.7027027027027026,3.28,118.948054435707
1189,1,70,20,5.988,2.1621621621621623,3.5100000000000002,147.08126001031798
1190,1,70,20,36.3987,15.827027027027029,37.23,125.88562283925164
1191,1,70,20,8.3452,8.616216216216216,8.7,145.20927721675224
1192,1,70,20,13.6179,9.72972972972973,12.22,148.05278628419026
1193,1,70,20,6.0455,2.8216216216216217,3.9,140.57001372432543
1194,1,70,20,8.3249,3.7837837837837838,7.13,120.17888432848765
1195,1,70,20,2.7093,1.0810810810810811,0.8800000000000001,129.7715700615431
1196,1,70,20,13.2312,6.345945945945947,11.879999999999999,146.74181161846002
1197,1,70,20,10.053,5.945945945945946,9.139999999999999,128.58448201604097
1198,1,70,20,8.5536,3.8054054054054047,6.659999999999999,143.8952421401438
1199,1,70,20,11.5849,5.405405405405405,10.069999999999999,122.70199906818928
1200,1,75,20,17.7944,8.064864864864864,17.29,141.54175635453686
1201,1,75,20,5.1374,3.2432432432432434,4.24,119.61838835084428
1202,1,75,20,3.7265,2.1621621621621623,2.4,124.75025095046625
1203,1,75,20,8.1192,3.2432432432432434,6.68,146.86965692452674
1204,1,75,20,16.4139,6.486486486486487,14.95,127.86312874117839
1205,1,75,20,14.2383,5.405405405405405,12.26,119.65972438207291
1206,1,75,20,3.4283,1.6216216216216217,2.61,127.74078134157178
1207,1,75,20,16.2853,7.5675675675675675,15.98,141.27485312975736
1208,1,75,20,6.5664,3.2432432432432434,4.37,143.05178666355744
1209,1,75,20,9.4274,7.5675675675675675,10.34,125.74261215857844
1210,1,75,20,10.1469,6.518918918918919,10.12,141.97951926463335
1211,1,75,20,10.9331,8.108108108108109,10.2,146.06447078324805
1212,1,75,20,6.1193,2.7027027027027026,4.33,149.11496649997673
1213,1,75,20,3.1621,0.5405405405405406,1.3900000000000001,133.1722515023199
1214,1,75,20,3.5795,1.0810810810810811,2.48,137.84250907943556
1215,1,75,20,12.0523,5.275675675675676,11.790000000000001,143.1413326582268
1216,1,75,20,4.8919,1.6216216216216217,3.31,146.28562711109106
1217,1,75,20,16.8244,5.643243243243243,14.569999999999999,123.07639819584485
1218,1,75,20,10.3393,4.075675675675676,8.14,137.67657811711402
1219,1,75,20,4.3347,1.6216216216216217,2.8899999999999997,182.88504194729012
1220,1,80,20,10.8088,5.945945945945946,9.209999999999999,141.4206782758248
1221,1,80,20,13.8429,7.405405405405406,12.32,140.2474493113982
1222,1,80,20,7.6747,3.7837837837837838,5.15,127.39597302322792
1223,1,80,20,10.9855,4.918918918918919,8.98,124.82390285489532
1224,1,80,20,9.522,4.324324324324325,7.31,134.17512149480052
1225,1,80,20,6.3603,2.7027027027027026,4.33,155.69193589922617
1226,1,80,20,6.601,3.2432432432432434,3.06,159.887796770092
1227,1,80,20,18.0213,7.5675675675675675,15.790000000000001,124.34229260556253
1228,1,80,20,19.5125,6.908108108108108,19.080000000000002,130.75198224042194
1229,1,80,20,16.3543,5.945945945945946,12.989999999999998,135.63679584551937
1230,1,80,20,7.5041,2.7027027027027026,5.31,121.51521307501926
1231,1,80,20,10.9662,5.405405405405405,8.34,141.70796355493366
1232,1,80,20,21.8663,9.967567567567567,20.52,131.53901307000666
1233,1,80,20,6.627,3.7837837837837838,3.85,159.6350388283614
1234,1,80,20,11.4434,5.502702702702703,9.09,122.10941379975178
1235,1,80,20,3.2043,0.5405405405405406,1.23,120.32325241064069
1236,1,80,20,4.2125,1.6216216216216217,1.42,133.6601370050499
1237,1,80,20,11.7272,5.405405405405405,9.58,129.9689965098525
1238,1,80,20,2.3301,0.0,0.0,
1239,1,80,20,7.2782,3.7837837837837838,5.41,144.36991408888312
1240,1,90,20,3.1169,0.5405405405405406,1.48,107.32121542528333
1241,1,90,20,7.7098,1.0810810810810811,4.720000000000001,113.09598195751153
1242,1,90,20,14.8946,7.610810810810811,11.88,147.62488697219266
1243,1,90,20,11.9927,3.2432432432432434,9.83,116.83098347707828
1244,1,90,20,11.5181,3.7837837837837838,10.069999999999999,143.08547276615204
1245,1,90,20,5.9984,2.7027027027027026,3.4899999999999998,173.0920708015352
1246,1,90,20,3.2052,0.5405405405405406,1.17,135.1196458216913
1247,1,90,20,11.3308,5.491891891891892,10.44,148.28962553304027
1248,1,90,20,13.5354,4.324324324324325,11.799999999999999,123.11355555971745
1249,1,90,20,7.0819,2.7027027027027026,4.74,173.31791881137377
1250,1,90,20,17.1792,5.9459459459459465,16.22,119.12453333513825
1251,1,90,20,1.8345,0.0,0.0,
1252,1,90,20,9.4664,2.281081081081081,7.859999999999999,150.18943574700515
1253,1,90,20,25.7246,8.64864864864865,22.130000000000003,135.74152248609124
1254,1,90,20,1.8854,0.0,0.01,
1255,1,90,20,3.2331,0.0,1.15,
1256,1,90,20,3.6046,1.0810810810810811,2.0,127.65017318398966
1257,1,90,20,1.9949,0.0,0.0,
1258,1,90,20,10.4189,3.4270270270270276,8.459999999999999,134.35657796866045
1259,1,90,20,9.876,4.864864864864865,9.02,154.32619909878792
1260,1,100,20,14.0836,5.945945945945946,11.9,131.79779787436053
1261,1,100,20,11.9445,2.7027027027027026,8.940000000000001,123.4293723112788
1262,1,100,20,16.4216,7.027027027027027,13.85,150.6344923628926
1263,1,100,20,9.1146,1.6216216216216217,5.459999999999999,113.63957109419603
1264,1,100,20,6.3082,2.7027027027027026,5.08,117.9325936930102
1265,1,100,20,10.3067,3.7837837837837838,9.23,127.35172122104737
1266,1,100,20,7.5039,2.7027027027027026,5.430000000000001,123.24478668788747
1267,1,100,20,8.0872,2.1621621621621623,5.659999999999999,131.4010190468713
1268,1,100,20,25.4249,9.72972972972973,22.720000000000002,120.24806901906143
1269,1,100,20,13.7413,3.2432432432432434,10.74,129.12642552543113
1270,1,100,20,4.2704,1.0810810810810811,2.54,123.40085562528421
1271,1,100,20,11.0657,5.405405405405405,10.2,136.92154945608314
1272,1,100,20,32.8281,11.513513513513512,30.070000000000004,129.42975737074866
1273,1,100,20,13.145,5.9459459459459465,10.8,132.8913979700035
1274,1,100,20,12.9547,5.405405405405405,13.219999999999999,156.77214389268312
1275,1,100,20,18.2317,10.27027027027027,19.490000000000002,128.20606684889458
1276,1,100,20,8.9478,4.054054054054054,7.99,136.8802108447262
1277,1,100,20,19.8406,6.486486486486487,18.96,122.65214596549043
1278,1,100,20,17.7764,7.308108108108108,14.52,126.46775064793643
1279,1,100,20,8.1718,3.7837837837837838,5.92,130.0954035860896
1280,1,370,20,48.0818,0.0,37.4,
1281,1,370,20,33.4887,0.0,27.580000000000002,
1282,1,370,20,76.1918,0.0,62.629999999999995,
1283,1,370,20,20.7384,0.0,16.93,
1284,1,370,20,2.1951,0.0,0.0,
1285,1,370,20,11.3233,0.0,8.18,
1286,1,370,20,2.2809,0.0,0.01,
1287,1,370,20,19.2723,0.0,14.930000000000001,
1288,1,370,20,36.5873,0.0,31.929999999999996,
1289,1,370,20,29.7815,0.0,22.15,
1290,1,370,20,2.7079,0.0,0.20999999999999996,
1291,1,370,20,43.466,0.0,37.89,
1292,1,370,20,57.0756,0.0,47.809999999999995,
1293,1,370,20,66.9962,0.0,57.15,
1294,1,370,20,41.4075,0.0,36.379999999999995,
1295,1,370,20,8.5469,0.0,5.39,
1296,1,370,20,2.2787,0.0,0.04,
1297,1,370,20,63.6817,0.0,56.260000000000005,
1298,1,370,20,36.1578,0.0,30.1,
1299,1,370,20,52.8716,0.0,40.31,
1300,1,1,25,16.0923,44.37837837837837,17.55,464.3116131194256
1301,1,1,25,5.5582,38.87567567567568,3.31,570.8729347217529
1302,1,1,25,8.6359,42.227027027027034,6.18,539.8352958123236
1303,1,1,25,4.5987,45.935135135135134,3.65,614.4089693608013
1304,1,1,25,4.259,42.19459459459459,3.16,651.3383032366606
1305,1,1,25,4.9036,37.25405405405405,3.3899999999999997,520.6240335279684
1306,1,1,25,6.6765,41.4054054054054,5.35,560.8220711624668
1307,1,1,25,11.7428,40.55135135135135,11.97,398.3975059642892
1308,1,1,25,5.5626,37.3945945945946,4.35,638.5285899087287
1309,1,1,25,4.5551,43.32972972972973,2.37,506.79580239151346
1310,1,1,25,4.0108,41.94594594594595,2.87,590.1452071152911
1311,1,1,25,11.1711,38.57297297297298,10.010000000000002,487.1603183797776
1312,1,1,25,6.5341,45.12432432432432,5.17,503.683157909027
1313,1,1,25,7.392,40.22702702702702,5.9,486.6316132716588
1314,1,1,25,13.7217,45.1027027027027,15.460000000000003,391.56037132354805
1315,1,1,25,8.0564,41.89189189189189,6.669999999999999,616.9096988991141
1316,1,1,25,6.2678,43.24324324324324,5.909999999999999,560.4199469678118
1317,1,1,25,5.3025,39.17837837837838,4.34,638.7372560181926
1318,1,1,25,5.1371,41.189189189189186,3.9899999999999998,602.0108961036144
1319,1,1,25,15.4989,44.11891891891892,15.95,400.0111574333603
1320,1,10,25,11.0636,11.967567567567567,12.39,178.33140499637923
1321,1,10,25,10.7342,9.72972972972973,8.690000000000001,209.71172342991866
1322,1,10,25,15.0609,10.81081081081081,14.790000000000001,166.51062456905177
1323,1,10,25,5.0887,3.8378378378378377,2.98,299.49353532718067
1324,1,10,25,6.5626,8.64864864864865,5.6899999999999995,169.29122630937474
1325,1,10,25,16.0777,17.83783783783784,17.2,184.6972791791636
1326,1,10,25,11.4275,11.783783783783784,10.959999999999999,164.91414245359894
1327,1,10,25,1.948,0.0,0.0,
1328,1,10,25,11.2942,11.091891891891894,11.42,188.35913587876925
1329,1,10,25,8.4314,8.108108108108109,8.709999999999999,178.9575170453536
1330,1,10,25,5.8192,2.7027027027027026,4.1899999999999995,126.28160304254611
1331,1,10,25,2.7103,1.0810810810810811,0.9099999999999999,201.05615943238183
1332,1,10,25,7.2413,5.405405405405405,7.2700000000000005,154.5763936436933
1333,1,10,25,4.0748,2.1621621621621623,2.0,188.3018722066157
1334,1,10,25,2.8469,1.6216216216216217,0.6,325.17625734656934
1335,1,10,25,3.0355,0.5405405405405406,0.7500000000000001,246.31508997382807
1336,1,10,25,6.2974,4.68108108108108,4.7,227.23725538712984
1337,1,10,25,4.5588,5.945945945945946,2.94,257.2540512491181
1338,1,10,25,8.5268,7.913513513513513,6.57,218.00885858243856
1339,1,10,25,2.7728,1.0810810810810811,1.2799999999999998,174.99791630609656
1340,1,20,25,4.1242,1.6216216216216217,2.17,178.21506015802422
1341,1,20,25,4.0825,1.0918918918918918,2.27,178.31396106628736
1342,1,20,25,10.0987,7.027027027027027,8.41,180.1319984360159
1343,1,20,25,6.018,5.405405405405405,5.380000000000001,167.0432809690526
1344,1,20,25,8.53,8.64864864864865,6.459999999999999,169.49137194604288
1345,1,20,25,4.0414,2.1621621621621623,2.27,152.35640110031963
1346,1,20,25,4.027,3.7837837837837838,2.55,206.90013321846462
1347,1,20,25,3.3361,1.6216216216216217,1.9100000000000001,137.73691748209586
1348,1,20,25,6.3819,5.945945945945946,4.790000000000001,164.79433979200005
1349,1,20,25,13.1971,12.432432432432432,13.15,163.68388809089194
1350,1,20,25,8.9642,9.72972972972973,7.92,173.9819500691189
1351,1,20,25,14.956,10.27027027027027,12.32,151.2481640605392
1352,1,20,25,17.5895,12.032432432432433,16.34,135.70078312119477
1353,1,20,25,4.6445,2.1621621621621623,2.7,148.3144834863597
1354,1,20,25,2.9295,1.0810810810810811,1.31,145.86165949343342
1355,1,20,25,17.3821,15.675675675675677,17.01,177.25189743331066
1356,1,20,25,10.6508,9.091891891891894,10.309999999999999,166.26223166695954
1357,1,20,25,10.9917,6.832432432432432,9.98,145.41615633912684
1358,1,20,25,5.5995,4.864864864864865,4.470000000000001,171.7730973802534
1359,1,20,25,2.1275,0.5405405405405406,0.22000000000000003,327.49857050540624
1360,1,30,25,6.0838,3.5135135135135136,4.4799999999999995,140.51972860916348
1361,1,30,25,10.2448,10.983783783783784,10.11,161.1326076629292
1362,1,30,25,5.7034,4.291891891891892,3.5200000000000005,158.32367185498384
1363,1,30,25,17.0002,10.27027027027027,15.040000000000001,147.31812728220282
1364,1,30,25,4.9683,2.7027027027027026,3.0599999999999996,169.0242158448875
1365,1,30,25,8.1566,6.486486486486487,8.059999999999999,183.39264334128953
1366,1,30,25,11.8921,9.72972972972973,10.47,163.8286321044415
1367,1,30,25,11.3179,6.486486486486487,10.420000000000002,148.21674197905108
1368,1,30,25,9.681,8.108108108108109,8.78,168.6267602683782
1369,1,30,25,11.1543,9.72972972972973,10.59,157.8502736942654
1370,1,30,25,9.9859,7.027027027027026,8.61,149.49584419921382
1371,1,30,25,7.8564,4.324324324324325,5.33,153.02052538220642
1372,1,30,25,6.7267,4.864864864864865,5.03,171.3472401254214
1373,1,30,25,6.9343,3.32972972972973,4.54,132.77887885651427
1374,1,30,25,10.0598,6.486486486486486,9.870000000000001,148.48764045009793
1375,1,30,25,9.4192,8.108108108108109,9.38,146.35338851345918
1376,1,30,25,9.6895,9.859459459459462,10.620000000000001,150.86366973763666
1377,1,30,25,7.6214,4.324324324324325,5.79,146.8870489653478
1378,1,30,25,6.2108,7.5675675675675675,5.930000000000001,170.0538431077379
1379,1,30,25,5.8037,3.7837837837837838,3.9200000000000004,166.3634734683397
1380,1,40,25,7.7908,5.945945945945946,8.0,157.45123463467124
1381,1,40,25,2.2587,0.0,0.06,
1382,1,40,25,9.3582,7.5675675675675675,7.82,161.2219889004498
1383,1,40,25,2.6206,0.5405405405405406,0.9199999999999999,134.98508766212274
1384,1,40,25,5.0165,2.7027027027027026,2.91,170.74651188902033
1385,1,40,25,2.3289,0.0,0.2,
1386,1,40,25,15.7034,10.81081081081081,14.559999999999999,165.18149409862647
1387,1,40,25,4.9287,2.7027027027027026,4.01,150.9126434668726
1388,1,40,25,5.7937,3.7837837837837838,3.29,174.51772562639547
1389,1,40,25,8.42,8.64864864864865,8.72,161.84074585213048
1390,1,40,25,10.2126,10.064864864864864,9.51,159.22820101712585
1391,1,40,25,5.4458,2.1621621621621623,2.52,242.36606611297412
1392,1,40,25,8.0254,5.816216216216216,7.219999999999999,154.68451070513885
1393,1,40,25,10.5793,7.491891891891892,8.15,183.0681553580694
1394,1,40,25,11.1375,6.9837837837837835,10.36,121.57805650206764
1395,1,40,25,8.2819,4.324324324324325,6.26,144.74984935177534
1396,1,40,25,2.3378,0.0,0.0,
1397,1,40,25,2.5743,0.0,0.37,
1398,1,40,25,15.2363,13.405405405405407,15.3,161.51579595668608
1399,1,40,25,11.1281,9.535135135135135,8.89,165.55207736558816
1400,1,50,25,7.5479,4.864864864864865,5.55,143.9140195523584
1401,1,50,25,2.7162,1.6216216216216217,1.3199999999999998,202.2655394313118
1402,1,50,25,10.5831,5.945945945945946,8.370000000000001,138.6877480884608
1403,1,50,25,5.0504,2.075675675675676,3.17,153.34539390226456
1404,1,50,25,16.3965,6.627027027027026,13.36,146.2007637250075
1405,1,50,25,12.6921,8.64864864864865,12.4,145.4934539144703
1406,1,50,25,5.9575,3.2432432432432434,5.25,152.0296446548152
1407,1,50,25,2.4466,0.5405405405405406,0.53,201.32308095187022
1408,1,50,25,3.4693,2.1621621621621623,1.5,199.56371334464905
1409,1,50,25,8.0588,5.945945945945946,6.790000000000001,152.5499873745996
1410,1,50,25,12.7491,9.72972972972973,12.529999999999998,135.29245651308307
1411,1,50,25,2.4869,0.0,0.04,
1412,1,50,25,12.1536,7.5675675675675675,11.08,141.87508065401315
1413,1,50,25,3.5992,1.0810810810810811,1.98,113.27893550542993
1414,1,50,25,5.2059,4.356756756756757,3.28,190.7296394329545
1415,1,50,25,1.9533,0.0,0.0,
1416,1,50,25,15.2041,8.421621621621622,15.05,136.08762326936613
1417,1,50,25,12.9957,9.36216216216216,10.92,157.16866865843676
1418,1,50,25,3.3945,1.481081081081081,1.7399999999999998,167.17560059169531
1419,1,50,25,5.1109,3.7837837837837838,4.34,147.44372423790756
1420,1,60,25,3.0889,1.0810810810810811,0.77,182.41906449818157
1421,1,60,25,3.8906,1.0810810810810811,1.25,146.615234180899
1422,1,60,25,16.028,10.529729729729729,15.84,130.38292174173273
1423,1,60,25,2.0811,0.0,0.02,
1424,1,60,25,3.1359,0.5405405405405406,1.1099999999999999,140.1369052665755
1425,1,60,25,2.249,0.5405405405405406,0.72,140.75388328969865
1426,1,60,25,7.7683,4.864864864864865,7.2700000000000005,147.91679693701977
1427,1,60,25,8.5513,5.891891891891892,6.970000000000001,154.6861677516258
1428,1,60,25,10.5522,6.464864864864865,9.48,123.51808852937666
1429,1,60,25,3.2171,2.1621621621621623,1.29,184.22564918692558
1430,1,60,25,6.6728,3.254054054054054,4.4799999999999995,152.92824446573263
1431,1,60,25,15.2344,13.481081081081083,15.010000000000002,155.0724543889668
1432,1,60,25,4.49,2.7027027027027026,3.29,148.50979220957134
1433,1,60,25,11.3442,8.108108108108109,10.07,165.21510447208593
1434,1,60,25,5.9422,2.7027027027027026,4.37,162.00120808445837
1435,1,60,25,5.7549,3.7837837837837838,4.45,125.66996712898057
1436,1,60,25,12.7289,7.5675675675675675,11.200000000000001,161.26569877117427
1437,1,60,25,3.4415,1.0810810810810811,1.46,173.27156299773222
1438,1,60,25,8.2945,4.864864864864865,7.62,147.95859065384127
1439,1,60,25,7.1686,2.9513513513513514,6.24,137.3005517713406
1440,1,70,25,10.9156,9.275675675675675,10.34,160.3773080772674
1441,1,70,25,14.0884,8.767567567567568,13.469999999999999,131.7189510838844
1442,1,70,25,6.5134,5.405405405405405,5.76,176.21483659999484
1443,1,70,25,3.741,1.0810810810810811,2.0300000000000002,192.40081704938154
1444,1,70,25,10.8006,5.945945945945946,10.790000000000001,146.0597857616759
1445,1,70,25,5.385,4.324324324324325,4.58,162.87638827945574
1446,1,70,25,10.9287,6.486486486486487,10.23,127.07148345209646
1447,1,70,25,5.2395,1.6216216216216217,2.87,123.30300870482138
1448,1,70,25,7.8642,4.4972972972972975,5.37,160.89861398686483
1449,1,70,25,10.6729,7.027027027027027,8.709999999999999,166.3745515325532
1450,1,70,25,2.8378,1.0810810810810811,0.45,197.21977983637717
1451,1,70,25,2.046,0.0,0.12000000000000002,
1452,1,70,25,11.773,10.27027027027027,11.01,155.16784835535947
1453,1,70,25,16.8239,9.610810810810811,14.89,147.45229937680642
1454,1,70,25,18.5476,15.437837837837838,18.02,140.28930268559535
1455,1,70,25,9.9677,7.5675675675675675,9.4,145.52432340241825
1456,1,70,25,2.2183,0.0,0.09,
1457,1,70,25,7.1141,1.0810810810810811,6.29,134.76063769319177
1458,1,70,25,1.7413,0.0,0.0,
1459,1,70,25,6.6607,3.7837837837837838,3.9200000000000004,154.62660225452512
1460,1,75,25,5.1665,2.1621621621621623,3.02,143.79658658560857
1461,1,75,25,15.1269,7.924324324324326,14.039999999999997,135.423469430318
1462,1,75,25,7.9622,5.405405405405405,6.9,131.4242479907644
1463,1,75,25,12.4026,6.075675675675676,10.08,147.36471183974328
1464,1,75,25,13.5863,7.027027027027027,14.26,122.18890593322377
1465,1,75,25,16.5156,9.72972972972973,16.64,134.2527216069121
1466,1,75,25,11.2013,7.037837837837839,10.58,156.4148578903893
1467,1,75,25,6.6023,3.751351351351351,4.58,131.3014068991291
1468,1,75,25,4.9384,1.0810810810810811,3.7,140.7244834774221
1469,1,75,25,17.0312,12.108108108108109,16.47,144.92864060569417
1470,1,75,25,4.0112,1.6216216216216217,1.9,133.5297201460033
1471,1,75,25,9.8132,4.864864864864865,8.4,141.04027610640946
1472,1,75,25,3.5524,1.6216216216216217,1.12,208.0980706961408
1473,1,75,25,15.5887,7.31891891891892,15.680000000000001,120.62161837100133
1474,1,75,25,10.5294,4.324324324324325,9.38,129.18994850436297
1475,1,75,25,8.6627,5.405405405405405,6.849999999999999,159.39069027004516
1476,1,75,25,11.3017,6.486486486486487,9.2,153.73334639038
1477,1,75,25,5.3384,2.1621621621621623,2.77,125.37422934823981
1478,1,75,25,6.1769,4.864864864864865,5.61,121.94220483964283
1479,1,75,25,4.5268,3.5135135135135136,2.9200000000000004,150.91648747212184
1480,1,80,25,4.2942,2.7027027027027026,3.5599999999999996,125.07493424395678
1481,1,80,25,7.2289,2.1945945945945944,4.4,165.46298548035955
1482,1,80,25,3.1747,0.5405405405405406,1.25,130.31908477049637
1483,1,80,25,23.3986,14.054054054054054,24.8,155.82648066258136
1484,1,80,25,12.1854,9.18918918918919,10.879999999999999,132.13976290741218
1485,1,80,25,14.1866,7.654054054054055,13.719999999999999,132.1468909125517
1486,1,80,25,7.1065,5.048648648648649,6.279999999999999,137.30077367144867
1487,1,80,25,7.3841,4.972972972972973,7.2,121.25305192807029
1488,1,80,25,3.4693,1.0810810810810811,1.7099999999999997,130.72705497491097
1489,1,80,25,10.0423,6.313513513513513,8.76,150.1748334234995
1490,1,80,25,17.0368,10.389189189189189,17.83,126.77051978653488
1491,1,80,25,7.3689,5.405405405405405,6.2700000000000005,151.55055129910733
1492,1,80,25,7.422,2.1621621621621623,5.42,127.57269063896872
1493,1,80,25,7.975,4.324324324324325,7.08,162.81930622625657
1494,1,80,25,10.0503,7.5675675675675675,9.46,138.75371729869443
1495,1,80,25,7.0956,2.962162162162162,4.930000000000001,146.82988823233683
1496,1,80,25,2.2046,0.0,0.01,
1497,1,80,25,6.1402,3.2432432432432434,5.390000000000001,143.61972578301362
1498,1,80,25,4.3502,1.0810810810810811,2.29,135.958890639845
1499,1,80,25,4.3327,1.0810810810810811,2.1,188.01619466066245
1500,1,90,25,2.5174,0.23783783783783785,0.02,289.51375494485995
1501,1,90,25,4.4118,2.1621621621621623,2.87,147.86171365328676
1502,1,90,25,5.5133,2.7027027027027026,4.0600000000000005,133.87525618716802
1503,1,90,25,8.7884,4.151351351351352,5.819999999999999,123.55870435227412
1504,1,90,25,12.1133,5.945945945945946,10.549999999999999,129.68831309471275
1505,1,90,25,2.4309,0.5405405405405406,0.44000000000000006,135.32113710240276
1506,1,90,25,5.8213,1.8918918918918919,3.6799999999999997,119.35872392627459
1507,1,90,25,4.6204,2.054054054054054,3.17,125.30438084490055
1508,1,90,25,3.8979,1.6216216216216217,1.8699999999999999,136.46068708574654
1509,1,90,25,11.4336,7.5675675675675675,10.09,140.02912095536934
1510,1,90,25,13.6742,7.5675675675675675,12.77,156.80543609220226
1511,1,90,25,2.1325,0.0,0.01,
1512,1,90,25,4.8538,2.443243243243243,3.16,147.34971033345104
1513,1,90,25,11.1426,7.5675675675675675,10.790000000000001,134.4944202953062
1514,1,90,25,5.6259,1.6216216216216217,2.83,126.04174370917558
1515,1,90,25,10.9815,6.486486486486487,9.809999999999999,118.83327455350769
1516,1,90,25,15.9439,10.81081081081081,15.690000000000001,138.689232668048
1517,1,90,25,13.0919,5.610810810810811,11.55,147.96019809169636
1518,1,90,25,9.4785,4.324324324324325,7.85,143.36901548818187
1519,1,90,25,16.9249,7.6432432432432424,15.889999999999997,126.01090109252715
1520,1,100,25,20.992,5.881081081081081,19.25,119.77601685305159
1521,1,100,25,4.4703,0.5405405405405406,2.45,145.42319807017557
1522,1,100,25,6.6552,2.1621621621621623,5.57,118.2659757572611
1523,1,100,25,12.5652,5.945945945945946,9.95,124.22999274795016
1524,1,100,25,11.7702,4.324324324324325,9.209999999999999,122.31075319825828
1525,1,100,25,13.508,5.9459459459459465,13.77,123.07123789083742
1526,1,100,25,10.3777,9.6,9.419999999999998,150.64953764917755
1527,1,100,25,12.4483,6.486486486486487,11.430000000000001,133.6050464218815
1528,1,100,25,13.3286,4.864864864864865,10.74,124.72979961098677
1529,1,100,25,6.3425,2.1837837837837837,5.130000000000001,123.42030682086363
1530,1,100,25,9.7118,4.140540540540541,8.42,127.3225948177222
1531,1,100,25,12.1275,4.324324324324325,8.52,137.50416020806063
1532,1,100,25,16.1762,7.5675675675675675,14.440000000000001,143.26895406408605
1533,1,100,25,16.3011,6.367567567567567,15.99,140.35900032053257
1534,1,100,25,5.2864,0.5405405405405406,2.4899999999999998,131.53912340781608
1535,1,100,25,17.0351,8.767567567567568,14.85,138.7637204079881
1536,1,100,25,6.2925,2.7027027027027026,4.66,117.4625429632916
1537,1,100,25,14.3692,7.027027027027026,13.86,141.72063598277015
1538,1,100,25,11.73,5.405405405405405,10.35,129.1975407492077
1539,1,100,25,11.9344,4.713513513513513,8.9,126.39878567127354
1540,1,370,25,21.6691,0.0,16.14,
1541,1,370,25,24.4754,0.0,20.98,
1542,1,370,25,52.2886,0.0,40.83,
1543,1,370,25,2.1134,0.0,0.0,
1544,1,370,25,19.0608,0.0,14.560000000000002,
1545,1,370,25,27.3976,0.0,22.11,
1546,1,370,25,60.3979,0.0,48.72,
1547,1,370,25,65.4007,0.0,52.17,
1548,1,370,25,33.0903,0.0,28.68,
1549,1,370,25,23.4861,0.0,17.56,
1550,1,370,25,40.3754,0.0,34.989999999999995,
1551,1,370,25,26.714,0.0,18.990000000000002,
1552,1,370,25,46.4088,0.0,37.029999999999994,
1553,1,370,25,36.1989,0.0,29.24,
1554,1,370,25,57.7548,0.0,49.839999999999996,
1555,1,370,25,2.2682,0.0,0.02,
1556,1,370,25,22.7763,0.0,18.18,
1557,1,370,25,18.9973,0.0,14.310000000000002,
1558,1,370,25,32.623,0.0,26.369999999999997,
1559,1,370,25,66.3636,0.0,53.31,
1560,1,1,30,10.0053,50.832432432432434,10.87,462.09475482095576
1561,1,1,30,3.3986,44.32432432432433,2.29,615.6508956095195
1562,1,1,30,7.3255,47.85945945945946,6.85,448.0984501771368
1563,1,1,30,2.4861,49.66486486486486,0.12,653.2392102423606
1564,1,1,30,5.1605,48.605405405405406,2.38,497.3956985989264
1565,1,1,30,8.4545,48.63783783783784,9.47,496.5769233194854
1566,1,1,30,2.1936,47.0918918918919,0.0,637.7040475498977
1567,1,1,30,3.6519,45.15675675675676,2.77,577.9931533010165
1568,1,1,30,6.4716,47.76216216216216,4.85,517.3550432032166
1569,1,1,30,6.7078,41.97837837837837,6.24,489.1196235378102
1570,1,1,30,2.3639,46.8,0.0,657.8345579979322
1571,1,1,30,3.9881,47.135135135135144,1.58,622.4513425958816
1572,1,1,30,7.3834,44.32432432432432,5.69,474.22992230269904
1573,1,1,30,2.5493,44.35675675675675,0.22999999999999998,670.2771768876553
1574,1,1,30,2.9842,41.25405405405405,1.9600000000000002,591.4986015983044
1575,1,1,30,11.1362,43.81621621621622,10.64,504.4284385641351
1576,1,1,30,7.2332,51.5027027027027,6.609999999999999,501.55611962140847
1577,1,1,30,5.6925,44.69189189189189,4.62,525.8101072942569
1578,1,1,30,3.0205,45.77297297297297,1.47,627.4280088314426
1579,1,1,30,3.8122,50.994594594594595,1.5,551.6823818353274
1580,1,10,30,7.0011,7.027027027027027,6.01,191.66989552818734
1581,1,10,30,2.7801,0.5405405405405406,0.55,110.46848603834427
1582,1,10,30,13.0561,10.81081081081081,11.23,181.1852508819104
1583,1,10,30,14.3133,10.940540540540539,13.239999999999998,203.7900325616471
1584,1,10,30,7.7748,7.5675675675675675,8.129999999999999,184.5159945468722
1585,1,10,30,13.0531,16.216216216216218,16.15,187.22552726321555
1586,1,10,30,5.076,4.324324324324325,4.17,202.02807128856728
1587,1,10,30,3.1846,1.6216216216216217,1.16,242.92661660823467
1588,1,10,30,4.9664,4.324324324324325,3.63,209.17118784158413
1589,1,10,30,3.5622,1.0810810810810811,1.6800000000000002,223.1889585641573
1590,1,10,30,4.6426,5.405405405405405,2.52,254.22693097774626
1591,1,10,30,12.6267,12.897297297297296,12.610000000000001,177.03528220620169
1592,1,10,30,2.43,0.5405405405405406,0.1,335.14950356500105
1593,1,10,30,10.6076,6.691891891891892,11.02,146.6204242289412
1594,1,10,30,4.0872,3.2432432432432434,3.34,124.74107840907509
1595,1,10,30,3.5131,4.324324324324325,2.46,274.5610114606436
1596,1,10,30,4.3382,3.7837837837837838,2.2700000000000005,214.52683802623662
1597,1,10,30,4.1037,2.5945945945945947,2.6,166.97783168278175
1598,1,10,30,4.1548,3.2432432432432434,2.7600000000000002,199.28822151344244
1599,1,10,30,3.6448,1.6216216216216217,1.94,195.27677178135392
1600,1,20,30,10.9842,12.972972972972974,10.37,184.14841121769055
1601,1,20,30,9.45,9.686486486486487,8.559999999999999,162.4032915614112
1602,1,20,30,5.8965,5.9459459459459465,5.88,149.9562077089483
1603,1,20,30,3.2017,1.6216216216216217,1.2100000000000002,191.38920392350482
1604,1,20,30,5.3232,2.551351351351351,4.14,219.59336142401088
1605,1,20,30,13.2984,8.756756756756758,13.01,152.2169112560141
1606,1,20,30,8.465,6.562162162162162,8.190000000000001,133.0604128858675
1607,1,20,30,6.8549,5.945945945945946,5.8,175.849008269293
1608,1,20,30,7.4227,7.5675675675675675,6.2299999999999995,172.7649539597533
1609,1,20,30,3.6894,2.1621621621621623,2.32,183.7593738910378
1610,1,20,30,4.8788,4.324324324324325,3.8,174.41296443061984
1611,1,20,30,2.1192,0.0,0.0,
1612,1,20,30,7.1048,7.5675675675675675,6.58,192.3714123649193
1613,1,20,30,7.6736,5.945945945945946,5.7700000000000005,167.39575364516665
1614,1,20,30,5.2543,4.151351351351352,3.7699999999999996,179.07611722291628
1615,1,20,30,8.6272,8.64864864864865,8.569999999999999,159.00273705414713
1616,1,20,30,6.0842,5.405405405405405,3.53,184.07591020779358
1617,1,20,30,4.9404,5.945945945945946,3.7199999999999998,196.709432243444
1618,1,20,30,8.0213,7.5675675675675675,7.0200000000000005,173.37648133279927
1619,1,20,30,5.0387,4.551351351351352,4.35,150.64594449824102
1620,1,30,30,9.0903,7.751351351351351,8.5,171.83976863970963
1621,1,30,30,13.1651,12.767567567567568,12.920000000000002,170.13873665859032
1622,1,30,30,2.0347,0.0,0.0,
1623,1,30,30,9.1411,8.64864864864865,7.9,155.57260716362134
1624,1,30,30,5.701,3.5243243243243243,5.2700000000000005,131.19923448024835
1625,1,30,30,3.9414,1.481081081081081,2.32,198.01061341868774
1626,1,30,30,9.9819,9.18918918918919,8.540000000000001,185.16218353405054
1627,1,30,30,2.1963,0.0,0.0,
1628,1,30,30,11.5582,9.848648648648648,11.44,161.67869647125312
1629,1,30,30,11.6424,9.783783783783784,10.65,160.0133952504619
1630,1,30,30,13.6015,9.72972972972973,11.98,161.7946752700349
1631,1,30,30,9.5116,9.72972972972973,9.57,166.49582599876126
1632,1,30,30,3.8028,2.1621621621621623,2.4699999999999998,213.16480404972611
1633,1,30,30,9.6887,8.108108108108109,7.55,186.8282767662452
1634,1,30,30,12.5359,8.291891891891892,11.32,157.2181910175645
1635,1,30,30,14.0413,11.405405405405407,14.66,142.5490293410874
1636,1,30,30,7.232,5.405405405405405,6.06,169.31280131544506
1637,1,30,30,5.2533,4.021621621621621,4.32,165.33842038539697
1638,1,30,30,2.9569,1.0810810810810811,1.4200000000000002,132.73087427395242
1639,1,30,30,3.8791,3.2432432432432434,1.59,254.97753279738808
1640,1,40,30,2.1335,0.0,0.19,
1641,1,40,30,5.3663,4.832432432432432,4.46,196.40809575241732
1642,1,40,30,9.2821,6.486486486486487,8.790000000000001,166.2008233474401
1643,1,40,30,11.8313,10.162162162162161,13.309999999999999,151.1762324953933
1644,1,40,30,6.4155,4.864864864864865,4.88,169.19887533385412
1645,1,40,30,6.0518,2.7027027027027026,4.85,122.24374542100459
1646,1,40,30,2.3344,0.0,0.01,
1647,1,40,30,7.2821,3.891891891891892,4.67,194.06033891905133
1648,1,40,30,6.1858,4.2270270270270265,5.46,167.17360690835824
1649,1,40,30,3.6163,0.5405405405405406,1.15,153.4513196099794
1650,1,40,30,13.653,10.162162162162163,13.86,146.98892682113737
1651,1,40,30,7.9485,4.864864864864865,7.95,133.4617502839864
1652,1,40,30,2.3935,0.5405405405405406,0.21000000000000002,146.70651675243656
1653,1,40,30,5.7072,4.864864864864865,3.7399999999999998,182.54412346190495
1654,1,40,30,9.6023,5.372972972972973,7.470000000000001,137.92568190289794
1655,1,40,30,7.2887,6.54054054054054,6.24,194.76317284288538
1656,1,40,30,7.6964,6.162162162162162,8.09,150.0890161267807
1657,1,40,30,2.3191,0.0,0.0,
1658,1,40,30,4.0317,2.5297297297297296,3.34,173.03544869892272
1659,1,40,30,6.4128,5.783783783783784,6.909999999999999,144.16305152053704
1660,1,50,30,7.9784,3.7837837837837838,5.279999999999999,174.1688216661043
1661,1,50,30,4.6427,3.2432432432432434,3.81,158.3134895499253
1662,1,50,30,13.6924,8.108108108108109,11.459999999999999,148.12903460072414
1663,1,50,30,8.3049,4.324324324324325,6.319999999999999,169.32762164808128
1664,1,50,30,6.9163,4.864864864864865,6.69,129.80950684422643
1665,1,50,30,9.672,7.5675675675675675,8.53,134.31030378508913
1666,1,50,30,10.8069,7.027027027027027,9.15,157.8498085422744
1667,1,50,30,8.2023,6.443243243243243,7.99,144.99408844504654
1668,1,50,30,8.0618,5.87027027027027,7.4799999999999995,159.38434514545662
1669,1,50,30,6.8991,7.027027027027027,5.64,173.94898076493416
1670,1,50,30,11.2353,8.108108108108109,9.14,175.5040850857382
1671,1,50,30,6.5545,3.7837837837837838,5.4399999999999995,169.69219495762556
1672,1,50,30,3.5822,2.1621621621621623,1.3,197.7255481135804
1673,1,50,30,2.9706,1.0810810810810811,0.43,130.59118447116927
1674,1,50,30,11.3691,4.767567567567568,9.85,136.42934507350867
1675,1,50,30,2.5002,1.0810810810810811,0.8300000000000001,112.92230916941662
1676,1,50,30,18.7594,14.356756756756758,19.66,145.37155526560443
1677,1,50,30,4.4795,1.3405405405405406,3.2700000000000005,168.13538733218027
1678,1,50,30,10.4138,9.654054054054054,10.790000000000001,142.1282902631241
1679,1,50,30,3.2778,0.5405405405405406,0.97,151.0139705846285
1680,1,60,30,3.1893,1.0810810810810811,1.72,120.39579664185715
1681,1,60,30,10.1118,8.854054054054055,8.280000000000001,138.4876870176054
1682,1,60,30,8.369,5.405405405405405,8.5,152.98299657361332
1683,1,60,30,10.9714,8.64864864864865,11.430000000000001,145.56522099274449
1684,1,60,30,6.3938,4.324324324324325,5.39,190.16269952241183
1685,1,60,30,4.032,2.67027027027027,3.19,149.97597505833
1686,1,60,30,8.1117,3.654054054054054,5.890000000000001,132.55687655030013
1687,1,60,30,7.9463,7.027027027027027,5.610000000000001,165.63019367133725
1688,1,60,30,5.4462,2.7027027027027026,2.82,167.62854459155517
1689,1,60,30,11.0058,8.108108108108109,8.83,157.10734850205947
1690,1,60,30,9.9214,5.556756756756757,7.05,149.5854268838218
1691,1,60,30,2.4308,0.0,0.0,
1692,1,60,30,6.3428,3.2432432432432434,4.58,140.11854460501482
1693,1,60,30,9.6437,5.45945945945946,7.82,131.4518874264312
1694,1,60,30,7.2436,6.583783783783784,6.44,156.11966218448654
1695,1,60,30,5.7783,2.6486486486486487,5.65,125.6270097779076
1696,1,60,30,14.7294,9.924324324324324,13.38,144.54230376690919
1697,1,60,30,5.9754,4.864864864864865,6.0200000000000005,140.41313866752333
1698,1,60,30,6.5879,5.945945945945946,5.000000000000001,193.75261735639097
1699,1,60,30,2.4085,0.5405405405405406,0.27,136.59747865235437
1700,1,70,30,14.5466,8.64864864864865,13.4,129.32179831290995
1701,1,70,30,5.572,4.0,4.9,128.76156669426447
1702,1,70,30,9.2024,3.7837837837837838,8.26,154.55030189911756
1703,1,70,30,10.1781,5.405405405405405,10.83,125.78884525067838
1704,1,70,30,11.9594,9.18918918918919,10.64,147.11725907833264
1705,1,70,30,25.223,15.75135135135135,26.339999999999996,136.26729578866386
1706,1,70,30,2.3362,0.0,0.0,
1707,1,70,30,1.992,0.0,0.0,
1708,1,70,30,5.9968,5.405405405405405,5.06,144.6603561291059
1709,1,70,30,13.107,12.972972972972974,12.62,151.20390834891063
1710,1,70,30,2.1443,0.0,0.13,
1711,1,70,30,14.7125,11.35135135135135,14.75,132.0340204111524
1712,1,70,30,4.7769,2.1621621621621623,2.4699999999999998,157.6093930104875
1713,1,70,30,4.8046,2.1621621621621623,3.04,130.70161071007402
1714,1,70,30,12.8648,11.35135135135135,11.22,150.99771486429242
1715,1,70,30,12.534,10.27027027027027,11.499999999999998,147.54432899833296
1716,1,70,30,9.4405,6.486486486486487,8.0,173.35994952061867
1717,1,70,30,11.3309,8.108108108108109,12.379999999999999,134.8185385686405
1718,1,70,30,8.8077,4.324324324324325,7.5,125.22868404874986
1719,1,70,30,3.1455,1.0810810810810811,0.64,171.61566286106512
1720,1,75,30,15.8195,11.675675675675677,14.120000000000001,145.92474921887487
1721,1,75,30,7.7186,6.486486486486487,6.7,142.2516429945419
1722,1,75,30,8.8131,3.7837837837837838,5.470000000000001,138.6491804741032
1723,1,75,30,17.0786,12.216216216216216,17.060000000000002,142.86724223446018
1724,1,75,30,7.7334,5.664864864864865,6.88,139.05733623063898
1725,1,75,30,16.3628,9.308108108108106,14.440000000000001,128.87978108256385
1726,1,75,30,16.5526,11.837837837837839,15.449999999999998,128.31060217049205
1727,1,75,30,13.3901,8.097297297297297,12.35,124.54954682418817
1728,1,75,30,9.1101,5.47027027027027,7.609999999999999,148.41428938556726
1729,1,75,30,15.8529,11.967567567567567,15.4,164.97945818796086
1730,1,75,30,7.7624,3.7837837837837838,5.74,165.20745884959106
1731,1,75,30,11.8031,7.5675675675675675,10.580000000000002,128.69369652762367
1732,1,75,30,13.0886,4.551351351351352,11.79,120.97298971339112
1733,1,75,30,11.5076,6.486486486486487,10.0,151.71655678144253
1734,1,75,30,6.6422,4.227027027027027,5.11,163.81498247017436
1735,1,75,30,7.2353,3.7837837837837838,6.24,120.55658031243478
1736,1,75,30,4.1037,1.6216216216216217,1.53,131.16697997870304
1737,1,75,30,19.507,14.616216216216216,20.080000000000002,142.96423915711185
1738,1,75,30,7.1696,5.3945945945945954,5.85,154.20024418498997
1739,1,75,30,6.3578,4.172972972972973,5.61,160.25823559766923
1740,1,80,30,10.9523,6.486486486486487,11.01,138.84855338051804
1741,1,80,30,4.6265,2.1621621621621623,3.28,137.19932506915512
1742,1,80,30,8.6879,3.7837837837837838,7.840000000000001,148.44708789158295
1743,1,80,30,5.3019,3.2432432432432434,4.17,150.82607681741882
1744,1,80,30,11.8421,7.5675675675675675,10.5,141.3481714638519
1745,1,80,30,3.2188,0.5405405405405406,0.8800000000000001,123.1088778770343
1746,1,80,30,2.2809,0.5405405405405406,0.47000000000000003,130.07797147543258
1747,1,80,30,2.1073,0.0,0.6599999999999999,
1748,1,80,30,17.5812,7.5675675675675675,15.680000000000001,137.63157517309335
1749,1,80,30,6.4723,2.8864864864864863,5.24,122.183378186558
1750,1,80,30,10.1399,4.864864864864865,10.020000000000001,125.54634706387075
1751,1,80,30,20.4009,13.427027027027027,19.509999999999998,133.3294778765599
1752,1,80,30,3.9242,2.1621621621621623,1.48,201.30290581512227
1753,1,80,30,3.6539,2.7027027027027026,2.25,163.4558580605557
1754,1,80,30,6.0041,1.6216216216216217,3.8600000000000003,139.63784657446422
1755,1,80,30,6.3639,2.7027027027027026,4.5,114.61387339594293
1756,1,80,30,12.5046,7.902702702702702,11.540000000000001,145.0095289799896
1757,1,80,30,3.8698,1.827027027027027,2.2,127.21533666722225
1758,1,80,30,8.0112,4.410810810810811,6.9799999999999995,173.83446474603767
1759,1,80,30,8.2216,5.232432432432432,8.34,140.03939467842287
1760,1,90,30,4.5705,2.1621621621621623,2.7,165.80699581980542
1761,1,90,30,18.0707,8.64864864864865,17.78,138.841137527319
1762,1,90,30,13.0726,5.945945945945946,11.18,166.23568577867593
1763,1,90,30,7.0087,1.3513513513513513,5.17,128.19045514408757
1764,1,90,30,8.8359,3.7837837837837838,8.78,124.96554258858929
1765,1,90,30,7.4414,3.7837837837837838,6.28,127.40298584579129
1766,1,90,30,3.8501,1.6216216216216217,1.6199999999999999,169.72215263519303
1767,1,90,30,5.0254,2.454054054054054,3.35,147.4206952144057
1768,1,90,30,5.3846,1.6216216216216217,3.8299999999999996,125.14474329801048
1769,1,90,30,3.5275,0.5405405405405406,1.9599999999999997,138.58005093937626
1770,1,90,30,2.768,1.0810810810810811,1.02,142.09828684703473
1771,1,90,30,9.5224,5.210810810810811,8.940000000000001,146.14221136633222
1772,1,90,30,12.0283,6.497297297297297,12.12,133.63546649154387
1773,1,90,30,8.6924,6.281081081081081,7.369999999999999,131.66725057335236
1774,1,90,30,9.5752,4.864864864864865,8.81,129.96831737061018
1775,1,90,30,6.7253,2.7027027027027026,5.430000000000001,125.64568211447934
1776,1,90,30,8.3846,3.2432432432432434,5.71,120.35304642054854
1777,1,90,30,9.4794,5.405405405405405,7.959999999999999,134.250513887025
1778,1,90,30,5.5506,2.8972972972972975,4.36,120.01604592541118
1779,1,90,30,10.8668,7.027027027027027,8.84,143.7711162454477
1780,1,100,30,7.7703,3.2432432432432434,6.25,147.23035586130644
1781,1,100,30,8.0546,5.0162162162162165,6.409999999999999,162.8449681750773
1782,1,100,30,3.2993,0.918918918918919,1.27,117.47375223119295
1783,1,100,30,4.9579,2.1621621621621623,3.59,134.6154290914721
1784,1,100,30,14.0299,5.945945945945946,12.68,138.74469891676344
1785,1,100,30,1.9846,0.0,0.05,
1786,1,100,30,8.3266,3.2432432432432434,6.4399999999999995,117.29303144246501
1787,1,100,30,4.236,2.1621621621621623,1.67,183.4645302098015
1788,1,100,30,6.2158,1.0810810810810811,4.390000000000001,111.16870945309769
1789,1,100,30,19.5129,8.032432432432433,17.669999999999998,132.43712549666836
1790,1,100,30,9.0226,2.1621621621621623,6.56,153.235962891728
1791,1,100,30,6.2951,3.945945945945946,4.95,132.6878092631094
1792,1,100,30,9.4965,4.940540540540541,7.9799999999999995,142.46499020372013
1793,1,100,30,6.0323,2.1621621621621623,3.04,156.17939356824462
1794,1,100,30,2.0126,0.0,0.13,
1795,1,100,30,10.5697,5.9459459459459465,9.830000000000002,130.15734243623945
1796,1,100,30,9.2925,5.297297297297297,8.430000000000001,138.0162028556937
1797,1,100,30,10.4423,4.864864864864865,9.0,141.9117026597736
1798,1,100,30,11.3764,5.405405405405405,9.879999999999999,150.19186642936725
1799,1,100,30,7.8159,2.7027027027027026,4.66,128.98125405679292
1800,1,370,30,21.9087,0.0,15.3,
1801,1,370,30,68.9205,0.0,55.5,
1802,1,370,30,44.4556,0.0,32.12,
1803,1,370,30,56.164,0.0,45.6,
1804,1,370,30,3.4601,0.0,0.8400000000000001,
1805,1,370,30,31.0968,0.0,27.54,
1806,1,370,30,15.1828,0.0,14.45,
1807,1,370,30,27.9226,0.0,22.910000000000004,
1808,1,370,30,19.9005,0.0,16.759999999999998,
1809,1,370,30,40.3399,0.0,29.609999999999996,
1810,1,370,30,21.9298,0.0,21.29,
1811,1,370,30,44.312,0.0,36.08,
1812,1,370,30,89.3701,0.0,69.34,
1813,1,370,30,57.7574,0.0,47.07,
1814,1,370,30,56.4805,0.0,43.339999999999996,
1815,1,370,30,2.4252,0.0,0.6,
1816,1,370,30,19.7581,0.0,12.48,
1817,1,370,30,47.6092,0.0,40.160000000000004,
1818,1,370,30,20.3737,0.0,17.57,
1819,1,370,30,37.58,0.0,28.270000000000003,
1820,1,1,50,3.5507,61.45945945945946,1.92,502.43463175009225
1821,1,1,50,7.1643,63.87027027027027,6.790000000000001,463.4141517267186
1822,1,1,50,7.2472,59.383783783783784,6.95,531.8651027498086
1823,1,1,50,5.5068,51.62162162162163,4.07,604.4753348235253
1824,1,1,50,3.2004,59.632432432432424,1.37,578.7862263301366
1825,1,1,50,3.9048,61.589189189189185,2.92,608.7547892349313
1826,1,1,50,3.4275,57.51351351351351,2.1,490.65043422628713
1827,1,1,50,2.5126,58.52972972972973,0.7899999999999999,567.8228011803094
1828,1,1,50,2.283,51.83783783783783,0.51,595.7916159452728
1829,1,1,50,2.5301,57.340540540540545,0.35,658.7876614389561
1830,1,1,50,4.0284,60.91891891891892,3.54,522.1949119733717
1831,1,1,50,2.3023,52.810810810810814,1.1199999999999999,654.6029575372667
1832,1,1,50,5.7793,54.0972972972973,7.33,593.9014161242078
1833,1,1,50,2.6448,61.32972972972973,0.3,588.2949343196232
1834,1,1,50,3.0443,58.24864864864865,0.42000000000000004,631.1115910498262
1835,1,1,50,2.6295,58.48648648648648,0.1,614.04727093716
1836,1,1,50,3.9731,65.3081081081081,2.23,567.3073848590019
1837,1,1,50,5.6674,53.89189189189189,4.65,618.9567097343793
1838,1,1,50,5.4157,57.924324324324324,6.57,529.5892790494263
1839,1,1,50,4.5044,64.07567567567567,3.8600000000000003,561.8604863208275
1840,1,10,50,2.1207,0.5405405405405406,0.16999999999999998,464.51034957917875
1841,1,10,50,5.6945,8.108108108108109,4.1,218.12116206579805
1842,1,10,50,3.2079,2.7027027027027026,1.4200000000000002,230.55388318033738
1843,1,10,50,3.0792,2.7027027027027026,1.81,183.49227576759267
1844,1,10,50,13.4864,20.0,14.77,198.5291958461422
1845,1,10,50,6.0052,5.945945945945946,4.86,211.36376266818232
1846,1,10,50,9.6138,13.859459459459458,9.940000000000001,178.33637082674235
1847,1,10,50,2.3927,1.0810810810810811,1.2600000000000002,137.52287821346377
1848,1,10,50,3.5006,4.551351351351352,1.97,204.56532517982447
1849,1,10,50,3.9431,3.7837837837837838,2.98,172.94240008970903
1850,1,10,50,2.7091,2.281081081081081,1.28,206.17244352673805
1851,1,10,50,5.1503,3.7837837837837838,4.3100000000000005,154.60864206107422
1852,1,10,50,5.7122,5.945945945945946,4.0,251.5006313871656
1853,1,10,50,4.8465,5.945945945945946,3.17,248.47418173241752
1854,1,10,50,5.7289,7.535135135135135,4.2299999999999995,221.03777135485436
1855,1,10,50,4.6474,6.940540540540541,4.91,191.58740734828433
1856,1,10,50,3.8382,4.324324324324325,2.75,167.56464339270076
1857,1,10,50,12.0624,19.45945945945946,12.88,207.76577268464757
1858,1,10,50,8.8757,9.18918918918919,8.620000000000001,165.31435389924974
1859,1,10,50,3.8893,3.7837837837837838,2.1799999999999997,215.68520162400358
1860,1,20,50,3.4709,3.0486486486486486,2.5599999999999996,146.2260731354726
1861,1,20,50,3.6674,3.9351351351351354,1.6599999999999997,236.9852331762553
1862,1,20,50,1.9086,0.0,0.0,
1863,1,20,50,3.2915,2.1621621621621623,1.3699999999999999,168.28290489351923
1864,1,20,50,3.0986,2.151351351351351,2.0700000000000003,165.12611083432242
1865,1,20,50,6.0711,8.302702702702703,5.87,186.46108046549034
1866,1,20,50,4.4048,3.372972972972973,3.88,119.16598379421873
1867,1,20,50,7.9815,11.805405405405406,9.860000000000001,164.6228838045289
1868,1,20,50,3.9508,3.2432432432432434,1.94,229.37850244162686
1869,1,20,50,4.6672,5.945945945945946,4.17,180.57214958745283
1870,1,20,50,3.4619,2.5189189189189194,1.92,196.4552305967755
1871,1,20,50,8.7056,10.021621621621623,8.120000000000001,162.30441623100592
1872,1,20,50,5.8808,4.864864864864865,4.2,193.17523836190696
1873,1,20,50,4.1439,3.7837837837837838,2.38,185.4134450103189
1874,1,20,50,3.8878,3.7837837837837838,1.6,236.384223477351
1875,1,20,50,3.0286,3.2432432432432434,0.63,260.53147203411555
1876,1,20,50,8.8402,13.513513513513516,9.05,174.26626150894077
1877,1,20,50,5.959,10.27027027027027,6.63,209.8678057515343
1878,1,20,50,7.3504,9.18918918918919,6.130000000000001,195.40325551997338
1879,1,20,50,5.5012,6.486486486486487,4.5,168.86223121386232
1880,1,30,50,2.5816,0.0,0.08,
1881,1,30,50,4.2263,4.864864864864865,2.9699999999999998,203.34858336118518
1882,1,30,50,2.2823,0.0,0.0,
1883,1,30,50,3.4925,2.1621621621621623,1.19,226.35550963945875
1884,1,30,50,9.0532,11.891891891891891,11.25,175.98482355143832
1885,1,30,50,8.3271,8.540540540540542,8.01,171.9284996783701
1886,1,30,50,5.0679,6.486486486486487,4.8100000000000005,171.97860553569035
1887,1,30,50,4.3794,2.1621621621621623,2.43,120.79568267335479
1888,1,30,50,4.8141,5.913513513513513,3.21,192.51548729037722
1889,1,30,50,3.6575,1.0810810810810811,2.22,115.23915616033756
1890,1,30,50,9.7041,14.443243243243241,9.85,179.86465180429437
1891,1,30,50,2.6091,0.0,0.04,
1892,1,30,50,11.9126,9.956756756756757,10.32,172.07808146464177
1893,1,30,50,10.3534,16.572972972972973,10.33,204.94513053379018
1894,1,30,50,8.8406,7.729729729729731,7.010000000000001,182.19782253392233
1895,1,30,50,3.4283,1.6216216216216217,1.5699999999999998,144.0841397386928
1896,1,30,50,8.4788,11.535135135135135,9.31,181.2291914132193
1897,1,30,50,2.616,1.0810810810810811,0.5900000000000001,224.33451409181774
1898,1,30,50,2.383,1.0810810810810811,0.0,303.4507295694368
1899,1,30,50,3.9828,3.2432432432432434,1.92,184.00425127776444
1900,1,40,50,4.3367,2.1621621621621623,1.9400000000000002,191.32645177868494
1901,1,40,50,7.0938,8.64864864864865,5.35,193.70504104343783
1902,1,40,50,3.13,1.6216216216216217,1.6600000000000001,198.03962142688036
1903,1,40,50,4.0557,5.405405405405405,3.44,196.69894790786492
1904,1,40,50,6.8607,8.108108108108109,7.3100000000000005,144.2835319308487
1905,1,40,50,6.8279,7.5675675675675675,6.5,165.23958452796973
1906,1,40,50,6.1547,7.027027027027027,6.25,169.91680167462076
1907,1,40,50,7.4088,7.5675675675675675,8.35,128.67813909568878
1908,1,40,50,12.2133,15.675675675675674,11.8,180.14453758109082
1909,1,40,50,7.8906,7.729729729729729,8.22,157.97647481864112
1910,1,40,50,2.1469,0.0,0.26,
1911,1,40,50,2.5204,0.5405405405405406,0.32999999999999996,147.26795082917968
1912,1,40,50,7.4669,7.5675675675675675,6.58,167.09303945102036
1913,1,40,50,2.1254,0.5405405405405406,0.1,243.6516074666252
1914,1,40,50,8.6075,10.81081081081081,8.75,163.64258776196735
1915,1,40,50,5.0223,4.324324324324325,3.34,153.25220081108304
1916,1,40,50,3.3216,3.2432432432432434,1.04,207.2921828255064
1917,1,40,50,3.0033,1.6216216216216217,1.44,131.42334527325863
1918,1,40,50,6.034,6.486486486486487,5.279999999999999,154.6076995989511
1919,1,40,50,6.151,9.72972972972973,7.019999999999999,177.49304368267744
1920,1,50,50,4.5431,3.2432432432432434,3.1,176.91880752103077
1921,1,50,50,5.6601,5.221621621621622,4.42,181.15129138805938
1922,1,50,50,9.468,9.664864864864864,10.17,138.27229648521867
1923,1,50,50,10.6702,8.886486486486486,12.85,152.90475211614063
1924,1,50,50,7.9604,4.237837837837838,5.659999999999999,125.76395066278559
1925,1,50,50,9.1264,9.18918918918919,7.95,155.45734513615048
1926,1,50,50,5.6965,5.232432432432432,4.62,179.28743100581798
1927,1,50,50,6.1624,7.027027027027027,5.01,196.95738499414603
1928,1,50,50,4.2162,3.7837837837837838,2.54,159.66058500970328
1929,1,50,50,12.8169,17.01621621621622,15.24,162.52576365146268
1930,1,50,50,6.1896,5.405405405405405,4.58,186.70579797733825
1931,1,50,50,7.107,5.945945945945946,5.61,173.87060312686663
1932,1,50,50,4.8256,3.7837837837837838,3.13,184.3331171850043
1933,1,50,50,2.6078,0.0,0.01,
1934,1,50,50,4.5352,3.7837837837837838,2.87,188.32303353255742
1935,1,50,50,8.4758,9.502702702702702,9.49,136.71010407629825
1936,1,50,50,7.3754,8.64864864864865,7.780000000000001,151.35391152163965
1937,1,50,50,7.2951,8.108108108108109,7.1,166.15529733420706
1938,1,50,50,4.1486,3.7837837837837838,2.4299999999999997,177.46460767046457
1939,1,50,50,4.1872,2.724324324324324,1.29,171.81438342724812
1940,1,60,50,13.3413,13.49189189189189,13.09,135.11671324380507
1941,1,60,50,9.627,10.248648648648649,8.96,150.67962918000373
1942,1,60,50,6.4899,7.027027027027027,5.61,155.0266265953856
1943,1,60,50,2.5697,1.0810810810810811,1.24,149.1531811835997
1944,1,60,50,9.9793,11.664864864864864,10.5,153.2308287041058
1945,1,60,50,7.9813,6.713513513513513,7.530000000000001,154.7420201813187
1946,1,60,50,9.3574,8.216216216216216,8.25,145.15618849511498
1947,1,60,50,2.9785,0.5405405405405406,0.7699999999999999,132.5220854804985
1948,1,60,50,10.535,10.64864864864865,10.99,159.14985425980325
1949,1,60,50,5.8048,5.405405405405405,4.880000000000001,141.66060905874784
1950,1,60,50,4.0747,2.7027027027027026,1.8400000000000003,209.3638050689952
1951,1,60,50,2.1308,0.0,0.0,
1952,1,60,50,3.5696,2.1621621621621623,2.21,121.32907882979885
1953,1,60,50,4.0041,1.6216216216216217,1.49,133.7371509474274
1954,1,60,50,5.184,5.945945945945946,4.09,190.66108019120222
1955,1,60,50,6.5912,6.162162162162162,5.4399999999999995,150.80716863641302
1956,1,60,50,8.3359,10.27027027027027,6.4300000000000015,178.80253306040413
1957,1,60,50,5.2059,4.864864864864865,3.4900000000000007,161.40641236907015
1958,1,60,50,2.7804,1.0810810810810811,0.64,185.54515051247887
1959,1,60,50,5.7161,5.286486486486487,5.31,155.28837818940298
1960,1,70,50,4.871,3.7837837837837838,2.41,211.80738685108187
1961,1,70,50,3.0587,2.1621621621621623,1.27,235.53584793052815
1962,1,70,50,5.5955,3.2432432432432434,4.49,151.3925532142595
1963,1,70,50,2.8431,0.5405405405405406,0.18,221.6322949285066
1964,1,70,50,7.4973,5.945945945945946,7.109999999999999,128.67230087590775
1965,1,70,50,3.8975,2.1621621621621623,2.2299999999999995,167.48619066333234
1966,1,70,50,12.7146,12.064864864864864,14.470000000000002,129.54373537679967
1967,1,70,50,9.025,8.108108108108109,9.36,131.7281027226888
1968,1,70,50,6.482,5.967567567567568,4.75,156.10249873085812
1969,1,70,50,6.6297,7.113513513513513,5.84,171.9250372466157
1970,1,70,50,5.2943,4.324324324324325,4.069999999999999,165.9362442162896
1971,1,70,50,8.1115,8.64864864864865,8.69,153.73630312239783
1972,1,70,50,5.4945,5.005405405405405,3.4099999999999993,193.9785952368317
1973,1,70,50,4.3114,2.1621621621621623,2.17,171.01164149087538
1974,1,70,50,4.2634,3.2432432432432434,3.15,155.41296375330646
1975,1,70,50,11.2521,11.891891891891891,12.940000000000001,159.8743491114057
1976,1,70,50,8.7976,8.108108108108109,8.360000000000001,144.7543032533307
1977,1,70,50,5.3675,4.043243243243244,5.1899999999999995,132.38987086008046
1978,1,70,50,7.7408,6.508108108108108,6.760000000000001,158.01595416566454
1979,1,70,50,8.3443,5.9459459459459465,8.17,132.36775211105066
1980,1,75,50,11.412,11.891891891891891,11.61,151.90749787177228
1981,1,75,50,6.4479,3.7837837837837838,5.880000000000001,157.26073500841525
1982,1,75,50,3.0647,0.5405405405405406,1.0699999999999998,105.33941705042923
1983,1,75,50,10.9915,9.978378378378377,11.129999999999999,143.39504541649958
1984,1,75,50,4.4817,2.7027027027027026,2.71,166.5084949712179
1985,1,75,50,2.5525,0.5405405405405406,0.15,246.19360842465503
1986,1,75,50,6.7495,5.945945945945946,5.12,151.0407405507862
1987,1,75,50,4.2644,3.2432432432432434,2.2800000000000002,217.18317020835195
1988,1,75,50,1.9819,0.0,0.05,
1989,1,75,50,2.872,0.5405405405405406,0.6799999999999999,122.76457777947063
1990,1,75,50,4.7203,3.7837837837837838,2.73,167.95255027761914
1991,1,75,50,16.2942,16.032432432432433,16.78,147.04912015874135
1992,1,75,50,5.3797,3.2432432432432434,3.5700000000000003,142.97697159795354
1993,1,75,50,7.8104,5.816216216216216,5.890000000000001,169.77324261944898
1994,1,75,50,16.2552,14.64864864864865,17.41,146.9822716778547
1995,1,75,50,3.5539,1.0810810810810811,1.44,125.08235036976824
1996,1,75,50,6.1762,3.2432432432432434,5.0200000000000005,147.78141282182224
1997,1,75,50,4.1359,2.4,2.1399999999999997,177.69911183467488
1998,1,75,50,2.3597,0.0,0.04,
1999,1,75,50,9.3891,8.94054054054054,8.629999999999999,159.50840627071878
2000,1,80,50,2.4193,0.0,0.01,
2001,1,80,50,6.5246,4.172972972972973,4.2700000000000005,150.26580720275095
2002,1,80,50,2.3384,0.5405405405405406,0.38,124.46883133291455
2003,1,80,50,2.5083,0.5405405405405406,0.67,152.75688366041092
2004,1,80,50,4.4732,3.2432432432432434,2.9899999999999998,131.74442924532568
2005,1,80,50,5.4312,5.405405405405405,5.42,148.43705454620877
2006,1,80,50,15.5123,10.572972972972973,12.529999999999998,167.70527529562443
2007,1,80,50,9.3757,8.508108108108107,8.809999999999999,169.95607555447788
2008,1,80,50,7.8347,6.486486486486487,6.05,154.07315523805687
2009,1,80,50,12.0431,10.81081081081081,11.47,154.70177837715605
2010,1,80,50,2.3094,0.0,0.0,
2011,1,80,50,8.4449,8.108108108108109,8.129999999999999,152.3521812703634
2012,1,80,50,5.1802,3.7837837837837838,3.9099999999999993,158.0658243398486
2013,1,80,50,10.0814,8.648648648648647,9.06,159.95796473911184
2014,1,80,50,7.1284,4.864864864864865,4.92,149.4019482704491
2015,1,80,50,5.8636,4.864864864864865,3.7,174.8658167609058
2016,1,80,50,10.8307,9.2,10.96,134.50495997175415
2017,1,80,50,4.1422,2.691891891891892,2.8,191.86243624337447
2018,1,80,50,4.1329,2.854054054054054,4.39,116.42726751533142
2019,1,80,50,2.271,0.0,0.06999999999999999,
2020,1,90,50,4.001,2.1621621621621623,2.37,154.6614096531891
2021,1,90,50,5.6688,2.464864864864865,3.16,175.17644989536143
2022,1,90,50,7.7493,7.027027027027027,7.87,166.37079412272846
2023,1,90,50,3.283,1.0810810810810811,0.95,184.3613332387527
2024,1,90,50,7.3854,7.027027027027026,5.789999999999999,155.18686436058948
2025,1,90,50,1.9322,0.0,0.0,
2026,1,90,50,3.9413,3.2432432432432434,2.9299999999999997,172.85938681453297
2027,1,90,50,5.0698,5.945945945945946,3.04,161.02171266364914
2028,1,90,50,4.3965,2.5405405405405403,2.4699999999999998,187.00690580546922
2029,1,90,50,3.6304,2.7027027027027026,1.58,180.9609062622169
2030,1,90,50,3.0004,0.5405405405405406,0.35,123.61981330985756
2031,1,90,50,5.7206,3.2432432432432434,4.39,135.21176121733572
2032,1,90,50,5.9256,2.9837837837837835,4.93,122.72611778311553
2033,1,90,50,5.5132,3.7837837837837838,4.34,126.694583640959
2034,1,90,50,4.3496,2.1621621621621623,2.95,150.70819742955638
2035,1,90,50,6.0323,3.243243243243243,3.7700000000000005,112.10200031851586
2036,1,90,50,7.0426,4.962162162162162,5.909999999999999,133.33102427008535
2037,1,90,50,14.2992,10.90810810810811,15.52,151.00052914900192
2038,1,90,50,7.8964,4.918918918918918,6.67,136.98175815246105
2039,1,90,50,6.5108,3.7837837837837838,4.84,147.24930396832477
2040,1,100,50,2.2029,0.0,0.02,
2041,1,100,50,7.8318,4.38918918918919,7.0,184.56946341055462
2042,1,100,50,6.6257,4.864864864864865,5.41,161.08201065962078
2043,1,100,50,4.0008,1.6216216216216217,2.66,117.11596376724272
2044,1,100,50,5.5088,2.1621621621621623,3.95,118.08188431771384
2045,1,100,50,7.9055,5.037837837837838,7.639999999999999,130.7514350438116
2046,1,100,50,9.9633,6.486486486486486,9.11,151.97916425846054
2047,1,100,50,9.404,8.108108108108109,8.549999999999999,130.77178734929186
2048,1,100,50,5.9228,3.2432432432432434,4.3,140.70598246935688
2049,1,100,50,7.4089,4.324324324324325,5.5600000000000005,144.03833352275672
2050,1,100,50,5.6069,4.864864864864865,3.87,141.08989183753394
2051,1,100,50,12.7527,7.751351351351351,10.77,143.11283160005894
2052,1,100,50,10.0476,9.243243243243244,9.77,145.98582474588025
2053,1,100,50,9.8692,4.864864864864865,8.9,139.76996677531042
2054,1,100,50,14.6062,10.81081081081081,13.809999999999999,154.3727385072708
2055,1,100,50,15.1286,11.35135135135135,15.039999999999997,143.19627496138267
2056,1,100,50,7.6889,5.405405405405405,7.409999999999999,156.65706047998924
2057,1,100,50,11.8221,5.405405405405405,10.4,132.59993730228157
2058,1,100,50,3.4746,1.0810810810810811,1.54,121.39421137431762
2059,1,100,50,2.7648,1.0810810810810811,1.26,121.88742076923023
2060,1,370,50,37.895,0.0,31.869999999999997,
2061,1,370,50,58.4169,0.0,45.44,
2062,1,370,50,33.5952,0.0,30.97,
2063,1,370,50,2.7406,0.0,1.22,
2064,1,370,50,61.9381,0.0,48.37,
2065,1,370,50,22.1925,0.0,18.19,
2066,1,370,50,42.764,0.0,37.279999999999994,
2067,1,370,50,19.9554,0.0,15.430000000000001,
2068,1,370,50,26.245,0.0,18.61,
2069,1,370,50,47.2123,0.0,37.05,
2070,1,370,50,34.2985,0.0,27.130000000000003,
2071,1,370,50,33.4493,0.0,22.660000000000004,
2072,1,370,50,80.8442,0.0,70.21000000000001,
2073,1,370,50,2.253,0.0,0.02,
2074,1,370,50,39.8744,0.0,34.54,
2075,1,370,50,26.1533,0.0,23.7,
2076,1,370,50,32.8941,0.0,27.830000000000002,
2077,1,370,50,53.7367,0.0,43.86,
2078,1,370,50,23.1726,0.0,18.91,
2079,1,370,50,18.0904,0.0,13.77,
2080,1,1,75,2.3432,64.27027027027026,0.06999999999999999,612.8064174208736
2081,1,1,75,7.0555,66.98378378378378,10.41,479.95985506320574
2082,1,1,75,4.3339,68.45405405405405,2.45,523.4740917688454
2083,1,1,75,4.5292,69.85945945945946,4.83,529.541053933189
2084,1,1,75,2.6499,68.36756756756756,0.06999999999999999,603.3530883158953
2085,1,1,75,3.048,68.15135135135135,1.86,598.4935334531469
2086,1,1,75,2.8226,66.34594594594594,0.5900000000000001,617.9619672170094
2087,1,1,75,4.6976,66.9945945945946,4.09,524.0061608010454
2088,1,1,75,4.7477,66.06486486486487,4.590000000000001,484.4053891213827
2089,1,1,75,6.9187,64.75675675675676,6.319999999999999,538.8749586157315
2090,1,1,75,3.0651,61.41621621621622,1.3699999999999999,602.2405931905038
2091,1,1,75,3.2403,67.2972972972973,1.0,585.1110401535267
2092,1,1,75,4.7291,67.27567567567567,5.32,526.4582819793167
2093,1,1,75,2.7044,68.5081081081081,0.68,640.6689079909468
2094,1,1,75,3.7644,66.14054054054054,1.8099999999999998,535.7548263522339
2095,1,1,75,2.3978,68.88648648648648,0.0,619.7642205056089
2096,1,1,75,2.999,66.73513513513514,1.4700000000000002,527.3598271686867
2097,1,1,75,5.3215,65.04864864864865,6.0,526.8178294378444
2098,1,1,75,3.7986,67.92432432432433,2.08,624.9266583019769
2099,1,1,75,5.4933,70.73513513513514,5.23,520.8353026479081
2100,1,10,75,9.1963,18.918918918918923,10.040000000000001,225.1116983812693
2101,1,10,75,4.8417,9.18918918918919,3.8600000000000003,228.32313807174884
2102,1,10,75,2.0522,0.0,0.06,
2103,1,10,75,4.4779,7.027027027027027,2.57,284.0130286958803
2104,1,10,75,1.8581,0.0,0.0,
2105,1,10,75,6.2378,12.021621621621621,6.1000000000000005,229.4070697397671
2106,1,10,75,5.1326,8.64864864864865,4.18,208.570139515525
2107,1,10,75,5.9936,11.35135135135135,6.3,243.03817118649525
2108,1,10,75,3.9815,9.18918918918919,3.96,223.9417828681996
2109,1,10,75,3.276,4.324324324324325,1.6199999999999999,247.25094663896024
2110,1,10,75,3.0973,3.7837837837837838,2.04,195.27931238227285
2111,1,10,75,2.9016,2.7027027027027026,1.5,214.91593022471224
2112,1,10,75,12.7944,20.0,13.98,194.1737276056139
2113,1,10,75,3.3933,3.7837837837837838,2.18,247.090958878041
2114,1,10,75,2.2755,0.5405405405405406,0.48,243.28411259617317
2115,1,10,75,8.0893,14.432432432432432,7.37,245.6376680876696
2116,1,10,75,6.3977,7.5675675675675675,6.890000000000001,164.86896896625845
2117,1,10,75,11.3953,20.45405405405405,13.52,203.25268606013896
2118,1,10,75,4.1457,6.227027027027027,2.58,231.67935689567773
2119,1,10,75,4.6183,4.864864864864865,3.4899999999999998,200.82733738716672
2120,1,20,75,5.9282,7.924324324324324,5.74,175.3306657961951
2121,1,20,75,5.0667,8.789189189189187,3.8599999999999994,221.75487933761252
2122,1,20,75,2.2797,0.0,0.0,
2123,1,20,75,4.7505,8.0,4.9,186.91541382612579
2124,1,20,75,2.7996,2.7027027027027026,1.35,201.0026841464994
2125,1,20,75,4.1764,4.627027027027028,2.68,172.7032713277624
2126,1,20,75,4.3229,4.864864864864865,3.4299999999999997,200.10407549315752
2127,1,20,75,5.0036,5.405405405405405,3.8400000000000007,241.5367569528326
2128,1,20,75,6.091,8.486486486486488,5.23,188.12374616115852
2129,1,20,75,5.734,5.945945945945946,5.94,142.9274279035825
2130,1,20,75,5.3258,7.027027027027026,4.9799999999999995,162.4575918562844
2131,1,20,75,4.0889,4.864864864864865,1.6800000000000002,251.76836968572732
2132,1,20,75,2.5151,1.6216216216216217,0.25,253.72490724655503
2133,1,20,75,3.1949,2.7027027027027026,1.54,227.34423841002572
2134,1,20,75,3.6221,4.324324324324325,2.6399999999999997,210.7078517412937
2135,1,20,75,5.8628,10.81081081081081,4.66,219.9488700528165
2136,1,20,75,4.7722,8.108108108108109,4.39,186.79281867624238
2137,1,20,75,3.0919,5.362162162162162,3.3299999999999996,171.13022161065254
2138,1,20,75,4.112,4.9837837837837835,2.7800000000000002,204.1759559919097
2139,1,20,75,3.5608,2.1621621621621623,1.56,123.908157645631
2140,1,30,75,4.9872,8.454054054054055,5.76,189.51545106507874
2141,1,30,75,8.9586,13.956756756756757,9.55,181.7416837828773
2142,1,30,75,13.0421,21.632432432432434,14.11,181.56374722378953
2143,1,30,75,3.1731,1.7621621621621621,1.8399999999999999,148.3586383292275
2144,1,30,75,6.5004,8.108108108108109,6.18,190.6380974983849
2145,1,30,75,3.4827,2.908108108108108,2.05,173.89925701495702
2146,1,30,75,6.9389,9.751351351351351,6.76,199.85112787691602
2147,1,30,75,8.2123,12.432432432432432,8.959999999999999,173.67277919586408
2148,1,30,75,8.6656,13.405405405405407,8.790000000000001,170.12977517525334
2149,1,30,75,4.1402,7.264864864864864,2.88,210.43269849308922
2150,1,30,75,6.8994,12.78918918918919,6.06,215.68461244013596
2151,1,30,75,5.2399,8.886486486486486,6.4,182.61923875469734
2152,1,30,75,8.378,11.35135135135135,9.64,169.9812618373397
2153,1,30,75,3.342,4.864864864864865,2.05,200.0644404053331
2154,1,30,75,5.4908,6.486486486486487,4.62,183.47623547990955
2155,1,30,75,4.7251,7.5675675675675675,4.15,212.94120896591085
2156,1,30,75,5.0555,7.5675675675675675,3.35,177.8241688243082
2157,1,30,75,7.4258,10.400000000000002,8.09,184.13199247285485
2158,1,30,75,6.0608,9.372972972972974,3.95,239.97737168935913
2159,1,30,75,5.4517,7.027027027027027,5.7299999999999995,176.31577180829305
2160,1,40,75,2.2332,0.5405405405405406,0.26,234.11656943354765
2161,1,40,75,4.2734,3.9891891891891893,3.38,145.57655483454974
2162,1,40,75,6.4349,10.302702702702703,7.290000000000001,172.28147320195916
2163,1,40,75,3.4953,3.7189189189189187,2.17,206.08519579943413
2164,1,40,75,3.5581,3.7837837837837838,2.54,171.02664338469887
2165,1,40,75,4.6407,6.486486486486487,3.34,208.79818398828934
2166,1,40,75,9.5996,13.902702702702703,11.85,172.2542490738917
2167,1,40,75,2.694,1.0810810810810811,0.61,171.52357035256722
2168,1,40,75,6.7039,6.508108108108108,6.33,176.68227092201784
2169,1,40,75,7.3283,12.432432432432432,9.1,189.3516079520852
2170,1,40,75,6.3915,5.945945945945946,5.51,186.31682281859096
2171,1,40,75,9.8918,13.210810810810813,10.65,176.60111501968362
2172,1,40,75,5.0498,4.864864864864865,3.1100000000000003,222.92693282651112
2173,1,40,75,2.9166,1.6216216216216217,0.8700000000000001,244.36824382715054
2174,1,40,75,3.7892,3.254054054054054,2.92,161.43965810550304
2175,1,40,75,2.1967,1.6216216216216217,0.33999999999999997,263.3522437971322
2176,1,40,75,2.394,0.5405405405405406,0.16999999999999998,234.68256517658344
2177,1,40,75,4.5692,5.405405405405405,4.08,146.19668795376435
2178,1,40,75,4.7678,5.405405405405405,3.2800000000000002,205.7676182469441
2179,1,40,75,5.5288,8.64864864864865,4.28,200.10820520652393
2180,1,50,75,6.4796,9.72972972972973,7.3199999999999985,183.24471071519287
2181,1,50,75,8.1861,11.05945945945946,8.35,165.35307431299273
2182,1,50,75,3.4752,2.7027027027027026,1.8,165.53139767805555
2183,1,50,75,3.9959,3.2432432432432434,2.6,150.0561625727146
2184,1,50,75,6.6902,8.108108108108109,7.24,155.17644873681076
2185,1,50,75,5.5751,7.4270270270270276,3.8099999999999996,227.77641458551741
2186,1,50,75,8.0539,10.81081081081081,8.0,197.92023453850143
2187,1,50,75,7.6985,10.81081081081081,8.27,151.99251920158213
2188,1,50,75,3.8498,3.7837837837837838,2.7199999999999998,164.93667373565924
2189,1,50,75,5.4576,5.945945945945946,3.71,175.99316301778694
2190,1,50,75,4.9508,5.221621621621621,2.96,182.90915987503314
2191,1,50,75,5.1087,7.027027027027027,4.04,215.36993154593904
2192,1,50,75,3.4844,1.6216216216216217,1.1400000000000001,225.3312783599099
2193,1,50,75,9.6744,13.513513513513512,9.33,159.32739691256333
2194,1,50,75,2.9314,1.0810810810810811,0.62,138.06880454199813
2195,1,50,75,6.6102,8.52972972972973,5.18,204.8278764893889
2196,1,50,75,2.1252,0.0,0.08,
2197,1,50,75,2.1267,0.0,0.29,
2198,1,50,75,7.289,9.18918918918919,8.09,161.46600248694565
2199,1,50,75,2.4514,1.0810810810810811,0.18,276.49681430810347
2200,1,60,75,4.2515,3.632432432432432,2.4300000000000006,161.32752781716854
2201,1,60,75,3.3659,1.6216216216216217,0.82,196.31380653331442
2202,1,60,75,7.5162,11.145945945945948,8.82,177.66607018875743
2203,1,60,75,7.3766,9.31891891891892,8.080000000000002,150.10502312291453
2204,1,60,75,3.813,2.7027027027027026,2.65,127.08293369481532
2205,1,60,75,5.041,4.918918918918918,3.16,162.70127266526057
2206,1,60,75,7.3307,10.81081081081081,7.909999999999999,181.24077606495408
2207,1,60,75,6.549,7.5675675675675675,4.680000000000001,175.87631887881565
2208,1,60,75,3.585,3.2432432432432434,2.3299999999999996,146.00026759469833
2209,1,60,75,2.8049,0.5405405405405406,0.58,225.47513529383247
2210,1,60,75,2.6141,0.5405405405405406,0.47000000000000003,185.39900331680673
2211,1,60,75,2.521,1.0810810810810811,0.5199999999999999,265.27143743659354
2212,1,60,75,10.2022,15.135135135135135,10.99,180.4211512100917
2213,1,60,75,8.2436,10.075675675675678,9.629999999999999,167.01276635040108
2214,1,60,75,3.0731,1.6216216216216217,0.7300000000000001,196.50698113529904
2215,1,60,75,7.6449,8.497297297297298,7.44,160.44350273418013
2216,1,60,75,2.8489,1.0810810810810811,1.02,138.94496981040982
2217,1,60,75,5.0373,7.027027027027027,6.859999999999999,144.97549796905108
2218,1,60,75,3.5863,2.518918918918919,3.16,123.59240234126248
2219,1,60,75,4.9994,5.945945945945946,3.56,198.05769854130224
2220,1,70,75,10.1343,12.01081081081081,11.8,146.36576428945273
2221,1,70,75,2.4629,1.0810810810810811,0.55,133.78175447885883
2222,1,70,75,11.2521,10.81081081081081,10.179999999999998,168.54438958803033
2223,1,70,75,4.8111,5.47027027027027,3.8299999999999996,170.21686804740554
2224,1,70,75,6.3898,6.486486486486487,4.2700000000000005,168.49459501068176
2225,1,70,75,12.09,17.2972972972973,12.79,164.5913790098375
2226,1,70,75,3.2198,2.7027027027027026,2.35,129.67761537361963
2227,1,70,75,5.6093,6.789189189189189,3.84,164.6795265783456
2228,1,70,75,7.5223,8.108108108108109,7.589999999999999,172.43519436555567
2229,1,70,75,5.8945,5.405405405405405,4.779999999999999,190.7760353226596
2230,1,70,75,5.1048,4.324324324324325,4.369999999999999,146.07957413394377
2231,1,70,75,3.9934,3.3513513513513518,2.9200000000000004,130.2923550696303
2232,1,70,75,7.9606,12.691891891891892,7.9,169.22616633919182
2233,1,70,75,2.2266,0.0,0.0,
2234,1,70,75,6.5519,5.9459459459459465,4.720000000000001,165.63514948395527
2235,1,70,75,5.6459,3.362162162162163,4.0200000000000005,160.1758592077543
2236,1,70,75,2.9143,1.6216216216216217,1.08,159.8696447099185
2237,1,70,75,4.1284,2.7027027027027026,3.0300000000000002,140.88277880320234
2238,1,70,75,1.8445,0.0,0.0,
2239,1,70,75,2.2216,0.0,0.0,
2240,1,75,75,7.3594,6.81081081081081,6.0600000000000005,172.8951017872843
2241,1,75,75,6.863,7.027027027027026,7.459999999999999,139.47330046368506
2242,1,75,75,4.3768,2.7027027027027026,2.1100000000000003,180.00560979236553
2243,1,75,75,3.329,1.6216216216216217,0.45,193.8650620164907
2244,1,75,75,2.2975,0.5405405405405406,0.4,239.85324166964418
2245,1,75,75,5.7073,6.486486486486487,3.79,154.03953093224933
2246,1,75,75,7.9727,7.621621621621623,6.779999999999999,171.85577167974049
2247,1,75,75,6.0058,5.556756756756757,2.79,211.05462981700737
2248,1,75,75,12.0627,14.421621621621622,12.99,170.05020883924297
2249,1,75,75,4.7236,2.8864864864864863,2.15,164.95615376387863
2250,1,75,75,3.8061,3.5027027027027025,2.7,192.69770195759625
2251,1,75,75,4.9868,2.7027027027027026,1.86,202.69799948356595
2252,1,75,75,4.2338,2.7027027027027026,2.0700000000000003,185.86964894272282
2253,1,75,75,5.9318,5.675675675675675,5.720000000000001,148.5885109411089
2254,1,75,75,8.4852,9.18918918918919,9.41,138.50057233445193
2255,1,75,75,6.0787,6.486486486486487,5.7,160.28166298632456
2256,1,75,75,3.1353,1.0810810810810811,0.65,169.70548655582718
2257,1,75,75,4.235,4.324324324324325,2.34,205.18343948638736
2258,1,75,75,3.4984,3.2432432432432434,1.7899999999999998,228.88918078069614
2259,1,75,75,9.4374,8.64864864864865,9.669999999999998,140.32569073636256
2260,1,80,75,3.2187,1.6216216216216217,2.25,137.81518333385102
2261,1,80,75,4.4124,3.318918918918919,2.5799999999999996,191.5189714906524
2262,1,80,75,2.1085,0.021621621621621623,0.48,131.1531827590634
2263,1,80,75,4.609891216760677,2.9045693612622747,3.4343568464730287,119.70791713136397
2264,1,80,75,3.5169,1.2216216216216216,1.39,121.25773607355733
2265,1,80,75,2.663,0.5405405405405406,0.61,124.878427002754
2266,1,80,75,10.4621,12.972972972972974,10.690000000000001,158.28497539412504
2267,1,80,75,5.7031,5.124324324324324,5.7700000000000005,151.22253289858108
2268,1,80,75,5.6199,4.324324324324325,5.01,135.96339425332644
2269,1,80,75,4.8564,3.7837837837837838,3.9299999999999997,168.63217005537018
2270,1,80,75,10.2383,13.513513513513516,12.02,161.9389964865846
2271,1,80,75,4.800941223590668,4.324324324324325,3.72,162.47409122193872
2272,1,80,75,7.0744,7.5675675675675675,6.909999999999999,146.4429564110586
2273,1,80,75,5.0541,3.5135135135135136,3.18,161.60065201565067
2274,1,80,75,12.9897,18.91891891891892,13.6,174.10512017847765
2275,1,80,75,4.3955,2.27027027027027,2.82,145.5727708409911
2276,1,80,75,3.6248,2.7027027027027026,1.5100000000000002,170.96865490144765
2277,1,80,75,6.6168,5.945945945945946,5.07,162.4919929081022
2278,1,80,75,7.6417,8.129729729729728,7.5600000000000005,165.50835026790827
2279,1,80,75,5.0004,3.4054054054054057,3.3899999999999997,135.55928005475212
2280,1,90,75,3.1891,1.6216216216216217,0.9199999999999999,189.80506095823512
2281,1,90,75,4.6334,2.7027027027027026,4.27,153.14424469733314
2282,1,90,75,8.6651,8.64864864864865,9.260000000000002,162.055799527026
2283,1,90,75,5.1125,2.7027027027027026,4.779999999999999,141.20085056717699
2284,1,90,75,10.1659,9.72972972972973,9.51,153.13793206005408
2285,1,90,75,8.7265,6.994594594594595,8.02,144.68909791845132
2286,1,90,75,8.7803,6.486486486486487,8.360000000000001,148.67959455179394
2287,1,90,75,4.1333,2.7027027027027026,2.54,116.01746542957025
2288,1,90,75,7.2795,7.589189189189189,6.57,139.64083852564625
2289,1,90,75,5.5609,4.864864864864865,4.8100000000000005,157.39696280929022
2290,1,90,75,6.1268,5.45945945945946,4.62,157.7478671301311
2291,1,90,75,10.1808,9.72972972972973,10.45,154.4523002039415
2292,1,90,75,7.6364,7.027027027027027,7.26,142.79818257704827
2293,1,90,75,6.2954,7.027027027027027,4.6899999999999995,168.60087544454106
2294,1,90,75,4.5663,4.324324324324325,3.0100000000000002,153.81309450057466
2295,1,90,75,4.753,1.8702702702702703,2.93,123.34435476781047
2296,1,90,75,7.5418,6.486486486486487,7.360000000000001,154.00547406539314
2297,1,90,75,9.0926,8.108108108108109,7.529999999999999,157.6530969287048
2298,1,90,75,5.6662,4.864864864864865,4.37,156.50657802729563
2299,1,90,75,5.1326,3.2432432432432434,3.34,171.74000086519231
2300,1,100,75,11.7721,7.027027027027026,9.55,159.6794463236956
2301,1,100,75,6.5171,5.405405405405405,6.69,155.31648994220967
2302,1,100,75,1.9377,0.0,0.0,
2303,1,100,75,8.6435,5.405405405405405,7.140000000000001,127.27842725799869
2304,1,100,75,8.8799,6.486486486486487,8.09,138.0109444355982
2305,1,100,75,5.685,5.254054054054055,4.0200000000000005,153.49582156405904
2306,1,100,75,7.5774,6.486486486486487,5.75,145.31114182507238
2307,1,100,75,8.2483,7.5675675675675675,8.77,164.3099609642815
2308,1,100,75,6.071,4.324324324324325,4.209999999999999,162.0264813455744
2309,1,100,75,2.9766,1.0810810810810811,1.25,118.83229270861182
2310,1,100,75,5.766,3.1351351351351355,4.31,124.83587115889775
2311,1,100,75,4.1864,2.7027027027027026,2.65,125.11819747721418
2312,1,100,75,3.5182,1.0810810810810811,1.85,172.85642160246852
2313,1,100,75,4.723,2.1621621621621623,2.6700000000000004,146.7415991328598
2314,1,100,75,4.7297,4.7027027027027035,3.8800000000000003,162.28356006792959
2315,1,100,75,6.7652,5.945945945945946,6.24,151.66015917415737
2316,1,100,75,9.6349,5.945945945945946,7.790000000000001,130.38642500380647
2317,1,100,75,3.6865,2.1621621621621623,1.8199999999999998,178.00884136621644
2318,1,100,75,7.1754,5.9459459459459465,5.2700000000000005,162.26143544251306
2319,1,100,75,13.1295,9.72972972972973,11.23,152.12891734709794
2320,1,370,75,8.6736,0.0,5.2,
2321,1,370,75,19.7592,0.0,16.119999999999997,
2322,1,370,75,25.098,0.0,17.59,
2323,1,370,75,52.4187,0.0,44.44,
2324,1,370,75,62.2513,0.0,52.9,
2325,1,370,75,32.5548,0.0,23.4,
2326,1,370,75,21.8268,0.0,19.03,
2327,1,370,75,60.3616,0.0,50.879999999999995,
2328,1,370,75,27.0863,0.0,20.86,
2329,1,370,75,2.3535,0.0,0.33999999999999997,
2330,1,370,75,26.6717,0.0,20.85,
2331,1,370,75,31.0326,0.0,27.310000000000002,
2332,1,370,75,1.9451,0.0,0.0,
2333,1,370,75,67.3319,0.0,53.25999999999999,
2334,1,370,75,20.8107,0.0,16.130000000000003,
2335,1,370,75,35.4954,0.0,30.370000000000005,
2336,1,370,75,43.8039,0.0,36.010000000000005,
2337,1,370,75,17.1349,0.0,13.910000000000002,
2338,1,370,75,53.1369,0.0,46.129999999999995,
2339,1,370,75,25.9782,0.0,21.04,
2340,1,1,100,2.3433,69.66486486486487,0.34,564.5169471204263
2341,1,1,100,6.888,74.37837837837837,6.51,490.79489227379463
2342,1,1,100,3.2171,73.83783783783784,0.52,577.667653880856
2343,1,1,100,2.8547,71.68648648648649,0.77,557.4130892521348
2344,1,1,100,5.5394,73.6,6.529999999999999,566.6726177343749
2345,1,1,100,5.0889,67.3081081081081,5.51,522.2076512820627
2346,1,1,100,4.4271,74.41081081081082,3.46,558.6043896497687
2347,1,1,100,5.4035,70.92972972972973,4.58,569.8939857534479
2348,1,1,100,4.7369,73.4918918918919,2.21,493.1903293324475
2349,1,1,100,3.3183,70.01081081081081,2.1799999999999997,648.4542971693526
2350,1,1,100,4.6948,70.98378378378378,3.78,558.2752536175484
2351,1,1,100,5.9378,76.34594594594594,5.29,533.0824913885428
2352,1,1,100,5.7786,73.09189189189189,7.3,522.4247617291068
2353,1,1,100,6.749,73.75135135135135,8.029999999999998,499.25717764196094
2354,1,1,100,6.5032,77.45945945945945,5.59,501.4114308883858
2355,1,1,100,7.0692,73.45945945945947,6.7700000000000005,492.41799849679956
2356,1,1,100,3.5163,75.97837837837838,3.5200000000000005,560.9608004205647
2357,1,1,100,2.9059,71.00540540540541,1.1600000000000001,627.2006007963888
2358,1,1,100,2.8187,75.25405405405405,0.52,551.6342314151561
2359,1,1,100,6.8259,75.6972972972973,8.16,501.09732261076977
2360,1,10,100,3.9598,5.945945945945946,2.95,238.76932281086067
2361,1,10,100,5.3572,11.87027027027027,4.790000000000001,248.37668818941214
2362,1,10,100,2.9163,5.405405405405405,1.33,282.4516627688922
2363,1,10,100,7.3375,15.232432432432432,7.4300000000000015,222.14343494999284
2364,1,10,100,4.4267,8.64864864864865,3.6,219.29943157282503
2365,1,10,100,6.4985,16.216216216216218,7.35,234.63385095374068
2366,1,10,100,2.7603,2.1621621621621623,0.54,269.7293481752359
2367,1,10,100,3.563,6.486486486486487,3.19,238.70685131516902
2368,1,10,100,7.9057,20.51891891891892,10.28,232.20003734896412
2369,1,10,100,4.5749,8.108108108108109,3.8899999999999997,260.3755331344662
2370,1,10,100,5.492,12.972972972972974,6.3,274.42092043984053
2371,1,10,100,9.0102,20.594594594594593,10.51,220.4985648276043
2372,1,10,100,5.0922,9.18918918918919,3.97,226.51074142264895
2373,1,10,100,4.909,9.72972972972973,4.49,205.67968584439106
2374,1,10,100,6.761,13.513513513513512,8.22,199.73690612863177
2375,1,10,100,9.4152,14.702702702702704,10.92,183.7854044210514
2376,1,10,100,5.2937,11.243243243243244,5.069999999999999,235.6135400463455
2377,1,10,100,7.5697,18.800000000000004,8.610000000000001,226.88228612591448
2378,1,10,100,4.3237,8.108108108108109,3.6799999999999997,237.9645356096631
2379,1,10,100,3.6411,4.864864864864865,3.4800000000000004,226.50898563725045
2380,1,20,100,2.1949,0.8324324324324325,0.02,327.9940882362809
2381,1,20,100,3.5679,3.2432432432432434,2.05,235.8786388941625
2382,1,20,100,4.6271,7.5675675675675675,3.7600000000000002,226.36065138607685
2383,1,20,100,5.1086,7.31891891891892,4.89,178.37120601047448
2384,1,20,100,5.5525,10.172972972972973,5.43,188.5125346930955
2385,1,20,100,4.6754,9.72972972972973,3.6099999999999994,216.76273157345153
2386,1,20,100,4.5104,11.005405405405407,3.94,237.8103635440327
2387,1,20,100,3.1689,6.38918918918919,3.54,188.05430242294327
2388,1,20,100,7.0146,10.27027027027027,6.42,190.93199073973986
2389,1,20,100,4.6188,8.108108108108109,3.96,197.28526114550914
2390,1,20,100,5.7926,9.556756756756755,6.0,209.06435557418112
2391,1,20,100,8.3621,18.91891891891892,10.99,198.75352164992873
2392,1,20,100,3.6992,6.929729729729731,3.21,208.15717839797674
2393,1,20,100,2.9968,2.7027027027027026,0.85,229.79290607857956
2394,1,20,100,5.1905,8.086486486486487,1.7600000000000002,246.46963219212086
2395,1,20,100,5.6995,10.81081081081081,6.779999999999999,183.47483283439706
2396,1,20,100,4.7577,9.72972972972973,4.6,216.48788041650639
2397,1,20,100,2.7779,2.7027027027027026,0.53,262.5826000019998
2398,1,20,100,3.6507,5.545945945945946,2.37,228.02836580025314
2399,1,20,100,2.5721,2.1621621621621623,0.8400000000000001,209.24570581956
2400,1,30,100,4.488,6.486486486486487,3.59,200.02890529626305
2401,1,30,100,3.9594,4.324324324324325,3.5,172.6508464764193
2402,1,30,100,3.5091,3.7837837837837838,2.0300000000000002,213.20999254810138
2403,1,30,100,2.5992,2.1621621621621623,1.64,196.47063490115076
2404,1,30,100,6.7848,12.432432432432432,6.88,187.55144553565637
2405,1,30,100,5.0428,10.81081081081081,4.94,209.43756364876344
2406,1,30,100,4.3128,6.486486486486487,3.1700000000000004,246.3587475008303
2407,1,30,100,2.3286,0.5405405405405406,0.24000000000000005,167.3718873342454
2408,1,30,100,2.3078,0.5405405405405406,0.3,302.77224562253207
2409,1,30,100,7.9289,12.972972972972974,9.34,174.2753179271065
2410,1,30,100,5.7764,8.010810810810812,5.69,171.02105143372268
2411,1,30,100,2.4951,0.5405405405405406,0.1,317.4678635179698
2412,1,30,100,3.6273,5.405405405405405,1.7100000000000002,232.14376197328562
2413,1,30,100,4.2255,5.5351351351351346,4.2299999999999995,181.90781990442326
2414,1,30,100,7.5819,13.124324324324323,6.859999999999999,184.4569873830398
2415,1,30,100,9.1373,15.135135135135135,9.57,191.60381343693643
2416,1,30,100,3.6866,5.405405405405405,2.8400000000000003,185.3324610139012
2417,1,30,100,4.1606,4.864864864864865,1.55,211.05163354741325
2418,1,30,100,6.5348,10.27027027027027,3.3300000000000005,239.73158910719422
2419,1,30,100,8.6466,15.675675675675677,8.940000000000001,199.62953077711236
2420,1,40,100,8.4184,15.135135135135135,7.720000000000001,209.99743908230593
2421,1,40,100,1.8501,0.0,0.01,
2422,1,40,100,4.4357,5.945945945945946,4.2299999999999995,177.181852283616
2423,1,40,100,3.2986,2.1621621621621623,2.41,152.36162095831318
2424,1,40,100,3.38,3.7837837837837838,2.46,167.13742838746631
2425,1,40,100,5.0765,7.027027027027026,4.26,178.4751165033334
2426,1,40,100,5.6511,8.108108108108109,3.8599999999999994,211.74310555405185
2427,1,40,100,7.0768,10.021621621621621,6.640000000000001,197.12385277905076
2428,1,40,100,5.1232,5.956756756756756,3.94,210.2244777868173
2429,1,40,100,12.6951,23.870270270270268,16.93,174.86214840291166
2430,1,40,100,3.5419,2.7027027027027026,2.58,150.6364785742932
2431,1,40,100,3.6892,3.2432432432432434,2.54,164.1356008518022
2432,1,40,100,7.0031,9.18918918918919,7.1,186.13442182565527
2433,1,40,100,5.6854,10.27027027027027,7.26,180.48126139569283
2434,1,40,100,4.7636,5.405405405405405,4.46,171.5917460499682
2435,1,40,100,2.9153,3.2432432432432434,0.8099999999999999,225.5153824782087
2436,1,40,100,7.4785,14.335135135135136,8.280000000000001,191.54379709028169
2437,1,40,100,5.9567,6.486486486486487,5.8500000000000005,144.53483865828196
2438,1,40,100,6.9219,14.594594594594597,7.83,191.8226172153678
2439,1,40,100,7.7043,11.35135135135135,7.720000000000001,173.6582630750222
2440,1,50,100,3.666,2.1621621621621623,2.04,172.24812457833775
2441,1,50,100,5.578,4.324324324324325,3.47,186.31889717645393
2442,1,50,100,7.6997,12.064864864864864,7.549999999999999,167.5674747787188
2443,1,50,100,3.1342,2.1621621621621623,1.55,199.57123816547414
2444,1,50,100,4.2807,4.324324324324325,2.68,224.958789300262
2445,1,50,100,6.2924,8.118918918918919,5.720000000000001,185.25722868592956
2446,1,50,100,7.3005,12.972972972972974,7.8,192.77839113977163
2447,1,50,100,6.3782,10.908108108108108,6.38,173.47401279320954
2448,1,50,100,3.3872,2.745945945945946,1.4,236.46257323778525
2449,1,50,100,9.5355,14.41081081081081,8.65,170.76898422602883
2450,1,50,100,3.0563,1.6216216216216217,0.8899999999999999,231.8853360231952
2451,1,50,100,6.0822,10.81081081081081,9.21,167.28902899901863
2452,1,50,100,4.1305,5.405405405405405,3.02,206.16653530610301
2453,1,50,100,5.8196,8.64864864864865,5.1899999999999995,162.65907708468484
2454,1,50,100,3.083,2.1621621621621623,1.48,217.83509601867334
2455,1,50,100,5.0667,7.654054054054055,5.4799999999999995,189.5612824116509
2456,1,50,100,3.8565,2.7027027027027026,3.45,164.34236561696724
2457,1,50,100,11.3535,19.329729729729728,13.77,175.24745472711916
2458,1,50,100,7.5727,11.35135135135135,7.089999999999999,184.71296772149148
2459,1,50,100,5.0388,5.9459459459459465,3.91,189.37173249723904
2460,1,60,100,2.852,2.1621621621621623,1.7900000000000003,131.03996781430536
2461,1,60,100,6.4051,9.189189189189188,5.640000000000001,198.41029582199712
2462,1,60,100,3.9179,4.864864864864865,2.3,185.31273189430328
2463,1,60,100,6.2806,6.486486486486487,6.38,141.6452865036912
2464,1,60,100,3.6177,4.324324324324325,3.9599999999999995,135.4095866997069
2465,1,60,100,2.9144,1.8918918918918919,0.6799999999999999,189.07212828463094
2466,1,60,100,5.2856,5.9459459459459465,3.63,192.77222741485303
2467,1,60,100,3.5898,2.1621621621621623,1.16,229.9435668127864
2468,1,60,100,2.3757,0.5405405405405406,0.09,253.25972764953926
2469,1,60,100,2.1072,0.0,0.05,
2470,1,60,100,6.5185,8.64864864864865,4.999999999999999,177.44430411089056
2471,1,60,100,3.5224,4.324324324324325,1.5400000000000003,207.4000349735794
2472,1,60,100,5.2608,7.210810810810811,5.87,159.23018584666548
2473,1,60,100,6.9898,10.994594594594593,8.360000000000001,158.12324744401562
2474,1,60,100,4.668,5.621621621621621,3.34,169.9223485446347
2475,1,60,100,2.3856,0.5405405405405406,0.22000000000000003,299.24625897994974
2476,1,60,100,4.1441,4.8,2.3400000000000003,201.03642342183653
2477,1,60,100,4.9364,5.491891891891892,3.3,205.62664750012573
2478,1,60,100,6.6104,10.81081081081081,7.580000000000001,186.96957119821406
2479,1,60,100,6.7625,9.405405405405405,6.7700000000000005,181.76708512573225
2480,1,70,100,3.8704,4.324324324324325,2.44,224.72854750718625
2481,1,70,100,6.3663,6.756756756756756,6.840000000000001,146.09122457352987
2482,1,70,100,4.5854,6.097297297297297,4.6,188.57709869185894
2483,1,70,100,6.1201,5.448648648648648,5.4,136.33708329952808
2484,1,70,100,5.6879,7.5675675675675675,5.0,190.42529239173123
2485,1,70,100,4.0238,2.7027027027027026,3.62,124.58097981742688
2486,1,70,100,3.7048,1.6216216216216217,2.02,134.40085995420793
2487,1,70,100,5.2426,6.486486486486487,3.97,176.73097185390154
2488,1,70,100,3.2575,2.1621621621621623,1.15,219.21273570811417
2489,1,70,100,11.0011,13.654054054054054,12.360000000000001,168.52875763651576
2490,1,70,100,6.0429,8.108108108108109,5.890000000000001,175.0218479117575
2491,1,70,100,5.7482,5.902702702702703,5.510000000000001,163.45403648714318
2492,1,70,100,2.7679,2.1621621621621623,0.95,174.01305484530897
2493,1,70,100,6.1161,7.5675675675675675,4.9,197.04486029999447
2494,1,70,100,6.2133,8.108108108108109,5.68,150.49683016448975
2495,1,70,100,10.7307,13.535135135135135,12.07,164.8270708476702
2496,1,70,100,6.2794,7.297297297297298,4.78,168.46086562623162
2497,1,70,100,8.0731,10.356756756756758,8.09,180.54287677196942
2498,1,70,100,7.135,9.145945945945945,7.83,179.45062268520698
2499,1,70,100,2.5263,0.0,0.06999999999999999,
2500,1,75,100,2.6407,0.0,0.16,
2501,1,75,100,4.9839,3.275675675675676,2.56,154.1858272172849
2502,1,75,100,8.2011,10.27027027027027,6.85,179.328713406544
2503,1,75,100,9.1409,12.972972972972974,10.77,182.62960364761102
2504,1,75,100,4.3909,3.7837837837837838,2.85,168.94945923314455
2505,1,75,100,3.6547,3.2432432432432434,1.8799999999999997,170.88222597947734
2506,1,75,100,2.8831,1.4162162162162162,1.17,121.45700482139848
2507,1,75,100,5.2738,4.875675675675676,4.81,152.3277959592934
2508,1,75,100,7.3297,5.945945945945946,5.380000000000001,184.1584447085644
2509,1,75,100,4.3246,3.2432432432432434,1.56,209.04169868040458
2510,1,75,100,4.7694,6.767567567567568,4.4,164.76467257982767
2511,1,75,100,9.2884,13.891891891891891,11.75,167.43777036116765
2512,1,75,100,2.1348,0.5405405405405406,0.79,134.68906209881231
2513,1,75,100,2.7504,0.8324324324324325,1.02,125.92893658717102
2514,1,75,100,10.1808,14.91891891891892,11.38,166.42382771845064
2515,1,75,100,4.0611,3.7837837837837838,1.6800000000000002,200.38816861615342
2516,1,75,100,5.2064,5.405405405405405,4.67,145.6236010337238
2517,1,75,100,8.5796,12.572972972972973,10.580000000000002,163.66196439759622
2518,1,75,100,2.2788,0.0,0.0,
2519,1,75,100,11.1581,17.2972972972973,12.110000000000001,165.00187658193366
2520,1,80,100,5.5264,6.021621621621621,6.44,169.5568547099828
2521,1,80,100,4.0486,5.621621621621622,3.6799999999999997,142.68518469611902
2522,1,80,100,6.4405,8.172972972972973,5.01,165.22952005976668
2523,1,80,100,4.1366,4.324324324324325,2.88,165.19731514657363
2524,1,80,100,5.5008,5.9459459459459465,4.29,180.46850629907294
2525,1,80,100,2.427,0.5405405405405406,0.5900000000000001,118.47931700781196
2526,1,80,100,3.3464,1.6216216216216217,1.9799999999999998,143.24130150976657
2527,1,80,100,3.3596,1.6216216216216217,2.0799999999999996,132.05423852636343
2528,1,80,100,5.0735,5.945945945945946,3.5100000000000002,161.72501182835097
2529,1,80,100,3.6154,3.7837837837837838,2.07,209.73199685245157
2530,1,80,100,4.5777,3.9351351351351354,3.3,176.31044270322306
2531,1,80,100,5.2327,5.945945945945946,3.9899999999999998,166.5121526293277
2532,1,80,100,5.2439,3.7837837837837838,2.6100000000000003,194.12811352839358
2533,1,80,100,9.1864,13.264864864864865,11.559999999999999,143.42841920613736
2534,1,80,100,2.5435,0.5405405405405406,0.1,258.39448840153904
2535,1,80,100,4.7543,4.324324324324325,4.21,153.43336854096447
2536,1,80,100,2.1205,0.5405405405405406,0.61,127.28663579846986
2537,1,80,100,2.9486,2.1621621621621623,1.4200000000000002,141.5802036151331
2538,1,80,100,3.4834,1.6216216216216217,1.25,249.89907632223859
2539,1,80,100,4.9156,6.129729729729729,5.45,153.23774026632253
2540,1,90,100,3.6724,3.2432432432432434,2.98,124.63909005725502
2541,1,90,100,6.2193,5.048648648648649,4.74,162.74325982231863
2542,1,90,100,3.6884,3.2432432432432434,2.1199999999999997,224.2677665283954
2543,1,90,100,6.256,4.864864864864865,5.0,167.6937867072266
2544,1,90,100,2.2425,0.0,0.38,
2545,1,90,100,8.0962,10.767567567567568,8.41,165.58454503169008
2546,1,90,100,2.8987,0.5405405405405406,0.6699999999999999,142.32824927037242
2547,1,90,100,4.3206,3.2432432432432434,2.9400000000000004,175.29884491154294
2548,1,90,100,4.5149,1.6216216216216217,2.57,127.71155436537249
2549,1,90,100,3.9677,3.7837837837837838,2.54,176.86180475404666
2550,1,90,100,4.6537,2.9945945945945946,2.96,126.2240058009004
2551,1,90,100,8.1208,9.72972972972973,7.6800000000000015,164.7075738999426
2552,1,90,100,11.6079,12.972972972972974,11.67,152.4125933220221
2553,1,90,100,4.4365,4.324324324324325,3.72,143.92415037848764
2554,1,90,100,2.6281,1.0810810810810811,1.03,130.32966518228756
2555,1,90,100,5.0949,4.324324324324325,3.75,135.15113355485175
2556,1,90,100,2.5108,1.0810810810810811,0.36,138.41456699903677
2557,1,90,100,2.9175,1.0810810810810811,1.0,138.1934511850074
2558,1,90,100,3.4805,1.6216216216216217,1.3599999999999999,123.20632419021285
2559,1,90,100,5.9011,6.4,5.51,167.12437480304428
2560,1,100,100,8.349,7.027027027027027,7.12,158.40094314629278
2561,1,100,100,3.7389,2.7027027027027026,1.9700000000000002,182.89632520708605
2562,1,100,100,9.4197,10.81081081081081,9.129999999999999,154.170335555059
2563,1,100,100,5.9859,6.7783783783783775,7.340000000000001,158.46020057221898
2564,1,100,100,4.6487,3.621621621621622,3.72,152.17991102536098
2565,1,100,100,13.8514,14.767567567567568,14.37,155.4030115381945
2566,1,100,100,5.1494,3.2,3.3299999999999996,159.2144076298522
2567,1,100,100,8.0327,8.64864864864865,8.49,140.30963240129753
2568,1,100,100,8.3025,5.405405405405405,7.9,125.06660845308754
2569,1,100,100,5.3852,4.324324324324325,4.93,137.42666800668513
2570,1,100,100,2.1986,0.0,0.0,
2571,1,100,100,4.7813,2.7027027027027026,3.2299999999999995,121.15635883476497
2572,1,100,100,2.0265,0.0,0.01,
2573,1,100,100,7.3481,7.027027027027027,6.23,165.85380036797207
2574,1,100,100,8.5638,7.935135135135136,9.15,150.17248149878125
2575,1,100,100,5.2974,5.405405405405405,3.8299999999999996,141.60512585038694
2576,1,100,100,4.9543,3.7837837837837838,4.4,134.88305001288214
2577,1,100,100,2.0195,0.0,0.0,
2578,1,100,100,5.1186,3.7837837837837838,3.44,171.3999741186842
2579,1,100,100,4.4407,3.2432432432432434,3.1,191.8065872711513
2580,1,370,100,33.9684,0.0,27.78,
2581,1,370,100,18.2296,0.0,15.02,
2582,1,370,100,35.9715,0.0,28.310000000000002,
2583,1,370,100,25.267,0.0,20.59,
2584,1,370,100,13.5624,0.0,8.879999999999999,
2585,1,370,100,43.3452,0.0,41.410000000000004,
2586,1,370,100,6.5059,0.0,3.4799999999999995,
2587,1,370,100,10.4429,0.0,8.120000000000001,
2588,1,370,100,57.0641,0.0,41.410000000000004,
2589,1,370,100,31.3947,0.0,26.48,
2590,1,370,100,36.1833,0.0,29.32,
2591,1,370,100,19.7012,0.0,16.240000000000002,
2592,1,370,100,29.3778,0.0,24.18,
2593,1,370,100,35.2396,0.0,29.190000000000005,
2594,1,370,100,34.6215,0.0,30.52,
2595,1,370,100,57.35,0.0,49.14,
2596,1,370,100,34.8178,0.0,30.029999999999994,
2597,1,370,100,14.6311,0.0,10.38,
2598,1,370,100,16.9201,0.0,13.479999999999999,
2599,1,370,100,11.6933,0.0,8.0,
2600,2,1,1,32.7133,2.1621621621621623,16.56,424.15164092503596
2601,2,1,1,3.1164,3.2432432432432434,0.0,645.1014925150995
2602,2,1,1,16.9747,3.2432432432432434,7.2200000000000015,663.7296395501469
2603,2,1,1,72.9037,2.7027027027027026,37.57,595.3473040691931
2604,2,1,1,83.1539,2.7027027027027026,44.97,409.73886928758276
2605,2,1,1,49.4339,5.4270270270270276,25.36,438.10157280127055
2606,2,1,1,62.1695,4.864864864864865,34.0,277.8950364434365
2607,2,1,1,49.7462,3.2432432432432434,26.6,447.1441175859366
2608,2,1,1,92.9618,3.2432432432432434,50.08,241.8018037823533
2609,2,1,1,105.1845,5.945945945945946,55.33,189.0233758752682
2610,2,1,1,71.9982,5.945945945945946,38.260000000000005,330.32639625249175
2611,2,1,1,43.6094,2.1621621621621623,24.240000000000002,355.6074582952794
2612,2,1,1,38.7936,2.1621621621621623,19.360000000000003,500.0784824331496
2613,2,1,1,59.9135,4.875675675675676,32.04,278.11423000323435
2614,2,1,1,2.6195,3.7837837837837838,0.0,642.5610978195209
2615,2,1,1,39.4577,1.6216216216216217,22.77,421.7783884231599
2616,2,1,1,37.301,2.324324324324324,18.63,414.7561181748406
2617,2,1,1,68.1721,4.810810810810811,34.25,395.7967906845323
2618,2,1,1,39.1551,4.324324324324325,20.53,400.3286303237994
2619,2,1,1,33.1557,3.243243243243243,16.490000000000002,657.0156640523786
2620,2,10,1,2.449,0.0,0.0,
2621,2,10,1,30.839,1.0810810810810811,14.440000000000001,108.0292842189588
2622,2,10,1,62.0221,1.0810810810810811,33.72,120.56160652588838
2623,2,10,1,32.8405,0.0,18.72,
2624,2,10,1,71.3347,3.2432432432432434,38.44,152.62537337178267
2625,2,10,1,86.7031,3.167567567567567,47.3,122.3674250410777
2626,2,10,1,3.1857,0.0,0.0,
2627,2,10,1,55.4295,2.7027027027027026,30.35,150.3052499586052
2628,2,10,1,3.0206,0.0,0.1,
2629,2,10,1,29.7685,1.0810810810810811,16.06,125.52836563103992
2630,2,10,1,68.73,2.4864864864864864,37.83,117.58840436446496
2631,2,10,1,57.0617,2.7027027027027026,28.76,111.68377455988033
2632,2,10,1,27.3183,2.1621621621621623,14.7,121.50086710942738
2633,2,10,1,61.4051,3.2432432432432434,31.929999999999996,138.47876465085048
2634,2,10,1,57.4846,1.6216216216216217,28.85,203.718573236095
2635,2,10,1,76.6726,4.14054054054054,43.39999999999999,117.68177498612809
2636,2,10,1,59.1194,1.32972972972973,31.619999999999997,124.09569155462918
2637,2,10,1,60.3593,2.1621621621621623,31.869999999999997,148.39525475854825
2638,2,10,1,56.4996,1.6216216216216217,29.93,119.9275296018028
2639,2,10,1,21.6381,3.2432432432432434,12.910000000000002,129.36601115361432
2640,2,20,1,6.2547,0.5405405405405406,2.08,103.10307111512847
2641,2,20,1,30.5416,1.0810810810810811,14.85,121.84757871622804
2642,2,20,1,37.422,1.1243243243243242,19.42,119.19206607349876
2643,2,20,1,64.8017,0.8432432432432432,34.21,115.7351861763639
2644,2,20,1,67.6829,2.1621621621621623,34.94,119.61571555302689
2645,2,20,1,81.3832,2.1621621621621623,43.29,117.60264978607228
2646,2,20,1,31.6228,1.0810810810810811,18.48,121.2589678714128
2647,2,20,1,26.9745,1.0810810810810811,13.39,120.83971882077753
2648,2,20,1,88.9321,2.7027027027027026,48.04,117.27119176555773
2649,2,20,1,39.1634,0.5405405405405406,19.71,106.45394799901169
2650,2,20,1,25.9725,1.6216216216216217,13.39,125.09356306995626
2651,2,20,1,43.0894,1.0810810810810811,22.169999999999998,118.13480667505668
2652,2,20,1,52.2436,0.7783783783783784,26.52,118.5329440046745
2653,2,20,1,64.6974,1.6216216216216217,34.77,122.74587336931711
2654,2,20,1,37.6753,0.0,18.35,
2655,2,20,1,67.2299,2.1621621621621623,35.44,114.97157653009913
2656,2,20,1,41.9279,0.6918918918918919,20.63,111.82497123021935
2657,2,20,1,53.5611,1.0810810810810811,26.119999999999997,116.07604151264215
2658,2,20,1,66.4439,1.5027027027027027,34.32000000000001,113.66058919823637
2659,2,20,1,24.769,2.1621621621621623,13.73,128.56615310328792
2660,2,30,1,2.3919,0.0,0.0,
2661,2,30,1,14.1854,0.0,6.2700000000000005,
2662,2,30,1,45.0331,1.0810810810810811,22.369999999999997,110.44578515431068
2663,2,30,1,54.1911,1.6216216216216217,29.8,114.50886030738616
2664,2,30,1,49.3467,0.0,25.44,
2665,2,30,1,93.621,1.0810810810810811,47.92,114.05816595610378
2666,2,30,1,12.7577,0.0,5.14,
2667,2,30,1,3.1393,0.0,0.02,
2668,2,30,1,2.943,0.0,0.11000000000000001,
2669,2,30,1,2.7988,0.0,0.0,
2670,2,30,1,29.8472,0.5405405405405406,14.89,107.89223180172708
2671,2,30,1,47.5123,0.7243243243243243,24.32,112.71582688365478
2672,2,30,1,69.2914,1.6216216216216217,36.33,125.55549515874827
2673,2,30,1,80.5964,1.6216216216216217,42.32000000000001,119.88971333925328
2674,2,30,1,51.3519,0.5405405405405406,26.259999999999998,111.77060923443887
2675,2,30,1,46.1316,0.5405405405405406,23.72,109.48677474660316
2676,2,30,1,46.9258,1.6216216216216217,26.01,124.61016293845968
2677,2,30,1,52.4578,1.6216216216216217,27.3,115.96516495005619
2678,2,30,1,7.949,0.5405405405405406,3.7399999999999998,135.8282416064116
2679,2,30,1,77.5122,4.864864864864865,41.2,116.43664629354654
2680,2,40,1,53.3607,0.0,27.28,
2681,2,40,1,24.7168,1.0810810810810811,13.459999999999999,110.04655028191121
2682,2,40,1,9.6433,0.0,3.46,
2683,2,40,1,38.9708,1.6216216216216217,18.93,115.03719371455422
2684,2,40,1,102.7886,3.2432432432432434,55.42999999999999,113.50869530598168
2685,2,40,1,31.8499,0.5405405405405406,15.5,108.81200014470687
2686,2,40,1,46.7422,1.0810810810810811,23.189999999999998,128.73407405949618
2687,2,40,1,78.3596,2.7027027027027026,41.57000000000001,110.3623485169494
2688,2,40,1,35.084,1.0810810810810811,18.529999999999998,129.52417355737128
2689,2,40,1,121.4011,3.243243243243243,63.53000000000001,112.29958357537917
2690,2,40,1,47.4025,1.0810810810810811,23.4,106.9926176441094
2691,2,40,1,55.1978,0.0,30.310000000000002,
2692,2,40,1,54.9456,0.5405405405405406,28.060000000000002,118.16497496979227
2693,2,40,1,18.8585,1.0810810810810811,9.89,127.2768380887185
2694,2,40,1,2.6762,0.0,0.03,
2695,2,40,1,19.243,0.0,8.24,
2696,2,40,1,62.6573,1.0810810810810811,33.66,119.20726978012382
2697,2,40,1,20.2536,1.6216216216216217,10.639999999999999,118.67030630793624
2698,2,40,1,55.6029,1.0810810810810811,28.74,116.82439698817664
2699,2,40,1,7.8477,0.5405405405405406,2.97,106.82857329145381
2700,2,50,1,23.6166,0.5405405405405406,12.24,124.35652649348862
2701,2,50,1,69.2473,1.6216216216216217,35.11,112.1265824836745
2702,2,50,1,54.5293,0.5405405405405406,26.77,106.76184979618758
2703,2,50,1,37.4837,1.6216216216216217,20.38,116.05382567125048
2704,2,50,1,69.5195,3.2432432432432434,35.910000000000004,110.7099358537617
2705,2,50,1,85.4667,1.0810810810810811,47.32000000000001,120.72285682631662
2706,2,50,1,44.3378,0.5405405405405406,26.82,118.73885544445241
2707,2,50,1,18.1872,1.6216216216216217,8.830000000000002,153.62484253108966
2708,2,50,1,37.6097,0.0,18.630000000000003,
2709,2,50,1,11.9472,0.5405405405405406,5.73,120.05390701364516
2710,2,50,1,2.903,0.0,0.16,
2711,2,50,1,50.5052,2.7027027027027026,25.74,123.50115248782745
2712,2,50,1,55.8939,1.6216216216216217,29.449999999999996,111.19683435537524
2713,2,50,1,34.5592,0.5405405405405406,17.619999999999997,120.80549309782947
2714,2,50,1,5.7328,0.0,1.78,
2715,2,50,1,15.6824,0.5405405405405406,8.26,123.65220663448248
2716,2,50,1,9.753,1.0810810810810811,4.47,114.59965592955885
2717,2,50,1,50.4654,1.6216216216216217,26.919999999999998,118.93921295371915
2718,2,50,1,115.7261,1.0810810810810811,64.27,116.2535185696286
2719,2,50,1,129.1284,4.324324324324325,68.56,115.36460032989363
2720,2,60,1,23.9146,0.0,11.03,
2721,2,60,1,78.7792,1.491891891891892,43.71,105.86372575166665
2722,2,60,1,142.8113,2.7027027027027026,74.88000000000001,115.37283111173096
2723,2,60,1,54.0057,2.1621621621621623,28.3,115.38993628200811
2724,2,60,1,70.5924,1.0810810810810811,38.23,122.78134307232517
2725,2,60,1,21.6449,0.5405405405405406,11.84,128.88661626926373
2726,2,60,1,23.5061,1.6216216216216217,11.23,113.07064314348737
2727,2,60,1,30.1196,0.5405405405405406,14.59,103.16723032537249
2728,2,60,1,51.844,0.5405405405405406,26.060000000000002,103.66145972778433
2729,2,60,1,47.1005,1.0810810810810811,26.179999999999996,136.66147066132504
2730,2,60,1,83.9957,1.0810810810810811,49.92999999999999,129.34644964964846
2731,2,60,1,74.1997,1.6216216216216217,39.28,120.67636309824029
2732,2,60,1,37.0741,1.0810810810810811,20.32,123.45192427425431
2733,2,60,1,19.9922,0.0,9.3,
2734,2,60,1,21.441,1.6216216216216217,10.709999999999999,118.29295655259504
2735,2,60,1,44.8646,1.0810810810810811,23.139999999999997,118.76135284256665
2736,2,60,1,42.7272,1.6216216216216217,22.16,113.86404485349591
2737,2,60,1,55.4247,1.6216216216216217,27.75,113.59978537405586
2738,2,60,1,109.6623,2.7027027027027026,57.79,111.35082280167505
2739,2,60,1,38.7602,2.1621621621621623,20.290000000000003,129.4454571841937
2740,2,70,1,9.8213,0.0,4.37,
2741,2,70,1,6.857,0.0,2.3600000000000003,
2742,2,70,1,52.7788,1.6216216216216217,26.839999999999996,113.2662869979123
2743,2,70,1,72.485,1.0810810810810811,38.14,120.21056326269002
2744,2,70,1,83.4283,3.405405405405405,44.559999999999995,116.03519769589705
2745,2,70,1,43.4125,1.0810810810810811,23.65,119.81480359466642
2746,2,70,1,40.2315,0.0,19.610000000000003,
2747,2,70,1,50.0173,1.0810810810810811,26.24,119.98530425144924
2748,2,70,1,31.3333,1.0810810810810811,14.36,119.5327178692501
2749,2,70,1,40.3395,0.5405405405405406,20.45,110.84490122000173
2750,2,70,1,29.1331,0.0,13.35,
2751,2,70,1,56.4553,1.6216216216216217,30.079999999999995,122.9665757998398
2752,2,70,1,3.1196,0.0,0.0,
2753,2,70,1,51.3218,0.5405405405405406,25.7,122.2350987681302
2754,2,70,1,32.4784,1.0810810810810811,17.7,120.226585373932
2755,2,70,1,46.4975,1.0810810810810811,23.95,113.30712040528059
2756,2,70,1,84.5444,2.1621621621621623,46.25,121.68356344731276
2757,2,70,1,20.6333,0.5405405405405406,8.99,118.1410920033534
2758,2,70,1,7.5041,0.5405405405405406,2.63,120.52842415353163
2759,2,70,1,86.7287,0.5405405405405406,43.529999999999994,116.71259768765907
2760,2,75,1,91.3694,1.0810810810810811,45.51,119.85369936887224
2761,2,75,1,2.6879,0.0,0.04,
2762,2,75,1,35.1503,0.5405405405405406,17.32,109.6893420236214
2763,2,75,1,39.0457,1.0810810810810811,19.78,117.49246229351786
2764,2,75,1,34.1873,0.0,16.580000000000002,
2765,2,75,1,51.871,2.1621621621621623,26.02,120.38526542783636
2766,2,75,1,82.5775,1.0810810810810811,42.81,117.11139882141283
2767,2,75,1,60.0086,2.7027027027027026,31.619999999999997,116.24867718633163
2768,2,75,1,8.7311,0.0,3.1100000000000003,
2769,2,75,1,59.8223,1.0810810810810811,31.27,109.94133102941632
2770,2,75,1,32.2402,0.0,16.24,
2771,2,75,1,15.7509,0.0,6.790000000000001,
2772,2,75,1,60.2257,1.0810810810810811,30.85,111.69745079930293
2773,2,75,1,55.0251,1.0810810810810811,28.96,112.04943034996387
2774,2,75,1,72.1238,1.0810810810810811,37.63,118.47097510123645
2775,2,75,1,26.7556,1.0810810810810811,13.84,111.49291855211104
2776,2,75,1,30.1657,2.7027027027027026,15.24,118.26505703310201
2777,2,75,1,37.6532,0.5405405405405406,21.119999999999997,109.9663585886484
2778,2,75,1,36.3429,1.0810810810810811,18.979999999999997,123.76595011401506
2779,2,75,1,43.8144,1.6216216216216217,23.139999999999997,130.66391063957994
2780,2,80,1,31.0373,0.5405405405405406,15.180000000000001,110.99377723670727
2781,2,80,1,86.7897,1.0810810810810811,46.17,117.37992321834409
2782,2,80,1,31.3419,1.0810810810810811,15.48,117.65590984745998
2783,2,80,1,59.2826,3.2432432432432434,31.580000000000002,114.1700405236643
2784,2,80,1,45.9572,0.3891891891891892,23.689999999999998,121.18533867458396
2785,2,80,1,79.7287,4.324324324324325,42.49,112.52894260773581
2786,2,80,1,54.5786,2.7027027027027026,28.380000000000003,116.1193617397668
2787,2,80,1,3.9491,0.5405405405405406,1.05,152.45045325896322
2788,2,80,1,84.2763,1.4162162162162162,44.36,104.35960747747441
2789,2,80,1,68.968,3.7837837837837838,37.24,116.38251756557261
2790,2,80,1,72.3603,3.7837837837837838,38.410000000000004,111.66401345748169
2791,2,80,1,43.3735,2.1621621621621623,23.25,123.73951014484933
2792,2,80,1,75.2623,2.7027027027027026,39.46,113.88917254397329
2793,2,80,1,24.3029,1.0810810810810811,11.79,107.48580722693612
2794,2,80,1,14.9312,0.5405405405405406,7.0600000000000005,107.34231186555378
2795,2,80,1,76.7261,1.0810810810810811,44.239999999999995,132.37911940990767
2796,2,80,1,25.7263,0.5405405405405406,13.02,119.15207557227482
2797,2,80,1,31.8181,0.5405405405405406,18.439999999999998,140.67891900927248
2798,2,80,1,88.0598,2.1621621621621623,46.37,122.73388710056257
2799,2,80,1,63.7908,2.7027027027027026,34.17,118.55604329895978
2800,2,90,1,52.3821,1.6216216216216217,28.660000000000004,120.88842033225444
2801,2,90,1,95.485,1.0810810810810811,51.89,124.9346847676541
2802,2,90,1,47.6441,0.0,23.130000000000003,
2803,2,90,1,16.1408,0.0,8.66,
2804,2,90,1,60.0733,1.0810810810810811,30.369999999999997,122.04576137799421
2805,2,90,1,15.9818,0.0,7.2,
2806,2,90,1,36.5511,1.6216216216216217,18.19,110.28552294183339
2807,2,90,1,8.2841,0.5405405405405406,3.4,109.96936759950863
2808,2,90,1,39.2422,0.0,19.369999999999997,
2809,2,90,1,58.8648,3.2432432432432434,33.3,123.93885088011778
2810,2,90,1,45.3294,2.7027027027027026,23.060000000000002,108.81385091084178
2811,2,90,1,49.1657,0.5405405405405406,25.96,120.87339314852535
2812,2,90,1,25.2379,0.5405405405405406,13.2,107.5439503684179
2813,2,90,1,33.1241,0.5405405405405406,15.35,106.88180274174825
2814,2,90,1,8.5498,1.0810810810810811,3.6700000000000004,119.57627212378605
2815,2,90,1,92.337,2.7027027027027026,51.32000000000001,112.02343412086229
2816,2,90,1,32.6759,1.0810810810810811,17.06,105.54815865273062
2817,2,90,1,49.6426,3.7837837837837838,27.059999999999995,113.49184001955457
2818,2,90,1,26.3829,0.5405405405405406,13.05,116.6397366753328
2819,2,90,1,43.4824,1.0810810810810811,23.1,114.54185497187358
2820,2,100,1,82.367,2.1621621621621623,42.760000000000005,111.49430891224851
2821,2,100,1,100.9858,2.2162162162162162,54.02,106.72847148846049
2822,2,100,1,46.274,1.0810810810810811,25.419999999999998,124.0284473434316
2823,2,100,1,48.6991,1.0810810810810811,26.79,114.62118030862703
2824,2,100,1,85.0483,2.7027027027027026,46.419999999999995,111.88529761714241
2825,2,100,1,80.2148,2.1621621621621623,40.739999999999995,120.51284140051764
2826,2,100,1,53.6644,1.6216216216216217,28.78,115.39285597571863
2827,2,100,1,2.4583,0.0,0.0,
2828,2,100,1,90.9836,2.1621621621621623,46.42,110.78075275548629
2829,2,100,1,58.5521,0.5405405405405406,29.880000000000006,119.2764645537635
2830,2,100,1,58.2295,2.7027027027027026,31.139999999999997,109.55393378098056
2831,2,100,1,41.2365,1.145945945945946,20.869999999999997,113.0676958840847
2832,2,100,1,45.4171,1.189189189189189,22.869999999999997,115.89076124420443
2833,2,100,1,45.1558,2.6810810810810812,23.42,115.69553716115463
2834,2,100,1,45.0357,1.0810810810810811,24.910000000000004,123.60134068763061
2835,2,100,1,96.6193,5.405405405405405,53.6,113.28262183138304
2836,2,100,1,46.1798,2.1621621621621623,24.22,120.0926054557645
2837,2,100,1,9.0847,0.0,3.4099999999999993,
2838,2,100,1,34.512,1.0810810810810811,17.43,114.2735130223573
2839,2,100,1,92.941,1.0810810810810811,49.27,114.78513594911676
2840,2,370,1,75.1283,0.0,39.77,
2841,2,370,1,43.1827,0.0,21.7,
2842,2,370,1,54.6154,0.0,27.229999999999997,
2843,2,370,1,33.4159,0.0,16.21,
2844,2,370,1,87.9721,0.0,45.19,
2845,2,370,1,74.1961,0.0,38.43,
2846,2,370,1,28.3243,0.0,12.55,
2847,2,370,1,29.5008,0.0,14.12,
2848,2,370,1,81.44,0.0,42.760000000000005,
2849,2,370,1,24.7041,0.0,12.4,
2850,2,370,1,48.5223,0.0,24.410000000000004,
2851,2,370,1,85.2392,0.0,43.529999999999994,
2852,2,370,1,58.6848,0.0,30.51,
2853,2,370,1,27.7091,0.0,12.709999999999999,
2854,2,370,1,55.7364,0.0,32.03,
2855,2,370,1,34.8275,0.0,17.93,
2856,2,370,1,100.5148,0.0,52.38000000000001,
2857,2,370,1,42.6022,0.0,20.86,
2858,2,370,1,52.3604,0.0,29.5,
2859,2,370,1,104.9928,0.0,55.14000000000001,
2860,2,1,5,11.4421,15.135135135135135,4.92,532.6620533700034
2861,2,1,5,29.1552,16.43243243243243,15.64,508.5869432808808
2862,2,1,5,13.9268,16.302702702702703,6.67,587.9096094166861
2863,2,1,5,17.3785,16.216216216216218,10.05,551.2978539719865
2864,2,1,5,5.2916,15.124324324324323,1.72,650.9188525333146
2865,2,1,5,27.5959,11.351351351351353,16.39,422.8891618629911
2866,2,1,5,24.9945,14.594594594594593,12.66,500.9709696089427
2867,2,1,5,58.6191,15.924324324324326,34.370000000000005,360.61567848498504
2868,2,1,5,13.9666,12.432432432432432,7.2700000000000005,476.1262415223435
2869,2,1,5,30.7996,15.448648648648648,18.89,438.3149530367763
2870,2,1,5,33.8254,19.167567567567566,19.78,493.8960712422017
2871,2,1,5,39.2256,18.38918918918919,21.57,465.0455001470414
2872,2,1,5,20.053,15.135135135135135,10.73,647.1278222464499
2873,2,1,5,53.8739,16.972972972972975,31.21,390.2552318993511
2874,2,1,5,59.2248,18.443243243243238,32.08,418.65608623536014
2875,2,1,5,16.7322,17.56756756756757,7.769999999999999,533.0894461325843
2876,2,1,5,2.7993,16.216216216216218,0.0,630.8345352267035
2877,2,1,5,13.1401,18.43243243243243,7.42,491.3667027899358
2878,2,1,5,35.2562,16.767567567567568,19.8,440.51426564344354
2879,2,1,5,6.8574,20.713513513513515,3.17,473.14413920408185
2880,2,10,5,12.3183,0.854054054054054,5.54,132.01712173366766
2881,2,10,5,13.2646,2.1621621621621623,6.7,193.25140245594338
2882,2,10,5,46.4009,7.5675675675675675,25.71,150.07305289954772
2883,2,10,5,46.6728,4.864864864864865,25.9,183.02418253440482
2884,2,10,5,20.3215,2.2162162162162162,10.719999999999999,196.81214597601746
2885,2,10,5,27.5396,3.1243243243243244,15.060000000000002,147.67336648768767
2886,2,10,5,45.2032,8.108108108108109,26.43,139.10254796528812
2887,2,10,5,9.6158,1.0810810810810811,5.279999999999999,138.4372436905503
2888,2,10,5,31.153,4.324324324324325,17.34,116.52707734519893
2889,2,10,5,20.9805,5.405405405405405,12.46,136.57389540021472
2890,2,10,5,2.8935,0.0,0.1,
2891,2,10,5,2.4904,0.0,0.02,
2892,2,10,5,3.8624,1.0810810810810811,0.75,205.3000891465074
2893,2,10,5,36.0994,5.945945945945946,20.65,139.1167913895629
2894,2,10,5,51.4327,3.686486486486487,26.709999999999997,160.1299264543691
2895,2,10,5,20.9201,2.1621621621621623,11.639999999999999,129.5981854220797
2896,2,10,5,54.6647,6.27027027027027,30.830000000000002,113.96889498373552
2897,2,10,5,3.2142,0.5405405405405406,0.03,303.68504566632515
2898,2,10,5,21.5044,2.745945945945946,12.540000000000001,131.356322392068
2899,2,10,5,44.3737,7.027027027027026,25.880000000000003,144.09020622890412
2900,2,20,5,28.8075,1.6216216216216217,15.530000000000001,119.34322521222983
2901,2,20,5,18.981,1.6216216216216217,8.97,113.21814734231094
2902,2,20,5,38.1242,5.405405405405405,20.830000000000002,133.7874641730613
2903,2,20,5,8.588,1.0810810810810811,3.38,114.45911868750358
2904,2,20,5,31.1758,6.486486486486487,17.73,143.4917104631038
2905,2,20,5,17.206,1.0810810810810811,7.69,115.72113668231671
2906,2,20,5,31.3956,3.470270270270271,17.25,121.17413065814185
2907,2,20,5,63.5221,10.097297297297297,36.94,122.95898718250079
2908,2,20,5,43.3036,5.945945945945946,24.1,136.61484794625068
2909,2,20,5,15.2142,3.2432432432432434,7.26,147.48000284682269
2910,2,20,5,73.1803,11.891891891891893,43.57000000000001,125.43347900529142
2911,2,20,5,30.4645,3.308108108108108,16.619999999999997,122.09082413011106
2912,2,20,5,65.0204,9.827027027027025,36.32,118.56229596727171
2913,2,20,5,30.4752,6.38918918918919,17.39,114.22559989603154
2914,2,20,5,19.8021,2.7027027027027026,11.27,123.2944533613871
2915,2,20,5,8.3829,1.6216216216216217,3.38,115.629052251038
2916,2,20,5,14.8138,2.1621621621621623,7.909999999999999,107.28660145821817
2917,2,20,5,37.6502,5.405405405405405,20.82,135.68241009880526
2918,2,20,5,33.379,3.7729729729729726,19.28,125.84598333244968
2919,2,20,5,54.3343,11.491891891891893,34.29,122.27197280812021
2920,2,30,5,27.9646,4.864864864864865,15.66,126.57062111147894
2921,2,30,5,16.7128,1.6216216216216217,8.5,116.21304052866388
2922,2,30,5,31.7104,5.405405405405405,18.21,117.75340741878445
2923,2,30,5,14.6221,0.5405405405405406,7.0,112.49751566417262
2924,2,30,5,58.4704,8.854054054054055,35.29,127.83617404780543
2925,2,30,5,35.1583,4.864864864864865,19.93,121.01958111348767
2926,2,30,5,52.3626,7.5675675675675675,29.630000000000003,117.30235560790277
2927,2,30,5,33.4408,4.864864864864865,19.860000000000003,116.10675021299137
2928,2,30,5,11.3773,1.6216216216216217,4.840000000000001,119.70751670959136
2929,2,30,5,5.2459,0.5405405405405406,2.19,118.5568095886317
2930,2,30,5,35.5766,2.7027027027027026,18.619999999999997,119.08351062539785
2931,2,30,5,6.891,1.6216216216216217,2.6799999999999997,109.56012720900652
2932,2,30,5,23.1377,2.7027027027027026,11.209999999999999,156.8060405232282
2933,2,30,5,50.6953,7.081081081081081,28.75,121.91170623242108
2934,2,30,5,5.9134,0.5405405405405406,2.46,141.29302758128728
2935,2,30,5,38.9311,4.92972972972973,21.310000000000002,146.4240097131407
2936,2,30,5,70.5648,6.475675675675676,37.37,152.25386678983153
2937,2,30,5,30.3813,3.2648648648648644,16.419999999999998,117.81590823125451
2938,2,30,5,5.1116,2.7027027027027026,1.97,155.26039273643832
2939,2,30,5,17.911,2.7027027027027026,10.200000000000001,133.8902727194183
2940,2,40,5,64.6785,5.945945945945946,34.19,114.34670615272553
2941,2,40,5,31.7068,2.7027027027027026,15.790000000000001,108.96581284571303
2942,2,40,5,48.5664,4.864864864864865,26.18,111.6912978571145
2943,2,40,5,28.3024,7.027027027027027,16.7,117.28287540963512
2944,2,40,5,12.105,3.32972972972973,6.630000000000001,134.18776981338112
2945,2,40,5,12.2104,2.1621621621621623,6.2,120.06153131474125
2946,2,40,5,11.0448,0.5405405405405406,5.08,132.2641209627593
2947,2,40,5,28.0949,3.7837837837837838,15.440000000000001,120.76056761270199
2948,2,40,5,16.7482,0.5405405405405406,7.6,115.65431227128956
2949,2,40,5,55.897,9.048648648648648,32.44,117.13738921596126
2950,2,40,5,17.9059,3.2432432432432434,9.64,120.85458741043617
2951,2,40,5,27.3612,2.1621621621621623,14.15,119.75025183108883
2952,2,40,5,20.8974,4.324324324324325,10.690000000000001,122.57099676469515
2953,2,40,5,36.7927,6.486486486486487,20.11,125.24672197283759
2954,2,40,5,31.0342,4.324324324324325,17.78,116.78739426597906
2955,2,40,5,58.2001,9.232432432432432,33.49,113.36181664291901
2956,2,40,5,14.4364,2.7027027027027026,7.8,115.04574113139977
2957,2,40,5,26.1132,4.864864864864865,13.9,137.77495439107216
2958,2,40,5,32.8578,3.2432432432432434,17.18,116.6571323579109
2959,2,40,5,37.639,6.486486486486487,21.06,126.04300970860281
2960,2,50,5,23.0285,2.1621621621621623,11.940000000000001,118.95920850450376
2961,2,50,5,25.7896,3.7837837837837838,14.529999999999998,123.25778564313744
2962,2,50,5,20.9283,2.7027027027027026,11.33,116.1646638024664
2963,2,50,5,34.2498,3.7837837837837838,18.28,141.97422575003694
2964,2,50,5,22.5978,2.1621621621621623,11.66,131.17828179608662
2965,2,50,5,2.9658,0.0,0.0,
2966,2,50,5,35.9452,5.945945945945946,20.43,125.28183523759235
2967,2,50,5,67.4262,9.502702702702702,39.779999999999994,121.6333049697649
2968,2,50,5,22.9715,5.405405405405405,14.02,140.0435102426965
2969,2,50,5,31.8733,4.864864864864865,18.3,118.59193747660154
2970,2,50,5,37.202,5.405405405405405,19.630000000000003,116.9157010926034
2971,2,50,5,20.2154,3.2432432432432434,10.72,112.68612340054432
2972,2,50,5,5.7886,1.6216216216216217,2.3600000000000003,131.21930400874896
2973,2,50,5,29.538,3.7837837837837838,16.119999999999997,116.63550992149518
2974,2,50,5,50.6868,7.091891891891892,28.74,121.48314375010365
2975,2,50,5,20.798,3.2432432432432434,10.500000000000002,119.45033528119943
2976,2,50,5,18.5443,1.6216216216216217,8.84,146.7034826511694
2977,2,50,5,32.1971,4.864864864864865,17.0,111.01811517901481
2978,2,50,5,36.2232,5.254054054054054,19.73,133.65131127511478
2979,2,50,5,35.8588,5.9459459459459465,19.130000000000003,123.90908784132462
2980,2,60,5,29.7618,5.405405405405405,17.27,118.362368543644
2981,2,60,5,36.7614,3.2432432432432434,19.23,121.66189159966571
2982,2,60,5,19.4219,1.6216216216216217,9.61,114.20049770624472
2983,2,60,5,10.4715,1.6216216216216217,4.65,129.49457359228492
2984,2,60,5,22.2653,0.4108108108108108,10.24,103.81010509401551
2985,2,60,5,19.7079,3.2432432432432434,10.89,124.70087618941314
2986,2,60,5,52.7788,7.5675675675675675,29.660000000000004,116.39521422603907
2987,2,60,5,79.2046,7.027027027027026,44.11,116.5911453459924
2988,2,60,5,31.7982,3.2432432432432434,17.78,123.29169413307575
2989,2,60,5,19.4218,3.2432432432432434,10.21,134.9686095978296
2990,2,60,5,40.8881,4.324324324324325,23.479999999999997,120.71378047576991
2991,2,60,5,35.4578,4.864864864864865,18.369999999999997,131.21017475361467
2992,2,60,5,49.1934,8.108108108108109,29.810000000000002,117.13245796519324
2993,2,60,5,35.2252,6.486486486486487,20.93,123.52258454008434
2994,2,60,5,30.2674,6.486486486486487,17.96,120.77461666586538
2995,2,60,5,38.4862,4.864864864864865,20.8,124.5820174315255
2996,2,60,5,47.0419,3.7837837837837838,25.220000000000002,121.95822981877969
2997,2,60,5,2.661,0.0,0.04,
2998,2,60,5,33.3919,5.405405405405405,18.96,114.86268304715168
2999,2,60,5,44.8332,5.9459459459459465,24.6,117.8692550988564
3000,2,70,5,3.086,0.0,0.0,
3001,2,70,5,51.2512,5.405405405405405,27.03000000000001,114.90021565580153
3002,2,70,5,2.6731,0.0,0.0,
3003,2,70,5,28.8304,3.2432432432432434,15.179999999999998,109.72124217291544
3004,2,70,5,15.1172,3.2432432432432434,7.869999999999999,121.72444361016404
3005,2,70,5,16.1009,1.6216216216216217,7.24,117.76410137032143
3006,2,70,5,63.5728,7.027027027027027,36.120000000000005,119.35319587826433
3007,2,70,5,61.8645,7.027027027027027,35.32000000000001,118.3027778702045
3008,2,70,5,7.9132,0.5405405405405406,2.7399999999999998,109.02018264478369
3009,2,70,5,56.6454,8.108108108108109,32.379999999999995,124.29993894210102
3010,2,70,5,34.2218,3.7837837837837838,17.34,116.75931739567446
3011,2,70,5,42.6397,2.7027027027027026,23.05,113.95773154905885
3012,2,70,5,2.5288,0.0,0.0,
3013,2,70,5,39.3967,5.405405405405405,22.83,118.64201032527258
3014,2,70,5,37.7148,4.864864864864865,18.86,127.67440202697486
3015,2,70,5,25.1108,2.7027027027027026,13.440000000000001,122.58482473757235
3016,2,70,5,39.4648,5.405405405405405,22.34,137.3131552108474
3017,2,70,5,75.3764,5.405405405405405,40.260000000000005,116.20759720732588
3018,2,70,5,33.2078,3.7837837837837838,17.4,112.53310447790543
3019,2,70,5,44.5509,3.437837837837838,22.53,113.16324774554104
3020,2,75,5,3.2637,0.0,0.21000000000000002,
3021,2,75,5,15.5553,1.0810810810810811,7.390000000000001,118.89937935189394
3022,2,75,5,29.4057,2.637837837837838,15.329999999999998,112.1261020455192
3023,2,75,5,36.6747,4.324324324324325,20.19,113.81827328627085
3024,2,75,5,29.0303,5.405405405405405,16.77,130.16709478874367
3025,2,75,5,45.0298,5.405405405405405,24.259999999999998,115.26875155136568
3026,2,75,5,66.8479,9.72972972972973,40.46,128.35722839550192
3027,2,75,5,48.7995,1.6216216216216217,24.85,115.26655433987038
3028,2,75,5,20.9845,2.1621621621621623,10.37,112.89995482867427
3029,2,75,5,6.5118,1.6216216216216217,2.58,113.68905287301372
3030,2,75,5,55.2522,5.405405405405405,30.07,114.96700737877276
3031,2,75,5,45.9146,3.2432432432432434,25.689999999999998,122.27000847596942
3032,2,75,5,45.4453,3.7405405405405405,24.28,117.3227585344432
3033,2,75,5,14.9419,1.6216216216216217,7.640000000000001,115.00669939212457
3034,2,75,5,3.7161,0.5405405405405406,0.78,118.03914101848353
3035,2,75,5,40.7367,8.64864864864865,24.94,121.58718819293796
3036,2,75,5,15.5689,2.1621621621621623,7.75,125.87767223824186
3037,2,75,5,27.8809,4.864864864864865,16.05,121.6432638619814
3038,2,75,5,52.7141,5.945945945945946,29.75,115.96862379878156
3039,2,75,5,32.1437,3.7837837837837838,17.35,125.4244816739824
3040,2,80,5,24.3716,1.6216216216216217,11.620000000000001,109.77668030455972
3041,2,80,5,21.5105,3.243243243243243,12.009999999999998,120.7112877747714
3042,2,80,5,5.7094,1.6216216216216217,2.4299999999999997,121.8688604153761
3043,2,80,5,52.3293,5.405405405405405,29.49,122.84494946034965
3044,2,80,5,43.1549,6.486486486486487,25.359999999999996,122.86748675151672
3045,2,80,5,9.2635,1.6216216216216217,3.8,110.99330325094422
3046,2,80,5,27.4492,4.324324324324325,15.36,121.26175410275883
3047,2,80,5,11.0869,1.6216216216216217,5.08,159.77207895321504
3048,2,80,5,17.5118,3.72972972972973,9.639999999999999,116.57015144637047
3049,2,80,5,23.9386,2.92972972972973,12.47,111.84677575316574
3050,2,80,5,63.3425,9.18918918918919,37.510000000000005,122.46696250292013
3051,2,80,5,30.0707,3.394594594594595,15.59,121.80692580829853
3052,2,80,5,23.387,4.324324324324325,12.459999999999999,139.8532696807057
3053,2,80,5,23.0564,2.7027027027027026,11.88,117.74347098190299
3054,2,80,5,26.894,3.7837837837837838,14.7,117.83449754590985
3055,2,80,5,61.2093,7.31891891891892,34.34,115.1398638650849
3056,2,80,5,78.2005,11.891891891891891,44.59,114.81709812138003
3057,2,80,5,54.7612,4.324324324324325,29.910000000000004,114.98695675356726
3058,2,80,5,32.405,2.1621621621621623,16.529999999999998,106.34391766680967
3059,2,80,5,17.5249,1.0810810810810811,8.709999999999999,121.20688463900647
3060,2,90,5,37.8936,8.108108108108107,22.830000000000002,117.18741734502628
3061,2,90,5,5.7908,1.0810810810810811,1.51,103.30606692803957
3062,2,90,5,40.7167,7.027027027027027,23.330000000000002,133.4762510102231
3063,2,90,5,21.9898,4.324324324324325,12.27,117.81871131937086
3064,2,90,5,20.572,1.0810810810810811,9.870000000000001,126.36352689510167
3065,2,90,5,24.2351,1.6216216216216217,11.95,116.17898186021817
3066,2,90,5,27.0633,3.2432432432432434,15.030000000000001,121.55366445375135
3067,2,90,5,22.084,2.1621621621621623,11.62,114.73464820915109
3068,2,90,5,11.6743,2.1621621621621623,5.57,123.36772568600708
3069,2,90,5,38.963,4.324324324324325,21.33,108.2075299296335
3070,2,90,5,42.1704,5.945945945945946,23.98,115.14085372740514
3071,2,90,5,44.9753,4.367567567567567,25.3,113.4864312933524
3072,2,90,5,14.3686,1.0810810810810811,7.110000000000001,115.34301376423959
3073,2,90,5,25.6946,1.6216216216216217,13.810000000000002,125.87909545069692
3074,2,90,5,40.4908,8.108108108108109,24.0,118.44255388093605
3075,2,90,5,62.6542,7.416216216216216,36.79,121.66438790903825
3076,2,90,5,46.1904,8.64864864864865,26.79,115.41896070749314
3077,2,90,5,36.6952,7.891891891891892,20.169999999999998,112.52060438626944
3078,2,90,5,27.6625,3.7837837837837838,15.190000000000001,117.45625466587254
3079,2,90,5,28.4854,3.2432432432432434,15.709999999999999,115.98706536493711
3080,2,100,5,57.02,4.12972972972973,30.23,111.57887741436912
3081,2,100,5,30.6631,5.405405405405405,17.910000000000004,120.0936874133826
3082,2,100,5,2.6727,0.0,0.03,
3083,2,100,5,23.9103,2.7027027027027026,13.419999999999998,124.8329442266584
3084,2,100,5,19.9197,2.0972972972972976,10.18,116.34136139522175
3085,2,100,5,63.6181,7.5675675675675675,35.94,113.99448109666403
3086,2,100,5,25.6631,3.394594594594595,13.489999999999998,120.80258753880344
3087,2,100,5,35.5096,3.7837837837837838,19.619999999999997,112.27769112844327
3088,2,100,5,59.5589,9.18918918918919,34.970000000000006,117.87329984562633
3089,2,100,5,39.4391,9.18918918918919,23.47,123.22522970933329
3090,2,100,5,32.2439,5.405405405405405,20.009999999999998,127.94644407806109
3091,2,100,5,11.2573,3.9567567567567563,5.959999999999999,138.47288923321037
3092,2,100,5,28.0778,3.2432432432432434,14.61,121.74732548169074
3093,2,100,5,63.6056,8.108108108108109,36.11,120.98393233939368
3094,2,100,5,18.7243,0.5405405405405406,8.68,121.49939597775622
3095,2,100,5,50.7822,10.27027027027027,33.410000000000004,124.19059026028621
3096,2,100,5,15.045,1.0810810810810811,6.640000000000001,110.96130918487722
3097,2,100,5,19.9007,3.7837837837837838,11.1,121.78479678109149
3098,2,100,5,4.1724,1.0810810810810811,1.45,117.93643802471549
3099,2,100,5,45.7771,6.54054054054054,26.790000000000003,120.96858271112043
3100,2,370,5,136.9039,0.0,72.24,
3101,2,370,5,52.1616,0.0,28.07,
3102,2,370,5,100.6095,0.0,52.0,
3103,2,370,5,58.5698,0.0,28.99,
3104,2,370,5,70.9778,0.0,36.62,
3105,2,370,5,63.6754,0.0,34.190000000000005,
3106,2,370,5,3.1502,0.0,0.02,
3107,2,370,5,51.1607,0.0,26.619999999999997,
3108,2,370,5,57.7964,0.0,28.880000000000003,
3109,2,370,5,94.8138,0.0,50.46,
3110,2,370,5,90.3452,0.0,47.75,
3111,2,370,5,34.1919,0.0,17.29,
3112,2,370,5,67.0367,0.0,33.010000000000005,
3113,2,370,5,69.5665,0.0,34.010000000000005,
3114,2,370,5,113.5,0.0,58.05,
3115,2,370,5,72.6649,0.0,37.12,
3116,2,370,5,59.5127,0.0,29.320000000000004,
3117,2,370,5,97.7079,0.0,52.13000000000001,
3118,2,370,5,81.0637,0.0,43.269999999999996,
3119,2,370,5,87.1679,0.0,46.98,
3120,2,1,10,14.016,29.232432432432432,9.040000000000001,624.0644302616159
3121,2,1,10,8.678,28.108108108108105,4.58,517.2982086886043
3122,2,1,10,31.8766,26.7027027027027,19.75,434.9308203453322
3123,2,1,10,34.7633,29.72972972972973,20.869999999999997,475.6413327312314
3124,2,1,10,9.4328,19.913513513513514,5.340000000000001,565.2874565450936
3125,2,1,10,16.7015,27.210810810810813,9.84,556.9398127328263
3126,2,1,10,30.0195,28.648648648648653,18.18,367.05237904345336
3127,2,1,10,16.1964,25.57837837837838,10.34,550.9262372049421
3128,2,1,10,14.0003,26.50810810810811,8.65,446.79495550999104
3129,2,1,10,23.4988,29.2972972972973,15.059999999999999,454.5324427377488
3130,2,1,10,31.0518,26.972972972972975,16.96,516.9515676470313
3131,2,1,10,19.8642,31.210810810810813,11.51,449.9889055389529
3132,2,1,10,18.4177,27.935135135135134,10.8,513.7662410860414
3133,2,1,10,30.4833,25.945945945945944,18.490000000000002,524.8322304871225
3134,2,1,10,6.3757,21.17837837837838,2.3600000000000003,585.9429152765977
3135,2,1,10,57.5465,30.648648648648646,35.28,344.4877327144954
3136,2,1,10,2.7257,28.767567567567568,0.01,666.0203952127318
3137,2,1,10,28.1429,29.72972972972973,18.619999999999997,358.7359737060729
3138,2,1,10,24.6177,26.27027027027027,15.41,512.2702338457735
3139,2,1,10,15.2268,23.783783783783786,7.62,661.7746050465737
3140,2,10,10,18.0476,3.2432432432432434,8.75,186.144921568183
3141,2,10,10,20.9052,5.794594594594594,11.16,141.31123137770794
3142,2,10,10,10.4063,4.324324324324325,5.58,120.07157627134933
3143,2,10,10,31.9195,6.486486486486486,17.669999999999998,118.88097541537833
3144,2,10,10,27.206,10.108108108108107,17.05,178.46442547177995
3145,2,10,10,3.2603,0.0,0.02,
3146,2,10,10,26.6092,5.405405405405405,15.23,120.66021261498679
3147,2,10,10,25.4702,4.864864864864865,15.179999999999998,129.45496436429033
3148,2,10,10,15.1713,3.2432432432432434,7.18,142.26283286328524
3149,2,10,10,29.7485,7.027027027027027,16.95,147.32116271648428
3150,2,10,10,12.529,3.7405405405405405,7.18,134.8829992228682
3151,2,10,10,33.4343,8.63783783783784,20.589999999999996,154.73332343172123
3152,2,10,10,16.1226,5.945945945945946,9.77,142.24082793139542
3153,2,10,10,18.9128,6.486486486486487,12.45,150.8667431570457
3154,2,10,10,2.6295,0.0,0.02,
3155,2,10,10,18.0975,4.8432432432432435,10.040000000000001,143.09832899769907
3156,2,10,10,4.6108,0.5405405405405406,1.03,121.42363487736398
3157,2,10,10,13.8723,2.7027027027027026,6.32,142.47741865476726
3158,2,10,10,31.9524,9.18918918918919,19.24,149.44902806725668
3159,2,10,10,22.767,3.2432432432432434,12.4,119.60163863409969
3160,2,20,10,15.2937,3.2432432432432434,8.46,127.62075495791248
3161,2,20,10,2.5848,0.0,0.0,
3162,2,20,10,28.7065,7.027027027027027,15.62,127.05477260212862
3163,2,20,10,24.3325,5.405405405405405,13.910000000000002,131.25240772495508
3164,2,20,10,13.6594,3.7837837837837838,6.67,123.89843951009519
3165,2,20,10,8.7329,2.1621621621621623,4.82,122.47056910320538
3166,2,20,10,5.4525,0.5405405405405406,1.51,110.46416125704408
3167,2,20,10,30.1617,9.816216216216215,19.419999999999998,133.5303174286451
3168,2,20,10,6.4675,3.6432432432432433,2.94,121.23420308162194
3169,2,20,10,26.8839,6.010810810810812,14.839999999999998,116.42652707021739
3170,2,20,10,24.4422,5.405405405405405,13.959999999999999,136.0783558158614
3171,2,20,10,33.5645,9.124324324324323,20.24,124.78624730444227
3172,2,20,10,8.2658,3.2432432432432434,4.42,153.22229472850702
3173,2,20,10,10.3226,0.6378378378378378,4.1,120.86335811903669
3174,2,20,10,31.0905,8.108108108108109,18.29,126.534250422757
3175,2,20,10,9.5218,2.1621621621621623,4.85,124.71381376747394
3176,2,20,10,7.1347,1.6216216216216217,2.75,119.82771922932363
3177,2,20,10,17.8861,3.2432432432432434,9.379999999999999,118.08339722218199
3178,2,20,10,3.3333,0.5405405405405406,0.08,232.47570771489364
3179,2,20,10,9.2758,3.2432432432432434,5.409999999999999,136.2001960328386
3180,2,30,10,51.8302,11.35135135135135,30.829999999999995,140.17193125913192
3181,2,30,10,19.9622,6.486486486486487,12.620000000000001,120.85079345043863
3182,2,30,10,9.3315,5.405405405405405,5.29,181.29013973802168
3183,2,30,10,25.0339,9.18918918918919,15.95,138.4759156009721
3184,2,30,10,9.9979,1.6216216216216217,4.970000000000001,118.31458016815081
3185,2,30,10,17.0156,2.7027027027027026,8.989999999999998,117.81604121310829
3186,2,30,10,41.8284,10.454054054054055,25.71,120.04597896983536
3187,2,30,10,14.3017,3.7837837837837838,8.870000000000001,117.10027526772079
3188,2,30,10,10.6429,3.2432432432432434,5.380000000000001,114.00208711261968
3189,2,30,10,10.0465,2.6810810810810812,4.71,126.43331120031716
3190,2,30,10,16.0213,2.7027027027027026,7.95,116.69633647912319
3191,2,30,10,55.8487,15.816216216216219,34.34,122.7640522159405
3192,2,30,10,22.5865,4.864864864864865,13.559999999999999,113.28458343644422
3193,2,30,10,34.5252,5.405405405405405,18.630000000000003,115.94744828952749
3194,2,30,10,46.176,7.027027027027027,28.520000000000003,118.56737957411006
3195,2,30,10,13.3808,3.7837837837837838,7.74,117.79924612614802
3196,2,30,10,30.3836,4.832432432432432,18.43,122.10512826245716
3197,2,30,10,50.115,10.52972972972973,29.48,126.14544322523423
3198,2,30,10,23.3494,5.513513513513513,13.4,139.58208828852705
3199,2,30,10,13.7548,4.324324324324325,6.92,128.54762813817646
3200,2,40,10,27.1826,4.864864864864865,14.959999999999999,122.80503591429478
3201,2,40,10,42.9107,12.454054054054055,27.24,126.37428461827695
3202,2,40,10,22.9902,6.486486486486487,14.48,124.3590821072573
3203,2,40,10,36.1671,8.324324324324326,22.06,130.3185406590754
3204,2,40,10,22.7836,7.027027027027027,13.59,121.00044306141851
3205,2,40,10,11.6767,3.7837837837837838,6.3,120.8067285557553
3206,2,40,10,19.8775,3.2432432432432434,10.510000000000002,120.28012651912098
3207,2,40,10,16.1506,3.2432432432432434,8.05,137.0749033730255
3208,2,40,10,7.2943,1.6216216216216217,3.0700000000000003,149.08477191791565
3209,2,40,10,7.3922,1.0810810810810811,2.63,105.52189334447431
3210,2,40,10,17.0769,5.945945945945946,10.5,124.47998630918819
3211,2,40,10,40.4316,7.5675675675675675,23.07,122.55043480420493
3212,2,40,10,7.5455,2.1621621621621623,3.28,119.74303875764132
3213,2,40,10,57.465,17.2972972972973,38.67,120.75454335722495
3214,2,40,10,13.3568,4.324324324324325,7.35,160.74441698284608
3215,2,40,10,11.7319,3.7837837837837838,7.029999999999999,139.8960005700344
3216,2,40,10,8.7831,2.7027027027027026,4.49,119.68928134954913
3217,2,40,10,23.2386,8.108108108108109,14.11,132.30418043164573
3218,2,40,10,27.6836,8.64864864864865,16.089999999999996,132.7278250621587
3219,2,40,10,2.8707,0.0,0.13999999999999999,
3220,2,50,10,17.6663,3.7837837837837838,9.149999999999999,142.3858415772756
3221,2,50,10,25.9486,7.5675675675675675,14.88,123.84208187351685
3222,2,50,10,26.0866,4.864864864864865,14.77,122.75954335934787
3223,2,50,10,8.3553,0.0,3.08,
3224,2,50,10,16.1069,3.2432432432432434,8.629999999999999,123.2146850865779
3225,2,50,10,24.1397,8.075675675675676,14.290000000000001,124.0217625188047
3226,2,50,10,12.8351,4.324324324324325,7.409999999999999,143.70278706869055
3227,2,50,10,9.2191,1.6216216216216217,4.470000000000001,120.53313006363412
3228,2,50,10,3.7142,0.5405405405405406,0.8099999999999999,129.45815754679808
3229,2,50,10,14.4537,2.1621621621621623,7.68,118.91543322139177
3230,2,50,10,3.9881,0.5405405405405406,0.5900000000000001,132.7665546559848
3231,2,50,10,19.1664,4.324324324324325,10.459999999999999,116.62355071616712
3232,2,50,10,31.5905,5.405405405405405,18.56,123.28729205456712
3233,2,50,10,6.9251,1.6216216216216217,3.08,122.54269865749022
3234,2,50,10,20.8411,5.405405405405405,12.309999999999999,117.81994462614793
3235,2,50,10,24.7118,4.864864864864865,14.41,116.44421126970636
3236,2,50,10,17.6441,5.416216216216216,9.85,131.85421075546577
3237,2,50,10,19.4967,5.405405405405405,12.53,128.6764402295129
3238,2,50,10,10.7717,1.0810810810810811,4.42,101.50400399201175
3239,2,50,10,21.633,6.486486486486487,13.209999999999999,131.25666686228095
3240,2,60,10,29.5523,4.864864864864865,17.380000000000003,135.8576452138544
3241,2,60,10,29.7194,7.545945945945945,17.89,140.85434944260052
3242,2,60,10,17.4683,4.864864864864865,10.74,129.79791388152452
3243,2,60,10,24.2772,4.864864864864865,14.329999999999998,128.693271714659
3244,2,60,10,27.1667,7.8810810810810805,15.62,135.00973350220374
3245,2,60,10,43.4305,7.027027027027027,24.82,124.52056865653608
3246,2,60,10,16.627,4.4324324324324325,10.1,116.73461918261766
3247,2,60,10,25.1115,5.351351351351352,14.709999999999999,124.6025596714524
3248,2,60,10,10.9495,3.2432432432432434,6.13,116.26263775354924
3249,2,60,10,28.2878,5.945945945945946,15.469999999999999,134.710571961367
3250,2,60,10,36.1334,6.65945945945946,20.89,118.41364395901005
3251,2,60,10,39.7406,12.994594594594593,24.979999999999997,119.5897021006852
3252,2,60,10,3.7393,0.5405405405405406,0.58,110.83717355192107
3253,2,60,10,22.6536,3.7837837837837838,12.209999999999999,121.17319467855118
3254,2,60,10,2.6326,0.0,0.21000000000000002,
3255,2,60,10,42.4109,6.097297297297297,24.94,122.89080812510237
3256,2,60,10,23.1956,4.324324324324325,12.35,120.29715533389052
3257,2,60,10,25.7117,5.9459459459459465,13.8,126.55618514477254
3258,2,60,10,16.8408,4.324324324324325,10.59,138.8736238349627
3259,2,60,10,30.7298,8.108108108108109,18.32,135.92779926488498
3260,2,70,10,30.4269,8.14054054054054,17.79,137.80058524754807
3261,2,70,10,25.18,5.405405405405405,15.38,125.68025422419313
3262,2,70,10,19.4581,5.405405405405405,10.26,127.95310340765029
3263,2,70,10,3.5215,0.5405405405405406,0.48,136.04262586148448
3264,2,70,10,18.1417,3.7837837837837838,10.04,120.00218432516921
3265,2,70,10,12.4957,2.4,6.45,128.35693047612799
3266,2,70,10,2.7833,0.0,0.0,
3267,2,70,10,23.1003,9.286486486486487,16.18,126.69283060728134
3268,2,70,10,60.6493,12.91891891891892,35.56,121.22067958738029
3269,2,70,10,18.9059,5.945945945945946,11.559999999999999,125.74253920168553
3270,2,70,10,31.6806,9.18918918918919,19.22,126.04843290007838
3271,2,70,10,2.3929,0.0,0.06999999999999999,
3272,2,70,10,13.3093,4.108108108108108,7.709999999999999,123.9310045506941
3273,2,70,10,14.0726,2.1621621621621623,7.040000000000001,118.45672777207446
3274,2,70,10,40.7272,13.513513513513516,27.71,123.12752435071334
3275,2,70,10,36.5729,10.92972972972973,20.48,131.30291703022493
3276,2,70,10,13.1982,2.7027027027027026,6.38,107.34307889515476
3277,2,70,10,16.6532,2.7027027027027026,8.709999999999999,112.38213422410743
3278,2,70,10,14.6134,4.864864864864865,9.370000000000001,115.13596375462235
3279,2,70,10,12.6136,2.1621621621621623,6.119999999999999,122.4723014501129
3280,2,75,10,29.7952,7.351351351351352,18.05,121.93250808486059
3281,2,75,10,30.5598,5.405405405405405,17.119999999999997,115.10155407704039
3282,2,75,10,35.495,7.027027027027027,19.830000000000002,117.22461345778069
3283,2,75,10,19.255,2.410810810810811,10.209999999999999,117.15996631042671
3284,2,75,10,26.2772,5.9459459459459465,16.1,120.56294610376867
3285,2,75,10,12.2666,2.1621621621621623,6.09,124.11778945148114
3286,2,75,10,38.4388,8.64864864864865,21.78,123.89550250852838
3287,2,75,10,47.5939,8.237837837837839,27.620000000000005,129.08739710701286
3288,2,75,10,7.6853,1.0810810810810811,3.3300000000000005,126.28336225257672
3289,2,75,10,23.9393,4.324324324324325,13.520000000000001,134.36798365834218
3290,2,75,10,2.9122,0.0,0.13,
3291,2,75,10,26.9269,3.9027027027027033,14.940000000000001,114.9929874612657
3292,2,75,10,11.2001,1.6216216216216217,5.15,113.39262256965446
3293,2,75,10,16.9095,3.2432432432432434,9.559999999999999,119.17016911435313
3294,2,75,10,8.0024,2.1621621621621623,3.46,123.77980428212848
3295,2,75,10,8.0871,2.1621621621621623,4.09,127.5804284560069
3296,2,75,10,29.5544,6.486486486486487,16.1,119.30914391291846
3297,2,75,10,4.2226,0.5405405405405406,0.53,130.3725137948158
3298,2,75,10,30.9058,8.64864864864865,19.11,123.58965034983495
3299,2,75,10,16.6599,3.7837837837837838,9.169999999999998,119.66737165577614
3300,2,80,10,16.924,2.108108108108108,8.57,117.68401614727749
3301,2,80,10,28.8392,8.108108108108109,17.57,124.94648334977182
3302,2,80,10,23.9816,4.972972972972974,13.64,115.54721874748134
3303,2,80,10,3.0671,0.0,0.02,
3304,2,80,10,59.0478,14.594594594594593,39.03000000000001,122.11801673995862
3305,2,80,10,6.9101,2.1621621621621623,3.72,118.84004323077262
3306,2,80,10,17.4004,4.324324324324325,10.08,128.39623498903026
3307,2,80,10,23.6847,5.405405405405405,12.53,113.94921517530733
3308,2,80,10,4.4615,0.5405405405405406,1.04,115.81929746914382
3309,2,80,10,27.6117,5.945945945945946,16.22,121.66370316802735
3310,2,80,10,34.664,12.335135135135136,20.93,118.31410194263485
3311,2,80,10,23.1756,7.027027027027027,14.05,126.29093027107223
3312,2,80,10,5.7456,0.5405405405405406,2.23,123.98160615582728
3313,2,80,10,2.7911,0.0,0.04,
3314,2,80,10,21.1568,3.7837837837837838,11.98,137.44793937060538
3315,2,80,10,14.2467,3.7837837837837838,7.409999999999999,123.5754049632102
3316,2,80,10,26.9233,6.486486486486487,15.280000000000001,121.84218048637861
3317,2,80,10,14.8179,3.4270270270270276,8.440000000000001,127.23908117907607
3318,2,80,10,8.7424,1.0810810810810811,3.5800000000000005,109.29030197755239
3319,2,80,10,11.682,2.1621621621621623,5.4799999999999995,121.64196770550274
3320,2,90,10,12.7807,2.1621621621621623,5.9399999999999995,129.2881607747916
3321,2,90,10,5.2173,1.6216216216216217,1.73,112.01802473645411
3322,2,90,10,21.7862,2.7027027027027026,11.78,121.04767348819504
3323,2,90,10,17.773,3.2432432432432434,9.309999999999999,114.89511897252571
3324,2,90,10,7.0196,2.7027027027027026,3.18,114.27829168549957
3325,2,90,10,14.4736,2.7027027027027026,8.57,121.23437671907786
3326,2,90,10,46.828,9.016216216216216,28.670000000000005,120.6284806445766
3327,2,90,10,13.2498,2.7027027027027026,7.35,132.96006196900026
3328,2,90,10,28.0263,2.1621621621621623,15.51,120.20877428290142
3329,2,90,10,30.7351,6.010810810810811,16.83,118.00020238326049
3330,2,90,10,22.6659,7.027027027027026,13.789999999999997,118.03484499679567
3331,2,90,10,20.3858,6.486486486486487,12.25,118.02876760334703
3332,2,90,10,12.2883,2.7027027027027026,5.79,117.46891763802569
3333,2,90,10,25.0812,5.2,15.469999999999999,139.8836963875039
3334,2,90,10,17.1565,6.486486486486487,10.219999999999999,123.60043287145596
3335,2,90,10,17.7865,2.7027027027027026,10.11,123.07158107549415
3336,2,90,10,38.7131,9.275675675675675,23.7,121.1171934861023
3337,2,90,10,14.2129,3.7837837837837838,7.540000000000001,118.9080715884029
3338,2,90,10,14.9241,3.7837837837837838,7.99,120.7669655797022
3339,2,90,10,27.2621,7.243243243243244,16.53,118.2008446017395
3340,2,100,10,8.7502,1.6216216216216217,3.7600000000000002,130.3339902181534
3341,2,100,10,20.8405,7.5675675675675675,12.4,121.98560541543854
3342,2,100,10,24.303,4.864864864864865,13.91,120.20336655223156
3343,2,100,10,49.1991,9.72972972972973,27.860000000000003,128.8001632129066
3344,2,100,10,9.9163,3.027027027027027,4.94,120.826516117641
3345,2,100,10,18.7057,3.2432432432432434,10.22,115.17566465314388
3346,2,100,10,12.1916,2.7027027027027026,5.279999999999999,137.15495128153665
3347,2,100,10,41.7054,6.378378378378379,22.71,111.24288466185061
3348,2,100,10,13.3625,3.7837837837837838,6.63,123.04579017045198
3349,2,100,10,12.7355,3.7837837837837838,7.159999999999999,120.55008775333532
3350,2,100,10,3.0154,0.0,0.04,
3351,2,100,10,25.2718,3.2432432432432434,13.190000000000001,130.83477507221636
3352,2,100,10,8.8689,1.0810810810810811,3.5200000000000005,110.90236599697693
3353,2,100,10,7.0392,0.5405405405405406,2.4,124.83741404413892
3354,2,100,10,6.2209,0.5405405405405406,2.23,113.15123706571372
3355,2,100,10,35.7125,5.45945945945946,19.220000000000002,126.66693430107667
3356,2,100,10,23.9134,5.9459459459459465,15.030000000000001,122.97942056296637
3357,2,100,10,12.5513,2.1621621621621623,6.4799999999999995,123.07649281235713
3358,2,100,10,25.578,4.324324324324325,12.7,115.24364421834557
3359,2,100,10,32.0333,8.108108108108107,19.3,122.29039177289081
3360,2,370,10,37.6369,0.0,18.41,
3361,2,370,10,44.6588,0.0,23.28,
3362,2,370,10,50.938,0.0,25.330000000000002,
3363,2,370,10,18.6131,0.0,7.75,
3364,2,370,10,42.9775,0.0,21.47,
3365,2,370,10,68.8725,0.0,34.690000000000005,
3366,2,370,10,41.2172,0.0,20.0,
3367,2,370,10,60.1204,0.0,30.48,
3368,2,370,10,29.3693,0.0,14.169999999999998,
3369,2,370,10,127.0006,0.0,65.35,
3370,2,370,10,35.0616,0.0,17.15,
3371,2,370,10,114.8246,0.0,59.379999999999995,
3372,2,370,10,88.9545,0.0,47.760000000000005,
3373,2,370,10,42.4228,0.0,21.34,
3374,2,370,10,37.0463,0.0,18.15,
3375,2,370,10,40.9213,0.0,20.18,
3376,2,370,10,48.1237,0.0,23.9,
3377,2,370,10,76.1812,0.0,37.89,
3378,2,370,10,57.1925,0.0,30.28,
3379,2,370,10,93.4444,0.0,47.32000000000001,
3380,2,1,15,23.0909,38.56216216216215,15.64,442.5762901379011
3381,2,1,15,14.2179,34.91891891891892,8.98,603.7639528925464
3382,2,1,15,18.8678,40.994594594594595,12.76,508.78694236064496
3383,2,1,15,16.8093,34.043243243243246,10.41,552.0635259538695
3384,2,1,15,15.0121,39.535135135135135,8.55,553.5886252388198
3385,2,1,15,9.1639,35.44864864864865,4.709999999999999,597.1225949876467
3386,2,1,15,21.5608,35.67567567567568,14.02,475.1905284124313
3387,2,1,15,7.4807,36.10810810810811,3.3200000000000003,568.2499800814109
3388,2,1,15,7.9821,32.07567567567567,3.7399999999999998,573.3842726169405
3389,2,1,15,15.4104,35.005405405405405,10.15,507.47314149215646
3390,2,1,15,11.2991,36.35675675675676,7.94,465.9958695476465
3391,2,1,15,8.9377,30.98378378378378,4.2,531.8647163281469
3392,2,1,15,10.3936,40.04324324324324,6.719999999999999,480.78016733532087
3393,2,1,15,12.1702,39.97837837837838,8.29,457.690727762441
3394,2,1,15,22.5511,33.79459459459459,15.290000000000001,405.6458106911149
3395,2,1,15,7.7246,35.4054054054054,4.48,624.4629002572619
3396,2,1,15,11.9643,33.61081081081081,7.290000000000001,551.4664888865967
3397,2,1,15,10.4249,41.2972972972973,5.45,509.6812156775074
3398,2,1,15,9.3242,33.881081081081085,4.67,634.7630695466589
3399,2,1,15,18.5494,39.42702702702702,11.879999999999999,496.5812024457892
3400,2,10,15,17.37,8.64864864864865,11.290000000000001,128.96483619194757
3401,2,10,15,12.102,6.486486486486487,8.63,120.93049486399038
3402,2,10,15,7.8957,3.7837837837837838,4.65,127.76323075623047
3403,2,10,15,11.3728,3.2432432432432434,5.040000000000001,232.26192068132698
3404,2,10,15,17.0136,9.72972972972973,11.049999999999999,147.48683545987652
3405,2,10,15,4.3327,2.1621621621621623,1.3199999999999998,222.16677688557897
3406,2,10,15,10.3084,2.7027027027027026,4.5600000000000005,229.960245335284
3407,2,10,15,31.0134,15.286486486486485,20.92,148.5553503074611
3408,2,10,15,3.0105,1.6216216216216217,0.49000000000000005,346.8206202249107
3409,2,10,15,8.6198,4.324324324324325,3.41,221.9578006962922
3410,2,10,15,19.3723,7.5675675675675675,11.7,143.68385389748428
3411,2,10,15,7.2992,2.1621621621621623,2.98,280.14707640798144
3412,2,10,15,12.1308,9.72972972972973,7.8,175.9209238277236
3413,2,10,15,17.0871,4.324324324324325,9.370000000000001,155.2736624297211
3414,2,10,15,16.5845,4.918918918918918,8.84,130.33842633046876
3415,2,10,15,10.15,4.864864864864865,5.159999999999999,306.87037985848247
3416,2,10,15,31.8072,13.513513513513512,22.5,120.810838694455
3417,2,10,15,7.3628,3.2432432432432434,3.13,203.30956805177797
3418,2,10,15,8.4734,4.68108108108108,4.47,338.3623245676497
3419,2,10,15,16.3571,5.9459459459459465,9.86,177.35787216461375
3420,2,20,15,8.3796,2.7027027027027026,3.8,130.14576448717077
3421,2,20,15,17.7092,8.108108108108109,11.95,138.1761938735272
3422,2,20,15,28.5018,11.31891891891892,18.95,127.33723648048218
3423,2,20,15,5.0883,3.7837837837837838,2.65,176.01401581107555
3424,2,20,15,8.4388,2.7027027027027026,4.33,122.69321635354613
3425,2,20,15,26.4516,13.254054054054055,17.43,145.26344792597243
3426,2,20,15,11.2375,4.324324324324325,6.4,151.29913237527515
3427,2,20,15,13.4689,5.945945945945946,7.58,148.69634809482537
3428,2,20,15,22.7042,7.027027027027026,13.49,137.03048875992485
3429,2,20,15,24.3403,9.21081081081081,13.969999999999999,124.29946590705731
3430,2,20,15,20.8962,9.18918918918919,13.190000000000001,128.48229275145488
3431,2,20,15,6.0322,4.454054054054054,3.07,178.49602070545225
3432,2,20,15,2.6359,0.0,0.0,
3433,2,20,15,8.3647,2.7027027027027026,4.1899999999999995,132.86030087088145
3434,2,20,15,21.0414,8.140540540540542,12.76,131.58325295804906
3435,2,20,15,9.7149,3.7837837837837838,5.36,121.72571031843528
3436,2,20,15,15.9693,8.432432432432432,11.459999999999999,146.81873142908114
3437,2,20,15,8.5681,3.2432432432432434,4.1899999999999995,203.57798414323244
3438,2,20,15,23.6947,7.5675675675675675,13.930000000000001,136.84618961526635
3439,2,20,15,33.7083,8.64864864864865,19.4,128.53190992739033
3440,2,30,15,14.963,3.145945945945946,8.24,114.45829211967607
3441,2,30,15,12.7435,2.7027027027027026,7.13,125.51461899387527
3442,2,30,15,27.9032,8.64864864864865,17.04,129.2109952679013
3443,2,30,15,25.3704,6.486486486486487,14.220000000000002,118.35877370240286
3444,2,30,15,24.0749,10.27027027027027,16.44,137.35667907651435
3445,2,30,15,17.544,4.864864864864865,9.41,121.03776625524529
3446,2,30,15,20.9818,8.108108108108109,13.629999999999999,133.1004295249734
3447,2,30,15,25.1843,7.924324324324324,14.14,122.38587910236602
3448,2,30,15,11.676,3.891891891891892,6.82,146.85982583675354
3449,2,30,15,5.0978,2.7027027027027026,2.15,130.09613305871173
3450,2,30,15,18.403,7.556756756756757,10.879999999999999,139.0954772754854
3451,2,30,15,14.9877,4.486486486486486,8.4,131.7250747457389
3452,2,30,15,18.982,8.108108108108109,11.81,134.96921849151417
3453,2,30,15,3.7922,1.0810810810810811,0.8800000000000001,176.23654243198365
3454,2,30,15,23.682,8.108108108108109,14.13,138.93748068394197
3455,2,30,15,23.1868,9.848648648648648,14.45,128.7125490148984
3456,2,30,15,28.614,15.491891891891893,19.410000000000004,139.22519779783394
3457,2,30,15,14.6684,5.945945945945946,8.66,136.9858123867653
3458,2,30,15,7.8605,1.6216216216216217,3.63,129.16112561943774
3459,2,30,15,11.2343,3.7837837837837838,6.540000000000001,127.72766300254014
3460,2,40,15,13.1286,4.032432432432432,6.779999999999999,116.50528697743727
3461,2,40,15,32.3351,13.145945945945948,20.86,139.27723810906383
3462,2,40,15,14.4209,1.6216216216216217,6.87,109.27047828740281
3463,2,40,15,16.3861,6.248648648648649,8.559999999999999,125.04284519956799
3464,2,40,15,26.1878,9.091891891891892,16.52,121.95051803465401
3465,2,40,15,9.911,2.1621621621621623,4.09,147.81338797409092
3466,2,40,15,21.4367,7.5675675675675675,13.26,134.90943901541115
3467,2,40,15,9.6047,2.1621621621621623,4.62,119.02404316610716
3468,2,40,15,19.1909,6.767567567567568,11.530000000000001,134.8242212053647
3469,2,40,15,5.8045,2.27027027027027,2.73,117.69363977202818
3470,2,40,15,7.5828,1.6216216216216217,3.6799999999999997,128.61444947334465
3471,2,40,15,27.0177,13.513513513513516,19.330000000000002,129.12938534861675
3472,2,40,15,20.5101,5.945945945945946,12.459999999999999,155.9237108655203
3473,2,40,15,21.9611,9.72972972972973,14.190000000000001,129.13115370501498
3474,2,40,15,8.0873,2.1621621621621623,4.09,158.63057538851362
3475,2,40,15,18.7141,7.027027027027027,12.059999999999999,127.05183461422016
3476,2,40,15,13.1185,3.2432432432432434,7.69,118.17183437536966
3477,2,40,15,11.34,4.324324324324325,6.62,146.7192277053402
3478,2,40,15,26.3017,12.52972972972973,17.57,144.51419912128833
3479,2,40,15,11.6152,2.1621621621621623,6.32,123.97810482921143
3480,2,50,15,18.8726,4.324324324324325,10.190000000000001,122.66089244588204
3481,2,50,15,4.7988,1.6216216216216217,1.61,112.69323707208507
3482,2,50,15,21.9278,7.027027027027027,12.940000000000001,115.45932345287422
3483,2,50,15,18.7753,3.2432432432432434,10.17,114.56825340316676
3484,2,50,15,29.7903,11.35135135135135,19.839999999999996,131.06593948333824
3485,2,50,15,25.52,7.5675675675675675,15.580000000000002,119.64295951603656
3486,2,50,15,18.2145,5.362162162162162,10.48,128.06204604007726
3487,2,50,15,14.5493,6.12972972972973,8.45,141.21260316187227
3488,2,50,15,9.1287,1.6216216216216217,3.5700000000000003,111.05664517359621
3489,2,50,15,32.8816,10.475675675675674,19.45,117.73118932000159
3490,2,50,15,21.2979,12.432432432432432,14.569999999999999,123.76938028127849
3491,2,50,15,17.4629,5.405405405405405,10.55,140.29036390517564
3492,2,50,15,14.7108,2.1621621621621623,7.4399999999999995,114.46602653470977
3493,2,50,15,15.5895,5.405405405405405,8.57,126.54959220572894
3494,2,50,15,29.7177,8.64864864864865,18.85,132.30070446885435
3495,2,50,15,2.9829,1.6216216216216217,0.8400000000000001,212.25834976606268
3496,2,50,15,5.2646,1.6216216216216217,2.2,157.12752138688145
3497,2,50,15,24.496,7.027027027027026,13.959999999999999,118.37716520471176
3498,2,50,15,37.7219,13.924324324324326,23.93,123.76526153101162
3499,2,50,15,19.0882,8.108108108108109,12.330000000000002,119.59095946172513
3500,2,60,15,17.8945,9.18918918918919,11.98,141.12547085461068
3501,2,60,15,19.5107,7.027027027027027,11.63,119.02603536800294
3502,2,60,15,11.5409,5.405405405405405,6.75,134.49468649512997
3503,2,60,15,29.7664,8.64864864864865,18.130000000000003,131.12349616732524
3504,2,60,15,25.8089,10.27027027027027,17.4,128.68534058057455
3505,2,60,15,24.5116,8.64864864864865,15.970000000000002,128.77297907759566
3506,2,60,15,19.7021,9.340540540540541,12.54,120.55277982443516
3507,2,60,15,19.5689,7.5675675675675675,12.290000000000001,123.91169856308936
3508,2,60,15,14.1808,2.7027027027027026,6.4399999999999995,124.85072105886202
3509,2,60,15,22.9478,11.35135135135135,14.680000000000001,119.32817164599845
3510,2,60,15,16.6518,5.945945945945946,9.78,128.64081352070696
3511,2,60,15,15.7731,3.2432432432432434,8.25,114.37830019367316
3512,2,60,15,21.9654,5.405405405405405,11.92,119.6168257035539
3513,2,60,15,36.2807,13.32972972972973,24.78,130.17329345739415
3514,2,60,15,17.2501,3.7837837837837838,9.25,116.35482512122931
3515,2,60,15,8.4518,2.1621621621621623,3.81,121.0251089932496
3516,2,60,15,11.9623,3.7837837837837838,5.75,124.69243464423633
3517,2,60,15,28.6522,14.259459459459459,19.4,152.75936055153193
3518,2,60,15,8.702,2.1621621621621623,3.6400000000000006,121.35804525324863
3519,2,60,15,10.9884,3.7837837837837838,5.15,115.04429419866452
3520,2,70,15,18.9729,7.34054054054054,12.23,125.92511797878423
3521,2,70,15,22.9173,8.875675675675677,13.219999999999999,122.86471660226361
3522,2,70,15,32.2748,8.64864864864865,19.02,116.32122849720575
3523,2,70,15,2.781,0.0,0.03,
3524,2,70,15,26.1829,8.108108108108109,15.560000000000002,129.91053727872134
3525,2,70,15,5.0414,1.0810810810810811,1.48,198.472231235723
3526,2,70,15,9.4958,4.864864864864865,5.06,128.3572920182374
3527,2,70,15,17.9898,6.929729729729729,11.330000000000002,114.32090408329807
3528,2,70,15,17.4988,5.405405405405405,10.540000000000001,112.38002528132111
3529,2,70,15,3.8022,0.5405405405405406,0.6,131.11941365611438
3530,2,70,15,4.1203,2.1621621621621623,1.3599999999999999,153.48204600458038
3531,2,70,15,18.3073,3.2432432432432434,9.68,161.94604533421952
3532,2,70,15,15.0064,3.7837837837837838,8.330000000000002,142.1941540139864
3533,2,70,15,32.5787,10.27027027027027,21.0,122.33823981351046
3534,2,70,15,33.075,11.416216216216217,21.810000000000002,128.6688912837041
3535,2,70,15,5.3526,2.7027027027027026,2.2800000000000002,126.36224729298723
3536,2,70,15,30.4554,6.15135135135135,18.030000000000005,118.17646877227354
3537,2,70,15,22.8499,6.486486486486487,13.62,124.82051747123597
3538,2,70,15,10.3823,2.9729729729729732,4.92,123.44033827257272
3539,2,70,15,11.5414,4.864864864864865,6.85,126.44059414145087
3540,2,75,15,29.9318,12.291891891891892,18.779999999999998,125.68542319779772
3541,2,75,15,64.0654,20.075675675675676,41.39,131.73802367779712
3542,2,75,15,14.753,4.864864864864865,8.31,121.4271974459993
3543,2,75,15,9.7771,3.2432432432432434,5.06,116.03996208034295
3544,2,75,15,17.7563,7.718918918918919,10.7,125.38541168327555
3545,2,75,15,2.8418,0.0,0.01,
3546,2,75,15,18.4365,4.864864864864865,9.569999999999999,123.36235788499897
3547,2,75,15,7.9923,2.1621621621621623,3.97,124.48000592535082
3548,2,75,15,4.6868,0.0,1.08,
3549,2,75,15,19.0377,8.108108108108109,13.030000000000001,120.2788405812877
3550,2,75,15,16.8071,8.464864864864865,11.010000000000002,134.10518167694875
3551,2,75,15,15.1161,5.945945945945946,9.9,122.84184254260828
3552,2,75,15,4.2265,1.6216216216216217,1.25,175.21518200993947
3553,2,75,15,6.067,1.0810810810810811,2.02,108.83624717306522
3554,2,75,15,14.3008,4.864864864864865,8.45,141.86758666937652
3555,2,75,15,3.1417,0.0,0.0,
3556,2,75,15,12.2042,2.3675675675675674,6.35,117.31630050939961
3557,2,75,15,28.7457,8.929729729729731,16.669999999999998,124.37944905993548
3558,2,75,15,22.2458,7.362162162162162,13.959999999999999,125.83211915860485
3559,2,75,15,11.9283,3.2432432432432434,6.0200000000000005,141.53032610944163
3560,2,80,15,12.027,4.324324324324325,8.08,120.27349323129931
3561,2,80,15,26.0812,7.027027027027027,15.25,125.90587726305327
3562,2,80,15,12.2336,4.864864864864865,7.619999999999999,127.92581001054327
3563,2,80,15,31.9277,12.432432432432432,21.15,119.32265169393087
3564,2,80,15,18.8951,3.7837837837837838,9.74,113.20820941538264
3565,2,80,15,29.4921,14.054054054054054,20.05,124.58004489144346
3566,2,80,15,5.9276,2.1621621621621623,2.69,120.90891612103397
3567,2,80,15,21.1279,7.643243243243243,14.080000000000002,122.91146469285933
3568,2,80,15,5.5963,2.1621621621621623,2.54,114.99945376094172
3569,2,80,15,14.2672,4.324324324324325,8.05,115.59493636977932
3570,2,80,15,22.2115,10.81081081081081,15.399999999999997,128.68690973277228
3571,2,80,15,10.2546,3.2432432432432434,5.4399999999999995,129.16992909483122
3572,2,80,15,19.8107,6.486486486486487,11.940000000000001,123.27107745995734
3573,2,80,15,20.8641,5.405405405405405,13.079999999999998,133.64801488154882
3574,2,80,15,10.5043,3.7837837837837838,4.4799999999999995,121.762422153143
3575,2,80,15,8.7585,1.6216216216216217,4.17,166.02588377435734
3576,2,80,15,32.878,8.64864864864865,19.71,121.64092950718502
3577,2,80,15,14.7342,4.864864864864865,8.790000000000001,125.10932421933916
3578,2,80,15,27.3121,11.308108108108108,17.909999999999997,125.83166698523716
3579,2,80,15,12.2914,3.2432432432432434,6.17,118.06449564560137
3580,2,90,15,4.2868,1.0810810810810811,1.31,126.30585908502098
3581,2,90,15,13.9565,5.405405405405405,8.280000000000001,126.06959328174803
3582,2,90,15,16.7769,4.324324324324325,8.879999999999999,117.40515697277029
3583,2,90,15,7.661,0.5405405405405406,2.63,114.94564002413192
3584,2,90,15,28.3741,8.335135135135136,16.75,122.02055241533304
3585,2,90,15,17.1486,6.38918918918919,10.93,132.87339151938605
3586,2,90,15,19.3259,4.38918918918919,10.139999999999999,123.97797756713959
3587,2,90,15,13.4901,6.68108108108108,9.940000000000001,133.18049046016512
3588,2,90,15,8.5321,2.7027027027027026,3.97,120.94993885171644
3589,2,90,15,14.2386,4.864864864864865,8.33,121.66102828756304
3590,2,90,15,11.8901,4.864864864864865,7.19,128.76470049907323
3591,2,90,15,31.145,8.64864864864865,19.04,116.91469650232912
3592,2,90,15,21.5266,5.6,12.930000000000001,124.68035470205514
3593,2,90,15,22.905,8.140540540540542,15.030000000000001,118.96609109023278
3594,2,90,15,25.692,10.259459459459459,16.65,120.35159210908097
3595,2,90,15,24.1216,8.64864864864865,15.430000000000001,117.32851005049666
3596,2,90,15,13.3431,3.7837837837837838,6.82,113.70532915191073
3597,2,90,15,19.019,5.708108108108108,11.53,128.9316455625524
3598,2,90,15,6.4542,1.6216216216216217,2.5300000000000002,110.051129695434
3599,2,90,15,4.0211,0.0,0.9400000000000001,
3600,2,100,15,28.3145,8.108108108108109,16.58,135.5704010954034
3601,2,100,15,3.1997,0.0,0.08,
3602,2,100,15,22.4682,6.486486486486487,13.210000000000003,120.49580728211755
3603,2,100,15,2.992,0.5405405405405406,0.27,105.2174456640772
3604,2,100,15,14.9082,5.405405405405405,8.28,115.37657628694163
3605,2,100,15,8.4529,1.0810810810810811,3.3600000000000003,119.05339541399454
3606,2,100,15,32.6644,10.464864864864865,20.54,118.75721655162053
3607,2,100,15,15.2004,4.183783783783784,8.419999999999998,118.89156563538415
3608,2,100,15,5.7253,2.1621621621621623,2.84,130.84106049759671
3609,2,100,15,14.9613,5.945945945945946,8.85,138.84675640171238
3610,2,100,15,14.5271,5.405405405405405,8.26,126.1599094046434
3611,2,100,15,12.4393,4.324324324324325,7.75,121.5590445191232
3612,2,100,15,14.8141,3.7837837837837838,8.11,121.49090315977348
3613,2,100,15,7.8935,1.6216216216216217,3.06,109.56460224588307
3614,2,100,15,14.8262,4.324324324324325,7.43,120.67405964925257
3615,2,100,15,4.581,1.6216216216216217,1.53,119.13446197789472
3616,2,100,15,17.5224,6.486486486486487,10.97,120.78431194877311
3617,2,100,15,18.9753,7.5675675675675675,11.52,125.49714181810792
3618,2,100,15,34.8187,12.832432432432432,22.31,124.01127731591156
3619,2,100,15,17.8271,7.383783783783784,11.35,120.909894129287
3620,2,370,15,31.1541,0.0,15.9,
3621,2,370,15,34.8372,0.0,18.07,
3622,2,370,15,108.1125,0.0,57.8,
3623,2,370,15,29.9262,0.0,14.0,
3624,2,370,15,84.5697,0.0,44.27,
3625,2,370,15,46.9763,0.0,23.689999999999998,
3626,2,370,15,85.5961,0.0,46.279999999999994,
3627,2,370,15,25.048,0.0,11.67,
3628,2,370,15,15.1631,0.0,7.389999999999999,
3629,2,370,15,29.5755,0.0,14.85,
3630,2,370,15,85.7858,0.0,46.05,
3631,2,370,15,48.027,0.0,24.46,
3632,2,370,15,31.3607,0.0,14.37,
3633,2,370,15,47.8531,0.0,23.07,
3634,2,370,15,17.2183,0.0,8.34,
3635,2,370,15,28.2417,0.0,12.88,
3636,2,370,15,71.8727,0.0,36.769999999999996,
3637,2,370,15,85.8822,0.0,45.35,
3638,2,370,15,52.8768,0.0,31.179999999999996,
3639,2,370,15,49.383,0.0,27.6,
3640,2,1,20,9.171,37.01621621621622,5.130000000000001,483.55806112852827
3641,2,1,20,27.8191,35.67567567567568,16.57,480.53839142333067
3642,2,1,20,11.2205,40.71351351351351,5.7700000000000005,561.1565516224584
3643,2,1,20,11.4645,40.0,7.529999999999999,585.8530234536715
3644,2,1,20,7.7119,44.14054054054054,3.5700000000000003,631.6639032751809
3645,2,1,20,4.446,38.16216216216216,1.65,645.3903934788123
3646,2,1,20,4.0399,43.97837837837837,1.69,573.3338343381462
3647,2,1,20,13.5147,41.09189189189189,8.959999999999999,527.8478030277662
3648,2,1,20,15.5262,46.84324324324324,10.23,543.4323943221985
3649,2,1,20,11.5587,43.64324324324324,6.55,500.19097913607385
3650,2,1,20,19.6156,38.48648648648649,13.930000000000001,429.0558463702689
3651,2,1,20,8.829,42.637837837837836,4.9799999999999995,566.9136194338802
3652,2,1,20,13.3624,43.43783783783785,8.39,540.0263759892138
3653,2,1,20,15.455,41.44864864864864,9.66,555.1361566585889
3654,2,1,20,2.5551,40.0,0.0,736.8829627651597
3655,2,1,20,4.0716,39.729729729729726,1.44,630.8516580702261
3656,2,1,20,24.9636,45.14594594594595,15.23,442.73976554461325
3657,2,1,20,3.031,38.29189189189189,0.7899999999999999,626.2355866965279
3658,2,1,20,24.3198,40.86486486486486,17.04,476.2526237921131
3659,2,1,20,4.4277,42.85405405405405,1.13,571.2570923122221
3660,2,10,20,11.4007,5.383783783783784,6.18,177.15593672239237
3661,2,10,20,2.6696,0.5405405405405406,0.02,459.07240884515204
3662,2,10,20,5.5545,1.0810810810810811,2.13,105.64270724498823
3663,2,10,20,19.594,9.18918918918919,12.23,146.78881590779943
3664,2,10,20,7.2225,6.486486486486487,4.4,158.96998046433777
3665,2,10,20,15.5691,5.9459459459459465,8.41,133.9109363268625
3666,2,10,20,13.8463,6.68108108108108,7.7700000000000005,175.98318071100474
3667,2,10,20,5.4012,2.1621621621621623,1.81,168.30526805723647
3668,2,10,20,22.7318,11.891891891891891,15.169999999999998,168.3487238090215
3669,2,10,20,30.8559,16.18378378378378,20.669999999999998,170.5448914462975
3670,2,10,20,5.0034,3.7837837837837838,2.55,197.2403101892396
3671,2,10,20,5.546,2.1621621621621623,2.2600000000000002,113.77916099970305
3672,2,10,20,4.8574,0.5405405405405406,1.05,291.84717317307695
3673,2,10,20,27.4628,13.6,18.66,170.52860439863616
3674,2,10,20,5.2065,2.1621621621621623,2.28,203.06917979031056
3675,2,10,20,22.9061,13.989189189189187,15.38,180.93137921323583
3676,2,10,20,12.4337,5.9459459459459465,7.76,134.92234037901738
3677,2,10,20,14.7115,4.864864864864865,9.05,229.98065336964555
3678,2,10,20,21.668,9.18918918918919,13.73,141.3413581754684
3679,2,10,20,14.6871,4.486486486486487,8.53,159.23624296587514
3680,2,20,20,21.4509,12.432432432432433,14.37,140.29491185830398
3681,2,20,20,15.3796,6.994594594594593,9.690000000000001,130.92661589483976
3682,2,20,20,20.8816,7.805405405405405,14.1,156.15357086629157
3683,2,20,20,5.93,3.037837837837838,2.82,128.4141464441789
3684,2,20,20,17.4791,5.9459459459459465,9.86,146.19543367229315
3685,2,20,20,11.101,3.286486486486487,6.119999999999999,120.1434115618292
3686,2,20,20,24.1464,15.675675675675677,18.57,129.19291813501303
3687,2,20,20,9.0555,3.091891891891892,4.49,186.89453847279037
3688,2,20,20,18.4106,10.25945945945946,12.77,133.21018705400073
3689,2,20,20,19.3207,7.5675675675675675,12.29,160.05964920644018
3690,2,20,20,5.7996,3.7837837837837838,3.9200000000000004,155.27999082087015
3691,2,20,20,12.3115,5.9459459459459465,6.56,150.52237571269342
3692,2,20,20,6.8554,4.324324324324325,3.4899999999999998,163.1429371267626
3693,2,20,20,7.6838,1.6216216216216217,3.5,110.87751462171616
3694,2,20,20,19.9617,7.610810810810811,13.6,137.74123741144103
3695,2,20,20,9.372,3.156756756756757,4.71,149.5073731117249
3696,2,20,20,7.517,2.1621621621621623,3.5799999999999996,128.4950703653196
3697,2,20,20,6.3372,1.0810810810810811,2.2800000000000002,116.66836452059749
3698,2,20,20,14.0305,4.864864864864865,7.419999999999999,114.10980847610764
3699,2,20,20,2.9773,0.0,0.04,
3700,2,30,20,21.4787,10.81081081081081,14.419999999999998,160.84507952980363
3701,2,30,20,6.8333,3.2432432432432434,3.2400000000000007,141.8833945898944
3702,2,30,20,10.5941,5.405405405405405,7.2299999999999995,159.56253440597442
3703,2,30,20,5.3577,2.1621621621621623,1.75,159.17571287372184
3704,2,30,20,18.3959,7.5675675675675675,10.84,150.24825446737006
3705,2,30,20,12.783,7.5675675675675675,8.3,147.58403542588349
3706,2,30,20,16.6332,5.945945945945946,9.74,135.1668352956159
3707,2,30,20,11.0711,6.486486486486486,6.18,155.43013278995153
3708,2,30,20,19.5389,8.291891891891892,11.9,143.69435132297622
3709,2,30,20,14.6613,9.18918918918919,9.540000000000001,167.33346033764835
3710,2,30,20,11.9393,5.405405405405405,6.12,135.6061536461399
3711,2,30,20,4.6148,1.945945945945946,1.73,149.48320156218892
3712,2,30,20,9.3417,1.0810810810810811,4.04,126.55588364817936
3713,2,30,20,9.8628,5.405405405405405,5.99,137.8465806001956
3714,2,30,20,14.9572,4.324324324324325,8.36,144.48064835442827
3715,2,30,20,20.7749,11.891891891891891,14.770000000000001,137.73584350685186
3716,2,30,20,20.7829,9.18918918918919,14.029999999999998,124.28801790347991
3717,2,30,20,4.6573,0.5405405405405406,1.4,119.57930715237369
3718,2,30,20,17.2477,7.718918918918919,11.440000000000001,129.29549853774617
3719,2,30,20,22.7652,9.18918918918919,13.919999999999998,128.20311486072018
3720,2,40,20,4.3875,1.0810810810810811,0.89,118.69878500990967
3721,2,40,20,17.9054,5.9459459459459465,9.88,124.68124152775793
3722,2,40,20,17.5669,8.108108108108109,11.32,128.0590689628467
3723,2,40,20,3.6547,0.5405405405405406,0.8700000000000001,134.42126792047836
3724,2,40,20,3.3086,1.0810810810810811,0.45,176.17025326145728
3725,2,40,20,8.5131,4.324324324324325,5.3100000000000005,131.9630277749722
3726,2,40,20,9.0202,2.0432432432432437,4.55,122.8445000928043
3727,2,40,20,23.2074,12.972972972972974,15.75,142.84608522654443
3728,2,40,20,16.1391,3.7837837837837838,8.75,118.03892819441042
3729,2,40,20,4.7139,0.5405405405405406,1.25,123.75908344784806
3730,2,40,20,9.9443,5.405405405405405,6.12,149.6267857910292
3731,2,40,20,16.2258,6.4,10.2,140.2169735929115
3732,2,40,20,24.5234,6.832432432432432,14.439999999999998,125.13029812577562
3733,2,40,20,7.0387,4.324324324324325,3.8600000000000003,151.40112278427685
3734,2,40,20,24.3379,11.35135135135135,15.3,132.6253064488749
3735,2,40,20,25.5059,11.35135135135135,15.710000000000003,123.40336586386292
3736,2,40,20,7.7014,2.7027027027027026,3.41,134.27978560960952
3737,2,40,20,13.2961,5.405405405405405,7.330000000000001,175.9055591344094
3738,2,40,20,6.3237,2.1621621621621623,2.42,179.67578818316156
3739,2,40,20,10.5372,5.945945945945946,6.6,120.36194429069248
3740,2,50,20,15.8046,9.72972972972973,9.45,143.6785738207005
3741,2,50,20,31.5434,15.135135135135135,21.290000000000003,142.4289187790401
3742,2,50,20,8.14,3.7837837837837838,3.6799999999999997,132.6676646025936
3743,2,50,20,10.0848,4.324324324324325,5.029999999999999,136.5356576700084
3744,2,50,20,8.241,3.7837837837837838,4.55,145.0829079919067
3745,2,50,20,18.6192,8.64864864864865,12.02,123.01257845336733
3746,2,50,20,11.9538,4.324324324324325,6.16,123.86681475246804
3747,2,50,20,9.6798,3.794594594594595,5.529999999999999,116.85279647176125
3748,2,50,20,6.9765,3.7837837837837838,2.75,160.6866380964862
3749,2,50,20,8.2327,2.1621621621621623,3.8200000000000003,141.99938323775825
3750,2,50,20,10.135,2.7027027027027026,5.53,113.75597230597756
3751,2,50,20,9.8369,5.945945945945946,6.470000000000001,127.97180476533504
3752,2,50,20,27.8236,9.372972972972972,17.419999999999998,121.48981434806868
3753,2,50,20,6.8282,1.6216216216216217,2.5100000000000002,128.8910456745099
3754,2,50,20,2.9189,0.6054054054054054,0.5700000000000001,118.07327470584124
3755,2,50,20,2.8258,0.0,0.18,
3756,2,50,20,13.105,4.324324324324325,7.279999999999999,131.6658805626541
3757,2,50,20,10.1386,5.945945945945946,6.82,136.24090895332353
3758,2,50,20,15.6299,7.1567567567567565,10.059999999999999,129.27477293333337
3759,2,50,20,2.2647,0.0,0.0,
3760,2,60,20,12.5002,7.027027027027027,8.26,152.74397054196282
3761,2,60,20,14.8862,5.405405405405405,8.32,139.2618576132597
3762,2,60,20,10.6595,4.324324324324325,6.08,140.36742828687477
3763,2,60,20,4.0393,0.5405405405405406,0.79,125.67390232522904
3764,2,60,20,10.6544,6.486486486486487,5.92,146.2298171936259
3765,2,60,20,28.9269,15.135135135135135,20.580000000000002,126.3238716226649
3766,2,60,20,27.786,14.69189189189189,20.46,130.642489118393
3767,2,60,20,7.4168,3.2432432432432434,3.7299999999999995,137.61372125795313
3768,2,60,20,12.2719,5.772972972972973,7.57,134.37563416420772
3769,2,60,20,12.8734,4.324324324324325,7.82,115.59258959710641
3770,2,60,20,21.5708,10.68108108108108,14.030000000000001,128.66338728105808
3771,2,60,20,2.7859,0.0,0.3,
3772,2,60,20,5.103,1.0810810810810811,1.7,113.00418820981494
3773,2,60,20,19.285,7.027027027027026,11.180000000000001,118.65077271090044
3774,2,60,20,10.7788,4.324324324324325,5.97,118.86572801144618
3775,2,60,20,21.4997,14.054054054054054,15.85,141.57789401787974
3776,2,60,20,6.7368,2.7027027027027026,3.2800000000000002,127.26903501622948
3777,2,60,20,9.1253,5.924324324324325,4.67,137.3314652531757
3778,2,60,20,6.2758,0.5405405405405406,2.21,108.65716990309423
3779,2,60,20,25.3629,11.145945945945948,15.76,119.36725612028208
3780,2,70,20,12.6374,7.5675675675675675,8.08,128.8772580841159
3781,2,70,20,8.8457,5.405405405405405,5.55,143.78992715151318
3782,2,70,20,17.0049,11.156756756756758,12.25,142.89870078162343
3783,2,70,20,18.2628,5.902702702702703,10.27,120.3607077602036
3784,2,70,20,27.7998,8.82162162162162,17.04,132.59664822808932
3785,2,70,20,9.2597,2.7027027027027026,4.63,146.1581765494231
3786,2,70,20,12.7642,5.740540540540541,8.85,131.06914054594614
3787,2,70,20,2.7448,0.0,0.0,
3788,2,70,20,17.7492,7.027027027027027,10.440000000000001,130.18623423203525
3789,2,70,20,7.6537,1.6216216216216217,3.4799999999999995,142.43639579459716
3790,2,70,20,16.9654,5.945945945945946,9.82,117.45287807114168
3791,2,70,20,7.5945,2.1621621621621623,4.07,118.73490264651568
3792,2,70,20,10.2683,4.594594594594595,6.2,137.78488481931944
3793,2,70,20,19.0724,6.486486486486487,11.74,120.37040379094192
3794,2,70,20,20.3203,8.108108108108109,11.620000000000001,128.3766066272706
3795,2,70,20,10.2106,4.864864864864865,5.630000000000001,131.03776542951795
3796,2,70,20,10.6241,4.324324324324325,5.62,127.14701674805062
3797,2,70,20,12.7286,4.324324324324325,7.45,112.58033820231853
3798,2,70,20,9.0076,3.2432432432432434,4.29,126.18228805323825
3799,2,70,20,14.8556,3.8810810810810814,7.390000000000001,107.02490685749979
3800,2,75,20,9.8192,3.7837837837837838,5.16,120.13567949752762
3801,2,75,20,29.6307,12.90810810810811,20.999999999999996,120.95927540070484
3802,2,75,20,15.1577,5.405405405405405,9.9,129.2879597548762
3803,2,75,20,19.4271,7.762162162162161,11.879999999999999,141.93679510243706
3804,2,75,20,5.3505,1.5243243243243243,1.94,124.96136047750463
3805,2,75,20,18.5369,7.5675675675675675,11.91,135.284173894855
3806,2,75,20,10.6429,6.475675675675676,6.37,117.60651444760634
3807,2,75,20,7.7586,4.032432432432432,4.119999999999999,123.77836377199989
3808,2,75,20,5.7545,2.5297297297297296,2.96,131.97673637919445
3809,2,75,20,12.6003,5.405405405405405,7.709999999999999,133.47321143706245
3810,2,75,20,6.301,4.064864864864865,4.25,164.10594982446872
3811,2,75,20,5.3968,2.1621621621621623,1.97,166.8148497131005
3812,2,75,20,47.9235,15.945945945945946,29.570000000000004,124.32900565607841
3813,2,75,20,16.1109,6.475675675675676,9.28,120.85339217845892
3814,2,75,20,16.6807,5.945945945945946,11.28,139.68793875707664
3815,2,75,20,27.1158,12.054054054054054,18.53,124.36306621675051
3816,2,75,20,22.1185,8.108108108108109,13.16,131.48605165771997
3817,2,75,20,7.5879,4.324324324324325,4.339999999999999,129.5319669899979
3818,2,75,20,2.7064,0.0,0.16,
3819,2,75,20,7.2359,2.1621621621621623,3.25,113.97249214285588
3820,2,80,20,21.5231,7.945945945945946,14.520000000000001,121.50421050416183
3821,2,80,20,25.9948,12.464864864864865,16.81,131.4073907689961
3822,2,80,20,27.7108,9.545945945945945,17.310000000000002,116.51341630041708
3823,2,80,20,33.2195,13.513513513513516,23.94,121.6339274384937
3824,2,80,20,17.4218,6.583783783783784,9.569999999999999,132.25625112259715
3825,2,80,20,8.4002,2.3891891891891897,3.45,139.52638742133567
3826,2,80,20,4.4745,1.6216216216216217,1.5,123.41121683606123
3827,2,80,20,20.3063,8.108108108108109,12.849999999999998,125.52019964338956
3828,2,80,20,14.1586,5.945945945945946,7.69,122.03029767827053
3829,2,80,20,19.9073,8.108108108108109,12.57,125.00251763127862
3830,2,80,20,18.3963,8.983783783783784,12.580000000000002,122.50371886788368
3831,2,80,20,8.6563,2.8216216216216217,4.3100000000000005,129.97840186369936
3832,2,80,20,3.7444,0.5405405405405406,0.79,128.51424266010835
3833,2,80,20,13.2014,4.324324324324325,7.590000000000001,116.99503801416006
3834,2,80,20,13.7588,7.5675675675675675,9.93,128.2176326138249
3835,2,80,20,30.2172,10.27027027027027,18.259999999999998,127.73054820610253
3836,2,80,20,22.502,9.18918918918919,16.279999999999998,121.63198971496304
3837,2,80,20,6.606,1.772972972972973,2.9,117.09571584099811
3838,2,80,20,29.9881,10.27027027027027,19.160000000000004,113.6728619492645
3839,2,80,20,23.1482,11.470270270270271,14.91,125.0010170978935
3840,2,90,20,4.9478,1.0810810810810811,1.5,136.67840371088977
3841,2,90,20,12.8548,7.027027027027027,7.75,128.79255336228294
3842,2,90,20,13.1593,5.945945945945946,7.920000000000002,137.56581213198825
3843,2,90,20,10.4427,4.324324324324325,5.7700000000000005,141.76358148457433
3844,2,90,20,9.2418,5.9459459459459465,5.290000000000001,141.5257410909492
3845,2,90,20,12.4823,3.07027027027027,6.82,124.42385053592618
3846,2,90,20,24.2037,9.18918918918919,14.84,121.69007191669628
3847,2,90,20,16.8764,5.5675675675675675,9.59,135.15845521725743
3848,2,90,20,13.9356,5.394594594594595,8.09,122.28564626147677
3849,2,90,20,4.5406,1.0810810810810811,1.1,129.75952388337728
3850,2,90,20,15.0212,5.405405405405405,9.030000000000001,126.17137351735828
3851,2,90,20,14.1205,6.108108108108108,9.110000000000001,126.54610581068108
3852,2,90,20,22.0901,9.72972972972973,14.719999999999999,135.50129422567952
3853,2,90,20,24.4856,12.972972972972974,17.369999999999997,125.5700654099859
3854,2,90,20,7.7998,1.6216216216216217,3.31,122.04595281005237
3855,2,90,20,10.8769,6.335135135135135,7.159999999999999,123.72410126634134
3856,2,90,20,16.5866,7.027027027027027,9.370000000000001,122.45646798381964
3857,2,90,20,13.053,6.994594594594593,9.09,149.5961373497506
3858,2,90,20,15.9874,5.513513513513513,9.97,114.27041331080378
3859,2,90,20,3.8408,0.5405405405405406,0.67,130.94389346227894
3860,2,100,20,7.6046,1.6216216216216217,3.19,114.59833298441988
3861,2,100,20,35.1494,10.27027027027027,21.830000000000002,122.8365374824893
3862,2,100,20,18.5044,9.72972972972973,12.32,123.470557499527
3863,2,100,20,16.4658,9.18918918918919,10.87,140.148692667913
3864,2,100,20,12.5166,4.864864864864865,7.640000000000001,116.13775011840261
3865,2,100,20,24.2192,9.372972972972974,14.469999999999999,122.2093669614774
3866,2,100,20,15.1464,7.5675675675675675,8.76,124.77468517062734
3867,2,100,20,24.0781,8.41081081081081,15.669999999999998,126.76716203462388
3868,2,100,20,8.1105,2.7027027027027026,3.96,117.2672314098043
3869,2,100,20,30.8861,11.891891891891893,19.95,133.5423381921297
3870,2,100,20,3.1552,0.0,0.0,
3871,2,100,20,18.3964,7.902702702702703,11.790000000000001,124.92220804284797
3872,2,100,20,13.1221,5.135135135135135,7.8,114.12593100765166
3873,2,100,20,9.0074,3.2432432432432434,5.35,118.58165019014906
3874,2,100,20,13.2427,6.486486486486487,7.65,112.80830980461845
3875,2,100,20,3.1235,0.0,0.01,
3876,2,100,20,18.7006,8.64864864864865,11.91,120.96022548830756
3877,2,100,20,14.2957,3.7837837837837838,7.590000000000001,113.31261975480656
3878,2,100,20,4.8496,2.1621621621621623,1.73,115.67337046357193
3879,2,100,20,2.9636,0.0,0.01,
3880,2,370,20,49.3494,0.0,25.670000000000005,
3881,2,370,20,46.5688,0.0,24.860000000000003,
3882,2,370,20,40.3211,0.0,18.630000000000003,
3883,2,370,20,76.6591,0.0,38.84,
3884,2,370,20,64.908,0.0,32.54,
3885,2,370,20,69.6112,0.0,35.32,
3886,2,370,20,33.2035,0.0,16.580000000000002,
3887,2,370,20,77.3741,0.0,41.45,
3888,2,370,20,100.8022,0.0,50.260000000000005,
3889,2,370,20,57.5763,0.0,28.829999999999995,
3890,2,370,20,64.0727,0.0,31.589999999999996,
3891,2,370,20,18.2811,0.0,8.6,
3892,2,370,20,70.1674,0.0,40.010000000000005,
3893,2,370,20,20.7247,0.0,9.5,
3894,2,370,20,23.3846,0.0,12.719999999999999,
3895,2,370,20,27.6724,0.0,14.52,
3896,2,370,20,79.1343,0.0,39.85000000000001,
3897,2,370,20,129.5988,0.0,65.83,
3898,2,370,20,64.5006,0.0,32.6,
3899,2,370,20,84.031,0.0,45.0,
3900,2,1,25,4.0677,47.98918918918919,1.19,634.3682696496197
3901,2,1,25,6.8861,45.6,4.680000000000001,535.5017062431806
3902,2,1,25,7.217,45.902702702702705,5.24,513.2338114608406
3903,2,1,25,7.6458,48.31351351351351,4.04,678.72496103169
3904,2,1,25,11.8937,46.21621621621622,9.97,505.27017529041063
3905,2,1,25,5.9083,47.71891891891892,2.56,570.8780001452966
3906,2,1,25,12.4326,48.648648648648646,8.45,539.7132028642843
3907,2,1,25,7.6364,49.210810810810806,4.64,581.3600373538167
3908,2,1,25,15.5242,52.48648648648649,12.84,473.14093560140793
3909,2,1,25,16.0554,45.87027027027027,10.9,489.59040504215784
3910,2,1,25,4.9325,44.0,2.5100000000000002,576.1525850519671
3911,2,1,25,5.2512,44.86486486486487,2.29,545.2519477446003
3912,2,1,25,24.9355,53.156756756756764,19.93,371.2750264470385
3913,2,1,25,5.2931,41.09189189189188,3.3199999999999994,507.98056525920356
3914,2,1,25,17.9787,49.535135135135135,12.939999999999998,473.6992306134524
3915,2,1,25,9.1887,46.22702702702703,6.409999999999999,594.8376656620981
3916,2,1,25,5.5302,41.29729729729729,3.7700000000000005,529.9009852864068
3917,2,1,25,11.1417,48.69189189189189,7.88,513.532035230437
3918,2,1,25,2.818,44.86486486486486,0.42000000000000004,634.4024320604694
3919,2,1,25,9.7832,46.68108108108108,7.35,576.1840747046462
3920,2,10,25,13.273,9.18918918918919,7.540000000000001,214.75802122376197
3921,2,10,25,14.7103,11.36216216216216,10.47,144.30337588291786
3922,2,10,25,19.798,16.216216216216218,13.930000000000001,193.14494459626346
3923,2,10,25,14.6318,10.81081081081081,8.540000000000001,228.69191886432327
3924,2,10,25,3.1749,1.0810810810810811,0.9,189.658146906074
3925,2,10,25,7.6772,5.545945945945946,4.0600000000000005,236.7215890158094
3926,2,10,25,17.8035,10.994594594594593,12.09,147.95369012645358
3927,2,10,25,15.3824,7.027027027027027,8.45,159.88669423167042
3928,2,10,25,13.5233,9.72972972972973,9.23,184.27113716235965
3929,2,10,25,11.5308,7.5675675675675675,6.890000000000001,213.29642882369347
3930,2,10,25,2.7357,0.918918918918919,0.18,215.60032979426
3931,2,10,25,10.8763,11.35135135135135,6.35,199.00892442061155
3932,2,10,25,21.6041,13.005405405405407,15.16,165.43414856449198
3933,2,10,25,17.4904,10.27027027027027,11.319999999999999,169.945475656773
3934,2,10,25,2.8975,0.5405405405405406,0.0,330.1935287605273
3935,2,10,25,11.0636,9.72972972972973,8.06,165.0473592331793
3936,2,10,25,12.3633,10.043243243243243,8.8,182.66722222672013
3937,2,10,25,6.8253,4.324324324324325,3.8,137.840442406472
3938,2,10,25,3.3084,1.6216216216216217,0.53,405.7537156395388
3939,2,10,25,20.2966,12.972972972972974,14.13,170.48497999209323
3940,2,20,25,19.8554,14.594594594594593,13.51,169.2077041234692
3941,2,20,25,15.6142,9.816216216216215,10.92,156.20424177130334
3942,2,20,25,4.0235,2.1621621621621623,1.0899999999999999,159.21413110100843
3943,2,20,25,22.8507,9.72972972972973,15.470000000000002,131.18515217856435
3944,2,20,25,6.8754,3.7837837837837838,3.66,133.37705149082433
3945,2,20,25,12.2269,6.486486486486487,7.409999999999999,146.53606315704621
3946,2,20,25,8.7915,2.7027027027027026,4.01,156.27648695988742
3947,2,20,25,13.2142,10.27027027027027,8.540000000000001,143.04584271249132
3948,2,20,25,6.9089,3.2432432432432434,3.5100000000000002,202.1104466181392
3949,2,20,25,3.7886,1.156756756756757,0.99,171.09867010557025
3950,2,20,25,17.5592,8.205405405405406,11.16,142.60023532758728
3951,2,20,25,23.0779,12.432432432432433,15.35,159.62762189032807
3952,2,20,25,5.7923,4.324324324324325,2.34,198.20904931695563
3953,2,20,25,22.2956,13.09189189189189,16.35,133.21604058636856
3954,2,20,25,18.9069,7.027027027027026,12.540000000000001,146.00988118525882
3955,2,20,25,5.1412,2.7027027027027026,1.81,175.38822696555332
3956,2,20,25,12.7785,4.324324324324325,6.459999999999999,145.33516108595563
3957,2,20,25,2.9275,0.0,0.0,
3958,2,20,25,9.5129,7.5675675675675675,6.0600000000000005,160.57511177891269
3959,2,20,25,18.0427,11.891891891891891,13.280000000000001,141.73272206380645
3960,2,30,25,17.9168,9.18918918918919,11.7,153.44477658319698
3961,2,30,25,29.921,18.8,22.61,151.25962318380013
3962,2,30,25,15.5689,9.18918918918919,9.44,148.026927696878
3963,2,30,25,13.5586,5.945945945945946,6.99,138.17525598070463
3964,2,30,25,9.1116,5.405405405405405,5.41,137.72344349866262
3965,2,30,25,22.2408,12.497297297297298,16.31,138.4629449307038
3966,2,30,25,34.025,18.91891891891892,23.89,130.3510487391547
3967,2,30,25,11.8849,8.108108108108109,8.64,143.1815200973301
3968,2,30,25,24.249,10.962162162162162,15.729999999999999,135.7714260290089
3969,2,30,25,3.9312,2.1621621621621623,0.71,204.24266180323693
3970,2,30,25,4.4856,1.6216216216216217,1.53,166.03895710124416
3971,2,30,25,19.1719,8.108108108108109,11.1,133.49525543621786
3972,2,30,25,3.9395,1.2432432432432432,1.44,113.44800927371959
3973,2,30,25,7.5402,4.940540540540541,3.9,193.36259230963498
3974,2,30,25,26.7961,12.78918918918919,19.15,120.50792123950416
3975,2,30,25,21.9863,13.005405405405407,15.210000000000003,146.67924982301525
3976,2,30,25,22.3345,12.583783783783783,16.7,131.2884370784766
3977,2,30,25,10.3696,5.405405405405405,6.08,146.4279339807239
3978,2,30,25,12.9602,6.497297297297297,7.9,156.51594025650388
3979,2,30,25,9.8719,5.945945945945946,6.88,142.06566439784262
3980,2,40,25,5.6263,1.6216216216216217,1.98,125.02757467893206
3981,2,40,25,4.6286,2.1621621621621623,1.4300000000000002,150.33664126922918
3982,2,40,25,26.7968,11.35135135135135,17.55,120.33602937761647
3983,2,40,25,11.8416,7.383783783783784,8.48,134.64730797705897
3984,2,40,25,2.6865,0.0,0.0,
3985,2,40,25,2.9503,0.5405405405405406,0.16,268.612004532885
3986,2,40,25,9.5259,2.7027027027027026,4.56,146.34223236617675
3987,2,40,25,4.6418,2.1621621621621623,1.5699999999999998,134.38570368878084
3988,2,40,25,5.3607,2.1621621621621623,2.6,114.29207850508809
3989,2,40,25,23.3114,12.432432432432432,15.02,135.78549581105122
3990,2,40,25,11.8688,5.945945945945946,6.970000000000001,124.90221775006165
3991,2,40,25,6.6391,2.7027027027027026,2.7,118.58809523429213
3992,2,40,25,12.8485,7.6756756756756745,8.93,146.64371768949042
3993,2,40,25,2.9719,0.0,0.27999999999999997,
3994,2,40,25,20.1647,8.108108108108109,11.91,130.99682005722372
3995,2,40,25,5.739,3.7837837837837838,3.3299999999999996,119.8729286413641
3996,2,40,25,14.2838,9.18918918918919,8.76,155.5756233353488
3997,2,40,25,5.3169,1.6216216216216217,2.0,111.69410721093351
3998,2,40,25,6.3089,2.4324324324324325,2.44,122.47256420901347
3999,2,40,25,9.7924,3.7837837837837838,5.279999999999999,135.20414322230565
4000,2,50,25,20.269,12.432432432432433,13.23,148.40063823617828
4001,2,50,25,7.4503,2.1621621621621623,3.4200000000000004,115.42706846616849
4002,2,50,25,29.8585,16.216216216216218,21.490000000000002,130.78098208737524
4003,2,50,25,23.6105,14.345945945945946,16.259999999999998,135.8251360820925
4004,2,50,25,16.3823,9.232432432432432,10.86,139.63709992315273
4005,2,50,25,10.8746,5.405405405405405,6.409999999999999,125.05162658681323
4006,2,50,25,10.2884,5.945945945945946,6.609999999999999,127.67618048804607
4007,2,50,25,6.9358,2.7027027027027026,3.2600000000000002,119.23773442335951
4008,2,50,25,8.3293,5.091891891891892,5.58,126.95579047046807
4009,2,50,25,16.0242,10.81081081081081,10.430000000000001,135.93802550519592
4010,2,50,25,4.8994,1.6216216216216217,1.83,116.48509470860579
4011,2,50,25,2.8143,0.0,0.04,
4012,2,50,25,10.0206,6.897297297297297,5.720000000000001,150.4173191988604
4013,2,50,25,4.2228,1.6216216216216217,1.67,117.5096228880844
4014,2,50,25,22.0445,15.135135135135135,15.460000000000003,152.66039640023635
4015,2,50,25,8.9216,2.7027027027027026,4.79,135.78847404982247
4016,2,50,25,3.2838,0.0,0.15,
4017,2,50,25,6.8936,1.0810810810810811,2.7199999999999998,110.44392892087484
4018,2,50,25,2.9489,0.0,0.0,
4019,2,50,25,8.1303,5.405405405405405,5.159999999999999,169.3232792370298
4020,2,60,25,13.769,7.697297297297299,8.18,129.9958312263161
4021,2,60,25,8.2516,5.524324324324324,4.8,147.56841212604553
4022,2,60,25,11.3086,5.945945945945946,6.529999999999999,128.90342000650466
4023,2,60,25,29.2085,16.216216216216218,21.86,140.07369205346833
4024,2,60,25,16.066,11.891891891891891,12.15,133.7468330451314
4025,2,60,25,10.0507,5.405405405405405,6.43,123.48955119954731
4026,2,60,25,8.8363,4.864864864864865,5.2,117.90734654178979
4027,2,60,25,8.0869,3.7837837837837838,3.9899999999999998,150.1457539969605
4028,2,60,25,29.6369,16.27027027027027,21.38,125.27459029256848
4029,2,60,25,4.5366,1.6216216216216217,1.7,131.8467067606708
4030,2,60,25,14.1206,8.691891891891892,9.82,130.45444690466033
4031,2,60,25,3.1871,1.0810810810810811,0.26,217.14199562033747
4032,2,60,25,13.3099,5.405405405405405,7.49,122.7414778517959
4033,2,60,25,15.1902,6.486486486486487,9.73,146.33921967028616
4034,2,60,25,13.2772,6.486486486486487,8.18,133.30470385463312
4035,2,60,25,9.3125,3.2432432432432434,4.58,121.48194598390182
4036,2,60,25,19.5541,9.72972972972973,12.65,129.3665190730317
4037,2,60,25,14.538,8.64864864864865,9.55,134.26292475287025
4038,2,60,25,19.1452,10.27027027027027,13.290000000000001,132.87575517588166
4039,2,60,25,7.2582,3.2432432432432434,3.8300000000000005,132.6466369767576
4040,2,70,25,19.0329,10.27027027027027,12.479999999999999,124.56607341993875
4041,2,70,25,7.2934,1.6216216216216217,3.6,169.9888280338176
4042,2,70,25,22.2313,14.702702702702704,15.77,127.71865798902807
4043,2,70,25,20.4942,9.859459459459458,14.27,119.7260020112178
4044,2,70,25,18.7707,6.486486486486487,11.260000000000002,126.86957124689057
4045,2,70,25,5.0513,1.6216216216216217,1.8700000000000003,122.0458857470112
4046,2,70,25,15.9489,8.64864864864865,11.15,132.90597468100214
4047,2,70,25,5.3511,2.7027027027027026,2.7399999999999998,121.8747793709442
4048,2,70,25,20.7192,9.72972972972973,12.860000000000003,129.91905743601058
4049,2,70,25,17.4709,5.405405405405405,10.290000000000001,118.32233240357598
4050,2,70,25,7.4681,3.2432432432432434,4.05,165.13887053414047
4051,2,70,25,13.2019,6.259459459459459,8.65,114.76420283707573
4052,2,70,25,5.6097,2.7027027027027026,2.0300000000000002,153.71056203359907
4053,2,70,25,15.6311,8.345945945945946,10.170000000000002,143.87035359179515
4054,2,70,25,22.3813,11.156756756756756,14.839999999999998,135.1526503380915
4055,2,70,25,9.8335,4.216216216216216,4.87,142.7807946730922
4056,2,70,25,8.5533,4.324324324324325,5.42,131.34019151256155
4057,2,70,25,11.146,6.486486486486487,7.88,123.3678658888714
4058,2,70,25,21.5023,9.935135135135136,14.839999999999998,129.00107052055404
4059,2,70,25,10.8141,4.043243243243244,5.54,118.2018133386616
4060,2,75,25,22.0406,10.27027027027027,14.89,125.26002234978307
4061,2,75,25,12.3764,3.9351351351351354,7.49,119.52386705919972
4062,2,75,25,13.3184,8.108108108108109,7.779999999999999,135.02180784340214
4063,2,75,25,22.495,11.35135135135135,16.43,129.6071423449087
4064,2,75,25,9.8031,3.7837837837837838,4.76,115.89671329412855
4065,2,75,25,19.2566,11.891891891891891,14.790000000000001,137.16859762457565
4066,2,75,25,5.9697,2.7027027027027026,2.3899999999999997,135.7449022196804
4067,2,75,25,5.9415,2.1621621621621623,2.13,115.3866142703077
4068,2,75,25,2.5913,0.0,0.0,
4069,2,75,25,20.1344,14.702702702702704,15.879999999999999,131.5796114757119
4070,2,75,25,18.4321,8.183783783783785,12.04,126.12819414272879
4071,2,75,25,4.5422,1.0810810810810811,1.06,117.60360510635905
4072,2,75,25,15.2281,7.502702702702703,9.459999999999999,115.82566987643722
4073,2,75,25,11.8868,5.945945945945946,6.68,119.1767014557612
4074,2,75,25,20.2709,8.108108108108109,11.720000000000002,137.40043303503222
4075,2,75,25,11.3226,5.405405405405405,7.209999999999999,128.7305345422923
4076,2,75,25,7.7299,1.6216216216216217,3.2700000000000005,115.05351212592831
4077,2,75,25,6.4506,2.7027027027027026,2.58,118.44201548767936
4078,2,75,25,9.6196,5.405405405405405,5.67,138.1684720110636
4079,2,75,25,22.702,15.675675675675677,17.23,127.98775730748886
4080,2,80,25,30.4767,18.691891891891892,22.839999999999996,125.54506207010049
4081,2,80,25,15.6493,7.027027027027026,8.620000000000001,124.41470402765152
4082,2,80,25,22.1691,8.108108108108109,14.680000000000001,113.41126817088573
4083,2,80,25,10.006,4.324324324324325,6.24,118.76024946161402
4084,2,80,25,27.9027,14.054054054054054,20.479999999999997,124.01691282144219
4085,2,80,25,11.9543,6.475675675675676,8.239999999999998,128.41554591491794
4086,2,80,25,15.0165,8.108108108108109,9.5,138.4276434570187
4087,2,80,25,13.5571,4.864864864864865,8.52,125.58275043772147
4088,2,80,25,5.8703,1.6216216216216217,2.26,117.19297612590395
4089,2,80,25,12.2082,5.9459459459459465,7.719999999999999,123.92456640553586
4090,2,80,25,21.774,9.18918918918919,13.430000000000001,128.06988036427725
4091,2,80,25,24.8077,12.432432432432432,17.240000000000002,123.99665794444118
4092,2,80,25,10.1114,4.064864864864864,5.2700000000000005,122.14814618343985
4093,2,80,25,20.08,11.891891891891891,14.05,136.40347915870313
4094,2,80,25,12.4918,8.64864864864865,8.370000000000001,141.2960693164672
4095,2,80,25,5.9937,2.7027027027027026,3.3,151.91949185924392
4096,2,80,25,13.7775,7.2972972972972965,8.39,142.85603527745602
4097,2,80,25,9.4954,3.2432432432432434,5.1899999999999995,129.82778766895584
4098,2,80,25,11.566,7.027027027027027,7.3199999999999985,124.20500350278016
4099,2,80,25,7.2725,2.7027027027027026,4.68,126.96887628683098
4100,2,90,25,23.3739,10.27027027027027,14.529999999999998,116.6891786795819
4101,2,90,25,12.9534,4.52972972972973,7.410000000000001,120.30151138007886
4102,2,90,25,22.3807,9.037837837837838,14.010000000000002,122.00164936806058
4103,2,90,25,30.7704,18.64864864864865,22.73,129.50144729024183
4104,2,90,25,4.9177,2.1621621621621623,2.1,174.12227548774283
4105,2,90,25,11.0764,5.405405405405405,6.5200000000000005,123.25022313600746
4106,2,90,25,9.7895,5.405405405405405,5.53,123.90776408120527
4107,2,90,25,5.617,1.6216216216216217,2.3200000000000003,124.6025909125761
4108,2,90,25,8.918,2.1621621621621623,4.2,115.25661597863629
4109,2,90,25,12.2495,4.324324324324325,6.869999999999999,120.84693850387137
4110,2,90,25,15.5133,8.313513513513513,10.809999999999999,124.31543869685194
4111,2,90,25,17.9654,7.5675675675675675,11.12,121.34580131937587
4112,2,90,25,18.6461,10.27027027027027,12.21,125.49627909853119
4113,2,90,25,7.0703,2.1621621621621623,2.9299999999999997,130.04326074324342
4114,2,90,25,31.0893,13.924324324324322,21.919999999999998,132.46180264892877
4115,2,90,25,15.363,9.059459459459458,10.1,112.42639296058678
4116,2,90,25,4.8208,1.6216216216216217,1.51,117.49702560088271
4117,2,90,25,16.7031,8.64864864864865,11.47,125.73370000586903
4118,2,90,25,17.5561,10.27027027027027,11.22,136.54741134181504
4119,2,90,25,9.5941,3.2432432432432434,5.8100000000000005,124.95800437482735
4120,2,100,25,5.7132,3.5351351351351354,3.3899999999999997,131.11558312732748
4121,2,100,25,35.101,22.7027027027027,26.52,124.64239123235319
4122,2,100,25,5.2923,2.7027027027027026,2.31,130.61714965645015
4123,2,100,25,23.5445,11.35135135135135,16.02,124.10088701200266
4124,2,100,25,12.9153,7.5675675675675675,7.659999999999999,132.03869188064124
4125,2,100,25,7.3734,3.2432432432432434,3.5599999999999996,116.44276773499574
4126,2,100,25,23.9527,10.81081081081081,15.45,129.98537843051216
4127,2,100,25,8.232,3.2432432432432434,4.23,126.54988369233585
4128,2,100,25,11.4484,5.405405405405405,6.720000000000001,158.54071316904214
4129,2,100,25,4.9899,0.5405405405405406,1.2,155.8986653353596
4130,2,100,25,15.2733,5.945945945945946,9.750000000000002,125.34473160688661
4131,2,100,25,8.4256,3.275675675675676,4.4,128.03175166367737
4132,2,100,25,20.6491,9.18918918918919,13.34,112.47626217222378
4133,2,100,25,14.5773,8.64864864864865,9.85,129.95173475713702
4134,2,100,25,8.6754,1.6216216216216217,3.4699999999999998,122.77928973251453
4135,2,100,25,15.5657,6.486486486486487,8.83,119.15186643602249
4136,2,100,25,14.6647,7.113513513513513,8.66,125.17006037018636
4137,2,100,25,12.8952,6.486486486486487,8.16,136.86368666268493
4138,2,100,25,5.6225,2.7027027027027026,2.38,127.35036797043533
4139,2,100,25,21.9718,10.259459459459459,14.819999999999999,126.7520310816293
4140,2,370,25,45.543,0.0,25.39,
4141,2,370,25,57.6254,0.0,29.22,
4142,2,370,25,41.6695,0.0,21.82,
4143,2,370,25,35.9193,0.0,18.259999999999998,
4144,2,370,25,85.7969,0.0,43.36,
4145,2,370,25,71.7159,0.0,37.059999999999995,
4146,2,370,25,117.9533,0.0,60.129999999999995,
4147,2,370,25,95.0998,0.0,49.260000000000005,
4148,2,370,25,34.866,0.0,17.18,
4149,2,370,25,2.618,0.0,0.06999999999999999,
4150,2,370,25,71.6297,0.0,36.89,
4151,2,370,25,42.7451,0.0,23.34,
4152,2,370,25,120.4386,0.0,63.410000000000004,
4153,2,370,25,85.493,0.0,44.45,
4154,2,370,25,64.8061,0.0,33.39,
4155,2,370,25,82.8778,0.0,42.21,
4156,2,370,25,55.2702,0.0,34.35,
4157,2,370,25,69.6847,0.0,34.94,
4158,2,370,25,12.984,0.0,6.39,
4159,2,370,25,49.3244,0.0,25.839999999999996,
4160,2,1,30,3.5703,45.88108108108108,1.0799999999999998,590.7620369674764
4161,2,1,30,4.6053,48.17297297297298,1.4700000000000002,627.3672098761866
4162,2,1,30,8.7779,48.151351351351344,4.2700000000000005,532.7773905570087
4163,2,1,30,5.062,54.9945945945946,2.72,538.8257196515239
4164,2,1,30,5.3091,50.57297297297297,3.5099999999999993,547.911148932338
4165,2,1,30,14.6775,47.25405405405405,9.69,526.5564347200817
4166,2,1,30,7.4682,53.26486486486486,4.55,626.191872587967
4167,2,1,30,3.9708,51.75135135135135,1.9,588.0270637601249
4168,2,1,30,2.2793,48.17297297297298,0.0,666.8949798108957
4169,2,1,30,14.4072,52.62702702702703,11.01,440.8451127192253
4170,2,1,30,5.8988,50.17297297297297,2.95,528.1531963472288
4171,2,1,30,9.8531,52.20540540540541,6.2,483.96910674219066
4172,2,1,30,8.7195,50.17297297297297,5.33,617.7663869098529
4173,2,1,30,13.9909,57.27567567567568,11.290000000000001,423.1253689434703
4174,2,1,30,8.4982,53.42702702702703,6.12,534.163455755229
4175,2,1,30,11.839,51.4054054054054,8.260000000000002,495.3635520173788
4176,2,1,30,6.7462,52.594594594594604,4.58,476.60983114261404
4177,2,1,30,15.2505,53.578378378378375,11.59,446.47745896419497
4178,2,1,30,5.7732,46.778378378378385,3.5400000000000005,501.66639784995436
4179,2,1,30,6.7595,51.78378378378378,4.33,538.9878799597568
4180,2,10,30,5.0747,4.864864864864865,1.7600000000000002,222.24790343401435
4181,2,10,30,4.3135,2.5081081081081082,1.5699999999999998,166.54827943480987
4182,2,10,30,7.6575,6.821621621621621,4.17,185.2499912459139
4183,2,10,30,3.3091,0.5405405405405406,0.0,515.276604645897
4184,2,10,30,8.5365,5.945945945945946,4.91,214.5415652977478
4185,2,10,30,13.1221,5.945945945945946,8.069999999999999,148.18929035372628
4186,2,10,30,6.4715,6.389189189189189,4.27,268.02539204853974
4187,2,10,30,11.7711,9.427027027027027,6.659999999999999,187.08580516366618
4188,2,10,30,16.5409,12.52972972972973,11.809999999999999,186.36920921052737
4189,2,10,30,14.9442,11.6,10.74,157.7367380442163
4190,2,10,30,9.1103,7.5675675675675675,5.2299999999999995,197.36564680182605
4191,2,10,30,9.4284,3.7837837837837838,5.1,239.1224017729442
4192,2,10,30,13.447,8.64864864864865,8.040000000000001,222.11605509065828
4193,2,10,30,4.3103,0.9621621621621621,0.95,432.352711336261
4194,2,10,30,18.1229,8.64864864864865,10.0,180.59085055577526
4195,2,10,30,11.189,7.027027027027027,7.110000000000001,166.09769542294785
4196,2,10,30,13.7824,9.72972972972973,9.059999999999999,162.81442935061963
4197,2,10,30,7.1507,5.945945945945946,3.65,211.2393456210317
4198,2,10,30,3.3481,2.7027027027027026,0.03,408.20851425790113
4199,2,10,30,13.7718,9.72972972972973,8.06,215.20913432984838
4200,2,20,30,4.6918,2.7027027027027026,2.18,198.70735247755655
4201,2,20,30,10.2583,8.108108108108109,6.0200000000000005,185.2028688025844
4202,2,20,30,9.8323,5.405405405405405,5.69,115.57497727290324
4203,2,20,30,13.9596,7.027027027027026,8.469999999999999,134.21387733997787
4204,2,20,30,9.4707,7.048648648648649,6.779999999999999,160.29307809571145
4205,2,20,30,8.3349,3.7837837837837838,4.3100000000000005,144.12776761028505
4206,2,20,30,16.1033,9.978378378378379,10.23,156.5662690953255
4207,2,20,30,9.5471,4.324324324324325,4.95,160.53784840993075
4208,2,20,30,3.7318,1.0810810810810811,0.43,220.32431306765528
4209,2,20,30,17.0057,8.64864864864865,12.71,130.70502844982687
4210,2,20,30,11.4972,6.486486486486487,7.32,128.69957417728375
4211,2,20,30,14.1762,8.043243243243243,9.27,168.06605954407706
4212,2,20,30,15.9241,10.81081081081081,10.680000000000001,164.37973802823834
4213,2,20,30,14.7447,11.35135135135135,11.120000000000001,153.64024839942425
4214,2,20,30,11.464,7.5675675675675675,7.769999999999999,132.17428664994057
4215,2,20,30,11.7895,5.9459459459459465,7.26,134.72076171113474
4216,2,20,30,14.047,10.27027027027027,9.459999999999999,182.6485135819404
4217,2,20,30,11.6627,8.724324324324325,7.970000000000001,163.8075836294023
4218,2,20,30,4.3667,2.1621621621621623,2.0300000000000002,132.89630398477382
4219,2,20,30,10.3253,7.037837837837839,6.63,161.21447235334674
4220,2,30,30,21.3841,13.17837837837838,15.62,126.85941661125236
4221,2,30,30,7.7953,2.7027027027027026,3.4299999999999997,123.27721662010742
4222,2,30,30,10.4311,5.945945945945946,6.590000000000001,153.6617424501195
4223,2,30,30,15.1535,11.005405405405403,10.650000000000002,145.82420855615362
4224,2,30,30,10.6384,7.978378378378379,6.69,153.9281470765778
4225,2,30,30,8.1356,3.7837837837837838,4.409999999999999,115.22874949810183
4226,2,30,30,15.1983,12.432432432432432,14.13,129.40810307033763
4227,2,30,30,11.9259,7.913513513513513,8.5,129.4325402542975
4228,2,30,30,13.1475,5.405405405405405,7.1800000000000015,151.4239273456184
4229,2,30,30,8.9219,7.027027027027027,4.76,149.75434304895268
4230,2,30,30,2.9869,0.0,0.1,
4231,2,30,30,16.2938,11.502702702702702,10.580000000000002,161.2391621682024
4232,2,30,30,8.0363,5.405405405405405,4.4,149.10629882113432
4233,2,30,30,12.6612,10.27027027027027,8.23,152.9326972706452
4234,2,30,30,6.7809,3.7837837837837838,3.94,144.48603416585982
4235,2,30,30,20.1884,12.432432432432432,13.38,146.42328265091197
4236,2,30,30,6.8698,6.486486486486487,3.19,199.54142155784325
4237,2,30,30,5.9027,2.1837837837837837,2.07,178.01713603828534
4238,2,30,30,11.6523,9.72972972972973,8.37,176.18681902941088
4239,2,30,30,9.7608,5.9459459459459465,6.24,160.15820537691263
4240,2,40,30,17.3595,8.8,11.47,138.63218582319044
4241,2,40,30,9.8472,7.5675675675675675,6.6,139.0490656438047
4242,2,40,30,5.9156,1.6216216216216217,1.9,172.08763192639137
4243,2,40,30,5.1618,2.7027027027027026,2.0200000000000005,185.69134956650058
4244,2,40,30,4.7606,4.864864864864865,2.3899999999999997,161.8366298025797
4245,2,40,30,7.4157,4.324324324324325,4.91,147.25138865499173
4246,2,40,30,18.8944,9.18918918918919,11.76,154.70298551505624
4247,2,40,30,6.4783,3.7837837837837838,4.25,119.52703868390462
4248,2,40,30,9.6508,5.405405405405405,5.7700000000000005,125.34994670905533
4249,2,40,30,5.4289,3.7837837837837838,2.27,129.2440248909477
4250,2,40,30,11.9207,8.108108108108109,7.1,158.50812030342058
4251,2,40,30,6.1698,3.2432432432432434,3.1399999999999997,141.25023182700667
4252,2,40,30,9.0,4.864864864864865,5.11,143.47400210831796
4253,2,40,30,19.8987,13.297297297297296,13.62,140.79121075322507
4254,2,40,30,9.4223,7.859459459459461,5.49,162.10264935133446
4255,2,40,30,14.1932,6.043243243243244,8.99,120.46873954779568
4256,2,40,30,5.6121,3.2432432432432434,2.5100000000000002,123.03369277157776
4257,2,40,30,12.8488,10.27027027027027,9.61,138.29916468165564
4258,2,40,30,11.0692,9.124324324324323,7.83,139.14344112455865
4259,2,40,30,21.0937,18.194594594594594,17.75,152.2719795516518
4260,2,50,30,22.2326,14.129729729729728,17.119999999999997,137.39757178862416
4261,2,50,30,7.715,3.7837837837837838,3.9200000000000004,122.98536100494402
4262,2,50,30,3.563,0.5405405405405406,0.41,131.96516286325706
4263,2,50,30,16.646,7.470270270270271,10.11,129.35799084292248
4264,2,50,30,27.4298,20.097297297297295,22.22,136.35186740695414
4265,2,50,30,4.3969,1.0918918918918918,1.5699999999999998,122.61103671985519
4266,2,50,30,9.9638,7.027027027027027,6.340000000000001,142.13262466567966
4267,2,50,30,14.6165,6.65945945945946,8.65,133.62819868117424
4268,2,50,30,23.2532,14.054054054054054,16.669999999999998,130.42721690690766
4269,2,50,30,20.3054,10.81081081081081,13.65,124.73697644773881
4270,2,50,30,15.8219,12.432432432432432,11.59,135.94019749265613
4271,2,50,30,9.0424,3.7837837837837838,4.37,128.08066674346782
4272,2,50,30,13.0833,9.556756756756757,8.98,130.94117185326468
4273,2,50,30,11.7756,9.18918918918919,7.470000000000001,140.91308138266467
4274,2,50,30,8.3354,3.7837837837837838,4.5,114.33245790281441
4275,2,50,30,8.2325,3.2432432432432434,3.9,138.79603122182596
4276,2,50,30,18.9718,12.4,14.059999999999999,136.2216478651176
4277,2,50,30,7.881,4.324324324324325,4.2299999999999995,144.4196770462228
4278,2,50,30,9.7808,3.0486486486486486,5.279999999999999,140.30194771121703
4279,2,50,30,7.2764,3.7837837837837838,3.35,113.12049185165915
4280,2,60,30,14.4736,8.108108108108109,9.35,133.13717215265234
4281,2,60,30,13.6105,7.491891891891892,8.25,124.21444159753123
4282,2,60,30,7.1008,3.383783783783784,3.8299999999999996,127.07318292853563
4283,2,60,30,3.9685,1.6216216216216217,0.96,154.56878800663165
4284,2,60,30,8.2674,2.1621621621621623,3.4699999999999998,122.2021784405534
4285,2,60,30,11.8373,5.945945945945946,6.76,144.73523132728621
4286,2,60,30,5.7536,3.2432432432432434,2.5100000000000002,150.19260605513443
4287,2,60,30,19.9297,11.783783783783784,13.120000000000001,128.38318264820157
4288,2,60,30,19.5109,12.767567567567568,14.09,132.05199728386512
4289,2,60,30,8.3695,7.5675675675675675,5.319999999999999,151.43464479424793
4290,2,60,30,10.6346,6.691891891891892,7.540000000000001,133.92239097822093
4291,2,60,30,16.2008,8.108108108108109,11.28,129.97998841260878
4292,2,60,30,16.5398,7.027027027027026,9.81,139.0695771593087
4293,2,60,30,4.9593,2.7027027027027026,2.0300000000000002,186.29996634004712
4294,2,60,30,16.0329,10.8,10.540000000000001,126.9747797327805
4295,2,60,30,15.9416,11.264864864864865,10.09,153.63771074272518
4296,2,60,30,4.5969,1.0810810810810811,1.22,133.1347916548642
4297,2,60,30,20.078,9.524324324324324,12.180000000000001,132.7171596483766
4298,2,60,30,13.0304,6.486486486486487,7.76,142.02727140545946
4299,2,60,30,13.5393,6.486486486486487,7.5699999999999985,128.01079876129282
4300,2,70,30,9.6774,5.405405405405405,6.1,145.80898396219726
4301,2,70,30,12.98,6.021621621621621,8.04,127.45248245415655
4302,2,70,30,7.9747,3.7837837837837838,3.91,151.81502041235711
4303,2,70,30,15.1925,9.091891891891892,10.39,118.1046174504822
4304,2,70,30,17.4251,8.64864864864865,10.9,132.33965626686768
4305,2,70,30,7.656,4.27027027027027,4.2700000000000005,132.53081445734216
4306,2,70,30,14.953,10.627027027027028,10.2,127.02823297056379
4307,2,70,30,10.7171,3.2432432432432434,5.1899999999999995,116.67469125835744
4308,2,70,30,5.6304,0.5405405405405406,1.92,128.0322716906395
4309,2,70,30,10.4423,5.4270270270270276,5.9399999999999995,128.057499803946
4310,2,70,30,14.9772,8.475675675675676,9.47,131.88079134420335
4311,2,70,30,7.1775,3.2432432432432434,3.4799999999999995,123.03379332006516
4312,2,70,30,14.7506,4.324324324324325,8.84,133.6994370009064
4313,2,70,30,6.4006,1.0810810810810811,2.0599999999999996,111.3020709026016
4314,2,70,30,9.4894,7.027027027027027,5.14,141.8369476763172
4315,2,70,30,13.1435,6.486486486486487,8.069999999999999,129.45142005641313
4316,2,70,30,6.5993,3.967567567567568,3.6300000000000003,165.19751968414334
4317,2,70,30,8.6343,2.7027027027027026,4.58,122.36343734711795
4318,2,70,30,3.527,0.5405405405405406,0.43,130.22310803927812
4319,2,70,30,4.9237,3.7837837837837838,1.85,158.74861371679472
4320,2,75,30,11.604,9.30810810810811,7.32,140.20260169917984
4321,2,75,30,35.7961,18.497297297297298,26.190000000000005,128.31832619224
4322,2,75,30,6.7324,2.1621621621621623,2.48,153.98596720832896
4323,2,75,30,3.1282,0.5405405405405406,0.32999999999999996,115.028305641262
4324,2,75,30,8.1693,5.9459459459459465,4.41,133.8937195455167
4325,2,75,30,10.2956,5.405405405405405,6.519999999999999,125.75622956720652
4326,2,75,30,12.5512,8.64864864864865,7.409999999999999,144.19838145786392
4327,2,75,30,13.1605,5.405405405405405,7.1,130.03012362554117
4328,2,75,30,11.0452,5.405405405405405,7.239999999999999,124.42953143886902
4329,2,75,30,4.9712,1.6216216216216217,1.55,119.1421873342454
4330,2,75,30,3.9795,0.5405405405405406,0.53,106.40520592462376
4331,2,75,30,9.1302,4.713513513513513,5.16,131.74173166266274
4332,2,75,30,11.516,7.5675675675675675,8.99,122.80086383833441
4333,2,75,30,8.8715,4.205405405405406,4.92,121.61582265786353
4334,2,75,30,8.3189,4.864864864864865,4.99,128.46546137445574
4335,2,75,30,13.319,6.27027027027027,8.2,135.54754567030932
4336,2,75,30,15.4637,8.616216216216216,9.92,131.10328621041623
4337,2,75,30,10.3493,5.286486486486487,5.83,138.27097331740032
4338,2,75,30,20.7665,11.35135135135135,14.479999999999999,145.90949346847665
4339,2,75,30,11.1277,4.324324324324325,6.25,127.7346927413655
4340,2,80,30,9.9473,4.864864864864865,5.25,142.00870416198006
4341,2,80,30,13.9771,8.64864864864865,9.530000000000001,126.88043194986209
4342,2,80,30,2.9782,0.5405405405405406,0.18,127.34822136833417
4343,2,80,30,18.0146,10.81081081081081,12.59,133.41430168345096
4344,2,80,30,11.9202,4.8432432432432435,7.909999999999999,130.03061015052288
4345,2,80,30,18.084,10.162162162162161,11.54,130.11647671447201
4346,2,80,30,15.7056,9.18918918918919,10.62,145.86470473574204
4347,2,80,30,19.7464,12.432432432432432,15.14,134.32607093895197
4348,2,80,30,11.83,10.064864864864864,8.76,139.30629649135355
4349,2,80,30,3.0766,0.0,0.11000000000000001,
4350,2,80,30,6.7874,3.2432432432432434,3.19,124.59227486524541
4351,2,80,30,19.541,9.72972972972973,12.940000000000001,127.90105173993237
4352,2,80,30,6.134,1.6216216216216217,2.2600000000000002,116.01619285825257
4353,2,80,30,23.4283,14.594594594594593,17.380000000000003,123.21744643900787
4354,2,80,30,22.38,12.594594594594595,15.73,128.08691949469105
4355,2,80,30,20.6478,11.891891891891891,13.969999999999999,131.25077795441806
4356,2,80,30,13.0246,9.31891891891892,10.21,145.34498263153446
4357,2,80,30,11.3632,5.945945945945946,7.7,125.35773627115546
4358,2,80,30,21.4398,10.8,13.959999999999999,129.77437967028283
4359,2,80,30,6.0525,2.1621621621621623,2.39,119.88778610337364
4360,2,90,30,12.8739,6.486486486486487,8.459999999999999,119.74556282599094
4361,2,90,30,12.1818,6.281081081081081,7.25,128.0493983687179
4362,2,90,30,12.2932,5.632432432432433,6.590000000000001,128.56087819152054
4363,2,90,30,6.257,2.1621621621621623,2.84,106.2421019878381
4364,2,90,30,12.305,4.324324324324325,6.83,125.77183567947037
4365,2,90,30,4.188,2.1621621621621623,1.31,173.25474241387187
4366,2,90,30,5.5777,3.2432432432432434,2.15,159.88284122187395
4367,2,90,30,10.8853,3.891891891891892,6.38,127.10378872279159
4368,2,90,30,5.5242,2.1621621621621623,2.6700000000000004,122.16213396514875
4369,2,90,30,5.4395,3.2432432432432434,2.66,144.71572382097926
4370,2,90,30,14.4745,8.64864864864865,9.98,126.62651631444437
4371,2,90,30,5.0223,1.6216216216216217,1.77,116.53151178776393
4372,2,90,30,8.842,3.7837837837837838,4.74,119.31770101846278
4373,2,90,30,13.3787,7.027027027027026,8.39,139.46312813979824
4374,2,90,30,23.5453,10.94054054054054,14.459999999999999,125.26168839177704
4375,2,90,30,5.3098,1.0810810810810811,1.4700000000000002,109.61802185440087
4376,2,90,30,8.5778,5.405405405405405,4.7700000000000005,154.96575431187244
4377,2,90,30,6.3103,3.5567567567567564,3.0599999999999996,136.28469864186735
4378,2,90,30,9.1927,4.864864864864865,6.18,114.09089527881578
4379,2,90,30,3.5716,1.0486486486486486,0.8099999999999999,164.97646969593058
4380,2,100,30,12.9806,5.643243243243243,7.090000000000001,126.56190299403373
4381,2,100,30,27.8005,19.36216216216216,20.55,124.97489830052959
4382,2,100,30,17.4718,10.27027027027027,11.85,142.0818537738597
4383,2,100,30,3.5957,1.6216216216216217,0.86,113.60945519182195
4384,2,100,30,14.6026,7.5675675675675675,9.16,118.70673965596356
4385,2,100,30,14.1302,12.432432432432432,10.4,145.36513377383412
4386,2,100,30,10.7648,2.7027027027027026,5.220000000000001,112.20749942154873
4387,2,100,30,17.8706,10.27027027027027,13.029999999999998,121.44324268242683
4388,2,100,30,24.1498,13.513513513513516,16.95,123.5588851976016
4389,2,100,30,17.6695,9.72972972972973,11.72,121.28873569641648
4390,2,100,30,14.4976,4.864864864864865,8.709999999999999,129.2548360552435
4391,2,100,30,6.9133,2.7027027027027026,3.69,142.86521717953323
4392,2,100,30,10.6664,7.3297297297297295,6.659999999999999,128.25056913352387
4393,2,100,30,14.4957,7.935135135135136,8.91,120.97762812308363
4394,2,100,30,27.8222,14.248648648648649,19.709999999999997,126.34733238165657
4395,2,100,30,4.8989,2.7027027027027026,1.9,130.06026770261832
4396,2,100,30,11.4685,6.486486486486487,7.230000000000001,137.10545683290104
4397,2,100,30,9.3228,5.405405405405405,5.25,132.20075704507852
4398,2,100,30,3.985,1.0702702702702704,0.8400000000000001,194.27363004356488
4399,2,100,30,16.6842,9.61081081081081,10.87,126.8995533925584
4400,2,370,30,34.9146,0.0,16.86,
4401,2,370,30,54.134,0.0,29.71,
4402,2,370,30,88.3012,0.0,46.04,
4403,2,370,30,114.318,0.0,61.27,
4404,2,370,30,93.6034,0.0,47.510000000000005,
4405,2,370,30,65.7097,0.0,36.19,
4406,2,370,30,51.987,0.0,28.52,
4407,2,370,30,74.8041,0.0,38.92,
4408,2,370,30,76.4893,0.0,42.19,
4409,2,370,30,34.9481,0.0,17.06,
4410,2,370,30,85.2893,0.0,42.410000000000004,
4411,2,370,30,93.2536,0.0,49.67999999999999,
4412,2,370,30,79.5787,0.0,42.06,
4413,2,370,30,95.0564,0.0,47.09,
4414,2,370,30,33.6009,0.0,16.47,
4415,2,370,30,58.2884,0.0,30.130000000000003,
4416,2,370,30,61.068,0.0,30.669999999999998,
4417,2,370,30,95.4586,0.0,49.44,
4418,2,370,30,36.0198,0.0,16.09,
4419,2,370,30,78.3105,0.0,42.470000000000006,
4420,2,1,50,3.1452,63.178378378378376,1.39,549.8516657938212
4421,2,1,50,5.9264,63.048648648648644,4.2700000000000005,514.7014860042593
4422,2,1,50,4.6545,61.82702702702703,2.63,522.1748626631339
4423,2,1,50,5.2409,69.01621621621622,3.55,506.329531419574
4424,2,1,50,12.7427,63.77297297297298,9.9,477.4738474332437
4425,2,1,50,2.9667,60.29189189189189,0.06999999999999999,622.3802442038909
4426,2,1,50,2.4634,61.1027027027027,0.05,697.8126369485111
4427,2,1,50,7.4285,64.87567567567568,4.720000000000001,462.41061164116485
4428,2,1,50,4.0021,59.535135135135135,1.33,598.7859537381415
4429,2,1,50,2.3618,59.07027027027027,0.06,631.7666845469463
4430,2,1,50,4.9959,56.508108108108104,3.28,556.9093690081962
4431,2,1,50,7.0557,65.3837837837838,4.4,622.1575288801147
4432,2,1,50,4.1314,60.04324324324325,1.8,542.782697556246
4433,2,1,50,8.0429,63.21081081081081,6.779999999999999,533.3895392835984
4434,2,1,50,3.6879,60.70270270270271,1.67,594.1622196926394
4435,2,1,50,3.1046,64.43243243243244,0.38,615.7440516874896
4436,2,1,50,7.0707,58.37837837837837,5.029999999999999,537.2627958010286
4437,2,1,50,2.7934,53.51351351351352,1.17,739.6118194079327
4438,2,1,50,3.6857,56.605405405405406,1.69,524.5839792229734
4439,2,1,50,5.5632,63.11351351351351,3.71,520.1444682915285
4440,2,10,50,2.9885,0.5405405405405406,0.14,695.0442725758577
4441,2,10,50,5.774,3.2432432432432434,2.8899999999999997,167.80654017450172
4442,2,10,50,6.9735,7.5675675675675675,3.6900000000000004,261.6664536296825
4443,2,10,50,11.2697,13.383783783783784,9.28,212.62354601279745
4444,2,10,50,4.8717,4.864864864864865,1.86,300.30161677644816
4445,2,10,50,3.1627,1.0810810810810811,0.6,186.62704483636293
4446,2,10,50,2.7729,0.0,0.0,
4447,2,10,50,7.2527,8.64864864864865,4.859999999999999,225.35549509102435
4448,2,10,50,6.6728,7.675675675675675,3.7099999999999995,214.25140056330372
4449,2,10,50,11.5203,15.32972972972973,8.7,185.6451864717252
4450,2,10,50,15.128,21.794594594594592,13.91,193.45297087492585
4451,2,10,50,6.7401,9.18918918918919,4.62,187.2629305586773
4452,2,10,50,14.1278,18.37837837837838,11.52,183.44708124532164
4453,2,10,50,4.9373,7.5675675675675675,2.8600000000000003,268.58943474655126
4454,2,10,50,18.0899,24.691891891891892,15.020000000000001,196.28430489575513
4455,2,10,50,6.8906,6.486486486486487,3.95,210.71947310248115
4456,2,10,50,5.9727,5.9459459459459465,2.8899999999999997,230.24863642297817
4457,2,10,50,10.7045,8.64864864864865,6.45,175.56603005252327
4458,2,10,50,10.4542,12.291891891891893,6.9,225.81445717799932
4459,2,10,50,4.5939,5.405405405405405,1.8700000000000003,245.49489287087573
4460,2,20,50,13.9266,13.513513513513516,11.52,154.4674104813709
4461,2,20,50,6.0286,6.464864864864865,4.290000000000001,156.80444442288663
4462,2,20,50,7.4208,5.9459459459459465,3.8300000000000005,179.84508113589888
4463,2,20,50,15.3479,12.756756756756756,11.42,153.4138824281459
4464,2,20,50,5.2344,1.816216216216216,1.55,198.8505204037004
4465,2,20,50,5.2481,1.3945945945945946,1.61,179.24578908911337
4466,2,20,50,8.7916,10.075675675675676,5.47,163.68281288553902
4467,2,20,50,9.491,7.5675675675675675,6.68,128.96664982788548
4468,2,20,50,6.8751,8.108108108108109,3.75,183.8915371485089
4469,2,20,50,6.1595,4.324324324324325,2.9699999999999998,174.64325591599683
4470,2,20,50,9.4592,9.18918918918919,6.17,159.258524233063
4471,2,20,50,7.1913,6.486486486486487,3.7600000000000002,174.48029501241888
4472,2,20,50,2.8716,1.6216216216216217,0.2,285.0767884195442
4473,2,20,50,10.8676,9.383783783783784,7.24,166.64446568131126
4474,2,20,50,14.866,10.032432432432433,10.68,122.28247548413366
4475,2,20,50,7.9086,5.405405405405405,3.88,178.86645663787488
4476,2,20,50,19.5307,17.102702702702704,15.45,136.59951750748877
4477,2,20,50,9.3229,10.216216216216216,6.35,160.14345075427408
4478,2,20,50,12.1193,14.054054054054054,10.49,153.55306579227573
4479,2,20,50,4.3205,3.7837837837837838,1.55,214.45748665199977
4480,2,30,50,12.5265,7.059459459459459,7.300000000000002,143.94026183550073
4481,2,30,50,12.9795,13.513513513513512,11.370000000000001,158.35141739371977
4482,2,30,50,6.9119,4.324324324324325,3.8,124.3907971291058
4483,2,30,50,6.2016,4.324324324324325,3.53,134.00013129610892
4484,2,30,50,9.1096,5.405405405405405,5.2,139.1367644299834
4485,2,30,50,5.7628,5.405405405405405,3.8699999999999997,150.12843554598962
4486,2,30,50,3.5944,0.5513513513513513,0.8800000000000001,129.9981621352586
4487,2,30,50,3.1414,1.0810810810810811,0.24,251.43809369068322
4488,2,30,50,8.4811,9.72972972972973,5.2299999999999995,161.00423418520344
4489,2,30,50,13.0397,14.108108108108107,10.48,159.94713795540775
4490,2,30,50,6.1217,4.864864864864865,2.77,147.78350834736227
4491,2,30,50,5.7016,2.7027027027027026,1.7600000000000002,202.50385495083069
4492,2,30,50,5.2391,4.2594594594594595,2.54,168.2872907632725
4493,2,30,50,14.9087,14.681081081081084,11.559999999999999,151.32277304436522
4494,2,30,50,6.5678,3.7837837837837838,3.1399999999999997,147.6425490124493
4495,2,30,50,8.0772,7.5675675675675675,5.38,167.69108673303532
4496,2,30,50,3.6823,0.5405405405405406,0.7,129.75052303255853
4497,2,30,50,7.5902,5.891891891891892,4.28,166.54403933404143
4498,2,30,50,8.2599,6.486486486486487,4.97,187.1764344816742
4499,2,30,50,6.0541,3.1027027027027025,2.35,203.25801165996074
4500,2,40,50,17.5506,15.675675675675674,12.489999999999998,148.1367336918592
4501,2,40,50,11.6293,10.27027027027027,9.540000000000001,142.4533251934484
4502,2,40,50,5.0018,3.2432432432432434,2.03,206.52652913555846
4503,2,40,50,7.373,5.405405405405405,4.74,174.7806073288004
4504,2,40,50,8.0358,7.621621621621623,5.21,163.31822623270943
4505,2,40,50,2.5591,0.0,0.0,
4506,2,40,50,4.9163,2.4864864864864864,2.45,127.89168756456652
4507,2,40,50,9.8804,7.5675675675675675,5.68,139.3246389148907
4508,2,40,50,14.0598,13.513513513513516,11.24,150.74076502502814
4509,2,40,50,3.1891,0.0,0.06999999999999999,
4510,2,40,50,6.2337,3.7837837837837838,3.59,137.3310426100363
4511,2,40,50,10.0692,6.637837837837838,6.5200000000000005,135.65755455591164
4512,2,40,50,5.5252,4.345945945945946,3.18,163.1123490261788
4513,2,40,50,4.3318,2.1621621621621623,1.31,132.07877438396756
4514,2,40,50,9.4396,3.7837837837837838,4.76,116.89060300783002
4515,2,40,50,11.2608,5.945945945945946,5.61,164.05852362615315
4516,2,40,50,6.6762,7.027027027027027,4.029999999999999,168.76005024048388
4517,2,40,50,9.495,8.64864864864865,7.12,161.24982015679618
4518,2,40,50,4.6081,3.2432432432432434,1.9100000000000001,159.3483413688344
4519,2,40,50,9.8986,7.027027027027027,6.709999999999999,146.64262691769449
4520,2,50,50,5.6459,4.9513513513513505,3.4699999999999998,175.6668426834323
4521,2,50,50,11.2605,7.5675675675675675,7.890000000000001,141.05793412121105
4522,2,50,50,5.803,3.362162162162162,2.3600000000000003,165.34396706930107
4523,2,50,50,3.6022,1.6216216216216217,0.9199999999999999,180.78119561320338
4524,2,50,50,14.8995,16.021621621621623,12.16,141.87117662612187
4525,2,50,50,7.1681,5.405405405405405,4.470000000000001,127.15391468559235
4526,2,50,50,2.5712,0.0,0.1,
4527,2,50,50,2.5774,0.0,0.13999999999999999,
4528,2,50,50,10.4353,8.108108108108109,7.220000000000001,136.4333949751546
4529,2,50,50,5.1084,3.7837837837837838,1.6800000000000002,158.2457652313917
4530,2,50,50,14.6102,12.972972972972974,10.959999999999999,131.7260727913999
4531,2,50,50,14.9989,13.232432432432432,12.16,157.60285463857628
4532,2,50,50,7.7238,7.5675675675675675,4.890000000000001,169.48575631133863
4533,2,50,50,5.8983,3.7837837837837838,2.38,176.04536463336055
4534,2,50,50,10.6698,10.454054054054055,8.879999999999999,129.6650759253654
4535,2,50,50,15.5333,14.551351351351352,11.34,159.64580608552703
4536,2,50,50,4.9145,3.2432432432432434,2.27,134.99800651286338
4537,2,50,50,4.6741,2.454054054054054,1.2600000000000002,172.97407225907858
4538,2,50,50,12.4935,9.978378378378379,8.72,151.8685829134929
4539,2,50,50,10.6431,9.18918918918919,7.709999999999999,130.99569340237394
4540,2,60,50,11.154,7.124324324324324,7.290000000000001,133.3786569399834
4541,2,60,50,13.9301,7.945945945945946,9.209999999999999,142.46883387254547
4542,2,60,50,6.0726,4.864864864864865,3.1399999999999997,149.413755544944
4543,2,60,50,12.3197,11.870270270270272,9.77,145.0941208875471
4544,2,60,50,8.2866,5.945945945945946,4.959999999999999,178.37995265361124
4545,2,60,50,2.6586,0.0,0.0,
4546,2,60,50,17.6617,17.427027027027027,13.91,136.39356411659972
4547,2,60,50,10.4491,7.5675675675675675,6.51,144.15730619366732
4548,2,60,50,7.3026,3.2432432432432434,3.5100000000000002,127.73447953993171
4549,2,60,50,4.9624,1.7297297297297298,1.95,135.1470932848381
4550,2,60,50,14.2917,12.432432432432433,10.219999999999999,160.48257331056985
4551,2,60,50,7.0389,5.945945945945946,4.5600000000000005,145.36874061696943
4552,2,60,50,4.2362,2.1621621621621623,1.6900000000000002,173.92297159685293
4553,2,60,50,6.5948,3.8378378378378377,3.72,161.98982799311
4554,2,60,50,7.8805,6.648648648648648,5.04,155.25211284963956
4555,2,60,50,5.1641,4.864864864864865,3.5100000000000002,163.48971054383813
4556,2,60,50,5.9829,4.237837837837838,4.01,151.8664361417779
4557,2,60,50,3.4147,0.0,0.0,
4558,2,60,50,8.9415,5.405405405405405,5.15,163.16696944050358
4559,2,60,50,7.2853,4.864864864864865,4.81,142.69713351153356
4560,2,70,50,7.6238,5.85945945945946,5.6,129.3019060994009
4561,2,70,50,5.6494,3.7837837837837838,2.98,120.61682449010293
4562,2,70,50,9.2449,5.632432432432433,5.92,133.0399969562936
4563,2,70,50,2.7195,0.0,0.04,
4564,2,70,50,4.1566,0.908108108108108,1.1,118.54993047853313
4565,2,70,50,4.6701,1.6216216216216217,1.3,116.6619225044451
4566,2,70,50,6.5104,4.324324324324325,3.5,148.0935778903828
4567,2,70,50,8.7391,6.9837837837837835,6.01,132.92881488203233
4568,2,70,50,11.0077,10.81081081081081,8.370000000000001,140.0546207237809
4569,2,70,50,9.5125,4.864864864864865,4.85,117.77346695953737
4570,2,70,50,7.1796,4.075675675675676,4.0,132.17793376487262
4571,2,70,50,5.4673,3.2432432432432434,2.27,123.65205277516036
4572,2,70,50,8.8433,7.5675675675675675,6.7299999999999995,126.5149037958993
4573,2,70,50,13.1991,11.35135135135135,11.27,133.67242053391854
4574,2,70,50,5.764,3.7837837837837838,2.63,148.59212918322675
4575,2,70,50,16.4077,14.454054054054051,12.5,136.8855889073378
4576,2,70,50,2.902,0.0,0.06999999999999999,
4577,2,70,50,18.2505,16.4,14.459999999999999,140.7531980733068
4578,2,70,50,6.495,4.324324324324325,4.01,112.51472537221818
4579,2,70,50,5.6252,2.7027027027027026,2.15,133.86656343645328
4580,2,75,50,3.3963,0.5405405405405406,0.37,215.29483715581387
4581,2,75,50,19.1964,18.237837837837837,14.95,144.28532941956468
4582,2,75,50,3.8487,1.0810810810810811,0.7,198.66433695346836
4583,2,75,50,9.7646,6.486486486486487,6.94,123.48372219281471
4584,2,75,50,5.4608,3.2432432432432434,2.29,121.87658715291523
4585,2,75,50,6.2667,5.405405405405405,3.79,144.2099702547822
4586,2,75,50,4.8737,0.6594594594594595,1.3699999999999999,189.44706365982478
4587,2,75,50,12.7776,9.18918918918919,8.92,130.95299561236868
4588,2,75,50,15.9762,13.437837837837838,11.2,136.91045656537779
4589,2,75,50,3.1387,0.0,0.0,
4590,2,75,50,9.2242,7.027027027027027,6.68,140.03816858717923
4591,2,75,50,5.414,3.0054054054054054,3.5700000000000003,131.94782031036905
4592,2,75,50,4.4866,1.6216216216216217,1.08,150.34449550824283
4593,2,75,50,3.7388,1.0810810810810811,0.8800000000000001,122.58139000919931
4594,2,75,50,10.8493,9.794594594594596,6.830000000000001,148.76653393140347
4595,2,75,50,6.9269,6.486486486486487,5.2700000000000005,140.82079568796664
4596,2,75,50,5.9362,3.2432432432432434,2.16,159.13867208613956
4597,2,75,50,9.875,4.356756756756757,5.63,121.24830524268727
4598,2,75,50,9.1944,6.486486486486487,6.16,128.980462094282
4599,2,75,50,12.5176,10.77837837837838,9.75,128.7368148557326
4600,2,80,50,17.2493,12.421621621621622,12.55,129.1900636219534
4601,2,80,50,3.1741,0.0,0.06,
4602,2,80,50,10.9017,6.518918918918919,6.7299999999999995,126.420058351158
4603,2,80,50,3.6423,1.0810810810810811,0.93,104.98538749443604
4604,2,80,50,9.805,8.108108108108109,7.169999999999999,137.72540536950495
4605,2,80,50,5.901,5.945945945945946,3.65,165.1448030214183
4606,2,80,50,7.9949,5.945945945945946,4.9399999999999995,135.91080590860335
4607,2,80,50,12.7809,8.691891891891892,8.6,125.04271081223118
4608,2,80,50,4.7258,2.7027027027027026,1.9299999999999997,145.70350633355892
4609,2,80,50,6.0149,2.7027027027027026,3.19,129.80566865639724
4610,2,80,50,6.6154,5.3297297297297295,3.4099999999999993,174.313627504797
4611,2,80,50,15.6082,14.248648648648649,12.77,133.43761750031706
4612,2,80,50,12.0393,10.27027027027027,8.66,145.41574163273899
4613,2,80,50,6.708,4.324324324324325,3.7299999999999995,141.48422771262088
4614,2,80,50,12.0438,9.18918918918919,7.7299999999999995,153.54767359264432
4615,2,80,50,14.0853,12.54054054054054,10.99,130.51843704094313
4616,2,80,50,3.078,0.0,0.0,
4617,2,80,50,12.323,9.643243243243244,9.0,124.44430924620994
4618,2,80,50,13.0754,8.497297297297298,9.559999999999999,138.31368242446328
4619,2,80,50,12.6101,8.64864864864865,8.830000000000002,123.95871056877577
4620,2,90,50,11.112,6.929729729729731,7.3,117.57884118803479
4621,2,90,50,4.3335,1.6216216216216217,1.43,149.89761470105745
4622,2,90,50,7.6082,4.324324324324325,4.430000000000001,127.7452035457342
4623,2,90,50,12.3298,11.567567567567568,8.87,128.52529959153162
4624,2,90,50,14.7075,10.994594594594595,11.440000000000001,139.451088469469
4625,2,90,50,3.3656,0.5405405405405406,0.74,125.70680152303623
4626,2,90,50,9.5073,5.72972972972973,6.99,122.28262208671005
4627,2,90,50,8.4188,2.1621621621621623,3.8899999999999997,118.63681063608534
4628,2,90,50,7.5836,6.486486486486487,4.540000000000001,130.59878910958273
4629,2,90,50,10.5987,7.5675675675675675,7.040000000000001,137.95265271483075
4630,2,90,50,3.451,0.0,0.15,
4631,2,90,50,6.6765,3.7837837837837838,3.0100000000000002,119.96877126048211
4632,2,90,50,3.0231,0.0,0.0,
4633,2,90,50,8.225,6.486486486486487,5.529999999999999,139.8133207592174
4634,2,90,50,12.5237,11.286486486486485,10.51,133.8912947552379
4635,2,90,50,11.7709,9.72972972972973,8.260000000000002,143.88664883955772
4636,2,90,50,15.0445,11.35135135135135,11.58,128.44326766211478
4637,2,90,50,7.3509,3.4054054054054057,4.04,138.0916749497856
4638,2,90,50,8.9902,6.486486486486487,5.87,137.20107192448654
4639,2,90,50,11.415,5.945945945945946,7.95,120.73748122765751
4640,2,100,50,13.6693,9.72972972972973,9.0,132.78697768746494
4641,2,100,50,13.0169,12.345945945945946,9.530000000000001,141.06581055111675
4642,2,100,50,9.2144,6.508108108108108,5.33,145.33181967957896
4643,2,100,50,11.9887,10.27027027027027,9.79,122.61992053034201
4644,2,100,50,12.1405,10.63783783783784,8.96,128.5641138817394
4645,2,100,50,10.2282,8.64864864864865,7.6,132.05506907068693
4646,2,100,50,3.3483,0.5405405405405406,0.27999999999999997,111.27282693990409
4647,2,100,50,3.3615,1.0810810810810811,0.45,122.45983186190422
4648,2,100,50,11.7329,8.64864864864865,8.26,132.2311769297139
4649,2,100,50,18.1663,15.71891891891892,14.709999999999999,129.95225201321304
4650,2,100,50,20.6977,10.27027027027027,15.01,119.13040553331867
4651,2,100,50,6.7867,3.135135135135135,3.3,139.21549265120777
4652,2,100,50,6.3985,4.854054054054054,3.72,136.04729345843037
4653,2,100,50,6.0757,5.243243243243243,3.7600000000000002,152.39175385828494
4654,2,100,50,14.9021,11.308108108108108,10.97,140.08100106218126
4655,2,100,50,9.5979,7.027027027027027,5.95,129.05004964468802
4656,2,100,50,5.1406,3.7837837837837838,2.3,117.36520015152965
4657,2,100,50,9.7627,6.940540540540541,6.369999999999999,141.99305260218514
4658,2,100,50,4.6267,1.0810810810810811,0.95,123.77834907111742
4659,2,100,50,12.3195,9.18918918918919,7.780000000000001,129.2270561360882
4660,2,370,50,34.5232,0.0,17.96,
4661,2,370,50,87.2022,0.0,43.239999999999995,
4662,2,370,50,61.9271,0.0,32.769999999999996,
4663,2,370,50,89.2953,0.0,45.89,
4664,2,370,50,62.6187,0.0,31.910000000000004,
4665,2,370,50,66.9258,0.0,33.83,
4666,2,370,50,77.984,0.0,39.989999999999995,
4667,2,370,50,128.237,0.0,66.17,
4668,2,370,50,34.0016,0.0,16.75,
4669,2,370,50,52.8265,0.0,28.369999999999997,
4670,2,370,50,56.487,0.0,28.73,
4671,2,370,50,70.5495,0.0,35.92,
4672,2,370,50,34.0022,0.0,16.45,
4673,2,370,50,90.5338,0.0,45.7,
4674,2,370,50,96.031,0.0,48.94,
4675,2,370,50,70.4086,0.0,34.910000000000004,
4676,2,370,50,29.582,0.0,15.15,
4677,2,370,50,53.3955,0.0,27.82,
4678,2,370,50,61.8442,0.0,31.939999999999998,
4679,2,370,50,63.7851,0.0,33.93,
4680,2,1,75,3.3219,69.05945945945946,0.99,536.9074540707529
4681,2,1,75,9.1507,68.5081081081081,7.2299999999999995,463.51018534859065
4682,2,1,75,2.6602,68.08648648648648,0.22999999999999998,675.2388991463357
4683,2,1,75,7.0767,68.12972972972973,3.9799999999999995,602.6507834885203
4684,2,1,75,5.5788,66.08648648648648,2.67,594.0284282378622
4685,2,1,75,2.7782,62.70270270270271,0.5199999999999999,567.0694357431739
4686,2,1,75,5.4711,65.52432432432433,2.94,608.1804006364368
4687,2,1,75,8.3251,72.27027027027027,8.290000000000001,578.1365235519421
4688,2,1,75,3.4072,68.22702702702702,1.25,574.7785634407056
4689,2,1,75,4.0692,69.1891891891892,1.8399999999999999,633.6875906013407
4690,2,1,75,7.9839,71.78378378378379,7.0200000000000005,527.1600237871556
4691,2,1,75,3.5106,70.78918918918919,2.2199999999999998,575.7395851039978
4692,2,1,75,7.3977,70.33513513513513,5.75,537.2974406472161
4693,2,1,75,2.4663,70.24864864864864,0.12,709.0134952629911
4694,2,1,75,5.2795,72.67027027027027,3.45,485.071704624297
4695,2,1,75,4.3836,69.84864864864865,3.1199999999999997,573.1377996016247
4696,2,1,75,6.9081,70.47567567567569,6.13,473.8055711965164
4697,2,1,75,3.804,67.3081081081081,1.9899999999999998,555.8676333681625
4698,2,1,75,5.9795,70.14054054054053,5.0,524.0695362588706
4699,2,1,75,5.845,68.47567567567567,3.71,604.6403219770663
4700,2,10,75,2.4405,0.0,0.0,
4701,2,10,75,7.9243,10.81081081081081,5.91,239.31359093922862
4702,2,10,75,10.4645,11.891891891891891,8.34,186.65704499047115
4703,2,10,75,11.0711,16.216216216216218,8.16,208.5176275549108
4704,2,10,75,6.9684,7.5675675675675675,5.15,200.3374962509808
4705,2,10,75,6.9345,11.221621621621619,3.6,283.49422670036654
4706,2,10,75,10.2933,13.048648648648648,8.370000000000001,208.43528195756986
4707,2,10,75,3.5897,5.502702702702703,0.9199999999999999,281.7039886491413
4708,2,10,75,5.9487,8.475675675675676,3.37,259.1723261994335
4709,2,10,75,5.2834,9.18918918918919,3.85,284.9310367013891
4710,2,10,75,4.3687,6.486486486486487,1.6300000000000001,248.84175120688744
4711,2,10,75,7.8289,13.740540540540541,5.5,235.8105468124369
4712,2,10,75,3.924,2.1621621621621623,0.8099999999999999,362.3923416507855
4713,2,10,75,9.073,15.437837837837838,6.67,224.72009124456835
4714,2,10,75,5.3135,7.027027027027027,3.11,282.8608021470985
4715,2,10,75,4.3759,3.7837837837837838,2.1,260.85267776104183
4716,2,10,75,8.2839,11.35135135135135,6.889999999999999,215.18155290219428
4717,2,10,75,5.8265,9.254054054054055,4.45,205.51817713357207
4718,2,10,75,8.6448,17.2972972972973,6.769999999999999,224.36682827457395
4719,2,10,75,2.9309,1.0810810810810811,0.0,609.1457238284038
4720,2,20,75,6.987,9.31891891891892,4.68,190.89898667902057
4721,2,20,75,8.3656,10.27027027027027,6.540000000000001,166.30181312608562
4722,2,20,75,4.5955,5.048648648648649,2.88,160.8523374319882
4723,2,20,75,5.5813,4.864864864864865,3.3299999999999996,160.1639731386858
4724,2,20,75,3.0183,0.5405405405405406,0.29,263.16325809790425
4725,2,20,75,9.6335,11.35135135135135,7.24,167.07134499442896
4726,2,20,75,8.650898865120016,9.039022420317384,6.201614716402657,171.70521241689437
4727,2,20,75,12.6076,12.432432432432432,9.440000000000001,149.80954135522654
4728,2,20,75,3.7166,2.7027027027027026,1.04,183.8599910824597
4729,2,20,75,4.6244,4.324324324324325,2.14,153.76466793410313
4730,2,20,75,7.3507,11.891891891891893,5.21,198.51347103608475
4731,2,20,75,5.3622,7.027027027027027,2.57,204.0027108372055
4732,2,20,75,3.7207,1.0810810810810811,0.45,152.73521339277934
4733,2,20,75,6.9478,10.12972972972973,4.58,226.0376324174515
4734,2,20,75,6.143864598025388,4.864864864864865,3.001152647975078,149.22007580593447
4735,2,20,75,5.4962,6.486486486486486,3.7299999999999995,159.0366430857209
4736,2,20,75,7.058,8.108108108108109,5.34,163.1465759171359
4737,2,20,75,13.1391,15.254054054054052,11.59,182.4576725470082
4738,2,20,75,9.9289,13.513513513513512,7.24,181.15973270356162
4739,2,20,75,6.339,10.508108108108107,4.4799999999999995,209.5918912735389
4740,2,30,75,10.1527,12.432432432432432,7.5,174.36551896370725
4741,2,30,75,6.8455,5.405405405405405,3.5300000000000002,172.6635060239459
4742,2,30,75,3.9913,3.7837837837837838,1.02,174.23992634207124
4743,2,30,75,11.12,10.313513513513513,8.28,151.35773779952177
4744,2,30,75,7.8622,10.27027027027027,5.86,184.0433296058292
4745,2,30,75,4.5475,2.983783783783784,1.31,182.47636212516196
4746,2,30,75,4.7725,3.7837837837837838,2.1700000000000004,144.18132747951623
4747,2,30,75,7.3391,4.68108108108108,4.35,146.72533587489448
4748,2,30,75,16.6075,25.43783783783784,14.7,180.1495850523902
4749,2,30,75,7.4948,9.016216216216216,5.4399999999999995,170.38839115902806
4750,2,30,75,5.8018,8.64864864864865,4.659999999999999,181.925755564801
4751,2,30,75,5.9933,8.108108108108107,3.5700000000000003,190.3752211997167
4752,2,30,75,5.4469,7.027027027027026,2.4,228.71030687420347
4753,2,30,75,18.3418,21.45945945945946,15.55,166.42851229287893
4754,2,30,75,12.4729,15.675675675675674,10.819999999999999,164.18370256554522
4755,2,30,75,6.5845,5.416216216216216,3.41,173.04572977470417
4756,2,30,75,8.4515,9.72972972972973,5.75,186.94336288924745
4757,2,30,75,9.0911,7.027027027027027,6.21,159.938503924838
4758,2,30,75,7.0565,11.35135135135135,5.529999999999999,191.53885603477949
4759,2,30,75,5.0477,4.324324324324325,2.27,137.0407580602389
4760,2,40,75,7.4509,7.5675675675675675,4.88,162.99617247012068
4761,2,40,75,3.5208,0.5405405405405406,0.1,282.51580495614274
4762,2,40,75,4.7521,4.864864864864865,2.45,212.3902724578757
4763,2,40,75,8.3519,9.72972972972973,6.28,153.55247684667387
4764,2,40,75,9.3369,7.794594594594595,5.65,143.6696012117653
4765,2,40,75,11.1708,11.891891891891891,8.99,150.60525376858448
4766,2,40,75,4.9035,2.7027027027027026,2.0700000000000003,149.99184257441465
4767,2,40,75,4.7755,3.7837837837837838,1.81,186.0528590134546
4768,2,40,75,12.1202,13.102702702702704,10.33,159.34817148589676
4769,2,40,75,8.6492,8.551351351351352,6.609999999999999,152.4628278665865
4770,2,40,75,10.4592,10.27027027027027,7.790000000000001,180.3697674297123
4771,2,40,75,5.0528,2.7027027027027026,1.9599999999999997,124.12674382451655
4772,2,40,75,4.1427,3.2432432432432434,1.48,185.78518797043
4773,2,40,75,10.9108,11.891891891891891,8.49,150.15252209965882
4774,2,40,75,10.9585,11.437837837837838,7.5,156.2455056305307
4775,2,40,75,3.7188,1.6216216216216217,0.9099999999999999,171.0899179020743
4776,2,40,75,7.0843,7.524324324324324,4.199999999999999,186.39818918383824
4777,2,40,75,3.8426,2.1621621621621623,1.43,160.9869558561475
4778,2,40,75,4.3002,2.1621621621621623,1.67,160.55398839390375
4779,2,40,75,9.7389,13.210810810810813,7.25,171.87328211863397
4780,2,50,75,4.5489,3.2432432432432434,2.2700000000000005,158.67180842447462
4781,2,50,75,5.88,5.405405405405405,3.04,175.31672737035484
4782,2,50,75,5.8182,4.864864864864865,3.9200000000000004,163.02479291537227
4783,2,50,75,6.6121,4.67027027027027,3.4899999999999998,164.13519884370982
4784,2,50,75,10.32,11.35135135135135,7.4399999999999995,140.26320388931475
4785,2,50,75,4.2709,2.7027027027027026,1.8699999999999999,153.28308404922603
4786,2,50,75,7.7077,7.5675675675675675,5.79,166.05342748482113
4787,2,50,75,17.951,22.7027027027027,15.49,147.91013002720896
4788,2,50,75,5.2548,3.4810810810810815,2.67,158.0220409124918
4789,2,50,75,10.9673,10.81081081081081,8.15,132.39709442490812
4790,2,50,75,3.8663,2.1621621621621623,1.15,116.98929358909923
4791,2,50,75,3.0742,0.0,0.0,
4792,2,50,75,7.533,7.027027027027027,4.5200000000000005,184.47460104220102
4793,2,50,75,3.9304,0.5405405405405406,1.01,112.67428164626564
4794,2,50,75,3.0838,0.5405405405405406,0.5599999999999999,120.4852124207146
4795,2,50,75,8.9185,10.27027027027027,7.12,156.6023555422258
4796,2,50,75,5.4139,4.324324324324325,2.96,162.74203133012224
4797,2,50,75,12.8859,13.016216216216216,9.489999999999998,163.25558933822072
4798,2,50,75,6.8879,4.864864864864865,3.9,135.40660520089318
4799,2,50,75,5.2529,4.864864864864865,3.4599999999999995,144.2815267952166
4800,2,60,75,10.1474,10.821621621621622,8.23,152.16882998598683
4801,2,60,75,12.4489,13.58918918918919,10.91,155.74382140111146
4802,2,60,75,11.4679,18.475675675675678,10.1,155.4624771350327
4803,2,60,75,6.3723,5.405405405405405,3.5100000000000002,132.88880718064206
4804,2,60,75,4.8525,4.086486486486487,1.89,186.64281323472653
4805,2,60,75,5.1577,3.1783783783783783,2.27,131.95033700206847
4806,2,60,75,5.3922,4.032432432432432,2.65,160.04686499301442
4807,2,60,75,14.1413,12.432432432432432,11.540000000000001,145.68995582606357
4808,2,60,75,4.8021,2.7027027027027026,1.41,150.7635261954908
4809,2,60,75,9.9531,9.18918918918919,5.99,153.68367086617567
4810,2,60,75,4.0844,3.7837837837837838,1.48,161.5700203054194
4811,2,60,75,8.7563,8.108108108108109,6.42,172.40304406929852
4812,2,60,75,8.6561,9.18918918918919,6.12,139.93151755520157
4813,2,60,75,3.4903,1.0810810810810811,0.33999999999999997,185.1442137159737
4814,2,60,75,8.2257,7.5675675675675675,5.97,126.3404625448039
4815,2,60,75,12.277,12.432432432432432,9.84,149.84250546503873
4816,2,60,75,4.4037,3.2432432432432434,2.37,149.68562930606848
4817,2,60,75,8.7161,7.556756756756757,6.859999999999999,145.14262771764925
4818,2,60,75,4.2148,1.6216216216216217,0.8400000000000001,135.3355604572549
4819,2,60,75,14.4918,12.756756756756758,11.41,142.49186610022454
4820,2,70,75,3.5533,1.6216216216216217,0.9199999999999999,143.12730357597155
4821,2,70,75,5.2196,2.7027027027027026,2.3099999999999996,163.43530226856788
4822,2,70,75,6.025,3.7837837837837838,1.8799999999999997,165.08429693244264
4823,2,70,75,10.3602,8.64864864864865,6.7299999999999995,151.3661658990627
4824,2,70,75,14.3413,19.45945945945946,12.809999999999999,151.86688989203907
4825,2,70,75,7.6852,5.945945945945946,5.21,150.3864083911716
4826,2,70,75,3.3688,1.0810810810810811,0.71,239.5616366198812
4827,2,70,75,6.4178,5.718918918918919,4.34,139.81099005242342
4828,2,70,75,7.7418,7.070270270270271,4.96,171.18394977427656
4829,2,70,75,4.1367,2.1621621621621623,1.2899999999999998,155.1038211833845
4830,2,70,75,13.2954,11.58918918918919,9.43,147.215672781959
4831,2,70,75,6.9993,7.048648648648649,4.6899999999999995,149.86263655349117
4832,2,70,75,13.0323,14.054054054054054,8.59,153.0519182661794
4833,2,70,75,3.8661,1.0810810810810811,0.53,122.12812682021138
4834,2,70,75,6.685,3.2432432432432434,3.16,124.32025035740106
4835,2,70,75,4.4909,3.2432432432432434,2.0100000000000002,163.35069174183997
4836,2,70,75,4.3669,2.7027027027027026,1.59,184.1836093427235
4837,2,70,75,12.8597,14.594594594594593,9.51,159.70771367845447
4838,2,70,75,9.8074,10.81081081081081,7.880000000000001,143.50883963456607
4839,2,70,75,2.5523,0.0,0.0,
4840,2,75,75,5.1989,4.864864864864865,3.2800000000000002,135.59092551452176
4841,2,75,75,3.586,0.8216216216216216,0.36,190.01552691210787
4842,2,75,75,11.2506,11.35135135135135,8.49,144.16676806137525
4843,2,75,75,7.3983,7.027027027027026,5.87,146.94082621183745
4844,2,75,75,4.2759,1.6216216216216217,1.6300000000000001,148.55423200295968
4845,2,75,75,11.9427,11.686486486486485,8.78,147.04821729545188
4846,2,75,75,6.0869,5.945945945945946,4.4799999999999995,151.4729383222984
4847,2,75,75,9.0176,8.108108108108109,7.2,142.3656320768605
4848,2,75,75,4.5477,2.1621621621621623,1.89,122.82393558350027
4849,2,75,75,5.6541,3.7837837837837838,2.64,127.2848614028377
4850,2,75,75,5.0495,3.7837837837837838,2.0100000000000002,173.61954463718072
4851,2,75,75,5.0167,2.7027027027027026,2.59,134.8334483664574
4852,2,75,75,9.8266,10.27027027027027,7.37,137.56789470938497
4853,2,75,75,6.5123,4.324324324324325,3.9200000000000004,127.16271652926947
4854,2,75,75,13.2611,15.470270270270271,11.6,148.07975042581594
4855,2,75,75,8.4812,6.65945945945946,5.82,123.28160329829393
4856,2,75,75,9.3728,8.64864864864865,7.26,157.68727204136331
4857,2,75,75,5.1004,3.437837837837838,2.2199999999999998,119.9301749080239
4858,2,75,75,2.5558,0.0,0.0,
4859,2,75,75,3.8369,1.0810810810810811,0.31,190.54581964059105
4860,2,80,75,15.9558,13.18918918918919,11.920000000000002,132.58485203324148
4861,2,80,75,11.0956,12.724324324324323,9.75,142.1790804375662
4862,2,80,75,3.8899,0.6918918918918919,0.72,128.75801416728135
4863,2,80,75,7.1341,8.108108108108109,4.65,143.5427705139927
4864,2,80,75,4.6221,2.4216216216216218,2.3899999999999997,121.13577707419515
4865,2,80,75,3.7596,1.6216216216216217,0.96,209.8372936457944
4866,2,80,75,5.9446,3.7837837837837838,2.8,145.25401385297346
4867,2,80,75,3.148,0.0,0.04,
4868,2,80,75,9.6088,9.675675675675677,6.81,153.55926572402348
4869,2,80,75,7.5302,4.864864864864865,4.6,153.0438516809872
4870,2,80,75,4.5729,2.7027027027027026,1.78,153.01437832445586
4871,2,80,75,6.8019,6.486486486486486,3.95,129.33094747406682
4872,2,80,75,3.0617,0.0,0.0,
4873,2,80,75,4.6908,2.1297297297297297,1.6,115.33953956286169
4874,2,80,75,7.9302,8.108108108108109,5.159999999999999,149.05051594909017
4875,2,80,75,4.8389,2.7027027027027026,2.04,113.0849115075977
4876,2,80,75,13.2924,13.513513513513516,10.23,133.56520300218025
4877,2,80,75,10.6323,11.967567567567567,7.590000000000001,158.05952917272722
4878,2,80,75,5.9648,2.7027027027027026,2.91,143.28898315527064
4879,2,80,75,6.0182,4.324324324324325,3.12,126.27322817162238
4880,2,90,75,7.745,7.5675675675675675,5.4399999999999995,136.1976753668718
4881,2,90,75,9.7272,9.72972972972973,7.95,138.711748594295
4882,2,90,75,12.006,11.481081081081081,9.34,130.6070026403079
4883,2,90,75,4.8765,3.7837837837837838,2.38,129.37327620083832
4884,2,90,75,6.1908,5.945945945945946,3.0699999999999994,140.8388073185756
4885,2,90,75,11.2877,12.194594594594594,8.73,142.24722060031579
4886,2,90,75,9.2646,10.194594594594594,7.239999999999999,132.18036364195092
4887,2,90,75,9.7883,7.308108108108108,7.0,131.19041231211418
4888,2,90,75,7.8716,5.945945945945946,4.720000000000001,138.9260432698939
4889,2,90,75,9.0912,6.745945945945945,5.85,145.64877196670002
4890,2,90,75,6.6712,6.486486486486487,4.71,145.41095990046156
4891,2,90,75,9.7264,9.405405405405407,6.9799999999999995,156.80587290664164
4892,2,90,75,10.1094,8.194594594594594,7.659999999999999,130.4821118375283
4893,2,90,75,8.0695,6.486486486486487,5.63,127.45520253828518
4894,2,90,75,6.6589,6.345945945945946,4.1899999999999995,157.47274212188572
4895,2,90,75,6.9016,5.513513513513513,3.8899999999999997,132.57137896330138
4896,2,90,75,8.1193,8.432432432432432,5.75,140.5314212537038
4897,2,90,75,5.7115,3.0486486486486486,2.6399999999999997,149.0373351349604
4898,2,90,75,13.2822,11.643243243243244,11.43,135.87142469233234
4899,2,90,75,11.0013,11.318918918918918,8.89,142.8280248481667
4900,2,100,75,13.5877,14.054054054054053,11.14,136.53037287728785
4901,2,100,75,13.4806,16.216216216216218,11.7,139.4171338894744
4902,2,100,75,3.4461,1.6216216216216217,1.48,129.76126979593286
4903,2,100,75,3.2633,0.0,0.11000000000000001,
4904,2,100,75,3.2007,0.0,0.06999999999999999,
4905,2,100,75,8.1037,6.486486486486487,5.880000000000001,128.82756646612975
4906,2,100,75,11.0575,10.81081081081081,8.120000000000001,127.59959378954906
4907,2,100,75,8.3376,5.945945945945946,4.74,134.29059640245805
4908,2,100,75,7.7897,5.405405405405405,4.74,121.73156831576685
4909,2,100,75,4.8399,2.7027027027027026,2.2299999999999995,123.17113239113817
4910,2,100,75,15.4803,14.486486486486488,12.48,136.36647588548482
4911,2,100,75,4.7202,1.4054054054054055,1.78,139.8265106387312
4912,2,100,75,8.1598,4.324324324324325,5.14,130.15446321025647
4913,2,100,75,4.0959,2.1621621621621623,1.86,117.25311163442828
4914,2,100,75,6.0543,5.3297297297297295,3.84,138.45947449928084
4915,2,100,75,6.8659,5.9459459459459465,4.7700000000000005,137.94579987292556
4916,2,100,75,6.9963,4.324324324324325,3.71,121.4067993505276
4917,2,100,75,6.8682,5.945945945945946,4.26,126.46921063018759
4918,2,100,75,6.8897,5.254054054054054,4.17,141.30581898748196
4919,2,100,75,3.2208,0.0,0.0,
4920,2,370,75,56.7344,0.0,27.9,
4921,2,370,75,55.2305,0.0,28.5,
4922,2,370,75,52.4803,0.0,26.74,
4923,2,370,75,41.522,0.0,18.830000000000002,
4924,2,370,75,54.0269,0.0,28.82,
4925,2,370,75,4.8032,0.0,1.5299999999999998,
4926,2,370,75,51.6034,0.0,27.46,
4927,2,370,75,60.9772,0.0,30.329999999999995,
4928,2,370,75,26.2424,0.0,12.08,
4929,2,370,75,39.5273,0.0,20.7,
4930,2,370,75,61.2602,0.0,30.29,
4931,2,370,75,29.5655,0.0,14.24,
4932,2,370,75,95.7757,0.0,51.23,
4933,2,370,75,64.1863,0.0,34.04,
4934,2,370,75,76.3566,0.0,42.94,
4935,2,370,75,32.8029,0.0,15.459999999999999,
4936,2,370,75,45.624,0.0,23.06,
4937,2,370,75,2.5996,0.0,0.0,
4938,2,370,75,2.7004,0.0,0.0,
4939,2,370,75,35.1041,0.0,16.619999999999997,
4940,2,1,100,4.5465,75.57837837837839,4.37,539.6915185929129
4941,2,1,100,4.3643,73.65405405405406,2.65,634.129004433118
4942,2,1,100,3.3312,70.01081081081081,1.23,618.394495023469
4943,2,1,100,4.0418,74.33513513513513,2.43,516.8549196120858
4944,2,1,100,3.4805,76.11891891891892,1.45,584.9067087027412
4945,2,1,100,3.1414,75.9027027027027,0.42000000000000004,600.884353778649
4946,2,1,100,2.7005,75.25405405405405,0.1,598.8497791764755
4947,2,1,100,4.2911,71.37297297297297,2.2,592.8599013546973
4948,2,1,100,2.6698,69.7081081081081,0.06999999999999999,674.8366332047455
4949,2,1,100,3.9111,76.50810810810812,1.8400000000000003,588.5832977475571
4950,2,1,100,2.9977,73.52432432432433,1.27,542.4727027910794
4951,2,1,100,5.3441,78.43243243243244,5.26,454.1975657186381
4952,2,1,100,4.9225,70.29189189189188,2.77,546.7430623763777
4953,2,1,100,2.7566,73.85945945945946,0.24,657.9215189960247
4954,2,1,100,7.8973,76.06486486486486,6.1,477.75713079828506
4955,2,1,100,2.7771,71.9027027027027,0.63,613.6173891053999
4956,2,1,100,6.2188,73.83783783783784,5.99,539.0615219555718
4957,2,1,100,3.4771,72.58378378378379,1.8699999999999999,589.7346136276191
4958,2,1,100,4.8683,74.8108108108108,3.2700000000000005,536.4690362703207
4959,2,1,100,5.4663,75.78378378378378,4.0,512.2790263988671
4960,2,10,100,3.4676,4.324324324324325,0.5,376.0207475545269
4961,2,10,100,8.2578,19.989189189189187,8.580000000000002,224.82085939038308
4962,2,10,100,3.9923,8.108108108108109,1.86,274.0282652039178
4963,2,10,100,6.96,8.92972972972973,3.5100000000000002,255.04757009329987
4964,2,10,100,4.1431,6.486486486486487,1.53,354.03004740335876
4965,2,10,100,5.6315,9.124324324324323,3.35,271.38279455635677
4966,2,10,100,4.9917,7.5675675675675675,2.4899999999999998,288.4477929811511
4967,2,10,100,3.6456,4.864864864864865,1.5799999999999998,330.01338665089366
4968,2,10,100,2.9144,2.1621621621621623,0.21000000000000002,450.5388788029699
4969,2,10,100,11.4015,14.054054054054054,10.290000000000001,187.31209239984557
4970,2,10,100,6.7423,15.459459459459458,5.430000000000001,246.32040044640155
4971,2,10,100,10.6722,15.924324324324326,10.19,217.36659076929664
4972,2,10,100,7.9828,14.054054054054054,6.49,253.15262354712175
4973,2,10,100,7.3213,14.594594594594593,5.93,258.47159878112035
4974,2,10,100,4.5674,6.756756756756758,2.1399999999999997,270.45381558691463
4975,2,10,100,11.0402,22.648648648648653,9.5,215.35534891889645
4976,2,10,100,3.2203,2.7027027027027026,0.25,354.73004369313765
4977,2,10,100,6.3933,8.108108108108109,3.78,216.52102549552157
4978,2,10,100,2.7755,1.6216216216216217,0.19,365.82181581895594
4979,2,10,100,4.774,8.108108108108109,2.0700000000000003,312.1337599547033
4980,2,20,100,11.4543,15.210810810810809,11.52,180.14889856230184
4981,2,20,100,10.6844,15.675675675675674,9.930000000000001,179.33740475283892
4982,2,20,100,6.7942,8.64864864864865,5.0600000000000005,211.08031601647204
4983,2,20,100,10.2494,11.891891891891891,9.09,189.36098756537442
4984,2,20,100,9.2105,15.135135135135135,8.2,199.89199643580451
4985,2,20,100,3.7823,3.2432432432432434,0.95,256.46752054751806
4986,2,20,100,3.4117,2.7027027027027026,1.05,190.66919084789828
4987,2,20,100,14.2055,23.243243243243246,15.569999999999999,182.46576963593768
4988,2,20,100,6.4186,7.891891891891892,4.459999999999999,186.14345890572974
4989,2,20,100,3.7049,5.405405405405405,1.21,257.43281227937086
4990,2,20,100,6.134,6.6054054054054046,2.71,213.75690093612187
4991,2,20,100,6.5766,9.264864864864865,4.25,202.70926192947175
4992,2,20,100,9.0684,12.951351351351352,8.709999999999999,174.33530594775667
4993,2,20,100,9.5497,14.594594594594593,8.059999999999999,180.21605929980421
4994,2,20,100,7.1649,10.27027027027027,6.15,170.74550816897784
4995,2,20,100,8.4099,11.859459459459458,8.15,173.16407465563128
4996,2,20,100,7.5096,9.18918918918919,5.2,195.00580700965455
4997,2,20,100,7.1373,6.486486486486487,4.33,197.6828559887521
4998,2,20,100,6.9079,10.454054054054055,5.34,188.67774978894622
4999,2,20,100,3.0635,0.0,0.0,
5000,2,30,100,8.05,11.632432432432433,7.1,164.755268181055
5001,2,30,100,8.2857,10.021621621621621,5.58,169.37926547933327
5002,2,30,100,6.0384,8.108108108108109,4.1,187.454950663847
5003,2,30,100,6.6628,7.5675675675675675,4.55,179.9205324475913
5004,2,30,100,12.3747,19.1027027027027,13.0,161.70150017412286
5005,2,30,100,7.7689,9.18918918918919,5.0,191.94239177847768
5006,2,30,100,2.802,0.0,0.01,
5007,2,30,100,7.9549,10.767567567567568,6.33,162.88655216984242
5008,2,30,100,4.3622,4.908108108108108,1.7100000000000002,165.76580330164174
5009,2,30,100,8.1894,11.35135135135135,7.51,150.79742559661102
5010,2,30,100,5.543,4.324324324324325,2.84,152.17604207556758
5011,2,30,100,8.2056,11.08108108108108,7.360000000000001,165.66133464642195
5012,2,30,100,6.5452,8.108108108108109,5.029999999999999,147.12062513389594
5013,2,30,100,6.7192,7.027027027027027,4.0,164.99104703090958
5014,2,30,100,7.5123,8.108108108108109,5.89,138.82608076895613
5015,2,30,100,6.0692,7.027027027027027,4.720000000000001,161.97315758008742
5016,2,30,100,8.0622,12.432432432432432,5.890000000000001,167.6647374277695
5017,2,30,100,10.0132,17.83783783783784,8.9,197.15950739744792
5018,2,30,100,11.7689,19.945945945945947,12.71,166.72990439814626
5019,2,30,100,8.696,12.302702702702703,6.859999999999999,187.16161763326818
5020,2,40,100,5.9147,7.027027027027027,3.47,166.35919648378072
5021,2,40,100,4.6568,3.2,1.9899999999999998,156.65163691726636
5022,2,40,100,8.8402,11.35135135135135,7.780000000000001,170.246743027917
5023,2,40,100,3.3192,0.0,0.02,
5024,2,40,100,12.6494,20.259459459459457,11.930000000000001,171.0276113687306
5025,2,40,100,5.671,5.945945945945946,3.04,166.94517831634175
5026,2,40,100,11.2564,15.37297297297297,9.82,161.50614045916592
5027,2,40,100,3.0895,0.5405405405405406,0.61,128.0856961476502
5028,2,40,100,4.455,2.9513513513513514,1.7899999999999998,185.16238547521615
5029,2,40,100,6.8183,5.405405405405405,4.87,124.87544205421621
5030,2,40,100,4.3516,3.5243243243243243,2.54,161.94827092874604
5031,2,40,100,6.3606,5.405405405405405,3.9799999999999995,170.56316702250604
5032,2,40,100,4.4497,3.956756756756757,1.72,214.33524097700507
5033,2,40,100,7.5404,9.18918918918919,6.65,146.16660414653316
5034,2,40,100,3.5087,2.1621621621621623,1.1,161.81083054043648
5035,2,40,100,3.4237,3.1243243243243244,1.77,172.48612291203696
5036,2,40,100,7.546,9.427027027027027,5.37,158.63097837932762
5037,2,40,100,4.2414,3.2432432432432434,1.5400000000000003,157.59202260895043
5038,2,40,100,2.6427,0.0,0.0,
5039,2,40,100,10.0999,12.432432432432433,8.24,167.64116740222485
5040,2,50,100,4.0215,1.6216216216216217,1.17,161.9489137098058
5041,2,50,100,9.8764,13.362162162162164,8.59,154.90690214499875
5042,2,50,100,12.051,14.054054054054054,10.43,152.2615627618192
5043,2,50,100,7.3021,8.659459459459459,4.7700000000000005,171.52831030549123
5044,2,50,100,3.0262,0.5405405405405406,0.39,234.77863803977124
5045,2,50,100,14.5952,18.56216216216216,13.13,138.49508094117073
5046,2,50,100,6.827,7.145945945945947,4.26,132.82982195265254
5047,2,50,100,13.7516,21.394594594594594,14.1,154.95727133345036
5048,2,50,100,3.6436,1.0810810810810811,1.09,121.75681195090726
5049,2,50,100,7.2614,6.486486486486487,4.62,137.04270346050768
5050,2,50,100,8.1101,12.432432432432432,6.890000000000001,186.30188589294286
5051,2,50,100,8.1778,6.886486486486487,5.11,141.37537007782083
5052,2,50,100,6.0197,5.405405405405405,2.73,159.6748938044662
5053,2,50,100,7.2596,4.864864864864865,4.99,134.88143843621413
5054,2,50,100,5.8736,5.102702702702703,3.6300000000000003,139.8948320438382
5055,2,50,100,4.8172,3.2432432432432434,2.5200000000000005,128.95461002111088
5056,2,50,100,9.6002,12.378378378378377,7.32,163.00952685835603
5057,2,50,100,6.6865,6.486486486486487,3.0799999999999996,193.33616039227527
5058,2,50,100,8.5678,10.27027027027027,6.839999999999999,162.36374276843335
5059,2,50,100,6.5678,6.583783783783784,4.32,190.82427433848582
5060,2,60,100,11.8708,18.37837837837838,12.469999999999999,151.43414925935676
5061,2,60,100,6.0977,6.486486486486487,3.44,201.19331636112886
5062,2,60,100,4.0233,2.1621621621621623,1.5,132.93265279416656
5063,2,60,100,6.3504,4.324324324324325,3.6799999999999997,157.76543905703602
5064,2,60,100,6.8099,4.864864864864865,4.2299999999999995,133.25073361637462
5065,2,60,100,3.5575,2.1621621621621623,1.0699999999999998,182.60238879213392
5066,2,60,100,3.04,0.5405405405405406,0.15,128.4094049423042
5067,2,60,100,5.2943,5.405405405405405,2.56,172.65319924301204
5068,2,60,100,6.5565,5.805405405405405,4.17,142.2843093885881
5069,2,60,100,4.9335,3.7837837837837838,2.52,200.20431878983135
5070,2,60,100,9.4617,10.27027027027027,7.87,162.716409392386
5071,2,60,100,10.9643,15.675675675675674,10.11,142.30748842483356
5072,2,60,100,11.2754,15.135135135135135,9.059999999999999,168.50431079695383
5073,2,60,100,5.5384,4.864864864864865,2.95,155.02752445982316
5074,2,60,100,7.5397,10.27027027027027,5.660000000000001,171.65921516649098
5075,2,60,100,3.4695,0.5405405405405406,0.43,205.6266579769387
5076,2,60,100,7.0225,6.486486486486486,4.369999999999999,144.87785953587002
5077,2,60,100,7.15,7.5675675675675675,4.33,167.22137284286336
5078,2,60,100,8.883,7.956756756756756,6.43,149.22961579261934
5079,2,60,100,6.5947,6.81081081081081,5.140000000000001,129.9234141370867
5080,2,70,100,4.4903,3.2216216216216216,1.9100000000000001,178.94050156249628
5081,2,70,100,8.7393,9.6,5.82,170.07446215899944
5082,2,70,100,7.0107,9.372972972972974,6.469999999999999,125.3841329697649
5083,2,70,100,5.2198,3.2432432432432434,2.52,152.524556527176
5084,2,70,100,7.3582,7.621621621621623,5.83,151.5509814910596
5085,2,70,100,8.0432,9.18918918918919,5.470000000000001,160.33213958226602
5086,2,70,100,7.168,8.843243243243244,5.23,162.63986476642722
5087,2,70,100,3.5566,1.6216216216216217,0.82,160.35700873852667
5088,2,70,100,15.0707,20.854054054054053,13.27,154.0440453069517
5089,2,70,100,7.5602,7.124324324324324,5.4,143.30717809823392
5090,2,70,100,7.1095,8.64864864864865,5.96,130.98122931284888
5091,2,70,100,7.7006,5.405405405405405,4.74,152.42633663381153
5092,2,70,100,7.8486,7.3621621621621625,4.7700000000000005,154.4231351634928
5093,2,70,100,4.3495,1.6216216216216217,1.8400000000000003,136.1249842852984
5094,2,70,100,2.9267,0.0,0.0,
5095,2,70,100,9.4191,10.81081081081081,7.37,150.96062994319317
5096,2,70,100,8.3151,10.27027027027027,6.7299999999999995,161.6059482284128
5097,2,70,100,4.3868,4.616216216216216,1.85,192.4027319285937
5098,2,70,100,4.2773,3.2432432432432434,1.58,146.73104735184177
5099,2,70,100,4.5627,3.2432432432432434,2.18,147.08548076472803
5100,2,75,100,8.4168,7.945945945945946,6.069999999999999,135.6531203455954
5101,2,75,100,11.8687,15.027027027027026,10.2,134.93650753640085
5102,2,75,100,4.6861,3.102702702702703,1.6800000000000002,144.41398433164218
5103,2,75,100,5.24,2.7027027027027026,2.1399999999999997,169.83184408357153
5104,2,75,100,6.4535,6.486486486486486,4.14,142.51441703796294
5105,2,75,100,6.1802,4.324324324324325,3.1499999999999995,153.1228673613941
5106,2,75,100,6.0694,3.2432432432432434,2.41,148.44725996434966
5107,2,75,100,6.6162,5.405405405405405,3.13,159.8333295130126
5108,2,75,100,5.1775,2.0108108108108107,2.53,119.02645584384366
5109,2,75,100,10.8271,11.35135135135135,8.07,140.88118363535182
5110,2,75,100,8.2988,10.27027027027027,7.08,142.26389748016095
5111,2,75,100,7.4477,10.389189189189189,6.719999999999999,149.01771650478983
5112,2,75,100,3.5729,1.6216216216216217,0.8300000000000001,165.09963584195108
5113,2,75,100,5.6604,4.324324324324325,2.73,136.96009282422943
5114,2,75,100,5.127,4.864864864864865,2.6,165.78889162719986
5115,2,75,100,4.6015,2.7027027027027026,2.25,161.1655506829743
5116,2,75,100,5.6255,4.281081081081081,2.86,163.1492532599289
5117,2,75,100,9.7748,13.567567567567568,7.909999999999999,150.62060496272522
5118,2,75,100,2.2702,0.0,0.0,
5119,2,75,100,11.1338,12.432432432432432,8.540000000000001,133.9839644209874
5120,2,80,100,5.9778,5.945945945945946,3.79,134.16139210510767
5121,2,80,100,4.1347,3.2108108108108104,2.13,174.1168639273428
5122,2,80,100,11.6631,10.735135135135135,9.25,142.9275584733924
5123,2,80,100,11.8314,16.756756756756758,10.95,142.83850617857158
5124,2,80,100,4.371,3.2432432432432434,2.54,147.5163756797997
5125,2,80,100,5.7111,4.389189189189189,2.96,176.60026512422493
5126,2,80,100,5.510119826804954,3.264185016009834,3.3553702744691867,146.8692762624213
5127,2,80,100,6.5052,7.027027027027027,4.96,147.0149442314576
5128,2,80,100,3.1651,0.5405405405405406,0.24,118.30888809232322
5129,2,80,100,7.0138,7.5675675675675675,5.67,155.12412056790183
5130,2,80,100,4.7338,3.7837837837837838,2.27,140.76008997748275
5131,2,80,100,6.808,8.64864864864865,5.88,152.70049268995174
5132,2,80,100,8.7423,11.85945945945946,7.85,161.72545023493038
5133,2,80,100,6.021463119709795,6.038575215576342,4.26912681912682,155.64473731664796
5134,2,80,100,2.5727,0.0,0.02,
5135,2,80,100,5.7209,4.324324324324325,3.2600000000000002,136.771145893214
5136,2,80,100,10.248373210531584,10.356756756756758,7.431050779286073,131.4488684503105
5137,2,80,100,5.5079,5.405405405405405,3.1100000000000003,129.25421793142135
5138,2,80,100,7.2156,8.108108108108109,5.16,141.2514026315653
5139,2,80,100,5.7695,4.864864864864865,3.1100000000000003,150.4023796543199
5140,2,90,100,9.6231,12.183783783783785,7.220000000000001,141.5839691120144
5141,2,90,100,5.5404,4.324324324324325,3.71,149.032603821213
5142,2,90,100,6.0019,4.324324324324325,2.9899999999999998,149.76885993519136
5143,2,90,100,2.8837,0.0,0.0,
5144,2,90,100,9.2712,7.491891891891892,6.45,129.60729428867518
5145,2,90,100,5.9859,6.735135135135136,4.67,153.6440691063942
5146,2,90,100,3.8165,0.5405405405405406,0.56,112.6984232079442
5147,2,90,100,3.4372,0.5405405405405406,0.75,113.40543083706213
5148,2,90,100,10.2171,12.248648648648649,8.120000000000001,153.30686101166862
5149,2,90,100,4.0852,1.816216216216216,1.4100000000000001,155.27751684169348
5150,2,90,100,9.0948,9.72972972972973,6.04,153.59255703761903
5151,2,90,100,8.1452,8.29189189189189,5.06,151.6764305998048
5152,2,90,100,5.8283,5.1567567567567565,3.4,138.24718247309733
5153,2,90,100,3.8803,2.1621621621621623,1.4,125.95631098147729
5154,2,90,100,5.7911,4.864864864864865,4.4,137.16736316820163
5155,2,90,100,5.8234,5.405405405405405,2.4899999999999998,165.9081213606956
5156,2,90,100,6.6924,5.945945945945946,3.47,158.56540626583435
5157,2,90,100,5.8121,4.324324324324325,3.3299999999999996,142.84594350134984
5158,2,90,100,4.5939,1.6216216216216217,1.39,129.05165161537013
5159,2,90,100,4.1903,0.5405405405405406,0.9,135.96794434457695
5160,2,100,100,5.492,4.324324324324325,2.61,140.7760999308691
5161,2,100,100,8.0282,7.221621621621621,4.450000000000001,153.70299226518424
5162,2,100,100,7.4337,7.5675675675675675,5.16,140.51543359479103
5163,2,100,100,9.0308,7.5675675675675675,6.37,129.40590280306864
5164,2,100,100,12.6812,15.6,12.56,135.20129580124635
5165,2,100,100,5.1164,3.2432432432432434,2.1100000000000003,139.14231355908814
5166,2,100,100,5.2986,4.324324324324325,2.2399999999999998,159.44778481466363
5167,2,100,100,7.4697,7.027027027027026,5.12,138.2144669886983
5168,2,100,100,11.6912,11.35135135135135,10.37,132.98965991339205
5169,2,100,100,3.4117,0.5405405405405406,0.55,117.65986906997361
5170,2,100,100,4.5326,3.2432432432432434,2.2299999999999995,131.17693151338784
5171,2,100,100,6.8947,5.827027027027027,4.529999999999999,146.53208355687934
5172,2,100,100,4.4819,1.0810810810810811,1.1,118.5681699263406
5173,2,100,100,16.933,18.475675675675678,14.280000000000001,129.23409427746344
5174,2,100,100,5.2332,5.081081081081082,3.2400000000000007,135.38783221190374
5175,2,100,100,2.8162,0.5405405405405406,0.1,226.14078911102268
5176,2,100,100,3.1421,0.5405405405405406,0.41999999999999993,130.7195744533595
5177,2,100,100,12.1546,11.372972972972972,8.93,152.70946104629945
5178,2,100,100,9.7937,9.978378378378377,8.05,134.1050784113017
5179,2,100,100,6.2152,4.864864864864865,3.87,153.59451368492228
5180,2,370,100,2.8352,0.0,0.12,
5181,2,370,100,63.3815,0.0,32.07000000000001,
5182,2,370,100,74.0413,0.0,37.989999999999995,
5183,2,370,100,78.2235,0.0,41.089999999999996,
5184,2,370,100,70.5879,0.0,36.46999999999999,
5185,2,370,100,29.2579,0.0,14.559999999999999,
5186,2,370,100,2.5942,0.0,0.01,
5187,2,370,100,56.3215,0.0,28.43,
5188,2,370,100,89.3612,0.0,48.35,
5189,2,370,100,99.8021,0.0,52.83,
5190,2,370,100,63.0532,0.0,32.85,
5191,2,370,100,34.7075,0.0,17.619999999999997,
5192,2,370,100,3.0725,0.0,0.0,
5193,2,370,100,50.1577,0.0,25.169999999999998,
5194,2,370,100,54.2046,0.0,27.639999999999997,
5195,2,370,100,15.3664,0.0,6.790000000000001,
5196,2,370,100,38.3471,0.0,18.71,
5197,2,370,100,32.7097,0.0,16.07,
5198,2,370,100,107.0884,0.0,56.2,
5199,2,370,100,31.6853,0.0,15.59,
5200,3,1,1,7.6246,4.864864864864865,1.6199999999999999,583.4759428643871
5201,3,1,1,134.5527,3.7837837837837838,45.9,381.56389762803366
5202,3,1,1,113.2459,3.7837837837837838,38.56,489.9860906188947
5203,3,1,1,111.0314,6.486486486486486,38.37,334.51855512886897
5204,3,1,1,41.9686,4.864864864864865,13.2,669.8391864057296
5205,3,1,1,77.4775,5.945945945945946,26.369999999999997,364.7083736826514
5206,3,1,1,70.3468,3.7837837837837838,22.27,479.22362834422375
5207,3,1,1,99.0434,4.864864864864865,34.87,355.534613326338
5208,3,1,1,48.6193,5.405405405405405,15.930000000000001,579.3936386417902
5209,3,1,1,33.9867,7.027027027027026,11.870000000000001,669.5617827288563
5210,3,1,1,53.7216,3.7837837837837838,18.06,433.073547234525
5211,3,1,1,57.7076,5.405405405405405,20.43,604.7078457030376
5212,3,1,1,75.4251,2.7027027027027026,23.689999999999998,738.3340117751903
5213,3,1,1,62.1822,3.037837837837838,20.32,237.10309430795647
5214,3,1,1,46.5996,4.324324324324325,16.34,258.9089316756608
5215,3,1,1,74.4744,1.6216216216216217,24.73,527.4942795329492
5216,3,1,1,124.1942,4.864864864864865,44.720000000000006,273.9595542139383
5217,3,1,1,84.9872,7.027027027027027,30.020000000000003,427.7510570796446
5218,3,1,1,81.3811,5.405405405405405,27.910000000000004,597.1872449397166
5219,3,1,1,85.9838,4.194594594594595,28.1,603.7816443790355
5220,3,10,1,87.8402,2.1621621621621623,29.490000000000002,101.17912843323074
5221,3,10,1,129.2892,2.1621621621621623,43.769999999999996,105.90325486826623
5222,3,10,1,62.4318,1.6216216216216217,20.56,105.97753429134991
5223,3,10,1,51.0875,1.0810810810810811,16.919999999999998,103.21203559247544
5224,3,10,1,160.6467,3.7837837837837838,56.07000000000001,100.58917944506081
5225,3,10,1,160.8186,1.6216216216216217,55.029999999999994,107.75883978183116
5226,3,10,1,86.7347,1.0810810810810811,28.75,95.0041804134954
5227,3,10,1,12.4985,0.0,3.0,
5228,3,10,1,63.8148,1.0810810810810811,20.360000000000003,98.64548529270347
5229,3,10,1,129.1218,1.6216216216216217,43.15,91.85296125007108
5230,3,10,1,146.6598,2.1621621621621623,52.0,109.6977312297772
5231,3,10,1,25.5259,1.6216216216216217,7.65,147.64122618942704
5232,3,10,1,103.6484,2.1621621621621623,35.4,101.5377212551183
5233,3,10,1,21.1255,0.2054054054054054,6.0600000000000005,98.26396352907327
5234,3,10,1,141.2232,2.7027027027027026,49.9,103.33765548932092
5235,3,10,1,113.4687,2.7027027027027026,40.25,108.26870163601681
5236,3,10,1,85.8198,1.6216216216216217,30.4,110.53329178721513
5237,3,10,1,4.1298,1.0810810810810811,0.02,361.1675168735327
5238,3,10,1,62.8685,2.1621621621621623,20.65,195.44888694257116
5239,3,10,1,62.4519,1.0810810810810811,20.69,100.8833641172448
5240,3,20,1,100.3519,2.1621621621621623,34.410000000000004,105.02254629949311
5241,3,20,1,85.0908,1.6216216216216217,29.169999999999998,107.40466865812213
5242,3,20,1,94.0539,0.5405405405405406,30.95,98.41453955791198
5243,3,20,1,69.5762,0.5405405405405406,24.410000000000004,127.48059247732017
5244,3,20,1,39.2189,0.5405405405405406,12.85,98.25621607021499
5245,3,20,1,136.5443,1.6216216216216217,46.989999999999995,102.38549659674659
5246,3,20,1,128.1396,0.0,43.92,
5247,3,20,1,60.1725,0.0,20.630000000000003,
5248,3,20,1,64.865,1.0810810810810811,21.68,106.76404239783929
5249,3,20,1,81.1046,1.0810810810810811,26.93,103.50856449821467
5250,3,20,1,57.7903,0.0,18.43,
5251,3,20,1,81.732,1.0810810810810811,27.580000000000002,102.84945727581264
5252,3,20,1,43.8245,0.33513513513513515,13.99,104.15515344429453
5253,3,20,1,97.5711,0.0,32.07000000000001,
5254,3,20,1,117.9327,2.1621621621621623,42.5,104.1993417583679
5255,3,20,1,27.4312,0.5405405405405406,8.370000000000001,100.44015649575016
5256,3,20,1,52.3757,1.0810810810810811,17.21,107.17320804162193
5257,3,20,1,50.2481,0.5405405405405406,16.369999999999997,114.06554150022873
5258,3,20,1,122.5616,2.7027027027027026,42.81,102.85002547603305
5259,3,20,1,128.7542,2.1621621621621623,44.16,105.84087790446708
5260,3,30,1,28.3991,1.6216216216216217,9.059999999999999,90.24530533768537
5261,3,30,1,116.4832,1.9675675675675677,40.26,105.88763478925587
5262,3,30,1,108.5299,1.8486486486486484,38.07000000000001,108.11642869439355
5263,3,30,1,183.2776,4.324324324324325,65.55999999999999,105.00959791472482
5264,3,30,1,105.2279,2.1621621621621623,34.56,101.2720042173656
5265,3,30,1,3.7979,0.0,0.01,
5266,3,30,1,33.2186,0.5405405405405406,11.03,106.80142298555408
5267,3,30,1,122.8162,0.5405405405405406,41.370000000000005,118.00879946484065
5268,3,30,1,71.938,0.08648648648648649,23.5,100.20955532745857
5269,3,30,1,90.515,0.5405405405405406,31.059999999999995,116.17113798537163
5270,3,30,1,92.6996,1.0810810810810811,31.470000000000006,115.18519286620393
5271,3,30,1,135.1281,1.0810810810810811,45.93,104.73800781130383
5272,3,30,1,157.2213,1.6756756756756759,56.15999999999999,103.61267003928393
5273,3,30,1,75.3014,1.6216216216216217,25.660000000000004,104.65852636390645
5274,3,30,1,109.2035,3.7837837837837838,39.58,112.3925006662263
5275,3,30,1,59.2704,1.6216216216216217,19.65,117.24155436853054
5276,3,30,1,84.2474,1.6216216216216217,28.169999999999998,101.30342410768542
5277,3,30,1,113.6939,0.0,38.17,
5278,3,30,1,137.5761,3.2,48.339999999999996,98.01831770324482
5279,3,30,1,3.9833,0.0,0.05,
5280,3,40,1,78.2456,0.5405405405405406,26.54,89.56171770142292
5281,3,40,1,131.5446,2.1621621621621623,44.47,107.6503076056002
5282,3,40,1,34.4242,0.5405405405405406,11.379999999999999,107.88950218916405
5283,3,40,1,131.1591,2.1621621621621623,45.790000000000006,108.10672857613123
5284,3,40,1,87.0861,1.0810810810810811,29.420000000000005,113.82174919854322
5285,3,40,1,8.4865,0.0,1.9100000000000001,
5286,3,40,1,30.9063,0.5405405405405406,10.09,113.34696820168827
5287,3,40,1,84.6598,1.6216216216216217,28.48,102.65666107264165
5288,3,40,1,56.5696,0.5405405405405406,18.770000000000003,106.55828168019494
5289,3,40,1,58.2798,1.6216216216216217,20.240000000000002,101.96662742993927
5290,3,40,1,85.1989,2.1621621621621623,29.55,113.83256935630506
5291,3,40,1,54.1652,0.5405405405405406,18.71,116.79242495233312
5292,3,40,1,124.9619,1.6216216216216217,43.089999999999996,104.47159101548162
5293,3,40,1,66.5862,1.0810810810810811,21.310000000000002,97.68257516630555
5294,3,40,1,8.0256,0.0,1.8400000000000003,
5295,3,40,1,42.782,0.5405405405405406,13.469999999999999,94.7557804224784
5296,3,40,1,53.6588,1.0810810810810811,17.740000000000002,102.5971003099065
5297,3,40,1,7.4179,0.0,1.29,
5298,3,40,1,165.0502,1.0810810810810811,55.489999999999995,97.49149606333813
5299,3,40,1,127.3276,1.0810810810810811,43.12,87.77576232162022
5300,3,50,1,83.9078,1.6216216216216217,29.860000000000003,118.23380790498759
5301,3,50,1,150.7096,2.6270270270270273,52.85,106.55445489327697
5302,3,50,1,81.676,1.0810810810810811,27.48,100.40830861791494
5303,3,50,1,36.3906,0.5405405405405406,11.49,104.60519247736386
5304,3,50,1,73.9751,1.6216216216216217,24.53,104.7665399119461
5305,3,50,1,54.1096,0.0,18.0,
5306,3,50,1,50.2766,0.5405405405405406,15.819999999999999,100.64676048830883
5307,3,50,1,4.1348,0.0,0.0,
5308,3,50,1,40.4942,3.2432432432432434,13.52,106.44401224036197
5309,3,50,1,58.0903,1.0810810810810811,19.53,117.0373448750197
5310,3,50,1,100.2678,1.0810810810810811,33.739999999999995,107.68867409404099
5311,3,50,1,19.1661,1.6216216216216217,5.99,108.83360243491609
5312,3,50,1,74.6754,1.0810810810810811,24.73,107.44911390433505
5313,3,50,1,7.2721,0.5405405405405406,1.17,100.82715262812555
5314,3,50,1,129.844,0.5405405405405406,44.28,110.24338133415132
5315,3,50,1,49.909,1.6216216216216217,16.2,95.64718428619653
5316,3,50,1,144.9733,1.0810810810810811,48.77,97.77759992895191
5317,3,50,1,93.8854,0.5405405405405406,32.49,126.1617208666311
5318,3,50,1,58.1215,0.0,19.5,
5319,3,50,1,28.919,1.0810810810810811,9.47,123.36437373298477
5320,3,60,1,114.7633,1.6216216216216217,38.739999999999995,102.22675044666921
5321,3,60,1,97.2422,2.7027027027027026,32.220000000000006,99.01617234360965
5322,3,60,1,151.0547,1.0810810810810811,52.3,106.14143707185696
5323,3,60,1,8.3025,0.0,1.61,
5324,3,60,1,111.8965,4.097297297297297,39.39,105.55693811842707
5325,3,60,1,32.9048,1.0810810810810811,10.68,103.04733534727795
5326,3,60,1,120.0374,1.6216216216216217,41.18,108.28950252436137
5327,3,60,1,135.9645,2.1621621621621623,46.39,99.13982657967526
5328,3,60,1,47.3632,0.0,14.559999999999999,
5329,3,60,1,4.9259,0.0,0.02,
5330,3,60,1,21.9231,1.0810810810810811,6.57,97.11358231695068
5331,3,60,1,66.6134,2.7027027027027026,22.98,104.13800642819983
5332,3,60,1,110.6041,3.2432432432432434,38.86,107.76501290844236
5333,3,60,1,35.4255,3.2432432432432434,12.25,107.27269179338687
5334,3,60,1,79.6117,0.5405405405405406,28.709999999999997,122.28578193781934
5335,3,60,1,38.5972,1.6216216216216217,12.819999999999999,101.06749647720945
5336,3,60,1,76.5859,2.7027027027027026,26.04,101.77492754354635
5337,3,60,1,4.2572,0.0,0.0,
5338,3,60,1,116.6055,1.0810810810810811,40.39,113.56840830534381
5339,3,60,1,27.9378,1.0810810810810811,9.22,108.99399029553419
5340,3,70,1,4.2481,0.0,0.05,
5341,3,70,1,4.3725,0.0,0.06999999999999999,
5342,3,70,1,61.6268,0.5405405405405406,20.119999999999997,100.79302500970012
5343,3,70,1,113.5285,1.6216216216216217,38.42,102.46313831191473
5344,3,70,1,43.0269,0.0,12.819999999999999,
5345,3,70,1,38.878,1.6216216216216217,12.77,101.6052042246335
5346,3,70,1,68.2142,2.7027027027027026,24.82,107.73451802962305
5347,3,70,1,41.9649,2.1621621621621623,13.51,102.67742572097583
5348,3,70,1,103.5151,1.6216216216216217,34.71,96.24940345519242
5349,3,70,1,73.6599,1.6216216216216217,25.76,97.86174556038408
5350,3,70,1,82.1329,0.854054054054054,26.919999999999998,97.50449994980085
5351,3,70,1,36.8478,1.0810810810810811,11.65,108.61916558213314
5352,3,70,1,45.364,0.0,14.39,
5353,3,70,1,126.4136,1.6216216216216217,43.37,102.3536131448076
5354,3,70,1,116.8867,2.583783783783784,40.37,104.55882453558775
5355,3,70,1,67.9176,0.5405405405405406,21.919999999999998,97.89283882730287
5356,3,70,1,45.1768,0.5405405405405406,15.77,117.25974465788983
5357,3,70,1,8.5776,0.5405405405405406,1.7099999999999997,100.33874308695911
5358,3,70,1,75.4626,1.6216216216216217,25.939999999999998,106.28555795555337
5359,3,70,1,3.9164,0.0,0.0,
5360,3,75,1,31.8405,0.5405405405405406,10.16,102.06481845471754
5361,3,75,1,95.5523,2.3891891891891888,33.23,106.03035075703096
5362,3,75,1,98.5727,4.324324324324325,34.190000000000005,109.7532717562178
5363,3,75,1,29.3584,2.1621621621621623,9.469999999999999,108.68633112138642
5364,3,75,1,49.414,0.0,15.920000000000002,
5365,3,75,1,120.8437,1.6216216216216217,40.25,109.25665603828259
5366,3,75,1,120.1848,1.6216216216216217,40.46,94.37594081920501
5367,3,75,1,34.0347,0.5405405405405406,11.07,109.40878240885576
5368,3,75,1,4.3381,0.0,0.0,
5369,3,75,1,125.082,2.7027027027027026,45.129999999999995,109.57290615320161
5370,3,75,1,66.9739,1.6216216216216217,23.04,106.20638760298283
5371,3,75,1,102.1998,1.0810810810810811,34.67999999999999,104.38207857716833
5372,3,75,1,120.8793,1.0810810810810811,40.52,102.78003495784776
5373,3,75,1,127.003,1.0810810810810811,42.86,105.62117738670788
5374,3,75,1,51.4122,0.5405405405405406,16.96,108.03858703399192
5375,3,75,1,83.0426,0.5405405405405406,27.810000000000002,117.43016091066838
5376,3,75,1,114.7979,2.1621621621621623,39.690000000000005,104.83557825473417
5377,3,75,1,57.9652,1.0810810810810811,19.839999999999996,106.37396382655243
5378,3,75,1,131.2861,1.6216216216216217,44.36,101.40140843736386
5379,3,75,1,57.6227,0.0,18.25,
5380,3,80,1,60.5881,1.6216216216216217,19.830000000000002,100.49851570669252
5381,3,80,1,38.1654,0.5405405405405406,12.2,106.4146340924976
5382,3,80,1,37.7747,1.0810810810810811,12.66,112.3350771034766
5383,3,80,1,38.9964,0.5405405405405406,12.610000000000001,110.26615595226599
5384,3,80,1,58.6101,1.0810810810810811,19.16,104.65366445358748
5385,3,80,1,82.8042,1.0810810810810811,27.310000000000002,107.10047014314245
5386,3,80,1,86.6895,1.6216216216216217,29.170000000000005,105.82283531243013
5387,3,80,1,11.9702,0.5405405405405406,3.2399999999999998,150.36558941127322
5388,3,80,1,27.6939,0.5405405405405406,8.09,98.65390471742612
5389,3,80,1,106.9654,0.0,34.980000000000004,
5390,3,80,1,65.092,1.0810810810810811,21.479999999999997,114.53396952732427
5391,3,80,1,43.9155,0.0,14.330000000000002,
5392,3,80,1,23.553,1.6216216216216217,7.7,106.420989283894
5393,3,80,1,81.0076,2.7027027027027026,27.369999999999997,106.68355557303104
5394,3,80,1,37.2452,1.0810810810810811,12.08,97.54503923665834
5395,3,80,1,134.0774,2.7027027027027026,45.02,92.55821275588264
5396,3,80,1,135.9229,2.7027027027027026,47.55,104.62776424097918
5397,3,80,1,50.6222,1.0810810810810811,15.95,105.57461960435371
5398,3,80,1,104.106,2.1621621621621623,36.089999999999996,101.17492356631448
5399,3,80,1,102.9067,0.0,34.36,
5400,3,90,1,78.2583,1.6216216216216217,27.380000000000003,104.26853523773373
5401,3,90,1,85.7413,1.6216216216216217,29.2,101.4593335999089
5402,3,90,1,195.1246,2.5729729729729733,66.53,98.65685290098847
5403,3,90,1,104.9039,2.1621621621621623,36.1,96.57561296144084
5404,3,90,1,103.2666,1.6216216216216217,35.11,109.2562727102749
5405,3,90,1,146.883,3.7837837837837838,49.660000000000004,100.82863253634096
5406,3,90,1,53.0692,1.0810810810810811,18.380000000000003,104.581370675812
5407,3,90,1,113.1761,1.6216216216216217,39.27,104.45090482980527
5408,3,90,1,126.1954,1.6216216216216217,43.9,103.64678788325664
5409,3,90,1,52.4382,1.6216216216216217,16.990000000000002,101.36874341564983
5410,3,90,1,53.0148,1.0810810810810811,17.72,107.03487063028116
5411,3,90,1,61.2804,1.4702702702702704,20.18,103.94130456498469
5412,3,90,1,62.7679,1.6216216216216217,21.84,102.19556167657419
5413,3,90,1,128.9424,0.5405405405405406,43.67,98.01044035406794
5414,3,90,1,113.9782,2.7027027027027026,40.05,106.05294830522271
5415,3,90,1,118.2613,1.32972972972973,40.87,103.79677342083035
5416,3,90,1,99.6318,1.6216216216216217,35.0,106.5091525873219
5417,3,90,1,71.0511,1.0810810810810811,24.82,112.04621717207789
5418,3,90,1,68.8068,0.0,23.130000000000003,
5419,3,90,1,77.3633,1.6216216216216217,25.96,100.89182685587544
5420,3,100,1,92.7322,1.6216216216216217,31.6,104.79932716133489
5421,3,100,1,66.9587,1.6216216216216217,23.07,123.39203383145586
5422,3,100,1,140.3335,2.1621621621621623,47.31,97.03150499464866
5423,3,100,1,76.5454,0.0,25.18,
5424,3,100,1,4.2054,0.0,0.0,
5425,3,100,1,105.1459,1.0810810810810811,36.4,111.76474710805294
5426,3,100,1,37.5838,0.5405405405405406,11.83,93.53904086462138
5427,3,100,1,73.647,1.1027027027027025,24.56,100.32527962599922
5428,3,100,1,86.4334,1.0810810810810811,28.75,100.05859490720371
5429,3,100,1,141.5692,0.5405405405405406,46.660000000000004,98.85903712599965
5430,3,100,1,103.9884,1.0810810810810811,34.209999999999994,114.23277221816618
5431,3,100,1,50.3116,0.0,15.680000000000001,
5432,3,100,1,45.0276,0.0,13.62,
5433,3,100,1,63.0092,1.6216216216216217,21.280000000000005,116.74397224700279
5434,3,100,1,57.9553,1.0810810810810811,18.45,99.63353694084583
5435,3,100,1,48.302,0.5405405405405406,15.719999999999999,105.48504061461823
5436,3,100,1,4.0629,0.0,0.02,
5437,3,100,1,89.9374,2.118918918918919,30.830000000000002,108.66434386237172
5438,3,100,1,47.004,1.6,15.74,108.75168632792717
5439,3,100,1,95.6584,0.5405405405405406,31.360000000000003,91.1290315964593
5440,3,370,1,175.7835,0.0,59.67,
5441,3,370,1,39.6968,0.0,12.32,
5442,3,370,1,100.4249,0.0,32.519999999999996,
5443,3,370,1,115.5315,0.0,37.89,
5444,3,370,1,55.2574,0.0,16.69,
5445,3,370,1,106.7609,0.0,35.970000000000006,
5446,3,370,1,52.9834,0.0,16.93,
5447,3,370,1,114.0912,0.0,38.05,
5448,3,370,1,43.5315,0.0,13.74,
5449,3,370,1,109.9133,0.0,36.4,
5450,3,370,1,11.5006,0.0,3.01,
5451,3,370,1,84.0395,0.0,27.630000000000003,
5452,3,370,1,7.1259,0.0,1.2200000000000002,
5453,3,370,1,85.8109,0.0,28.21,
5454,3,370,1,95.8185,0.0,31.479999999999997,
5455,3,370,1,70.5877,0.0,22.46,
5456,3,370,1,83.3121,0.0,27.1,
5457,3,370,1,109.6043,0.0,36.230000000000004,
5458,3,370,1,123.2888,0.0,41.089999999999996,
5459,3,370,1,158.9875,0.0,52.5,
5460,3,1,5,75.8071,18.054054054054056,27.79,391.46467833332235
5461,3,1,5,42.7365,15.275675675675677,14.360000000000003,606.4689865382321
5462,3,1,5,50.8039,14.951351351351352,17.089999999999996,622.9438285984913
5463,3,1,5,8.5631,19.45945945945946,1.8199999999999998,627.2319888353443
5464,3,1,5,56.7043,16.756756756756754,21.970000000000002,414.37503433579917
5465,3,1,5,33.5577,10.702702702702702,11.85,658.6772741930835
5466,3,1,5,50.5034,14.594594594594593,19.15,507.94087166828916
5467,3,1,5,14.8371,21.772972972972973,4.279999999999999,565.8135659184265
5468,3,1,5,34.9633,13.902702702702703,12.02,379.2373953020731
5469,3,1,5,37.9805,22.56216216216216,15.189999999999998,419.04506408537503
5470,3,1,5,39.0984,19.45945945945946,15.1,384.5806945775804
5471,3,1,5,130.1023,12.972972972972974,47.31,214.96565810696734
5472,3,1,5,35.4476,11.891891891891891,12.17,484.36581148652095
5473,3,1,5,60.4558,18.37837837837838,20.83,478.6688434165234
5474,3,1,5,31.139,21.048648648648648,10.5,566.6639275999308
5475,3,1,5,21.1962,16.183783783783785,7.709999999999999,571.9553562376527
5476,3,1,5,55.0154,16.38918918918919,21.37,446.69611440854226
5477,3,1,5,26.8855,19.6972972972973,9.63,529.3815687566918
5478,3,1,5,18.0659,15.58918918918919,6.67,594.8555516179729
5479,3,1,5,28.3644,15.924324324324326,9.84,533.4039792091863
5480,3,10,5,69.6952,5.405405405405405,25.009999999999998,115.56668238938919
5481,3,10,5,63.1254,4.864864864864865,24.32,108.75997497351005
5482,3,10,5,34.0412,6.356756756756757,12.73,216.00268474329036
5483,3,10,5,4.2209,1.0810810810810811,0.0,816.2233680786455
5484,3,10,5,49.0387,5.9459459459459465,17.53,120.23815304897843
5485,3,10,5,59.4631,4.864864864864865,21.240000000000002,159.60052758965855
5486,3,10,5,4.4637,1.0810810810810811,0.01,535.5903036606692
5487,3,10,5,53.1473,7.3297297297297295,19.130000000000003,125.92252275564381
5488,3,10,5,24.395,2.7027027027027026,7.6899999999999995,146.15775676455394
5489,3,10,5,45.4766,3.4810810810810815,16.02,132.61120231677953
5490,3,10,5,19.4099,0.5405405405405406,5.95,111.3816781059501
5491,3,10,5,94.6402,9.135135135135135,35.86,107.0758565628373
5492,3,10,5,38.404,4.324324324324325,13.680000000000001,107.46181169020647
5493,3,10,5,22.7305,2.7027027027027026,7.530000000000001,111.69568868953588
5494,3,10,5,32.0149,2.1621621621621623,10.1,113.77148320344311
5495,3,10,5,77.5197,7.027027027027027,29.169999999999998,106.20439150701495
5496,3,10,5,53.2702,4.8,19.229999999999997,140.02552539314192
5497,3,10,5,37.7431,4.324324324324325,12.930000000000001,223.94982318530757
5498,3,10,5,58.4745,5.405405405405405,21.93,134.17625600861558
5499,3,10,5,24.6725,2.4864864864864864,7.8199999999999985,103.56457102757876
5500,3,20,5,91.0481444332999,5.2718740718740715,31.27934010152284,102.03798507910591
5501,3,20,5,98.6912,4.864864864864865,34.13,101.21497758234953
5502,3,20,5,32.9165,3.2432432432432434,10.58,109.74621223146237
5503,3,20,5,69.62958843159066,5.010247810694988,25.57774097142328,118.80361432243129
5504,3,20,5,78.7016,6.540540540540542,29.380000000000003,113.12343844439468
5505,3,20,5,62.7571,5.945945945945946,22.839999999999996,111.4485563162683
5506,3,20,5,61.120733313076066,4.324324324324325,22.4,113.13709124005813
5507,3,20,5,53.6842,6.486486486486487,19.669999999999998,115.49570190270002
5508,3,20,5,37.8494,3.7837837837837838,13.25,105.30958386402678
5509,3,20,5,6.2351,0.0,0.9800000000000001,
5510,3,20,5,68.3156,4.6702702702702705,24.369999999999997,101.65164109295961
5511,3,20,5,121.0275,5.405405405405405,44.14,103.56755082844252
5512,3,20,5,3.121,0.0,0.0,
5513,3,20,5,3.8404,0.0,0.0,
5514,3,20,5,29.6197,1.535135135135135,9.440000000000001,103.31370423927554
5515,3,20,5,4.229368810643193,0.0,0.0,
5516,3,20,5,9.6882,1.0810810810810811,2.71,121.03500429958842
5517,3,20,5,83.5696,5.405405405405405,30.5,131.67568827406006
5518,3,20,5,25.173926103935116,2.7027027027027026,8.84,108.81920349489849
5519,3,20,5,53.9081,4.616216216216216,18.28,103.28127357897073
5520,3,30,5,4.1635,0.0,0.0,
5521,3,30,5,111.8339,10.810810810810812,41.75,115.08034926250632
5522,3,30,5,17.3761,0.5405405405405406,4.77,101.13898938943854
5523,3,30,5,92.1324,6.486486486486487,36.559999999999995,115.46838308692202
5524,3,30,5,93.503,7.027027027027027,33.98,110.51420592950701
5525,3,30,5,75.2205,4.6378378378378375,26.71,108.83375639498061
5526,3,30,5,79.3916,7.027027027027027,28.78,107.372634834342
5527,3,30,5,73.9244,6.486486486486487,27.32,107.4032634163804
5528,3,30,5,11.4956,1.6216216216216217,3.29,104.94693562441398
5529,3,30,5,76.9453,6.486486486486487,30.119999999999997,108.72196527231792
5530,3,30,5,71.2632,6.562162162162162,27.49,112.82419323107426
5531,3,30,5,45.6174,3.7837837837837838,17.15,127.92960687119694
5532,3,30,5,54.0638,5.945945945945946,19.27,118.6346992478724
5533,3,30,5,77.3109,5.221621621621622,29.160000000000004,104.84536039078583
5534,3,30,5,51.6381,3.2432432432432434,18.119999999999997,102.55513158813092
5535,3,30,5,39.6616,1.6216216216216217,13.209999999999999,111.53370063550067
5536,3,30,5,62.0829,2.7027027027027026,20.96,105.93681391129205
5537,3,30,5,33.6255,3.4270270270270276,12.059999999999999,111.42084662453615
5538,3,30,5,47.4586,2.108108108108108,16.110000000000003,99.07255747391726
5539,3,30,5,51.9062,6.594594594594595,19.32,110.0377043331225
5540,3,40,5,22.0761,2.7027027027027026,8.1,108.85130430224407
5541,3,40,5,41.1738,1.6216216216216217,13.059999999999999,106.63482487732665
5542,3,40,5,67.4665,6.032432432432432,24.25,106.03190107906505
5543,3,40,5,17.1661,3.2432432432432434,6.01,107.00639584507003
5544,3,40,5,32.0223,2.237837837837838,10.48,104.5339231622585
5545,3,40,5,56.82,5.405405405405405,21.8,107.66307447426672
5546,3,40,5,21.5495,2.7567567567567566,7.4,109.10946686398984
5547,3,40,5,31.0382,2.7027027027027026,10.67,110.9047708082447
5548,3,40,5,49.617,4.864864864864865,18.59,106.3877116820364
5549,3,40,5,51.3755,5.945945945945946,19.85,115.64589711229047
5550,3,40,5,61.9226,4.864864864864865,22.75,107.82248570541954
5551,3,40,5,38.5775,3.2432432432432434,13.51,123.65473504318294
5552,3,40,5,21.1506,2.1621621621621623,6.63,107.10298875616255
5553,3,40,5,39.6674,4.324324324324325,13.260000000000002,106.36199934204895
5554,3,40,5,3.4757,0.0,0.0,
5555,3,40,5,60.0078,6.486486486486487,24.34,117.55953445706125
5556,3,40,5,33.828,3.7837837837837838,12.27,114.88821356930443
5557,3,40,5,35.4079,2.1621621621621623,12.05,108.73161469369066
5558,3,40,5,69.5295,5.945945945945946,25.39,107.72482784894561
5559,3,40,5,44.0803,2.1621621621621623,14.95,106.42024689625254
5560,3,50,5,80.5173,6.108108108108108,29.65,106.3922081385303
5561,3,50,5,60.915,6.583783783783784,23.5,119.08178969694542
5562,3,50,5,100.8896,5.945945945945946,37.35,106.53324304409566
5563,3,50,5,60.4389,9.18918918918919,24.160000000000004,118.62841832179227
5564,3,50,5,64.9794,7.027027027027026,24.810000000000002,129.70902315605397
5565,3,50,5,22.3622,1.6216216216216217,6.6899999999999995,105.75043980368132
5566,3,50,5,40.5141,5.945945945945946,14.8,117.21886755495325
5567,3,50,5,56.0781,5.383783783783784,19.610000000000003,102.85898839725469
5568,3,50,5,45.4921,2.7027027027027026,14.88,97.06788533165795
5569,3,50,5,99.668,5.945945945945946,36.04,106.7933729265239
5570,3,50,5,55.5725,4.864864864864865,20.68,103.11793611691706
5571,3,50,5,38.2148,2.1621621621621623,12.39,106.19607035519891
5572,3,50,5,93.9324,6.486486486486487,34.739999999999995,106.40419869035684
5573,3,50,5,17.1075,3.0054054054054054,5.93,108.27843492194852
5574,3,50,5,49.5288,5.945945945945946,18.450000000000003,103.82966469395286
5575,3,50,5,56.2122,6.497297297297297,20.990000000000002,109.05593902664326
5576,3,50,5,15.6069,1.6216216216216217,4.6,106.83919371617584
5577,3,50,5,70.2437,3.2432432432432434,24.47,110.2709498473959
5578,3,50,5,31.3928,3.2432432432432434,11.209999999999999,109.27220291931519
5579,3,50,5,45.8203,7.84864864864865,18.000000000000004,105.92411510969586
5580,3,60,5,22.4212,2.7027027027027026,8.07,114.1347854169067
5581,3,60,5,27.2928,4.324324324324325,9.209999999999999,108.23888859531093
5582,3,60,5,24.732,1.6216216216216217,7.720000000000001,106.62248690396784
5583,3,60,5,47.2571,5.9459459459459465,17.130000000000003,104.49245281839477
5584,3,60,5,70.36,7.5675675675675675,25.610000000000003,107.87182765586088
5585,3,60,5,50.4144,2.7027027027027026,16.380000000000003,101.16856482641688
5586,3,60,5,53.6176,2.1621621621621623,18.54,104.76842630157373
5587,3,60,5,42.7708,4.324324324324325,16.07,101.6421476668128
5588,3,60,5,43.009,5.9459459459459465,16.380000000000003,110.09907967834405
5589,3,60,5,5.0809,0.0,0.45999999999999996,
5590,3,60,5,85.2823,9.275675675675677,32.589999999999996,111.7278180424933
5591,3,60,5,35.0069,4.605405405405405,13.319999999999999,113.11197267579584
5592,3,60,5,4.1787,0.0,0.030000000000000006,
5593,3,60,5,43.6006,5.405405405405405,17.16,120.22865449168398
5594,3,60,5,49.2648,1.308108108108108,17.15,99.80090955072865
5595,3,60,5,28.3037,3.243243243243243,9.679999999999998,107.92186084382773
5596,3,60,5,24.5756,2.7027027027027026,8.36,102.59062160417359
5597,3,60,5,10.2051,2.1621621621621623,2.87,109.94808814347039
5598,3,60,5,55.7294,4.864864864864865,19.589999999999996,100.99592926812244
5599,3,60,5,72.2336,3.2432432432432434,24.47,102.51393482477046
5600,3,70,5,66.0487,5.405405405405405,23.55,110.10379624523333
5601,3,70,5,35.3806,1.9027027027027028,11.79,96.96205505878835
5602,3,70,5,39.6682,3.2432432432432434,13.01,106.00403732515092
5603,3,70,5,36.7381,3.2432432432432434,12.540000000000001,106.03852284713285
5604,3,70,5,61.487,3.7837837837837838,21.0,106.00035414347222
5605,3,70,5,105.0545,8.216216216216216,40.15,119.11978687029648
5606,3,70,5,64.5246,5.783783783783784,23.059999999999995,108.13364697803017
5607,3,70,5,49.6355,6.14054054054054,18.26,106.51820171864749
5608,3,70,5,73.4361,6.335135135135135,26.729999999999997,108.3032842837239
5609,3,70,5,46.262,3.2324324324324323,15.969999999999999,103.1279548446091
5610,3,70,5,60.7126,4.324324324324325,21.41,104.91433063541666
5611,3,70,5,6.8024,0.5405405405405406,1.2200000000000002,100.98814943056912
5612,3,70,5,24.2011,2.7027027027027026,7.76,102.4256902128659
5613,3,70,5,4.4831,0.0,0.06,
5614,3,70,5,12.9506,0.5405405405405406,3.62,106.4698151153946
5615,3,70,5,64.9934,7.4270270270270276,25.0,114.2170410465309
5616,3,70,5,7.9907,1.0810810810810811,2.0300000000000002,109.09447559607013
5617,3,70,5,53.3715,4.778378378378378,18.69,114.53079368512621
5618,3,70,5,26.3138,2.7027027027027026,8.58,101.11145952459295
5619,3,70,5,27.6475,3.2432432432432434,9.01,110.33671798599882
5620,3,75,5,80.1342,7.405405405405406,30.080000000000002,101.67065060200817
5621,3,75,5,46.6523,5.945945945945946,17.589999999999996,113.4872583322151
5622,3,75,5,67.172,5.945945945945946,23.919999999999998,106.0509033150504
5623,3,75,5,24.5197,1.6216216216216217,8.02,98.40309409716689
5624,3,75,5,50.0601,2.691891891891892,16.98,111.0666166244428
5625,3,75,5,42.9252,2.1621621621621623,14.12,114.36348884479096
5626,3,75,5,42.1324,4.864864864864865,14.73,123.87926118560274
5627,3,75,5,58.696,4.864864864864865,22.660000000000004,110.07284304596945
5628,3,75,5,34.927,4.864864864864865,13.34,114.9549493085103
5629,3,75,5,87.9812,6.410810810810811,31.0,110.88362647143036
5630,3,75,5,17.2612,0.5405405405405406,4.540000000000001,92.34562626200476
5631,3,75,5,47.4363,7.5675675675675675,19.08,125.75776043477754
5632,3,75,5,66.4711,3.7837837837837838,23.26,103.47081829372561
5633,3,75,5,68.7078,2.5189189189189194,22.82,105.78738153028988
5634,3,75,5,6.8295,0.454054054054054,0.95,107.16287121578065
5635,3,75,5,34.806,2.4756756756756757,12.01,102.83767012096796
5636,3,75,5,50.2892,7.178378378378378,19.25,109.14407301973152
5637,3,75,5,26.8671,1.0810810810810811,8.28,102.46159189363428
5638,3,75,5,14.2392,1.6216216216216217,4.470000000000001,113.77720520625432
5639,3,75,5,3.8363,0.0,0.0,
5640,3,80,5,10.0754,1.0810810810810811,2.57,111.10318397363474
5641,3,80,5,46.5755,2.2162162162162162,16.009999999999998,103.52654134202385
5642,3,80,5,72.0126,5.405405405405405,25.020000000000003,110.14242128424625
5643,3,80,5,57.0153,4.324324324324325,20.89,111.60374554189565
5644,3,80,5,6.9978,1.0810810810810811,1.44,166.40153048040662
5645,3,80,5,19.7969,2.1621621621621623,6.2,105.47749268036993
5646,3,80,5,55.3619,5.405405405405405,20.59,106.99229261777188
5647,3,80,5,70.1124,7.5675675675675675,26.380000000000003,107.76549737670321
5648,3,80,5,43.4151,4.864864864864865,15.319999999999999,112.06977124592392
5649,3,80,5,85.4033,7.5675675675675675,32.03,105.4048960214861
5650,3,80,5,71.4912,5.405405405405405,26.68,108.63763945293131
5651,3,80,5,60.5346,2.151351351351351,20.85,106.29761273939357
5652,3,80,5,65.6363,4.864864864864865,24.169999999999998,108.19585410823544
5653,3,80,5,48.9111,3.2432432432432434,17.24,102.67863073738454
5654,3,80,5,19.6359,1.6216216216216217,6.159999999999999,111.62672420644878
5655,3,80,5,10.8694,0.5405405405405406,2.38,100.25083954621506
5656,3,80,5,31.7981,1.6216216216216217,10.29,106.5717792804755
5657,3,80,5,33.8971,2.7027027027027026,12.180000000000001,110.36940742814049
5658,3,80,5,36.1985,4.864864864864865,13.26,124.97066234375588
5659,3,80,5,33.1033,1.6216216216216217,10.91,113.53056579284693
5660,3,90,5,79.2268,6.854054054054055,28.370000000000005,106.84951091901051
5661,3,90,5,59.0012,0.9513513513513514,18.96,95.98752159506162
5662,3,90,5,69.9621,7.027027027027027,25.610000000000003,114.92492841393012
5663,3,90,5,57.7002,2.8756756756756756,20.48,108.93556063656331
5664,3,90,5,45.1405,6.486486486486487,16.369999999999997,110.30518383308855
5665,3,90,5,35.7417,2.1621621621621623,12.389999999999999,99.99990972476232
5666,3,90,5,53.1185,4.324324324324325,20.05,105.8315306676742
5667,3,90,5,82.433,5.935135135135136,30.630000000000003,107.72382447402941
5668,3,90,5,55.4671,4.864864864864865,20.21,112.50838722014288
5669,3,90,5,93.6822,7.5675675675675675,34.37,106.75034023313137
5670,3,90,5,87.9858,8.108108108108109,33.88,106.27135833273165
5671,3,90,5,4.1949,0.0,0.18,
5672,3,90,5,18.7307,1.0810810810810811,5.569999999999999,105.44117439552602
5673,3,90,5,76.3811,4.324324324324325,27.229999999999997,107.52691545110558
5674,3,90,5,21.3447,2.7027027027027026,8.24,106.900360174454
5675,3,90,5,94.162,7.027027027027027,34.4,107.60514660838663
5676,3,90,5,64.4809,4.324324324324325,22.53,105.50586056811333
5677,3,90,5,17.0734,1.945945945945946,5.4,105.68070941405779
5678,3,90,5,57.0214,5.502702702702703,20.84,111.62525261478186
5679,3,90,5,52.1747,5.945945945945946,18.65,105.25191798190353
5680,3,100,5,50.3304,5.027027027027027,18.729999999999997,105.63339404118531
5681,3,100,5,74.5945,3.578378378378379,25.82,100.42712012322261
5682,3,100,5,81.2973,5.405405405405405,29.29,100.61719455238897
5683,3,100,5,66.7809,4.864864864864865,24.55,108.82652262948233
5684,3,100,5,52.2946,4.54054054054054,18.77,104.99628006883628
5685,3,100,5,95.9777,10.25945945945946,36.96,108.5748184295516
5686,3,100,5,39.8077,1.0810810810810811,12.370000000000001,101.636676826042
5687,3,100,5,23.7018,4.324324324324325,8.16,115.8291249442967
5688,3,100,5,31.9179,1.0810810810810811,10.83,106.09819862360385
5689,3,100,5,25.8917,1.6216216216216217,7.9,100.55289073028125
5690,3,100,5,58.5381,4.324324324324325,20.69,111.39940145391307
5691,3,100,5,76.1317,4.324324324324325,27.879999999999995,110.32737391744033
5692,3,100,5,32.8356,1.6216216216216217,10.59,107.9726208422319
5693,3,100,5,25.4168,2.7027027027027026,8.629999999999999,110.65277239488132
5694,3,100,5,54.408,5.059459459459459,20.69,105.82977637217459
5695,3,100,5,40.476,3.243243243243243,13.610000000000003,110.35257757104485
5696,3,100,5,54.7477,5.945945945945946,19.75,105.79837842112929
5697,3,100,5,31.4781,2.7027027027027026,10.330000000000002,106.0125203892446
5698,3,100,5,68.1311,7.5675675675675675,25.96,108.56954681755384
5699,3,100,5,51.4175,1.6216216216216217,17.77,105.33323877495924
5700,3,370,5,84.1501,0.0,26.98,
5701,3,370,5,99.8532,0.0,32.07000000000001,
5702,3,370,5,46.7953,0.0,14.949999999999998,
5703,3,370,5,6.0666,0.0,0.5,
5704,3,370,5,148.3664,0.0,48.72,
5705,3,370,5,62.5013,0.0,19.71,
5706,3,370,5,96.1443,0.0,32.760000000000005,
5707,3,370,5,90.9651,0.0,30.310000000000002,
5708,3,370,5,121.0858,0.0,39.44,
5709,3,370,5,105.1398,0.0,34.6,
5710,3,370,5,25.6623,0.0,8.15,
5711,3,370,5,149.7635,0.0,51.46,
5712,3,370,5,47.6341,0.0,15.09,
5713,3,370,5,148.1697,0.0,50.15,
5714,3,370,5,71.2006,0.0,22.49,
5715,3,370,5,122.8514,0.0,39.730000000000004,
5716,3,370,5,48.5097,0.0,15.030000000000001,
5717,3,370,5,57.0129,0.0,17.91,
5718,3,370,5,91.9506,0.0,30.389999999999997,
5719,3,370,5,22.5499,0.0,6.51,
5720,3,1,10,29.3387,26.951351351351356,10.360000000000001,584.0744520667906
5721,3,1,10,42.1542,32.97297297297298,18.36,461.1137803381933
5722,3,1,10,33.3259,31.25405405405406,13.12,584.5900122293784
5723,3,1,10,18.4583,29.081081081081077,6.45,621.144985865364
5724,3,1,10,10.453,26.789189189189187,2.8,567.6980568062405
5725,3,1,10,38.7844,28.34594594594595,16.240000000000002,471.7387623384886
5726,3,1,10,36.4197,29.924324324324324,14.010000000000002,456.4046530283905
5727,3,1,10,21.0696,26.443243243243245,6.1899999999999995,662.7759693079778
5728,3,1,10,3.1878,29.362162162162168,0.01,623.7164665070328
5729,3,1,10,22.5556,28.648648648648653,7.82,505.6977972536913
5730,3,1,10,6.8361,31.351351351351347,1.78,590.8271374190708
5731,3,1,10,14.4963,26.940540540540542,5.6,506.08443717871387
5732,3,1,10,20.7129,31.31891891891892,7.1800000000000015,506.17092373889585
5733,3,1,10,48.3736,31.351351351351354,18.88,372.0117808515273
5734,3,1,10,7.7668,27.718918918918916,2.02,607.3772403985876
5735,3,1,10,62.7969,30.237837837837837,25.669999999999998,345.8674159516886
5736,3,1,10,17.5179,27.65405405405405,6.42,665.0795062942361
5737,3,1,10,28.0142,31.708108108108103,10.55,513.586417459717
5738,3,1,10,28.2504,24.324324324324326,10.969999999999999,452.01026605833704
5739,3,1,10,44.3074,32.31351351351351,17.81,513.3966384395045
5740,3,10,10,13.3469,2.7027027027027026,3.81,282.68306206202436
5741,3,10,10,24.6302,2.151351351351351,8.24,106.283268849851
5742,3,10,10,28.4551,7.567567567567567,10.68,222.86135357157383
5743,3,10,10,26.1228,3.7837837837837838,8.98,126.98702618089166
5744,3,10,10,55.6414,7.3297297297297295,22.119999999999997,135.14926918901395
5745,3,10,10,47.7778,5.9459459459459465,18.990000000000002,117.79152796374768
5746,3,10,10,6.7423,0.5405405405405406,1.1800000000000002,108.22840435242834
5747,3,10,10,16.9667,3.2432432432432434,4.9,187.32859081169488
5748,3,10,10,17.868,9.18918918918919,7.58,216.8880896375504
5749,3,10,10,20.184,6.486486486486487,8.25,159.35468956930114
5750,3,10,10,11.9466,2.1621621621621623,3.56,576.4622921438681
5751,3,10,10,22.2394,5.945945945945946,8.059999999999999,214.58930868986192
5752,3,10,10,38.1309,8.64864864864865,15.190000000000001,163.9620469790642
5753,3,10,10,25.3184,8.108108108108109,9.709999999999999,145.03470869190684
5754,3,10,10,60.3324,10.713513513513515,23.860000000000003,160.09909711758283
5755,3,10,10,38.6311,8.64864864864865,16.4,128.7284434924718
5756,3,10,10,22.78,6.897297297297297,9.540000000000001,157.28464216805853
5757,3,10,10,49.0275,10.562162162162164,20.240000000000002,119.9371229658348
5758,3,10,10,35.6006,5.405405405405405,12.559999999999999,207.43633928450691
5759,3,10,10,10.7086,1.6216216216216217,2.91,111.14302299390282
5760,3,20,10,3.8637,0.0,0.0,
5761,3,20,10,49.0921,9.102702702702704,19.56,121.14686478819436
5762,3,20,10,4.4164,0.5405405405405406,0.32999999999999996,104.85936682677284
5763,3,20,10,17.817,3.7837837837837838,6.45,143.87130352842402
5764,3,20,10,39.7591,8.64864864864865,15.670000000000002,124.22244208584458
5765,3,20,10,44.5481,8.572972972972973,17.759999999999998,129.41922600822903
5766,3,20,10,4.2387,0.0,0.0,
5767,3,20,10,46.536,9.72972972972973,19.2,115.9557735700629
5768,3,20,10,19.9062,5.405405405405405,7.540000000000001,138.8085236787917
5769,3,20,10,24.855,5.059459459459459,8.879999999999999,123.90527611484201
5770,3,20,10,22.6495,3.7837837837837838,7.790000000000001,119.33078263971876
5771,3,20,10,15.2449,2.1621621621621623,4.55,109.39121445123327
5772,3,20,10,12.572,2.1621621621621623,3.7,111.67762311499507
5773,3,20,10,5.5643,1.0810810810810811,0.9400000000000001,106.65625929392766
5774,3,20,10,84.4299,11.935135135135134,32.7,109.97416787429992
5775,3,20,10,7.8343,2.7027027027027026,1.95,154.33190604357907
5776,3,20,10,57.119,5.945945945945946,22.080000000000002,125.80049790165948
5777,3,20,10,44.2644,9.18918918918919,18.94,112.32566745126135
5778,3,20,10,35.4877,6.745945945945945,12.819999999999999,136.28443546402096
5779,3,20,10,9.2312,2.1621621621621623,2.8,117.74597533256966
5780,3,30,10,51.8927,9.72972972972973,21.72,124.11536923686046
5781,3,30,10,17.2241,2.7027027027027026,5.8,103.31624458578499
5782,3,30,10,23.509,3.7837837837837838,8.129999999999999,109.11446906852981
5783,3,30,10,19.4302,2.7027027027027026,6.63,110.12882171349875
5784,3,30,10,8.4094,1.0810810810810811,1.67,105.01306269476262
5785,3,30,10,9.8481,1.6216216216216217,2.84,105.85675164721216
5786,3,30,10,20.9421,3.8054054054054047,7.76,108.54489198486576
5787,3,30,10,10.6202,2.0,2.88,148.30205992343767
5788,3,30,10,36.0042,8.108108108108109,14.36,115.10766394467483
5789,3,30,10,46.6143,5.405405405405405,16.299999999999997,158.00390445279024
5790,3,30,10,31.8102,4.324324324324325,12.16,128.8105606211239
5791,3,30,10,7.5357,0.5405405405405406,1.41,94.46254109907885
5792,3,30,10,8.7892,0.5405405405405406,2.07,102.08464343770721
5793,3,30,10,25.1878,3.254054054054054,8.7,108.44952320835034
5794,3,30,10,26.4798,5.945945945945946,10.059999999999999,113.36409613734544
5795,3,30,10,46.1848,9.935135135135136,19.32,109.60568305627413
5796,3,30,10,49.5455,8.367567567567567,19.110000000000003,116.31368538349973
5797,3,30,10,44.6186,8.108108108108109,16.630000000000003,106.75609665701872
5798,3,30,10,29.5156,3.2432432432432434,9.790000000000001,132.70497033892298
5799,3,30,10,34.1849,7.027027027027027,12.739999999999998,130.40986018522273
5800,3,40,10,23.6181,2.7027027027027026,7.62,117.92289497225056
5801,3,40,10,70.8342,11.891891891891893,28.939999999999998,116.50847460694673
5802,3,40,10,5.2888,1.6216216216216217,0.96,112.93839089998893
5803,3,40,10,22.5494,2.1621621621621623,6.709999999999999,100.52627806662514
5804,3,40,10,45.4989,7.5675675675675675,17.009999999999998,111.73403056633218
5805,3,40,10,27.1019,1.0810810810810811,8.1,109.39303316561038
5806,3,40,10,36.331,4.864864864864865,14.14,112.45113797480005
5807,3,40,10,25.0645,4.5729729729729724,8.51,119.20493087789343
5808,3,40,10,14.9964,4.443243243243243,5.619999999999999,120.17054831068198
5809,3,40,10,72.6454,10.227027027027027,28.829999999999995,111.55494067459063
5810,3,40,10,56.7083,5.405405405405405,20.970000000000002,105.06236256106313
5811,3,40,10,31.1458,6.464864864864865,11.639999999999999,114.88508357782341
5812,3,40,10,40.0588,8.108108108108109,15.66,106.67903529607678
5813,3,40,10,7.8765,1.0810810810810811,1.55,106.50440577851029
5814,3,40,10,17.1011,2.140540540540541,5.58,115.12737562635566
5815,3,40,10,7.9179,2.7027027027027026,2.08,134.11891688106326
5816,3,40,10,70.9394,7.98918918918919,26.25,111.12481396518484
5817,3,40,10,12.9954,2.1621621621621623,4.54,116.39353627886024
5818,3,40,10,26.6583,4.52972972972973,9.49,119.99837270261911
5819,3,40,10,42.8368,4.324324324324325,15.73,119.3382653422185
5820,3,50,10,3.9901,0.0,0.0,
5821,3,50,10,8.7412,0.5405405405405406,1.8800000000000001,107.22992777813401
5822,3,50,10,3.947,0.0,0.0,
5823,3,50,10,25.6408,4.864864864864865,9.69,119.05010609963864
5824,3,50,10,65.4289,11.124324324324323,25.95,109.4787314125286
5825,3,50,10,29.829,7.027027027027026,11.77,122.08368207359794
5826,3,50,10,28.5534,4.324324324324325,9.779999999999998,129.7537941138703
5827,3,50,10,46.0436,8.64864864864865,20.139999999999997,113.81112686750984
5828,3,50,10,40.1143,6.810810810810811,15.61,110.24384723955217
5829,3,50,10,27.9228,2.1621621621621623,8.9,100.91863844425275
5830,3,50,10,61.8969,4.908108108108108,22.46,109.12659388138597
5831,3,50,10,22.9631,3.2432432432432434,7.43,110.8164315480358
5832,3,50,10,30.7468,5.945945945945946,12.309999999999999,107.78472230130586
5833,3,50,10,68.8622,8.756756756756758,28.15,106.85545489794825
5834,3,50,10,25.911,1.4378378378378378,7.85,111.0740535928533
5835,3,50,10,9.6851,1.2756756756756755,2.5300000000000002,106.09059554533756
5836,3,50,10,7.1278,1.481081081081081,1.7600000000000002,142.3217430288553
5837,3,50,10,53.0297,11.891891891891891,22.1,120.92122877910752
5838,3,50,10,29.4693,6.486486486486487,10.92,110.96653804249554
5839,3,50,10,37.0028,8.043243243243243,15.970000000000002,118.63943150352098
5840,3,60,10,12.431,1.6216216216216217,3.35,104.88790336901866
5841,3,60,10,37.3084,8.108108108108109,15.25,111.94282077101234
5842,3,60,10,11.1713,1.6216216216216217,3.2599999999999993,114.5488939308028
5843,3,60,10,16.2822,2.1621621621621623,5.2299999999999995,106.89667851165241
5844,3,60,10,73.5184,11.491891891891893,28.920000000000005,108.10902947733042
5845,3,60,10,6.1234,0.5405405405405406,1.02,114.9097265938115
5846,3,60,10,43.7722,6.486486486486487,15.940000000000001,129.97291106175055
5847,3,60,10,65.1843,9.491891891891893,25.419999999999998,122.31796551125609
5848,3,60,10,35.966,4.324324324324325,12.91,118.81105089215994
5849,3,60,10,66.6201,7.027027027027027,25.160000000000004,108.01124549892928
5850,3,60,10,37.2112,7.848648648648648,14.419999999999998,117.04352897055163
5851,3,60,10,11.8737,2.1621621621621623,3.7299999999999995,105.14441781692511
5852,3,60,10,4.3846,0.0,0.01,
5853,3,60,10,31.573,3.7837837837837833,11.2,110.1147817894719
5854,3,60,10,4.0699,0.5405405405405406,0.6,112.84578497979726
5855,3,60,10,21.2758,4.324324324324325,8.309999999999999,107.18251964370657
5856,3,60,10,57.616,10.27027027027027,23.560000000000002,113.75584404430899
5857,3,60,10,63.9104,6.691891891891892,24.060000000000002,107.84273925666872
5858,3,60,10,51.0176,7.027027027027027,19.139999999999997,110.20472857305903
5859,3,60,10,57.9226,10.27027027027027,22.41,108.3273875802026
5860,3,70,10,18.4424,3.6648648648648647,7.18,114.577269538265
5861,3,70,10,19.1439,4.799999999999999,6.859999999999999,112.73551341490821
5862,3,70,10,16.2974,2.7027027027027026,5.5200000000000005,114.20609444594183
5863,3,70,10,57.8673,8.64864864864865,21.660000000000004,114.67272950313273
5864,3,70,10,13.872,2.1621621621621623,4.0600000000000005,102.63012450601154
5865,3,70,10,45.9859,7.5675675675675675,18.28,109.1714350219493
5866,3,70,10,46.7163,5.9459459459459465,17.4,108.01566227169064
5867,3,70,10,3.6179,0.0,0.0,
5868,3,70,10,6.8452,0.5405405405405406,1.02,115.97601976327645
5869,3,70,10,43.6127,5.945945945945946,16.27,102.58670175726705
5870,3,70,10,37.0966,8.64864864864865,16.73,114.82334049827958
5871,3,70,10,68.4142,8.64864864864865,26.520000000000003,104.85423901371314
5872,3,70,10,48.1709,7.027027027027027,18.98,100.0110631200028
5873,3,70,10,25.2381,3.2432432432432434,7.959999999999999,117.04663636495621
5874,3,70,10,7.6067,0.5297297297297298,1.41,105.61758384198444
5875,3,70,10,15.6969,2.7027027027027026,5.13,113.67366171924463
5876,3,70,10,35.0198,3.2432432432432434,12.940000000000001,111.43728404035694
5877,3,70,10,19.8414,2.7027027027027026,6.74,101.50461165821612
5878,3,70,10,23.8002,3.7405405405405405,8.67,107.13226579095776
5879,3,70,10,42.7234,9.156756756756758,17.2,119.43910075753378
5880,3,75,10,19.3666,3.2432432432432434,6.619999999999999,104.8247045750026
5881,3,75,10,4.1796,1.0810810810810811,0.5599999999999999,169.61793938141017
5882,3,75,10,37.8351,6.486486486486487,14.530000000000001,107.44844264740038
5883,3,75,10,34.8024,7.027027027027027,14.09,113.7391521205926
5884,3,75,10,47.693,9.72972972972973,19.78,120.84809227630522
5885,3,75,10,41.9114,8.108108108108109,17.02,110.231018059216
5886,3,75,10,7.3418,1.0810810810810811,2.32,103.01060501692041
5887,3,75,10,5.8833,0.7891891891891892,0.96,133.5950082238891
5888,3,75,10,23.3641,4.864864864864865,9.34,105.2649242000892
5889,3,75,10,33.5138,6.486486486486487,12.15,110.26248546089789
5890,3,75,10,15.5495,2.443243243243243,5.220000000000001,109.4578327756872
5891,3,75,10,30.8361,6.486486486486487,11.78,120.35159279970048
5892,3,75,10,6.9874,1.6216216216216217,2.09,110.54070291149928
5893,3,75,10,25.8163,3.9027027027027033,9.35,116.78037197145954
5894,3,75,10,57.8696,10.27027027027027,23.05,115.57672054653257
5895,3,75,10,5.4862,2.1621621621621623,0.9199999999999999,114.2821372352631
5896,3,75,10,50.4955,7.027027027027027,18.95,105.34170183366473
5897,3,75,10,71.6991,9.059459459459458,26.9,101.21915867497633
5898,3,75,10,8.4062,1.0810810810810811,1.8399999999999999,111.10328430171836
5899,3,75,10,32.5059,4.627027027027027,11.69,111.43087474343375
5900,3,80,10,9.4426,1.0810810810810811,2.41,114.56150424541721
5901,3,80,10,46.4128,6.6702702702702705,17.509999999999998,104.25699421877364
5902,3,80,10,22.2926,4.864864864864865,8.940000000000001,108.34736632537104
5903,3,80,10,44.4652,5.405405405405405,16.2,105.944407828257
5904,3,80,10,59.062,8.259459459459459,22.79,117.58902512607744
5905,3,80,10,13.8329,3.945945945945946,4.61,112.73718521803212
5906,3,80,10,43.52,7.5675675675675675,16.580000000000002,103.77402679799981
5907,3,80,10,45.0726,6.486486486486487,16.34,108.50269849817487
5908,3,80,10,35.9829,3.2432432432432434,12.15,107.99203809281715
5909,3,80,10,25.834,6.12972972972973,10.75,118.15260851892458
5910,3,80,10,4.095,0.0,0.0,
5911,3,80,10,12.6624,1.6216216216216217,4.04,101.71702848665456
5912,3,80,10,45.5156,9.72972972972973,18.610000000000003,109.80328930099355
5913,3,80,10,9.9713,2.1621621621621623,2.7299999999999995,112.1177731836267
5914,3,80,10,39.7957,4.324324324324325,14.5,112.96762177943077
5915,3,80,10,57.366,8.843243243243244,22.119999999999997,110.1344405136089
5916,3,80,10,43.7008,5.945945945945946,16.43,103.5377467303269
5917,3,80,10,66.5121,8.8,26.1,109.05828194573299
5918,3,80,10,11.4108,2.7027027027027026,3.6,112.99756241095835
5919,3,80,10,18.3655,2.1621621621621623,5.75,100.80966748824798
5920,3,90,10,47.2988,6.367567567567567,17.93,108.25052164261244
5921,3,90,10,37.784,3.2432432432432434,13.4,111.01095675558042
5922,3,90,10,8.9858,2.7027027027027026,2.44,135.94173027939172
5923,3,90,10,40.9166,5.405405405405405,15.280000000000001,110.28189395715044
5924,3,90,10,26.799,4.324324324324325,10.41,108.88166134501061
5925,3,90,10,39.2176,4.324324324324325,14.0,118.80068341022155
5926,3,90,10,42.5067,6.486486486486487,15.469999999999999,108.37704862470088
5927,3,90,10,10.405,2.1621621621621623,3.35,114.17131305226853
5928,3,90,10,25.8608,2.7027027027027026,8.6,101.7684625176467
5929,3,90,10,14.1798,1.0810810810810811,4.010000000000001,120.17699760742718
5930,3,90,10,11.941,1.837837837837838,3.3600000000000003,103.56251743345382
5931,3,90,10,22.8804,4.864864864864865,8.680000000000001,111.61162014136272
5932,3,90,10,31.305,3.7837837837837838,10.830000000000002,111.76847804676767
5933,3,90,10,32.095,2.7027027027027026,10.870000000000001,112.66174821018929
5934,3,90,10,54.6172,6.486486486486487,20.860000000000003,106.68163753431423
5935,3,90,10,67.8933,10.27027027027027,26.110000000000003,105.88527093080714
5936,3,90,10,91.9941,14.594594594594593,36.95,109.0952712901757
5937,3,90,10,46.4855,6.486486486486487,18.23,106.74193734297263
5938,3,90,10,8.9503,2.7027027027027026,2.8200000000000003,115.14220853785498
5939,3,90,10,56.9779,9.18918918918919,21.58,108.3625720135113
5940,3,100,10,26.3824,4.864864864864865,9.87,121.09623910936095
5941,3,100,10,24.3024,3.7837837837837838,8.23,109.09891744020271
5942,3,100,10,56.5826,7.027027027027027,21.0,108.62938178205069
5943,3,100,10,46.0395,7.567567567567567,17.44,107.38526752858994
5944,3,100,10,23.9756,4.864864864864865,8.51,107.82430695450793
5945,3,100,10,46.7738,8.64864864864865,18.6,105.39591153159785
5946,3,100,10,22.6438,5.275675675675676,8.32,113.42242566922414
5947,3,100,10,55.5058,10.572972972972973,23.03,111.97480256865371
5948,3,100,10,65.5387,7.5675675675675675,24.020000000000003,117.56243845585325
5949,3,100,10,13.2973,1.6216216216216217,4.32,105.59798928339076
5950,3,100,10,63.8511,10.562162162162164,26.839999999999996,109.0018741053464
5951,3,100,10,40.4296,6.551351351351352,15.819999999999999,108.2804211999229
5952,3,100,10,36.917,7.783783783783784,14.540000000000001,112.70265839198524
5953,3,100,10,23.5282,2.1621621621621623,7.68,120.91235989680821
5954,3,100,10,40.2292,8.108108108108109,16.419999999999998,114.4958780485069
5955,3,100,10,44.2014,5.9459459459459465,16.689999999999998,106.17346931007629
5956,3,100,10,27.5726,5.978378378378379,11.16,113.9241740711986
5957,3,100,10,17.1338,1.6216216216216217,5.15,98.85841755725846
5958,3,100,10,55.8724,10.81081081081081,22.5,113.91132206038341
5959,3,100,10,25.0389,4.227027027027027,8.819999999999999,116.66676395642011
5960,3,370,10,14.0328,0.0,3.55,
5961,3,370,10,39.4756,0.0,11.95,
5962,3,370,10,175.8308,0.0,61.31,
5963,3,370,10,117.9939,0.0,39.33,
5964,3,370,10,150.6074,0.0,50.309999999999995,
5965,3,370,10,74.3954,0.0,24.21,
5966,3,370,10,47.0224,0.0,14.61,
5967,3,370,10,79.0533,0.0,25.29,
5968,3,370,10,42.2227,0.0,12.56,
5969,3,370,10,64.5055,0.0,21.02,
5970,3,370,10,202.5455,0.0,68.65,
5971,3,370,10,24.1449,0.0,6.99,
5972,3,370,10,127.5086,0.0,41.53,
5973,3,370,10,103.5409,0.0,34.03,
5974,3,370,10,65.6719,0.0,21.880000000000003,
5975,3,370,10,68.6527,0.0,22.04,
5976,3,370,10,86.6919,0.0,27.96,
5977,3,370,10,94.7733,0.0,30.15,
5978,3,370,10,65.2806,0.0,21.380000000000003,
5979,3,370,10,92.2536,0.0,29.619999999999997,
5980,3,1,15,13.3281,40.21621621621622,6.33,469.96545876362325
5981,3,1,15,9.363,37.17837837837838,3.05,585.7485402469988
5982,3,1,15,30.9772,39.23243243243243,12.44,480.13712602255464
5983,3,1,15,5.9499,35.74054054054054,1.97,638.6812466918263
5984,3,1,15,39.3808,42.85405405405405,16.88,433.859882156809
5985,3,1,15,35.1449,42.270270270270274,16.18,380.3341539558352
5986,3,1,15,17.413,42.054054054054056,6.790000000000001,472.41298227877223
5987,3,1,15,15.2201,33.23243243243243,5.17,506.9704095289417
5988,3,1,15,71.0334,35.135135135135144,29.95,363.3838754703569
5989,3,1,15,25.0966,41.210810810810806,9.7,579.0424893415621
5990,3,1,15,11.4497,39.82702702702702,4.99,525.8299550136228
5991,3,1,15,46.5602,38.11891891891892,21.27,415.181681548145
5992,3,1,15,9.72,32.75675675675676,2.81,617.803196162835
5993,3,1,15,7.6161,36.389189189189196,2.5,553.9811997779099
5994,3,1,15,17.3105,37.77297297297297,6.34,620.6123249514329
5995,3,1,15,25.8865,38.78918918918919,10.57,521.1991807279405
5996,3,1,15,13.4542,38.35675675675675,5.75,534.3996793922057
5997,3,1,15,10.9203,38.58378378378378,3.3299999999999996,604.5801692708899
5998,3,1,15,27.9693,39.22162162162162,12.77,541.645429164201
5999,3,1,15,19.5346,43.44864864864864,7.960000000000001,469.9529421664974
6000,3,10,15,21.2397,9.18918918918919,9.36,137.29127361777407
6001,3,10,15,23.6992,8.227027027027027,10.059999999999999,211.3199507073782
6002,3,10,15,32.0249,9.124324324324325,11.8,162.75434157060104
6003,3,10,15,23.1993,8.108108108108109,8.73,158.04954119979092
6004,3,10,15,9.8709,5.405405405405405,2.37,382.06834649361963
6005,3,10,15,37.5764,8.108108108108109,14.820000000000002,158.6010326800653
6006,3,10,15,33.9695,9.72972972972973,13.2,160.39815044683172
6007,3,10,15,15.3714,3.7837837837837838,5.8100000000000005,288.542106225822
6008,3,10,15,39.3449,15.135135135135135,16.940000000000005,177.31857082332613
6009,3,10,15,50.9977,16.27027027027027,22.43,176.4638612021401
6010,3,10,15,10.8513,6.486486486486487,4.779999999999999,209.46788945246922
6011,3,10,15,12.7616,4.194594594594594,3.5799999999999996,323.87392098409646
6012,3,10,15,16.7456,4.864864864864865,6.25,125.71451846530289
6013,3,10,15,57.2296,13.513513513513512,22.64,143.82239336250908
6014,3,10,15,40.849,11.22162162162162,17.57,157.8998317915934
6015,3,10,15,17.1536,3.243243243243243,5.61,180.51117368212604
6016,3,10,15,34.0975,7.85945945945946,13.48,107.9968470854587
6017,3,10,15,22.0193,5.405405405405405,8.51,185.78456132940008
6018,3,10,15,18.563,2.7027027027027026,6.05,236.85460863389693
6019,3,10,15,5.1641,1.6216216216216217,0.9,365.6632518340611
6020,3,20,15,18.4839,4.864864864864865,6.2299999999999995,125.15671591848104
6021,3,20,15,43.997,12.432432432432432,19.15,120.0591302008322
6022,3,20,15,38.8324,8.64864864864865,15.459999999999999,125.69743690296664
6023,3,20,15,49.1946,7.5675675675675675,18.919999999999998,121.10354305392589
6024,3,20,15,14.0998,2.1621621621621623,4.34,133.16220852927333
6025,3,20,15,19.7784,6.043243243243243,7.389999999999999,113.4778315643634
6026,3,20,15,28.8687,9.178378378378378,12.59,120.42014018192106
6027,3,20,15,12.9767,3.7837837837837838,4.41,134.6954653048144
6028,3,20,15,11.2917,3.7837837837837838,4.38,133.20203753685954
6029,3,20,15,35.9435,10.81081081081081,15.439999999999998,111.49350348068329
6030,3,20,15,17.2584,1.6216216216216217,5.39,104.0668455726451
6031,3,20,15,42.164,10.65945945945946,17.48,121.20122861255757
6032,3,20,15,11.5401,2.4,3.6700000000000004,108.64319940828497
6033,3,20,15,4.8194,0.5405405405405406,0.54,109.55683582236112
6034,3,20,15,25.0483,7.027027027027027,9.73,126.31776004490439
6035,3,20,15,4.809,0.2054054054054054,0.42000000000000004,101.50720546395138
6036,3,20,15,40.0984,8.108108108108109,16.04,110.76132213810146
6037,3,20,15,3.9963,0.0,0.0,
6038,3,20,15,17.246,3.2432432432432434,5.9399999999999995,130.41905828713575
6039,3,20,15,26.9567,5.351351351351352,9.79,122.69474075901255
6040,3,30,15,20.4604,5.405405405405405,7.640000000000001,113.06232902968995
6041,3,30,15,35.0212,10.27027027027027,14.540000000000001,134.0562385581642
6042,3,30,15,7.5199,2.1621621621621623,1.98,119.05812311952526
6043,3,30,15,49.7892,8.64864864864865,19.059999999999995,105.74958347786921
6044,3,30,15,13.8001,5.816216216216216,5.13,127.98934187875288
6045,3,30,15,3.514,0.0,0.0,
6046,3,30,15,33.0419,12.227027027027026,13.440000000000001,137.013859148078
6047,3,30,15,28.6579,4.324324324324325,11.01,107.78432657237317
6048,3,30,15,53.908,12.843243243243245,21.52,109.70462853500403
6049,3,30,15,11.4385,3.2432432432432434,4.1,120.13103249601357
6050,3,30,15,54.0267,12.432432432432432,23.04,109.77970997752753
6051,3,30,15,27.2366,8.108108108108109,11.219999999999999,145.4784646978701
6052,3,30,15,48.0436,12.713513513513513,20.6,112.92746291087822
6053,3,30,15,38.8665,12.432432432432432,16.75,123.21719757711449
6054,3,30,15,15.6598,2.7027027027027026,5.15,109.08465886972503
6055,3,30,15,21.1661,4.324324324324325,7.159999999999999,113.64139755493593
6056,3,30,15,47.3235,9.72972972972973,18.369999999999997,110.33978285498857
6057,3,30,15,26.8073,9.18918918918919,11.66,135.322819675927
6058,3,30,15,15.9085,2.7027027027027026,4.87,105.49713159059272
6059,3,30,15,32.0467,9.08108108108108,13.809999999999999,121.90483109393635
6060,3,40,15,13.2566,2.7027027027027026,4.0200000000000005,112.2528941490726
6061,3,40,15,3.8259,0.0,0.0,
6062,3,40,15,23.8182,5.405405405405405,8.080000000000002,108.83641832086445
6063,3,40,15,9.2047,1.6216216216216217,2.42,121.8652135860407
6064,3,40,15,4.0322,0.0,0.0,
6065,3,40,15,39.3343,9.72972972972973,17.84,117.72581543605341
6066,3,40,15,4.0662,0.0,0.06,
6067,3,40,15,30.1828,9.72972972972973,12.88,123.58067308424984
6068,3,40,15,11.0351,3.2432432432432434,4.09,129.61382558726004
6069,3,40,15,48.7386,11.059459459459458,20.28,109.09974042078618
6070,3,40,15,14.6014,3.2432432432432434,5.02,109.57107898749307
6071,3,40,15,18.361,3.1891891891891895,6.2700000000000005,114.52629605509757
6072,3,40,15,4.216,0.0,0.0,
6073,3,40,15,16.8642,5.405405405405405,6.18,119.97791152902312
6074,3,40,15,20.5569,3.7837837837837838,8.01,123.24521063138492
6075,3,40,15,21.4462,5.405405405405405,8.4,117.25231793387472
6076,3,40,15,3.9063,0.0,0.0,
6077,3,40,15,27.3752,4.324324324324325,9.66,118.69574796433783
6078,3,40,15,45.1966,11.35135135135135,18.740000000000002,132.6079609953944
6079,3,40,15,42.9199,7.027027027027027,16.21,108.87010440009804
6080,3,50,15,33.0044,5.9459459459459465,12.37,112.5489780162794
6081,3,50,15,7.5912,1.0810810810810811,1.97,112.10841644127396
6082,3,50,15,38.3825,10.367567567567567,17.619999999999997,112.98683654275642
6083,3,50,15,23.2612,5.945945945945946,9.76,107.60139498989741
6084,3,50,15,13.1042,1.6216216216216217,3.8200000000000003,114.15490137210304
6085,3,50,15,14.87,4.864864864864865,5.37,115.96215874876533
6086,3,50,15,34.4544,7.070270270270271,13.680000000000001,109.74383763005712
6087,3,50,15,34.2978,8.4,14.179999999999998,109.44205680900936
6088,3,50,15,23.747,5.945945945945946,9.749999999999998,107.14196403147663
6089,3,50,15,41.2485,11.632432432432433,16.8,121.55553181385359
6090,3,50,15,8.6018,2.1621621621621623,2.1399999999999997,117.86121447867251
6091,3,50,15,32.374,8.108108108108109,13.1,120.7807851078231
6092,3,50,15,11.2582,3.027027027027027,3.8200000000000003,109.30541378438801
6093,3,50,15,40.6099,7.5675675675675675,15.460000000000003,118.89465079348079
6094,3,50,15,34.8647,7.664864864864865,13.73,124.11452770007655
6095,3,50,15,15.5864,3.2432432432432434,5.31,106.24945362392953
6096,3,50,15,31.2339,9.72972972972973,14.35,109.81911822425936
6097,3,50,15,12.0725,2.1621621621621623,3.31,149.014143918564
6098,3,50,15,12.0002,4.864864864864865,3.9400000000000004,119.10897502795056
6099,3,50,15,60.8793,17.697297297297297,29.119999999999997,117.8722596066042
6100,3,60,15,6.4783,1.6216216216216217,1.28,105.40683803226337
6101,3,60,15,36.8265,9.72972972972973,14.450000000000003,119.56597107449095
6102,3,60,15,8.0973,1.0810810810810811,1.8,122.9768046932204
6103,3,60,15,39.4965,11.35135135135135,16.490000000000002,130.10407524191993
6104,3,60,15,75.0678,16.8,31.919999999999998,114.33605040961194
6105,3,60,15,21.8865,4.864864864864865,7.779999999999999,109.4334299934138
6106,3,60,15,36.4846,9.18918918918919,15.610000000000003,118.25158615341937
6107,3,60,15,35.3954,9.72972972972973,13.77,115.59255784527392
6108,3,60,15,33.8613,4.962162162162163,12.280000000000001,118.52672675574154
6109,3,60,15,16.9645,4.864864864864865,6.9799999999999995,123.64084634348335
6110,3,60,15,45.103,11.254054054054055,18.560000000000002,106.64119078985553
6111,3,60,15,22.9896,4.864864864864865,7.6,115.55914226339206
6112,3,60,15,20.0156,3.0594594594594593,6.55,129.51823684096794
6113,3,60,15,13.9859,4.324324324324325,5.609999999999999,110.02989908089828
6114,3,60,15,4.5903,1.0810810810810811,0.53,158.98515734594378
6115,3,60,15,38.0935,9.71891891891892,17.43,116.8711218304
6116,3,60,15,31.0429,9.18918918918919,12.190000000000001,114.10163636638515
6117,3,60,15,11.6735,3.2432432432432434,3.62,116.32879349062561
6118,3,60,15,28.408,5.945945945945946,10.209999999999999,108.9396145550027
6119,3,60,15,26.1638,8.108108108108109,11.48,116.9567526179343
6120,3,70,15,11.1511,1.6216216216216217,3.3,102.38257044412497
6121,3,70,15,64.1811,15.243243243243242,26.47,109.05114412644706
6122,3,70,15,22.6078,2.7027027027027026,7.92,107.83371173509795
6123,3,70,15,7.1798,0.5405405405405406,1.34,113.73937033251312
6124,3,70,15,18.7861,4.864864864864865,7.089999999999999,112.03805543456674
6125,3,70,15,4.6607,0.5405405405405406,0.31,107.52993217783191
6126,3,70,15,8.2059,2.1621621621621623,1.9100000000000001,120.50992100696652
6127,3,70,15,20.2379,3.7837837837837838,6.68,109.01150567665437
6128,3,70,15,59.1994,16.216216216216218,26.35,121.93029477076628
6129,3,70,15,31.4857,7.5675675675675675,12.42,112.43040238600642
6130,3,70,15,6.523,0.5405405405405406,0.97,113.92301765812799
6131,3,70,15,19.2288,5.9459459459459465,7.65,111.01628593893805
6132,3,70,15,24.6671,2.237837837837838,7.959999999999999,110.33182374109015
6133,3,70,15,4.1391,0.0,0.0,
6134,3,70,15,22.0249,4.864864864864865,7.889999999999999,138.42775799828303
6135,3,70,15,4.0251,0.0,0.0,
6136,3,70,15,22.3323,6.486486486486487,9.53,106.93873792168318
6137,3,70,15,37.2466,7.5675675675675675,14.48,113.9914626528304
6138,3,70,15,22.1494,4.324324324324325,8.24,103.96607787236476
6139,3,70,15,19.8222,5.945945945945946,7.2700000000000005,116.28235135076844
6140,3,75,15,50.8386,13.232432432432432,21.21,115.23451898431114
6141,3,75,15,24.892,7.989189189189188,10.750000000000002,119.28644729194656
6142,3,75,15,29.9153,8.043243243243243,11.74,110.80248232634158
6143,3,75,15,20.7284,3.859459459459459,6.5,109.42416222534386
6144,3,75,15,29.489,6.929729729729729,11.860000000000001,120.52062217343442
6145,3,75,15,14.8422,3.7837837837837838,4.69,109.30747163873993
6146,3,75,15,64.5272,13.913513513513516,26.79,111.93159898351193
6147,3,75,15,5.739,0.5405405405405406,0.8200000000000001,122.13299354027043
6148,3,75,15,8.9008,1.0810810810810811,2.2800000000000002,119.61054359072634
6149,3,75,15,44.0276,11.275675675675675,19.109999999999996,114.72758751910995
6150,3,75,15,10.7581,1.6216216216216217,3.0300000000000002,109.00204133240504
6151,3,75,15,12.933,3.0486486486486486,3.7600000000000002,124.43941537203075
6152,3,75,15,16.5772,3.7837837837837838,6.62,116.4657488013611
6153,3,75,15,4.0636,0.5405405405405406,0.41000000000000003,135.1145435123848
6154,3,75,15,8.3289,0.5405405405405406,1.9600000000000002,112.78307447087472
6155,3,75,15,21.3856,3.2432432432432434,7.56,123.13243220506858
6156,3,75,15,41.8207,9.18918918918919,16.669999999999998,113.91313880015856
6157,3,75,15,34.0748,8.108108108108109,15.080000000000002,107.52550122286851
6158,3,75,15,36.603,9.58918918918919,15.809999999999999,118.52921494896775
6159,3,75,15,16.4533,5.945945945945946,6.2299999999999995,111.00750762776666
6160,3,80,15,11.6506,3.2432432432432434,4.14,140.39422184303842
6161,3,80,15,9.5909,1.0810810810810811,2.1100000000000003,108.71389553025485
6162,3,80,15,4.5354,0.0,0.0,
6163,3,80,15,56.3821,12.38918918918919,22.41,110.62210413110427
6164,3,80,15,30.5595,6.810810810810811,11.65,105.5680111214747
6165,3,80,15,21.7227,4.324324324324325,7.489999999999999,108.2434738882451
6166,3,80,15,19.7022,4.14054054054054,6.4799999999999995,106.24788417818831
6167,3,80,15,13.6197,2.7027027027027026,4.3100000000000005,118.28789596202174
6168,3,80,15,24.2032,3.2432432432432434,8.190000000000001,112.85518666590963
6169,3,80,15,4.3559,0.0,0.0,
6170,3,80,15,10.9697,2.7027027027027026,3.1399999999999997,104.89014294870326
6171,3,80,15,53.5701,11.091891891891892,21.119999999999997,111.25502080006433
6172,3,80,15,38.8499,13.513513513513516,18.13,121.27282726128274
6173,3,80,15,4.0278,0.0,0.0,
6174,3,80,15,35.2139,14.054054054054054,16.54,123.42788863927929
6175,3,80,15,18.0158,4.14054054054054,7.140000000000001,115.62772841613423
6176,3,80,15,12.2957,2.7027027027027026,3.7900000000000005,117.5125991150496
6177,3,80,15,49.8473,10.227027027027027,19.11,107.86011977885573
6178,3,80,15,21.1951,3.5783783783783782,7.38,116.84235895161018
6179,3,80,15,11.7092,2.627027027027027,4.01,118.36626444045267
6180,3,90,15,25.3457,6.486486486486487,9.6,112.15413733822491
6181,3,90,15,31.2588,7.027027027027027,11.8,105.30437954018028
6182,3,90,15,21.4351,6.486486486486487,8.65,112.9049813435626
6183,3,90,15,31.2449,7.437837837837838,12.62,114.19741454496004
6184,3,90,15,60.212,10.27027027027027,25.080000000000002,109.40427413558417
6185,3,90,15,12.7225,2.7027027027027026,4.19,148.1732212621974
6186,3,90,15,34.6644,3.513513513513513,11.72,109.19723586341188
6187,3,90,15,21.2045,4.324324324324325,7.280000000000001,135.4290293077384
6188,3,90,15,28.5243,7.816216216216216,12.0,114.06879376870526
6189,3,90,15,18.9591,2.4756756756756757,6.889999999999999,105.44996599035389
6190,3,90,15,29.6032,4.562162162162163,10.99,109.97672814934944
6191,3,90,15,33.6963,6.486486486486487,13.37,110.55315704714333
6192,3,90,15,49.4223,11.891891891891891,20.34,105.78440001284822
6193,3,90,15,11.8863,5.45945945945946,4.68,140.65490915148087
6194,3,90,15,44.4517,8.529729729729729,16.919999999999998,120.92770845736104
6195,3,90,15,22.4179,4.324324324324325,8.08,104.36805503731787
6196,3,90,15,4.1267,0.0,0.13999999999999999,
6197,3,90,15,58.3397,14.378378378378377,24.94,118.28439626506064
6198,3,90,15,32.3496,5.945945945945946,12.830000000000002,118.51484743166998
6199,3,90,15,13.595,2.908108108108108,4.35,109.21803929898789
6200,3,100,15,21.5757,6.464864864864865,8.760000000000002,113.25703647720381
6201,3,100,15,9.7367,1.0810810810810811,2.35,107.15022156163391
6202,3,100,15,88.7925,18.7027027027027,37.92,114.79963368409007
6203,3,100,15,32.5275,10.27027027027027,13.48,116.22955134709788
6204,3,100,15,12.6991,1.6216216216216217,3.04,108.59464004230193
6205,3,100,15,28.7384,5.945945945945946,10.940000000000001,115.57832385097905
6206,3,100,15,24.8478,2.291891891891892,8.33,111.36824937724074
6207,3,100,15,10.8385,2.1621621621621623,2.93,113.11917876035903
6208,3,100,15,46.5636,15.254054054054052,20.509999999999998,110.29199492955019
6209,3,100,15,15.9018,2.1621621621621623,5.86,129.97685941739846
6210,3,100,15,20.6883,3.2432432432432434,7.530000000000001,113.96888187778637
6211,3,100,15,4.9574,0.5405405405405406,0.41,108.72063057656455
6212,3,100,15,29.7187,4.864864864864865,10.98,112.61614523162959
6213,3,100,15,3.9421,0.0,0.0,
6214,3,100,15,26.6512,5.275675675675676,10.28,112.32189826997254
6215,3,100,15,40.7169,7.275675675675676,15.280000000000001,107.13370351660308
6216,3,100,15,8.6833,2.1621621621621623,2.4899999999999998,111.37472796722479
6217,3,100,15,31.5305,7.5675675675675675,12.2,116.12876106982137
6218,3,100,15,45.0036,12.14054054054054,20.35,109.1607389540048
6219,3,100,15,55.115,11.891891891891891,22.610000000000003,119.85400982864745
6220,3,370,15,114.3214,0.0,39.34,
6221,3,370,15,155.6432,0.0,52.67999999999999,
6222,3,370,15,98.0701,0.0,31.880000000000003,
6223,3,370,15,126.3999,0.0,41.9,
6224,3,370,15,81.6685,0.0,26.4,
6225,3,370,15,94.4237,0.0,32.43000000000001,
6226,3,370,15,42.2898,0.0,13.309999999999999,
6227,3,370,15,186.1709,0.0,61.95,
6228,3,370,15,94.6765,0.0,30.72,
6229,3,370,15,46.099,0.0,14.580000000000002,
6230,3,370,15,172.0307,0.0,60.02,
6231,3,370,15,40.9255,0.0,13.940000000000001,
6232,3,370,15,107.8573,0.0,38.14,
6233,3,370,15,190.4224,0.0,63.45,
6234,3,370,15,80.7322,0.0,26.45,
6235,3,370,15,168.2302,0.0,58.44,
6236,3,370,15,109.2043,0.0,36.559999999999995,
6237,3,370,15,87.9445,0.0,30.18,
6238,3,370,15,132.055,0.0,44.260000000000005,
6239,3,370,15,143.5536,0.0,48.71,
6240,3,1,20,10.4274,45.05945945945946,4.26,506.39956284485856
6241,3,1,20,30.9351,48.108108108108105,14.690000000000001,460.31367862505414
6242,3,1,20,2.9441,37.98918918918919,0.09,596.7012614728545
6243,3,1,20,11.039,50.443243243243245,4.54,600.2808211836784
6244,3,1,20,4.0568,45.1027027027027,0.75,653.2756373955682
6245,3,1,20,13.9053,44.92972972972973,5.630000000000001,508.77374889099036
6246,3,1,20,21.2112,42.54054054054054,8.02,443.12777887936875
6247,3,1,20,6.0571,46.983783783783785,2.77,584.5104094811772
6248,3,1,20,11.8294,42.064864864864866,3.95,669.1927389169481
6249,3,1,20,25.5466,43.01621621621622,11.4,442.4871392212866
6250,3,1,20,10.8789,47.81621621621621,4.3100000000000005,600.8848776779631
6251,3,1,20,22.979,46.518918918918914,11.959999999999999,476.1411185448932
6252,3,1,20,12.6581,40.31351351351351,6.08,532.2345787315012
6253,3,1,20,37.1363,45.545945945945945,18.86,418.4244407209861
6254,3,1,20,13.4496,40.21621621621621,5.85,543.0404053674214
6255,3,1,20,19.7456,40.54054054054054,8.1,570.6972071545159
6256,3,1,20,21.474,44.389189189189196,8.29,532.4163778884302
6257,3,1,20,5.0676,41.53513513513513,1.2,632.0529252820751
6258,3,1,20,23.5819,50.12972972972973,9.700000000000001,519.3513310073982
6259,3,1,20,20.1672,43.94594594594595,8.969999999999999,499.54396418581103
6260,3,10,20,16.3236,5.945945945945946,5.9799999999999995,128.70605760461842
6261,3,10,20,17.0855,6.010810810810812,6.24,218.98396697840883
6262,3,10,20,23.4222,12.432432432432433,9.75,200.0911329025155
6263,3,10,20,32.3249,8.724324324324325,12.930000000000001,185.10519459728977
6264,3,10,20,29.8537,12.583783783783783,12.919999999999998,246.94598650096484
6265,3,10,20,23.944,7.5675675675675675,9.739999999999998,155.65836646610458
6266,3,10,20,21.7256,6.486486486486487,8.24,174.57928874245204
6267,3,10,20,16.4588,9.72972972972973,7.140000000000001,280.79053986786266
6268,3,10,20,8.8158,6.486486486486486,2.4099999999999997,316.2095103226538
6269,3,10,20,28.4889,12.25945945945946,13.87,145.89986842391363
6270,3,10,20,17.2611,7.027027027027027,6.35,250.9317171074237
6271,3,10,20,21.3858,10.27027027027027,8.91,213.15815482656635
6272,3,10,20,37.9786,17.643243243243244,18.21,166.86131257206642
6273,3,10,20,25.5747,11.027027027027026,11.96,157.90829312677565
6274,3,10,20,16.4922,9.18918918918919,7.85,204.87959862246365
6275,3,10,20,29.4689,7.027027027027027,12.18,122.4701233399883
6276,3,10,20,35.1585,11.35135135135135,14.780000000000001,158.931045900467
6277,3,10,20,16.6081,5.405405405405405,5.569999999999999,241.71959265838063
6278,3,10,20,20.5792,8.78918918918919,8.930000000000001,184.04350150494045
6279,3,10,20,39.6443,13.243243243243246,16.9,152.04043941345972
6280,3,20,20,7.6062,1.6216216216216217,1.5,111.34896080487367
6281,3,20,20,45.8173,16.745945945945948,21.830000000000002,133.71870198843413
6282,3,20,20,42.5432,11.36216216216216,17.96,128.70314707356
6283,3,20,20,49.7449,16.983783783783785,23.119999999999997,126.34035778374326
6284,3,20,20,48.0429,12.313513513513513,20.830000000000002,131.5312440887361
6285,3,20,20,13.6859,4.864864864864865,4.51,110.22940685715955
6286,3,20,20,20.3257,10.81081081081081,10.2,140.27612562793607
6287,3,20,20,13.4175,5.405405405405405,4.2,172.81783585835325
6288,3,20,20,15.8769,4.324324324324325,5.67,121.91750673834578
6289,3,20,20,26.161,5.405405405405405,10.16,120.52157456388633
6290,3,20,20,13.2717,2.1621621621621623,3.55,113.89433013993491
6291,3,20,20,8.3072,1.6216216216216217,1.5699999999999998,153.06086511163585
6292,3,20,20,21.1943,5.405405405405405,8.66,122.53132495623974
6293,3,20,20,4.8024,0.5405405405405406,0.27999999999999997,103.82249609344038
6294,3,20,20,17.3713,9.72972972972973,6.95,184.52864785283396
6295,3,20,20,21.7738,9.805405405405406,9.379999999999999,129.6276764895864
6296,3,20,20,4.0131,0.5405405405405406,0.1,253.8582915853775
6297,3,20,20,25.959,7.027027027027027,9.940000000000001,116.09496904112027
6298,3,20,20,24.2809,9.72972972972973,10.7,131.8918106534927
6299,3,20,20,18.3343,3.4270270270270276,5.82,150.5008605097898
6300,3,30,20,26.8515,6.540540540540542,9.6,105.83267075325797
6301,3,30,20,17.875,7.027027027027027,7.789999999999999,117.89411872898259
6302,3,30,20,41.5385,14.594594594594593,20.04,129.09188680600474
6303,3,30,20,20.8867,4.864864864864865,7.56,102.81792479619986
6304,3,30,20,32.9719,6.962162162162161,13.55,111.29700564839244
6305,3,30,20,25.9103,8.367567567567567,10.830000000000002,128.9276174230568
6306,3,30,20,19.0848,6.745945945945945,7.090000000000001,126.68389546382838
6307,3,30,20,7.8925,2.7027027027027026,1.59,135.01015464605024
6308,3,30,20,13.4831,3.32972972972973,4.959999999999999,121.45404361019659
6309,3,30,20,31.3959,9.297297297297296,14.190000000000001,110.03536566058858
6310,3,30,20,21.3826,9.243243243243242,9.809999999999999,135.0355952860768
6311,3,30,20,4.3475,0.0,0.0,
6312,3,30,20,32.173,10.81081081081081,13.459999999999999,112.20696088703949
6313,3,30,20,21.3005,7.459459459459458,8.08,130.6325631012089
6314,3,30,20,17.5618,4.864864864864865,7.470000000000001,103.14219725875769
6315,3,30,20,36.3322,8.875675675675677,14.699999999999998,130.2888265392617
6316,3,30,20,3.6089,0.0,0.0,
6317,3,30,20,4.2308,0.5405405405405406,0.33999999999999997,118.2307318461616
6318,3,30,20,14.0262,4.551351351351352,5.05,112.28458776352016
6319,3,30,20,4.6589,0.0,0.02,
6320,3,40,20,54.8336,19.513513513513512,26.71,121.80441293475643
6321,3,40,20,38.5692,8.108108108108109,14.960000000000003,123.48908442098474
6322,3,40,20,17.3681,7.027027027027027,7.209999999999999,130.28153250545375
6323,3,40,20,7.5649,2.1621621621621623,1.65,143.8997552241417
6324,3,40,20,24.4708,5.945945945945946,9.750000000000002,112.02087802064047
6325,3,40,20,12.4016,2.3027027027027027,4.08,116.46562034737556
6326,3,40,20,10.2052,2.1621621621621623,3.0700000000000003,129.714610448143
6327,3,40,20,4.1514,0.5405405405405406,0.06,236.36939295065443
6328,3,40,20,11.7772,2.7027027027027026,4.2,121.60700337363828
6329,3,40,20,34.2871,9.72972972972973,13.84,120.93567046947634
6330,3,40,20,50.0849,14.21621621621622,21.410000000000004,117.9234249737451
6331,3,40,20,31.5159,9.72972972972973,13.860000000000003,121.53626949787619
6332,3,40,20,16.6362,3.7837837837837838,5.89,115.9186721667728
6333,3,40,20,11.3017,3.7837837837837838,3.69,108.15267347877246
6334,3,40,20,34.8348,11.783783783783784,16.369999999999997,114.04165185863127
6335,3,40,20,14.11,3.9135135135135135,5.18,117.05122890836505
6336,3,40,20,25.7279,11.329729729729731,12.819999999999999,126.77955709145657
6337,3,40,20,15.6363,3.7837837837837838,4.92,121.23384292767619
6338,3,40,20,15.4339,2.7027027027027026,4.6,115.22051211759697
6339,3,40,20,48.1498,14.518918918918917,18.97,118.13430013312255
6340,3,50,20,9.8154,1.0810810810810811,1.95,104.61396403646346
6341,3,50,20,10.043,4.324324324324325,3.66,148.24816300080388
6342,3,50,20,10.2966,1.6216216216216217,2.4699999999999998,101.17851123156079
6343,3,50,20,3.8355,0.0,0.0,
6344,3,50,20,33.4237,10.810810810810812,14.370000000000001,120.34584160776221
6345,3,50,20,22.7287,7.545945945945945,10.629999999999999,142.73688884394747
6346,3,50,20,23.4024,7.502702702702703,9.719999999999999,128.9949993061794
6347,3,50,20,15.2426,2.745945945945946,4.91,124.47605517490466
6348,3,50,20,20.8953,7.027027027027027,8.46,130.7362514990003
6349,3,50,20,17.4586,8.25945945945946,9.16,133.4986421178018
6350,3,50,20,32.4546,11.891891891891891,14.39,117.49411150141682
6351,3,50,20,26.27,8.108108108108109,10.74,122.06022642507693
6352,3,50,20,13.5534,4.324324324324325,5.0600000000000005,126.62791269397498
6353,3,50,20,10.1394,1.6216216216216217,2.43,110.46013195478774
6354,3,50,20,8.232,2.1621621621621623,2.08,116.32382003890746
6355,3,50,20,38.0395,15.437837837837838,18.32,123.35619039650221
6356,3,50,20,16.816,5.405405405405405,7.4799999999999995,132.47228304079945
6357,3,50,20,31.5852,10.27027027027027,14.060000000000002,116.38395557728434
6358,3,50,20,24.6174,8.562162162162162,10.24,135.36658845389184
6359,3,50,20,25.0731,8.108108108108109,10.2,127.75999550206234
6360,3,60,20,22.9206,5.405405405405405,8.569999999999999,111.14901380792935
6361,3,60,20,17.429,4.864864864864865,6.0200000000000005,112.29020378716683
6362,3,60,20,6.0711,1.0810810810810811,1.25,156.3463934033532
6363,3,60,20,39.9852,14.594594594594593,19.520000000000003,112.92241524281253
6364,3,60,20,16.4592,4.562162162162162,6.4,133.88084492895143
6365,3,60,20,41.7675,11.35135135135135,17.7,108.75450306583642
6366,3,60,20,28.1465,8.508108108108107,10.830000000000002,118.85527744811462
6367,3,60,20,20.5544,7.5675675675675675,8.58,106.5221513244018
6368,3,60,20,29.9008,7.383783783783784,11.66,114.77737459899193
6369,3,60,20,14.514,5.081081081081082,6.2700000000000005,114.11143956609494
6370,3,60,20,24.8133,9.135135135135135,9.84,118.99930551061784
6371,3,60,20,8.9464,2.7027027027027026,2.73,111.0288300335249
6372,3,60,20,13.1624,4.864864864864865,4.58,124.96227701911896
6373,3,60,20,32.3406,13.556756756756755,15.36,119.68265798316287
6374,3,60,20,25.3862,10.702702702702704,11.33,114.04996444543261
6375,3,60,20,21.0458,5.405405405405405,8.690000000000001,107.66860942435487
6376,3,60,20,20.2688,5.816216216216216,7.659999999999999,132.79114880256336
6377,3,60,20,10.5268,2.5513513513513515,3.5,112.92414198042657
6378,3,60,20,65.1476,19.36216216216216,30.160000000000004,114.2568801187399
6379,3,60,20,16.804,4.27027027027027,6.5,124.79353091276397
6380,3,70,20,25.5859,6.205405405405406,10.059999999999999,114.9321331672737
6381,3,70,20,25.3075,6.086486486486487,9.93,107.9167412068643
6382,3,70,20,33.538,10.627027027027026,14.580000000000002,121.76786838532686
6383,3,70,20,34.581,9.18918918918919,13.620000000000001,125.86037209331931
6384,3,70,20,21.0982,8.108108108108109,9.120000000000001,110.0439478928722
6385,3,70,20,7.496,1.6216216216216217,1.33,111.55519702945868
6386,3,70,20,12.2384,4.324324324324325,5.42,112.80637900095675
6387,3,70,20,31.124,7.5675675675675675,12.74,107.37995347911605
6388,3,70,20,16.3705,3.7837837837837838,5.590000000000001,121.99183340844398
6389,3,70,20,18.2952,7.027027027027027,7.75,137.80115431051723
6390,3,70,20,8.6487,2.1621621621621623,2.2399999999999998,138.82936966285084
6391,3,70,20,34.8574,11.383783783783784,14.819999999999999,115.3790567988843
6392,3,70,20,31.2895,8.691891891891892,13.190000000000001,115.12384112880224
6393,3,70,20,16.9951,7.351351351351352,6.9300000000000015,119.18417625036182
6394,3,70,20,4.6694,0.5405405405405406,0.13999999999999999,109.66766933435512
6395,3,70,20,14.6986,3.7837837837837838,4.92,116.80255871812368
6396,3,70,20,24.8644,7.654054054054055,9.620000000000001,115.13336031848581
6397,3,70,20,15.6297,4.864864864864865,5.92,116.94652337655081
6398,3,70,20,19.9289,8.108108108108109,9.669999999999998,119.95156884955603
6399,3,70,20,4.044,0.0,0.0,
6400,3,75,20,47.2014,12.972972972972974,21.29,116.02148147995409
6401,3,75,20,12.0812,4.648648648648648,4.42,131.3312720017583
6402,3,75,20,19.5663,6.486486486486487,8.14,119.2797332955056
6403,3,75,20,21.1701,8.64864864864865,10.09,120.6933309095265
6404,3,75,20,4.3576,0.0,0.09,
6405,3,75,20,37.2613,5.9459459459459465,14.39,117.12160091607802
6406,3,75,20,18.5598,7.027027027027027,7.340000000000001,127.36440852360592
6407,3,75,20,12.8902,2.1621621621621623,3.6900000000000004,116.82059440348434
6408,3,75,20,47.4165,12.432432432432432,20.2,114.25554535379806
6409,3,75,20,7.673,1.6216216216216217,1.7399999999999998,131.80783980640393
6410,3,75,20,34.6462,10.81081081081081,14.91,118.94473232357036
6411,3,75,20,12.4795,3.7837837837837838,4.82,109.67554898955946
6412,3,75,20,28.7234,14.054054054054054,14.62,124.46375490071156
6413,3,75,20,12.7906,3.2432432432432434,4.03,117.849488550854
6414,3,75,20,56.0758,14.0,24.189999999999998,113.89099842452099
6415,3,75,20,21.1846,4.864864864864865,7.76,123.97545254077461
6416,3,75,20,19.9941,7.535135135135135,8.9,127.6388548273394
6417,3,75,20,12.8468,4.324324324324325,3.85,131.1356287425002
6418,3,75,20,4.1161,0.0,0.0,
6419,3,75,20,16.3768,2.227027027027027,4.85,133.5987674414776
6420,3,80,20,29.2871,10.81081081081081,13.419999999999998,116.73672777777813
6421,3,80,20,7.3944,2.7027027027027026,1.9600000000000002,127.28779640606538
6422,3,80,20,30.3846,9.72972972972973,13.690000000000001,115.2816997141944
6423,3,80,20,24.5441,3.2432432432432434,8.239999999999998,107.62114680784542
6424,3,80,20,12.386,2.324324324324324,3.66,122.95637356760002
6425,3,80,20,6.3057,1.0810810810810811,0.67,105.45079720722137
6426,3,80,20,29.4726,7.5675675675675675,13.330000000000002,113.69127403624988
6427,3,80,20,42.5655,15.178378378378378,19.939999999999998,112.04650936440233
6428,3,80,20,22.5469,7.837837837837839,9.66,111.20339819221884
6429,3,80,20,24.0565,9.72972972972973,10.669999999999998,124.79560787012808
6430,3,80,20,4.7902,0.0,0.02,
6431,3,80,20,11.1403,3.4702702702702704,3.41,127.1484330616294
6432,3,80,20,47.0105,12.713513513513513,21.48,119.11408711977448
6433,3,80,20,7.6814,1.6216216216216217,1.3599999999999999,110.97490784540794
6434,3,80,20,17.5936,3.2432432432432434,6.409999999999999,131.15561111538815
6435,3,80,20,32.7157,8.64864864864865,13.220000000000002,118.7807620611384
6436,3,80,20,7.0982,1.6216216216216217,1.49,109.50936095001394
6437,3,80,20,20.945,4.324324324324325,7.910000000000001,107.91115340002943
6438,3,80,20,7.412,2.7027027027027026,1.9300000000000002,131.09689561418685
6439,3,80,20,7.3195,2.7027027027027026,1.78,121.85163203202187
6440,3,90,20,31.3481,7.5675675675675675,11.92,118.82696259463762
6441,3,90,20,6.6515,1.0810810810810811,1.77,113.34896670416646
6442,3,90,20,21.0103,4.14054054054054,7.94,112.67048031483628
6443,3,90,20,23.4834,7.027027027027027,9.05,119.13306748662467
6444,3,90,20,14.3737,4.324324324324325,5.5200000000000005,111.81091058487957
6445,3,90,20,33.9662,10.345945945945946,15.179999999999998,110.64266812282862
6446,3,90,20,41.1013,10.81081081081081,18.16,111.36997483646135
6447,3,90,20,42.5139,13.848648648648652,17.32,113.27712974283781
6448,3,90,20,31.7182,7.567567567567567,11.940000000000001,104.74557702755263
6449,3,90,20,16.518,4.864864864864865,6.090000000000001,122.48038140618584
6450,3,90,20,35.7574,10.972972972972972,14.84,119.99872392547626
6451,3,90,20,14.1605,4.864864864864865,5.029999999999999,115.15668978834489
6452,3,90,20,16.933,7.5675675675675675,7.2,117.16426420888263
6453,3,90,20,31.6033,7.5675675675675675,12.64,117.43660805689288
6454,3,90,20,18.6094,4.972972972972973,7.159999999999999,111.1872202842928
6455,3,90,20,39.7655,16.594594594594593,19.529999999999998,116.71690940256073
6456,3,90,20,25.9491,8.108108108108109,10.91,109.30670288187069
6457,3,90,20,20.7164,5.405405405405405,8.16,115.15351260149544
6458,3,90,20,25.4811,5.405405405405405,10.22,108.19476587952832
6459,3,90,20,20.1132,5.45945945945946,8.61,113.71880736361021
6460,3,100,20,27.1521,8.108108108108109,10.76,111.29167345840008
6461,3,100,20,70.0979,18.16216216216216,29.5,113.72370043848022
6462,3,100,20,16.4001,4.324324324324325,5.88,115.49109150817185
6463,3,100,20,4.0515,0.0,0.0,
6464,3,100,20,33.9626,8.68108108108108,13.74,108.3110872350438
6465,3,100,20,14.1693,3.2432432432432434,5.029999999999999,115.69395495051542
6466,3,100,20,4.613,0.5405405405405406,0.49000000000000005,111.75348139435812
6467,3,100,20,17.8096,3.7837837837837838,6.4399999999999995,114.43290826978212
6468,3,100,20,28.0816,8.172972972972975,11.35,111.44438469108435
6469,3,100,20,10.4696,4.864864864864865,3.85,132.10187137017863
6470,3,100,20,22.4023,6.410810810810811,9.73,111.40221604449835
6471,3,100,20,4.6562,0.0,0.03,
6472,3,100,20,35.0429,13.167567567567568,15.35,114.042263831448
6473,3,100,20,4.7212,0.454054054054054,0.41,144.9337359030984
6474,3,100,20,11.7697,6.335135135135135,5.02,122.72805365982781
6475,3,100,20,20.8283,9.18918918918919,9.030000000000001,120.17777285055188
6476,3,100,20,5.079,1.0810810810810811,0.75,120.64321597199567
6477,3,100,20,25.9522,7.027027027027027,11.219999999999999,119.37577381851287
6478,3,100,20,19.005,2.7027027027027026,6.6,112.12377937571068
6479,3,100,20,52.3661,12.432432432432433,22.119999999999997,120.57091892648435
6480,3,370,20,134.4635,0.0,45.14,
6481,3,370,20,78.5748,0.0,25.490000000000002,
6482,3,370,20,86.8853,0.0,28.25,
6483,3,370,20,65.9821,0.0,21.000000000000004,
6484,3,370,20,4.0975,0.0,0.0,
6485,3,370,20,79.6908,0.0,25.65,
6486,3,370,20,165.0903,0.0,56.15,
6487,3,370,20,101.7265,0.0,34.62,
6488,3,370,20,73.048,0.0,23.759999999999998,
6489,3,370,20,79.1278,0.0,25.21,
6490,3,370,20,57.5817,0.0,18.79,
6491,3,370,20,89.2077,0.0,30.28,
6492,3,370,20,78.2534,0.0,26.04,
6493,3,370,20,111.2437,0.0,37.61999999999999,
6494,3,370,20,84.8534,0.0,27.060000000000002,
6495,3,370,20,35.7378,0.0,11.790000000000001,
6496,3,370,20,79.5967,0.0,26.1,
6497,3,370,20,71.3734,0.0,23.369999999999997,
6498,3,370,20,135.0925,0.0,44.34,
6499,3,370,20,77.9832,0.0,25.639999999999997,
6500,3,1,25,19.5505,48.08648648648649,9.969999999999999,500.99025533378875
6501,3,1,25,27.6488,44.605405405405406,13.0,422.38397842729216
6502,3,1,25,15.9738,51.79459459459459,8.25,517.7822119058126
6503,3,1,25,22.1742,49.76216216216216,9.67,600.7377810128766
6504,3,1,25,14.6905,40.929729729729736,5.35,616.2271083461327
6505,3,1,25,19.7445,46.475675675675674,9.569999999999999,506.0752108358846
6506,3,1,25,10.8681,49.49189189189189,5.6,570.7614465132755
6507,3,1,25,14.7514,47.41621621621621,6.409999999999999,527.3877740918666
6508,3,1,25,20.241,42.77837837837838,8.760000000000002,561.9208446397412
6509,3,1,25,17.3184,51.26486486486486,7.859999999999999,489.8263179251396
6510,3,1,25,3.4218,51.41621621621622,0.37,604.3568297277669
6511,3,1,25,11.145,46.72432432432432,5.61,584.8205610124062
6512,3,1,25,13.1033,52.05405405405405,5.91,572.4570042962172
6513,3,1,25,13.049,49.42702702702703,4.700000000000001,648.8448086389496
6514,3,1,25,13.0519,52.5945945945946,5.7,466.78239328273315
6515,3,1,25,17.6589,45.37297297297297,7.99,508.89429204751906
6516,3,1,25,27.7373,50.25945945945946,13.26,452.60750690270294
6517,3,1,25,17.2097,46.95135135135135,7.220000000000001,517.6844152767623
6518,3,1,25,16.7715,46.25945945945945,5.7,510.73855443409497
6519,3,1,25,14.9926,50.75675675675676,8.55,452.91889480349056
6520,3,10,25,8.3435,5.405405405405405,3.05,240.60051293087776
6521,3,10,25,12.8056,6.486486486486487,4.25,248.53105342930516
6522,3,10,25,7.1177,6.4,2.65,367.32068201274143
6523,3,10,25,19.4795,11.891891891891891,9.030000000000001,152.73457151022313
6524,3,10,25,24.9773,12.486486486486488,12.09,198.2448933696747
6525,3,10,25,7.8294,3.7837837837837838,1.45,334.7074941687709
6526,3,10,25,23.9626,9.72972972972973,10.579999999999998,139.17521748319814
6527,3,10,25,41.3535,14.756756756756754,20.32,134.2492189424951
6528,3,10,25,7.0826,3.7837837837837838,1.75,516.3342963684993
6529,3,10,25,21.5362,10.27027027027027,9.61,178.8142623330248
6530,3,10,25,21.6976,9.72972972972973,10.23,275.71244712756567
6531,3,10,25,4.4394,2.1621621621621623,0.0,660.0392505172098
6532,3,10,25,9.0413,5.405405405405405,3.0,361.89391245684465
6533,3,10,25,18.424,10.075675675675678,7.88,149.3587109286703
6534,3,10,25,9.9629,5.9459459459459465,4.11,264.891462180514
6535,3,10,25,10.7284,4.864864864864865,3.0700000000000003,315.6077146158134
6536,3,10,25,10.5118,9.72972972972973,4.93,216.35695891912974
6537,3,10,25,21.7166,10.756756756756756,9.72,220.6664223508144
6538,3,10,25,22.5972,17.44864864864865,11.49,200.1052663624813
6539,3,10,25,15.4115,9.71891891891892,6.95,205.72357722735873
6540,3,20,25,18.277,9.72972972972973,8.690000000000001,137.74508294234224
6541,3,20,25,28.883,13.49189189189189,13.35,133.14497116094984
6542,3,20,25,4.1708,0.5405405405405406,0.25,116.64347864083678
6543,3,20,25,21.2094,7.027027027027027,8.459999999999999,123.35625743290022
6544,3,20,25,25.577,7.027027027027027,10.09,120.76115810333037
6545,3,20,25,21.7837,8.302702702702703,10.24,121.61087297401231
6546,3,20,25,33.0632,13.372972972972974,15.430000000000001,132.0177737704446
6547,3,20,25,9.4897,4.324324324324325,3.31,149.6860064667181
6548,3,20,25,10.2541,3.7837837837837838,2.81,153.04781839211472
6549,3,20,25,12.4601,4.324324324324325,4.04,155.0425802146868
6550,3,20,25,28.5396,5.945945945945946,9.620000000000001,133.86959013128248
6551,3,20,25,9.4248,2.7027027027027026,2.7,118.37407444139319
6552,3,20,25,20.8358,5.978378378378379,8.569999999999999,129.7352584043971
6553,3,20,25,20.4214,5.945945945945946,7.35,149.09983559395434
6554,3,20,25,10.5469,1.6216216216216217,2.7800000000000002,103.76748109900429
6555,3,20,25,24.9883,8.162162162162161,11.91,145.12631631473585
6556,3,20,25,16.0268,7.027027027027026,6.610000000000001,161.60205880694394
6557,3,20,25,11.1891,4.864864864864865,4.59,122.95172129937191
6558,3,20,25,25.9578,9.72972972972973,11.7,122.81443728106599
6559,3,20,25,8.454,4.864864864864865,2.8299999999999996,150.36171814965363
6560,3,30,25,16.6546,7.372972972972974,7.19,116.30359101740402
6561,3,30,25,31.4297,15.135135135135135,16.139999999999997,124.59455854984832
6562,3,30,25,16.6415,8.108108108108109,7.5,125.20660905179177
6563,3,30,25,5.0517,1.0810810810810811,0.76,152.87653098221273
6564,3,30,25,26.7224,12.28108108108108,13.219999999999999,119.7236880499388
6565,3,30,25,13.5833,3.7837837837837838,4.14,149.97342195413904
6566,3,30,25,34.4014,16.551351351351354,16.22,126.31235189744045
6567,3,30,25,7.3701,2.7027027027027026,1.8800000000000001,160.45605465965892
6568,3,30,25,24.1773,9.902702702702703,10.200000000000001,140.88486947213275
6569,3,30,25,21.801,8.832432432432432,10.02,133.14583049912082
6570,3,30,25,25.7915,13.513513513513512,12.16,139.0888308659074
6571,3,30,25,11.666,1.9351351351351351,3.05,114.38852010698612
6572,3,30,25,5.2719,0.5405405405405406,0.6,93.86672798417518
6573,3,30,25,17.6253,4.864864864864865,7.05,117.20149646274996
6574,3,30,25,12.7493,4.248648648648649,5.2299999999999995,131.25665932499953
6575,3,30,25,20.9936,5.686486486486487,7.51,121.74029085020669
6576,3,30,25,6.1019,2.1621621621621623,0.99,155.2373309126329
6577,3,30,25,16.9599,6.27027027027027,6.34,156.0104736670053
6578,3,30,25,15.3183,7.545945945945945,7.12,122.68946684972384
6579,3,30,25,33.9658,13.36216216216216,16.34,126.78474290368423
6580,3,40,25,11.8757,4.324324324324325,4.35,129.12296543462844
6581,3,40,25,10.8952,2.5081081081081082,3.62,143.7931925985999
6582,3,40,25,12.5663,1.0810810810810811,3.56,98.53286529450189
6583,3,40,25,19.5862,7.027027027027027,8.03,119.90263500807434
6584,3,40,25,11.9000900090009,3.7837837837837838,3.65,112.61347696786595
6585,3,40,25,20.366,11.135135135135135,10.1,133.17067508586894
6586,3,40,25,9.1741,3.9351351351351354,3.9899999999999998,163.06160884050058
6587,3,40,25,19.19301972685888,5.24081485811935,7.792816180235536,118.63576720923959
6588,3,40,25,9.6371,3.7837837837837838,2.9200000000000004,121.7879247979901
6589,3,40,25,47.8271,21.772972972972973,24.119999999999997,121.86740965020311
6590,3,40,25,19.8203,9.145945945945945,8.07,117.2401817751478
6591,3,40,25,12.5532,5.405405405405405,4.09,126.21089019109618
6592,3,40,25,11.0643,2.7027027027027026,3.4200000000000004,111.92981341227139
6593,3,40,25,36.5543,14.054054054054054,16.869999999999997,127.15237779517719
6594,3,40,25,61.6066,16.756756756756758,25.73,109.17963471831429
6595,3,40,25,9.9601,3.2432432432432434,3.3899999999999997,113.95022531870775
6596,3,40,25,4.388,0.0,0.0,
6597,3,40,25,10.2453,4.864864864864865,4.64,145.85354348805157
6598,3,40,25,7.482,2.1621621621621623,1.98,111.35134053697254
6599,3,40,25,4.8756,0.5405405405405406,0.38,231.04889495884214
6600,3,50,25,19.5238,4.864864864864865,7.26,119.92807751127849
6601,3,50,25,7.8759,2.1621621621621623,2.0,132.4739259502793
6602,3,50,25,16.0323,4.324324324324325,5.37,133.34912076840897
6603,3,50,25,20.7259,10.27027027027027,9.92,144.19207681742887
6604,3,50,25,25.9362,9.18918918918919,11.27,112.5015102842403
6605,3,50,25,14.8509,4.324324324324325,5.32,119.80874379250581
6606,3,50,25,25.6659,10.572972972972973,12.219999999999999,131.6310906944739
6607,3,50,25,5.2921,1.0810810810810811,0.9199999999999999,105.30409213312731
6608,3,50,25,24.065,10.41081081081081,11.73,124.3245503347279
6609,3,50,25,11.6802,3.2432432432432434,3.3200000000000003,116.76460750621493
6610,3,50,25,12.1525,3.7837837837837838,4.18,112.06051090779341
6611,3,50,25,6.7311,1.0810810810810811,1.72,111.37409303080526
6612,3,50,25,6.6712,1.0810810810810811,1.43,109.27469832656631
6613,3,50,25,14.3104,2.7027027027027026,4.890000000000001,99.07860460844532
6614,3,50,25,6.4603,2.1621621621621623,1.24,137.40278131018857
6615,3,50,25,16.7059,4.864864864864865,6.390000000000001,110.31505537174573
6616,3,50,25,22.1326,6.486486486486487,8.879999999999999,110.08324996507694
6617,3,50,25,23.5084,8.951351351351352,10.11,128.65027215273477
6618,3,50,25,21.2527,6.756756756756758,8.0,119.23856047207056
6619,3,50,25,8.1096,2.2810810810810813,2.55,120.73331727064365
6620,3,60,25,9.4111,3.2432432432432434,3.04,124.32771336832333
6621,3,60,25,15.1158,5.848648648648648,6.19,124.96323131088845
6622,3,60,25,10.1978,2.1621621621621623,2.7700000000000005,111.37149718180646
6623,3,60,25,3.9661,0.0,0.0,
6624,3,60,25,15.7182,5.945945945945946,6.709999999999999,117.91957225385217
6625,3,60,25,18.4565,7.027027027027026,7.63,116.88770128524136
6626,3,60,25,13.3351,4.864864864864865,4.6,126.29427407198217
6627,3,60,25,27.3034,7.5675675675675675,12.16,119.1612161819446
6628,3,60,25,7.0992,2.7027027027027026,1.92,110.24816626341911
6629,3,60,25,18.2069,7.081081081081081,7.43,127.03497861559872
6630,3,60,25,29.9018,10.129729729729728,13.01,123.2947360902153
6631,3,60,25,36.1934,11.04864864864865,15.48,115.63155959218645
6632,3,60,25,23.2556,5.405405405405405,9.45,111.2497429393679
6633,3,60,25,30.0129,11.037837837837838,13.930000000000001,119.73320784532196
6634,3,60,25,13.5882,5.945945945945946,4.9799999999999995,115.52029898537859
6635,3,60,25,12.6308,3.7837837837837838,4.4,141.03983823970447
6636,3,60,25,23.8571,5.935135135135136,9.39,118.58994473552976
6637,3,60,25,13.1325,5.945945945945946,5.08,135.1130038991066
6638,3,60,25,16.4369,5.697297297297298,6.37,112.1180081837607
6639,3,60,25,4.3912,0.0,0.02,
6640,3,70,25,17.3393,5.654054054054054,6.56,122.29163645999932
6641,3,70,25,16.0779,7.481081081081081,6.75,114.58545047157115
6642,3,70,25,33.7399,13.945945945945946,15.12,122.14933809268366
6643,3,70,25,25.4188,12.432432432432432,11.709999999999999,122.61436834273881
6644,3,70,25,14.2507,7.027027027027027,5.5,146.00637490780645
6645,3,70,25,10.9304,1.6216216216216217,2.7600000000000002,113.95559851195564
6646,3,70,25,18.1321,7.5675675675675675,7.380000000000001,119.52131904110016
6647,3,70,25,6.7555,2.1621621621621623,1.8199999999999998,110.61720390782214
6648,3,70,25,20.7072,4.864864864864865,7.540000000000001,112.99455840060935
6649,3,70,25,10.7605,4.864864864864865,4.92,142.89806920582157
6650,3,70,25,4.5002,0.5405405405405406,0.22999999999999998,98.54287509180516
6651,3,70,25,33.2995,7.783783783783784,12.99,115.19288638793559
6652,3,70,25,14.8578,6.854054054054053,6.289999999999999,125.26023333051616
6653,3,70,25,28.6466,8.64864864864865,11.470000000000002,114.86053421446731
6654,3,70,25,25.0089,7.675675675675675,10.969999999999999,117.1472061618412
6655,3,70,25,23.3252,8.108108108108109,8.98,110.88327745673989
6656,3,70,25,27.5443,5.945945945945946,10.459999999999999,113.38129934357539
6657,3,70,25,16.4794,5.405405405405405,5.9,120.12804610347746
6658,3,70,25,22.1809,8.64864864864865,10.62,119.24211128776696
6659,3,70,25,31.0698,8.64864864864865,12.47,103.21754253099891
6660,3,75,25,28.1854,8.64864864864865,11.870000000000001,124.84622108843283
6661,3,75,25,20.2385,7.275675675675676,8.95,132.4149932107229
6662,3,75,25,11.3717,3.5675675675675675,3.6700000000000004,111.6300033113546
6663,3,75,25,20.7278,7.5675675675675675,8.870000000000001,121.12389157482825
6664,3,75,25,24.688,9.72972972972973,10.18,113.54271865585662
6665,3,75,25,16.6543,5.405405405405405,6.62,113.18353034711936
6666,3,75,25,19.7348,7.027027027027027,8.51,111.73116493098398
6667,3,75,25,12.9996,5.945945945945946,5.19,110.27540498508797
6668,3,75,25,47.0447,15.135135135135135,21.05,115.1027029007738
6669,3,75,25,36.1015,14.594594594594593,17.06,125.15086431722521
6670,3,75,25,12.0427,3.7837837837837838,4.39,116.0676307733492
6671,3,75,25,19.1641,6.65945945945946,8.24,115.55194798137236
6672,3,75,25,5.7487,1.2108108108108109,0.95,123.16239317873767
6673,3,75,25,12.917,3.7837837837837838,4.74,114.24400555580249
6674,3,75,25,15.7838,6.486486486486487,6.5,124.59553058830728
6675,3,75,25,7.6664,1.5243243243243243,2.06,132.79525049704026
6676,3,75,25,12.8714,5.405405405405405,5.13,126.40600874224424
6677,3,75,25,23.7728,7.027027027027027,10.54,111.52666638351931
6678,3,75,25,16.6479,6.486486486486487,6.9799999999999995,123.78791417953873
6679,3,75,25,24.0558,8.064864864864864,9.95,120.78774606018331
6680,3,80,25,15.1125,4.8108108108108105,6.140000000000001,111.87650192674141
6681,3,80,25,7.1777,1.2,1.6600000000000001,115.22337256258568
6682,3,80,25,12.5747,1.6216216216216217,3.5200000000000005,111.8463432799971
6683,3,80,25,32.1144,8.108108108108109,12.940000000000001,113.17930418398784
6684,3,80,25,15.4405,7.027027027027027,7.25,121.40155522279436
6685,3,80,25,9.9314,2.8972972972972975,2.8200000000000003,111.32114561526656
6686,3,80,25,12.9554,3.7837837837837838,4.92,102.01212128873837
6687,3,80,25,15.5628,3.621621621621621,5.090000000000001,113.4150088346116
6688,3,80,25,19.4759,5.945945945945946,7.42,111.55733318395183
6689,3,80,25,4.439,0.0,0.18,
6690,3,80,25,35.1643,10.81081081081081,15.040000000000001,121.05005560582944
6691,3,80,25,6.5623,0.2810810810810811,0.85,98.07081710814934
6692,3,80,25,8.9524,3.8270270270270275,3.1799999999999997,124.09499673608968
6693,3,80,25,14.3337,3.102702702702703,5.01,110.73447885182175
6694,3,80,25,7.0902,1.0810810810810811,1.44,111.50713599657604
6695,3,80,25,17.5145,7.5675675675675675,7.92,125.57761722703792
6696,3,80,25,3.9887,0.5405405405405406,0.26,119.0951182699069
6697,3,80,25,6.9812,1.362162162162162,1.64,148.3335633507307
6698,3,80,25,22.0193,10.27027027027027,10.059999999999999,128.18158513844455
6699,3,80,25,16.7332,4.9837837837837835,6.410000000000001,111.1368148838499
6700,3,90,25,26.7143,8.972972972972972,12.040000000000001,117.45573006631881
6701,3,90,25,12.492,5.632432432432433,4.78,122.12200048977957
6702,3,90,25,15.092,7.5675675675675675,6.0600000000000005,117.4444878341156
6703,3,90,25,9.5622,4.14054054054054,3.65,127.92131120593287
6704,3,90,25,40.8835,13.513513513513512,17.880000000000003,113.54947054898362
6705,3,90,25,9.4289,2.7027027027027026,3.18,133.72399756098355
6706,3,90,25,26.0683,11.891891891891893,13.120000000000001,119.33128366647033
6707,3,90,25,28.535,9.124324324324325,11.66,114.12384075011106
6708,3,90,25,26.7322,8.843243243243242,11.35,123.11925442573174
6709,3,90,25,8.6706,3.7837837837837838,3.35,130.79871977739998
6710,3,90,25,29.3775,8.108108108108109,11.629999999999999,108.3005301620297
6711,3,90,25,3.8702,0.5405405405405406,0.2,224.41357780382467
6712,3,90,25,17.0279,4.864864864864865,6.55,112.60966779511796
6713,3,90,25,33.9848,11.945945945945946,16.619999999999997,114.71534015006254
6714,3,90,25,30.6086,9.2,12.579999999999998,113.23936684223142
6715,3,90,25,46.0758,12.972972972972974,21.049999999999997,112.7342528490956
6716,3,90,25,12.3798,5.405405405405405,5.9399999999999995,128.93214442189384
6717,3,90,25,21.6108,6.486486486486487,8.52,111.37902321874463
6718,3,90,25,4.4598,0.5405405405405406,0.15,135.4516050792409
6719,3,90,25,12.8301,3.708108108108108,4.279999999999999,115.76253293542459
6720,3,100,25,11.388,2.1621621621621623,3.6799999999999997,122.48615879396567
6721,3,100,25,19.4654,5.9459459459459465,7.68,109.11623315885568
6722,3,100,25,9.1214,2.7027027027027026,2.5,113.58232278038358
6723,3,100,25,15.8074,4.864864864864865,6.01,114.167152720753
6724,3,100,25,13.05,5.243243243243244,4.96,114.97184634633909
6725,3,100,25,13.2009,3.3729729729729727,4.0,116.56265803095019
6726,3,100,25,8.9413,3.7837837837837838,2.5,123.5612153270393
6727,3,100,25,20.7369,7.5675675675675675,9.040000000000001,116.37777874415676
6728,3,100,25,7.2603,1.0810810810810811,1.16,122.62123638083514
6729,3,100,25,4.2971,0.0,0.01,
6730,3,100,25,14.2172,4.324324324324325,4.9,121.44219015398123
6731,3,100,25,10.8874,3.2432432432432434,3.79,113.70003056925397
6732,3,100,25,8.888,2.7027027027027026,2.62,102.22538167527324
6733,3,100,25,38.2621,11.221621621621622,16.25,110.06467974470156
6734,3,100,25,23.351,8.443243243243243,10.34,125.03801858882346
6735,3,100,25,13.7954,4.324324324324325,5.68,130.74431315602828
6736,3,100,25,7.2857,1.6216216216216217,1.28,114.44794618255077
6737,3,100,25,30.8449,8.28108108108108,13.729999999999999,117.63705182047235
6738,3,100,25,13.2392,5.405405405405405,5.4799999999999995,119.99694905089689
6739,3,100,25,26.0712,9.005405405405407,10.540000000000001,113.68168487144919
6740,3,370,25,134.4789,0.0,45.19,
6741,3,370,25,92.2243,0.0,30.68,
6742,3,370,25,116.7508,0.0,38.81,
6743,3,370,25,55.59,0.0,17.93,
6744,3,370,25,220.0341,0.0,74.53999999999999,
6745,3,370,25,142.2783,0.0,48.57,
6746,3,370,25,3.4727,0.0,0.01,
6747,3,370,25,110.0823,0.0,35.57,
6748,3,370,25,97.314,0.0,32.39,
6749,3,370,25,107.2276,0.0,35.160000000000004,
6750,3,370,25,18.181,0.0,5.16,
6751,3,370,25,3.9893,0.0,0.04,
6752,3,370,25,3.5676,0.0,0.0,
6753,3,370,25,82.7327,0.0,27.139999999999997,
6754,3,370,25,4.3455,0.0,0.0,
6755,3,370,25,48.0357,0.0,16.630000000000003,
6756,3,370,25,64.9832,0.0,20.910000000000004,
6757,3,370,25,147.9325,0.0,49.54,
6758,3,370,25,119.3207,0.0,39.55,
6759,3,370,25,155.3992,0.0,51.07000000000001,
6760,3,1,30,16.4111,53.16756756756757,8.02,479.2464915051834
6761,3,1,30,15.2526,51.88108108108107,7.15,546.3073536778628
6762,3,1,30,16.7762,53.156756756756764,9.030000000000001,579.6285423778079
6763,3,1,30,3.3373,48.92972972972973,0.99,583.7483151007384
6764,3,1,30,8.9729,50.56216216216215,4.05,526.1996113960406
6765,3,1,30,14.0377,53.6,8.36,484.87528500457125
6766,3,1,30,7.2564,53.79459459459459,2.88,675.5562769470006
6767,3,1,30,6.0045,50.6918918918919,2.1399999999999997,649.1334636390285
6768,3,1,30,14.8822,48.043243243243246,6.6,461.72582166750414
6769,3,1,30,6.1173,53.729729729729726,2.3600000000000003,582.8216432865623
6770,3,1,30,19.5918,55.62162162162163,8.7,497.4982768789679
6771,3,1,30,10.0912,56.421621621621625,5.35,505.1512148459456
6772,3,1,30,16.4691,52.63783783783784,6.85,566.8351888096222
6773,3,1,30,19.4997,52.77837837837838,11.03,422.07083511365204
6774,3,1,30,23.8985,52.4,13.11,455.00410898540747
6775,3,1,30,13.765,54.62702702702702,6.890000000000001,490.8545674969833
6776,3,1,30,4.4972,45.2972972972973,1.27,531.693391103187
6777,3,1,30,10.7027,52.85405405405405,6.0200000000000005,449.6909597262329
6778,3,1,30,14.2779,51.545945945945945,6.279999999999999,593.3415518529421
6779,3,1,30,12.0078,52.637837837837836,5.7299999999999995,548.2487745358673
6780,3,10,30,4.5385,4.324324324324325,0.01,520.2534154658831
6781,3,10,30,19.5825,10.27027027027027,7.94,229.28373466773877
6782,3,10,30,9.7928,5.232432432432432,3.53,237.28707683307547
6783,3,10,30,17.0636,13.891891891891891,8.870000000000001,194.33552839125755
6784,3,10,30,33.2712,11.891891891891891,14.530000000000001,176.9932456781651
6785,3,10,30,18.7976,11.913513513513513,8.78,219.7276194403451
6786,3,10,30,25.0904,11.35135135135135,10.879999999999999,193.32048041644674
6787,3,10,30,12.0384,6.486486486486487,4.56,301.4204319634412
6788,3,10,30,23.3693,15.135135135135135,12.739999999999998,155.82107921021483
6789,3,10,30,15.6173,5.675675675675675,6.409999999999999,134.97551599199002
6790,3,10,30,8.1702,2.1621621621621623,1.75,295.939169245814
6791,3,10,30,32.9634,17.35135135135135,17.45,150.97933091805493
6792,3,10,30,11.3317,6.486486486486487,3.78,299.73774298303084
6793,3,10,30,22.8299,8.702702702702704,9.82,145.2716655992271
6794,3,10,30,16.4391,10.27027027027027,6.25,220.24437643667707
6795,3,10,30,30.2628,14.594594594594597,14.73,182.20205527371266
6796,3,10,30,4.3309,2.1621621621621623,0.09,483.0613939527633
6797,3,10,30,20.6931,14.054054054054054,9.33,220.91326081930947
6798,3,10,30,8.5166,4.324324324324325,2.56,284.31512404485807
6799,3,10,30,22.84,18.37837837837838,12.110000000000001,228.72754620296132
6800,3,20,30,4.949,1.0810810810810811,0.54,129.3671125816599
6801,3,20,30,5.7823,1.0810810810810811,0.76,125.17150459281913
6802,3,20,30,9.1151,6.486486486486487,3.2599999999999993,174.57645932267874
6803,3,20,30,24.1402,9.275675675675675,9.489999999999998,127.02070387809027
6804,3,20,30,8.7386,4.864864864864865,3.7300000000000004,189.16927803755308
6805,3,20,30,9.6214,4.4324324324324325,4.090000000000001,146.50582057564088
6806,3,20,30,23.8556,14.183783783783785,12.25,144.70737155698765
6807,3,20,30,5.0587,0.5405405405405406,0.7,108.51823750004051
6808,3,20,30,36.3539,19.97837837837838,19.099999999999998,146.72765889755945
6809,3,20,30,11.0164,4.378378378378379,4.19,137.44476884234342
6810,3,20,30,10.8228,5.945945945945946,4.220000000000001,141.94283779063406
6811,3,20,30,13.7533,6.486486486486487,5.66,130.87195932750646
6812,3,20,30,4.1212,0.0,0.02,
6813,3,20,30,22.5956,7.5675675675675675,9.88,120.29397795735655
6814,3,20,30,7.0936,3.7189189189189187,1.97,151.95090046485328
6815,3,20,30,7.0547,1.0810810810810811,1.47,182.82585835257743
6816,3,20,30,4.4476,0.5405405405405406,0.27999999999999997,117.4714804417061
6817,3,20,30,11.2855,3.7837837837837838,3.689999999999999,112.81364008046558
6818,3,20,30,19.2685,6.486486486486487,7.33,144.64607015946117
6819,3,20,30,9.3009,4.864864864864865,3.06,132.06484205855656
6820,3,30,30,28.1066,13.502702702702702,14.11,123.89335916263573
6821,3,30,30,9.8024,3.7837837837837838,3.2,114.43579625213022
6822,3,30,30,27.086,10.81081081081081,12.41,134.25002496278378
6823,3,30,30,13.877,7.027027027027027,6.090000000000001,115.9962613798955
6824,3,30,30,17.3419,4.324324324324325,5.99,108.38044410813919
6825,3,30,30,5.8654,1.0810810810810811,1.06,112.17513761800396
6826,3,30,30,15.0228,6.68108108108108,6.459999999999999,131.45239226525803
6827,3,30,30,21.4932,10.91891891891892,9.879999999999999,121.04871282070859
6828,3,30,30,16.8253,10.27027027027027,6.859999999999999,127.51574350480941
6829,3,30,30,22.8365,9.405405405405405,11.66,128.0697945716006
6830,3,30,30,6.1521,2.389189189189189,1.59,167.77060248059308
6831,3,30,30,32.3144,14.735135135135135,15.940000000000001,132.68568572745212
6832,3,30,30,11.2014,5.945945945945946,4.7,147.68113258223303
6833,3,30,30,9.3305,1.6216216216216217,2.96,116.59274641942706
6834,3,30,30,6.0641,2.1621621621621623,1.11,110.39805099635508
6835,3,30,30,8.9971,2.1621621621621623,2.5100000000000002,141.83860443481353
6836,3,30,30,37.8662,15.394594594594594,18.07,126.4075581641167
6837,3,30,30,11.35,1.1027027027027025,3.0100000000000002,149.28561736959793
6838,3,30,30,20.5959,9.72972972972973,9.61,119.54940742669763
6839,3,30,30,9.9876,3.2432432432432434,3.95,147.1534044804039
6840,3,40,30,24.7727,10.216216216216216,11.999999999999998,117.90248995643587
6841,3,40,30,12.597,5.9459459459459465,5.0200000000000005,148.62835179417718
6842,3,40,30,7.813,3.7837837837837838,2.98,146.82318606682225
6843,3,40,30,11.798,5.945945945945946,4.43,120.42137876940552
6844,3,40,30,33.7504,11.016216216216216,15.36,119.24271198408749
6845,3,40,30,9.357,4.324324324324325,2.74,123.8313778027761
6846,3,40,30,9.3126,1.6216216216216217,2.89,104.44426668422325
6847,3,40,30,16.9266,3.9567567567567563,6.2299999999999995,110.54804046018941
6848,3,40,30,31.8832,16.086486486486486,14.95,129.19250790114705
6849,3,40,30,16.1684,5.945945945945946,6.33,121.62435336122896
6850,3,40,30,21.5453,5.989189189189188,8.04,111.72743594854893
6851,3,40,30,16.9864,7.027027027027027,7.18,116.63821052382094
6852,3,40,30,51.1365,27.36216216216216,28.01,126.16652812065078
6853,3,40,30,11.7782,4.324324324324325,3.91,117.6416313781158
6854,3,40,30,39.3092,17.491891891891893,18.880000000000003,121.74124116628535
6855,3,40,30,22.6472,9.372972972972972,9.790000000000001,147.2538859346669
6856,3,40,30,8.9164,2.1621621621621623,2.12,113.77317639787353
6857,3,40,30,16.4154,4.648648648648649,5.9799999999999995,110.50361138597869
6858,3,40,30,45.6684,14.616216216216216,21.05,125.71000167134657
6859,3,40,30,7.7564,1.6216216216216217,1.56,106.57231653776951
6860,3,50,30,14.0683,4.324324324324325,4.9,125.70168863015522
6861,3,50,30,17.9997,10.27027027027027,8.040000000000001,155.54387698135278
6862,3,50,30,8.5358,4.864864864864865,3.45,133.4603394356126
6863,3,50,30,19.4568,11.35135135135135,9.969999999999999,123.32224949564159
6864,3,50,30,24.581,7.7405405405405405,9.959999999999999,114.2538733683686
6865,3,50,30,10.0979,4.864864864864865,4.09,119.8355773335798
6866,3,50,30,8.7404,4.172972972972973,3.18,159.84579426196015
6867,3,50,30,11.7885,4.627027027027028,4.340000000000001,132.70709274170883
6868,3,50,30,26.4857,11.35135135135135,12.610000000000003,120.3365776088267
6869,3,50,30,7.5482,2.983783783783784,1.77,123.29615795411115
6870,3,50,30,6.6794,2.1621621621621623,1.41,149.09749731128304
6871,3,50,30,16.181,7.264864864864864,7.529999999999999,141.62385643590636
6872,3,50,30,11.2613,3.2216216216216216,4.25,134.2826319713994
6873,3,50,30,15.0024,5.405405405405405,6.22,117.74952319211386
6874,3,50,30,29.5099,12.972972972972974,16.380000000000003,125.80323183221056
6875,3,50,30,6.8592,1.6216216216216217,1.8099999999999998,114.7508996284635
6876,3,50,30,15.7718,6.38918918918919,6.92,123.78429435571766
6877,3,50,30,7.3351,2.1621621621621623,2.1,126.31885591452668
6878,3,50,30,11.4404,3.7837837837837838,4.0,122.26629559595617
6879,3,50,30,8.9861,6.0,4.1,131.44741141769984
6880,3,60,30,8.3437,3.2432432432432434,2.8200000000000003,113.12005484862355
6881,3,60,30,12.0989,4.864864864864865,4.57,137.95113431655307
6882,3,60,30,11.5804,5.405405405405405,5.13,111.75791717099705
6883,3,60,30,12.8595,4.864864864864865,5.05,147.23489369604627
6884,3,60,30,13.4435,7.027027027027027,5.6899999999999995,122.17806084890542
6885,3,60,30,13.7669,5.275675675675676,5.64,122.2215741112398
6886,3,60,30,17.3282,5.967567567567568,6.220000000000001,115.40550931419413
6887,3,60,30,13.449,7.027027027027027,5.05,129.65319941365325
6888,3,60,30,38.7936,20.043243243243243,20.32,122.24504602218657
6889,3,60,30,8.2419,2.1621621621621623,2.5700000000000003,151.77130560197466
6890,3,60,30,21.4151,9.481081081081083,9.629999999999999,118.05979490257641
6891,3,60,30,19.4496,11.35135135135135,8.56,122.51444802643044
6892,3,60,30,26.9176,9.72972972972973,11.57,118.21226146868895
6893,3,60,30,23.6103,7.102702702702703,10.440000000000001,119.64147531447497
6894,3,60,30,9.0272,2.1621621621621623,2.78,131.60330267033393
6895,3,60,30,3.7594,0.5405405405405406,0.06,205.5651849282989
6896,3,60,30,30.2442,16.259459459459457,15.830000000000002,118.83645384219703
6897,3,60,30,15.1017,4.335135135135135,5.45,145.82946418827802
6898,3,60,30,13.2703,5.405405405405405,4.45,124.54012175043317
6899,3,60,30,22.0777,7.027027027027027,8.41,109.04941577253766
6900,3,70,30,57.5058,25.70810810810811,30.339999999999996,114.26130495811441
6901,3,70,30,16.9883,9.18918918918919,7.790000000000001,123.52339614635987
6902,3,70,30,19.444,7.027027027027027,7.5,127.66089101077397
6903,3,70,30,21.6554,10.27027027027027,10.239999999999998,125.0148637915334
6904,3,70,30,13.6393,7.027027027027027,6.45,120.8767142365514
6905,3,70,30,31.2759,12.972972972972974,14.4,114.04892509753968
6906,3,70,30,29.424,12.410810810810812,13.330000000000002,125.21975145103498
6907,3,70,30,21.8213,9.18918918918919,8.64,123.33351782907638
6908,3,70,30,7.7736,1.6216216216216217,1.9600000000000002,112.79223649584621
6909,3,70,30,7.9394,2.1621621621621623,1.81,111.86145705130015
6910,3,70,30,17.3868,8.108108108108109,7.42,130.71003894826632
6911,3,70,30,21.6386,9.18918918918919,11.24,124.23802869286243
6912,3,70,30,8.2427,2.1621621621621623,2.62,104.42701029270525
6913,3,70,30,3.5667,0.0,0.0,
6914,3,70,30,24.1132,8.64864864864865,9.88,131.932461432129
6915,3,70,30,14.9225,6.486486486486487,6.0,113.19556701333795
6916,3,70,30,21.7881,11.145945945945947,9.93,123.85611222745183
6917,3,70,30,11.5938,3.2432432432432434,3.5799999999999996,106.22717931649971
6918,3,70,30,13.8787,5.405405405405405,4.38,118.89818512849206
6919,3,70,30,16.9337,7.372972972972972,7.56,125.58399676618949
6920,3,75,30,12.1418,5.945945945945946,4.71,127.58258556567874
6921,3,75,30,8.3655,1.6216216216216217,2.7,104.32026015813754
6922,3,75,30,29.5216,15.135135135135135,13.719999999999999,119.33173337770596
6923,3,75,30,18.6125,9.45945945945946,8.65,122.64977446287338
6924,3,75,30,19.0562,8.108108108108109,8.42,139.39401801851304
6925,3,75,30,17.5962,6.486486486486487,6.99,133.55941570959817
6926,3,75,30,13.8543,4.324324324324325,4.7299999999999995,106.02815256657965
6927,3,75,30,13.1092,6.378378378378378,5.93,128.8850123973356
6928,3,75,30,35.0853,11.124324324324325,15.510000000000002,113.50606727018568
6929,3,75,30,5.9441,1.6216216216216217,1.7,128.19450753098712
6930,3,75,30,3.8007,0.0,0.06,
6931,3,75,30,3.911,0.0,0.0,
6932,3,75,30,18.9707,10.27027027027027,9.790000000000001,131.2841686658628
6933,3,75,30,51.3812,24.29189189189189,24.889999999999997,121.6319587866334
6934,3,75,30,25.5693,8.27027027027027,10.08,120.84209905524236
6935,3,75,30,17.1337,8.27027027027027,7.95,120.04417146184639
6936,3,75,30,10.1705,4.864864864864865,3.95,119.64212370601179
6937,3,75,30,16.8044,5.978378378378379,6.93,118.3566414439883
6938,3,75,30,19.8388,11.58918918918919,10.219999999999999,126.29345020793703
6939,3,75,30,26.2138,12.972972972972974,12.020000000000001,121.52649840285449
6940,3,80,30,10.9793,3.2432432432432434,3.7299999999999995,146.32015394982125
6941,3,80,30,30.5087,15.394594594594594,14.74,120.60013139646823
6942,3,80,30,17.069,10.81081081081081,7.090000000000001,123.60358643441509
6943,3,80,30,17.8911,5.405405405405405,7.07,105.96595260835075
6944,3,80,30,26.995,10.81081081081081,11.260000000000002,116.79514342490411
6945,3,80,30,13.8028,2.1621621621621623,4.74,114.32806486597494
6946,3,80,30,7.3761,1.6216216216216217,1.9099999999999997,131.7511780242891
6947,3,80,30,22.8769,6.486486486486487,10.36,115.62993964098591
6948,3,80,30,42.168,19.6,20.75,119.72467103667576
6949,3,80,30,16.0368,4.324324324324325,6.45,115.05065331880822
6950,3,80,30,9.5905,2.1621621621621623,2.66,122.15996011106267
6951,3,80,30,10.5104,2.7027027027027026,3.07,111.15945712150271
6952,3,80,30,6.1724,2.1621621621621623,1.44,152.0745477101979
6953,3,80,30,8.0228,4.324324324324325,2.68,164.58189742394148
6954,3,80,30,33.7883,13.891891891891893,16.17,125.59552049498143
6955,3,80,30,22.5743,8.929729729729731,10.03,115.26288379795024
6956,3,80,30,12.0603,4.5729729729729724,4.5600000000000005,128.7201444050525
6957,3,80,30,9.1215,2.1621621621621623,3.13,115.09932772647808
6958,3,80,30,23.7155,12.68108108108108,11.9,116.816950605866
6959,3,80,30,4.2784,0.0,0.13,
6960,3,90,30,19.0557,8.508108108108107,8.919999999999998,118.64333814945212
6961,3,90,30,22.5947,8.64864864864865,10.76,110.24028822750168
6962,3,90,30,15.0985,7.5675675675675675,5.7,114.76353518602544
6963,3,90,30,18.871,9.72972972972973,9.58,113.06884949599333
6964,3,90,30,27.0581,11.275675675675675,12.65,117.62120656311892
6965,3,90,30,11.9264,4.864864864864865,4.29,113.20617693889785
6966,3,90,30,9.9057,2.5081081081081082,2.65,108.6725245658337
6967,3,90,30,20.358,7.210810810810811,9.09,115.87776011276105
6968,3,90,30,8.4909,3.7837837837837838,2.84,125.88367231482553
6969,3,90,30,12.9489,4.864864864864865,3.8899999999999997,118.9770609808343
6970,3,90,30,16.6843,7.221621621621621,6.45,127.1911836145468
6971,3,90,30,17.0654,5.6,6.85,116.28381882092168
6972,3,90,30,26.0539,10.81081081081081,12.47,118.07619036536671
6973,3,90,30,32.048,15.870270270270272,16.830000000000002,115.01167917612943
6974,3,90,30,18.1472,8.108108108108109,7.9799999999999995,124.00990590256073
6975,3,90,30,34.6273,14.054054054054054,15.530000000000001,114.98937039724153
6976,3,90,30,30.1931,11.18918918918919,14.23,112.14412425964271
6977,3,90,30,14.5271,4.324324324324325,5.15,118.29067000799694
6978,3,90,30,31.6075,10.886486486486486,13.580000000000002,118.75248159501405
6979,3,90,30,30.8161,10.63783783783784,13.0,112.90972280355493
6980,3,100,30,35.5396,16.756756756756758,15.89,120.91239804981144
6981,3,100,30,13.821,5.405405405405405,5.94,118.82615130807422
6982,3,100,30,36.0875,15.08108108108108,15.89,109.95598805762604
6983,3,100,30,16.5272,6.486486486486487,7.05,117.14642728202921
6984,3,100,30,4.1087,0.0,0.01,
6985,3,100,30,25.4056,9.72972972972973,10.770000000000001,111.81283504798586
6986,3,100,30,15.6747,7.254054054054054,7.2,123.41946766145824
6987,3,100,30,19.4309,8.108108108108109,7.790000000000001,119.7111362125067
6988,3,100,30,15.3243,6.486486486486487,6.0,122.48923125139703
6989,3,100,30,16.2981,4.908108108108108,6.08,123.55713276772164
6990,3,100,30,19.1558,6.486486486486487,8.16,116.37627024641965
6991,3,100,30,10.998,4.324324324324325,4.18,110.87993083086165
6992,3,100,30,31.348,12.972972972972974,14.169999999999998,110.62505279690801
6993,3,100,30,9.719,2.4108108108108106,2.5,114.75961028725433
6994,3,100,30,40.2613,17.243243243243242,19.56,120.18066809527079
6995,3,100,30,18.9415,4.324324324324325,6.830000000000001,112.42144427865227
6996,3,100,30,7.4209,0.5405405405405406,1.8,108.78973093406955
6997,3,100,30,21.2201,9.18918918918919,8.719999999999999,123.27525635261475
6998,3,100,30,4.9934,0.5405405405405406,0.45999999999999996,94.56003385517363
6999,3,100,30,26.4817,10.810810810810812,12.47,120.88496084247596
7000,3,370,30,136.2913,0.0,45.029999999999994,
7001,3,370,30,40.5353,0.0,13.079999999999998,
7002,3,370,30,100.6668,0.0,32.85,
7003,3,370,30,162.0731,0.0,55.129999999999995,
7004,3,370,30,84.2143,0.0,28.060000000000002,
7005,3,370,30,90.0446,0.0,29.310000000000002,
7006,3,370,30,42.1045,0.0,13.3,
7007,3,370,30,105.5638,0.0,34.86,
7008,3,370,30,122.9803,0.0,42.07,
7009,3,370,30,41.6514,0.0,12.8,
7010,3,370,30,152.9675,0.0,52.34000000000001,
7011,3,370,30,69.2562,0.0,21.740000000000002,
7012,3,370,30,143.7586,0.0,47.07000000000001,
7013,3,370,30,45.0194,0.0,13.959999999999999,
7014,3,370,30,81.6451,0.0,26.78,
7015,3,370,30,91.588,0.0,30.439999999999998,
7016,3,370,30,83.1548,0.0,27.27,
7017,3,370,30,10.0702,0.0,2.02,
7018,3,370,30,218.6739,0.0,73.44,
7019,3,370,30,113.1384,0.0,38.35,
7020,3,1,50,8.7139,62.28108108108108,4.58,587.4756223350682
7021,3,1,50,6.5126,59.75135135135135,3.05,598.3041840892939
7022,3,1,50,11.924,64.91891891891892,6.56,565.1862759769782
7023,3,1,50,14.9015,64.4,9.18,499.6786249749642
7024,3,1,50,13.7936,64.21621621621621,7.63,602.2482335878867
7025,3,1,50,18.7979,61.97837837837837,12.51,576.2276530959494
7026,3,1,50,2.2964,60.20540540540541,0.0,682.1012456656703
7027,3,1,50,14.2988,64.51891891891891,7.24,452.38554851130624
7028,3,1,50,4.5018,65.32972972972973,1.6,637.035097641428
7029,3,1,50,8.7159,62.03243243243244,4.1899999999999995,569.1426967946632
7030,3,1,50,7.0675,62.475675675675674,3.37,561.264739971681
7031,3,1,50,3.6888,61.95675675675676,0.5599999999999999,587.0216892694357
7032,3,1,50,11.4915,63.87027027027027,7.85,421.88746524463767
7033,3,1,50,5.3671,62.410810810810815,2.8,577.9245116229449
7034,3,1,50,5.337,60.075675675675676,2.35,601.8303331757126
7035,3,1,50,9.9768,64.49729729729731,5.029999999999999,645.072195544741
7036,3,1,50,5.4576,68.08648648648649,2.63,596.041005015489
7037,3,1,50,16.0994,67.00540540540541,9.0,549.0227819421639
7038,3,1,50,8.7973,63.362162162162164,4.11,554.0551975245642
7039,3,1,50,2.6643,59.13513513513514,0.02,670.2215219613349
7040,3,10,50,9.828,9.35135135135135,3.8299999999999996,309.63719153317385
7041,3,10,50,8.4601,12.972972972972974,4.35,255.9998635355469
7042,3,10,50,30.2751,24.735135135135135,18.080000000000002,159.6235364426036
7043,3,10,50,11.6336,14.90810810810811,5.85,290.87777108809604
7044,3,10,50,4.9272,5.156756756756757,0.62,518.4203752429091
7045,3,10,50,7.6122,8.108108108108109,3.25,278.51042415528246
7046,3,10,50,6.033,4.864864864864865,1.39,283.52314107452065
7047,3,10,50,9.0446,11.35135135135135,4.659999999999999,336.68633531236503
7048,3,10,50,15.7831,16.691891891891892,9.18,188.90492794949412
7049,3,10,50,17.4674,19.45945945945946,10.489999999999998,201.16448530409028
7050,3,10,50,7.0228,5.945945945945946,2.0,371.56290572993225
7051,3,10,50,19.1297,14.313513513513513,8.9,238.15110777366976
7052,3,10,50,13.5634,9.016216216216216,5.6,255.25008057922722
7053,3,10,50,9.424,9.340540540540541,5.26,232.53503129078146
7054,3,10,50,11.25,10.81081081081081,4.760000000000001,332.4086753741602
7055,3,10,50,9.5612,7.027027027027027,3.55,289.5092490772746
7056,3,10,50,10.7535,8.108108108108109,4.7,205.9169837588077
7057,3,10,50,19.8837,20.0,12.85,184.33414580039792
7058,3,10,50,4.6942,4.324324324324325,0.6300000000000001,426.27769123595317
7059,3,10,50,3.813,1.0810810810810811,0.0,650.3856854825767
7060,3,20,50,7.5338,4.324324324324325,2.94,143.69141551969912
7061,3,20,50,4.6278,0.5405405405405406,0.18,262.157964515577
7062,3,20,50,25.929,17.027027027027025,13.7,141.281399098252
7063,3,20,50,8.4412,3.7837837837837838,2.32,181.5351049775359
7064,3,20,50,4.6199,0.5405405405405406,0.01,257.8127456776079
7065,3,20,50,7.3943,3.7837837837837838,2.04,179.22373834213542
7066,3,20,50,9.6194,4.324324324324325,4.14,152.1539063747397
7067,3,20,50,16.2577,12.972972972972974,9.14,138.03448543626047
7068,3,20,50,11.6068,4.745945945945946,5.0200000000000005,159.3947757117973
7069,3,20,50,15.0173,10.81081081081081,7.2700000000000005,148.34708904247424
7070,3,20,50,6.9146,2.7027027027027026,2.18,143.05812974438564
7071,3,20,50,14.0259,5.945945945945946,5.35,133.41547509060067
7072,3,20,50,14.9459,8.886486486486486,6.55,170.6846297127653
7073,3,20,50,16.4323,14.054054054054054,9.14,146.48593386664476
7074,3,20,50,13.9082,7.621621621621621,5.89,145.20376256868786
7075,3,20,50,5.1605,3.2432432432432434,0.8,193.72211302586393
7076,3,20,50,15.4297,7.5675675675675675,7.260000000000001,158.09319091155862
7077,3,20,50,6.4517,2.7027027027027026,1.23,121.32519240229894
7078,3,20,50,21.0411,10.81081081081081,9.96,137.98630728609186
7079,3,20,50,13.5011,8.108108108108109,6.1899999999999995,154.7600300405227
7080,3,30,50,7.7574,3.7837837837837838,2.13,137.94373240275894
7081,3,30,50,7.8345,6.486486486486487,3.3899999999999997,173.80364841140997
7082,3,30,50,14.9044,10.81081081081081,8.2,150.4149152771816
7083,3,30,50,5.9838,1.9675675675675677,1.7899999999999998,140.47860318335464
7084,3,30,50,14.1861,11.35135135135135,6.26,148.20903735651123
7085,3,30,50,20.4886,14.594594594594593,11.820000000000002,152.2010565291022
7086,3,30,50,8.3456,4.864864864864865,3.0100000000000002,167.61113936849574
7087,3,30,50,10.2721,5.037837837837838,3.9799999999999995,146.12294606283996
7088,3,30,50,9.5852,4.864864864864865,3.03,157.43054297450342
7089,3,30,50,13.1038,6.2270270270270265,5.819999999999999,141.35060502410994
7090,3,30,50,7.6747,3.2432432432432434,1.9,163.57176716037634
7091,3,30,50,17.1225,10.27027027027027,8.09,133.25009879863316
7092,3,30,50,8.8472,5.45945945945946,3.95,160.20492415669256
7093,3,30,50,21.1636,20.0,12.48,156.78272258146035
7094,3,30,50,14.6499,7.027027027027027,6.33,128.74464985882435
7095,3,30,50,18.3333,12.432432432432432,8.67,151.41467838081718
7096,3,30,50,23.5246,11.935135135135136,10.9,124.00615857122203
7097,3,30,50,5.3952,2.7027027027027026,0.95,198.2207529663652
7098,3,30,50,9.1544,5.405405405405405,3.2299999999999995,151.2400944899379
7099,3,30,50,6.3437,1.6216216216216217,1.1199999999999999,117.45064310419359
7100,3,40,50,8.5689,5.945945945945946,3.4,153.56540295220336
7101,3,40,50,24.0642,13.383783783783784,12.709999999999999,138.15706666072256
7102,3,40,50,8.5485,2.7027027027027026,2.44,113.55729681190078
7103,3,40,50,13.0477,9.18918918918919,7.31,121.47404583529185
7104,3,40,50,10.9012,7.027027027027027,4.4399999999999995,133.0905309465427
7105,3,40,50,7.9749,3.2432432432432434,1.78,118.62052119284085
7106,3,40,50,13.564,5.945945945945946,5.63,116.11781501601335
7107,3,40,50,16.2245,10.27027027027027,9.28,142.99047603212685
7108,3,40,50,12.3041,5.275675675675676,4.74,112.7980742769283
7109,3,40,50,34.8348,28.10810810810811,19.669999999999998,146.22833600894148
7110,3,40,50,15.9233,8.108108108108109,7.029999999999999,122.70229187328628
7111,3,40,50,9.771,6.962162162162161,4.290000000000001,164.24056035628172
7112,3,40,50,9.2394,5.9459459459459465,3.3600000000000003,148.68821688854726
7113,3,40,50,9.27,5.945945945945946,3.87,148.75947078438585
7114,3,40,50,5.0652,1.6216216216216217,1.49,150.94123742641418
7115,3,40,50,15.0688,7.4702702702702695,7.08,127.21866460375593
7116,3,40,50,6.9617,2.1621621621621623,1.56,120.58559857657545
7117,3,40,50,15.2427,11.416216216216217,8.06,140.04181224914916
7118,3,40,50,3.9782,0.0,0.0,
7119,3,40,50,8.7095,5.405405405405405,2.29,136.0017712372187
7120,3,50,50,10.2994,8.64864864864865,4.6899999999999995,141.03509106720946
7121,3,50,50,8.1373,3.7837837837837838,3.3299999999999996,114.76259386439683
7122,3,50,50,18.8589,15.135135135135135,11.059999999999999,146.64463081369794
7123,3,50,50,18.3022,11.027027027027028,10.47,115.26277061227603
7124,3,50,50,13.0883,8.64864864864865,5.92,148.3501123639744
7125,3,50,50,7.8835,4.864864864864865,3.4,148.33249874243432
7126,3,50,50,14.1412,8.551351351351352,7.280000000000001,136.50727373641146
7127,3,50,50,18.0302,7.6,7.290000000000001,132.80230092137225
7128,3,50,50,12.3729,8.64864864864865,6.470000000000001,136.60762956665695
7129,3,50,50,11.3566,7.5675675675675675,5.12,132.93444455727712
7130,3,50,50,10.5284,5.275675675675676,3.7600000000000002,111.62767576895581
7131,3,50,50,15.1184,10.756756756756758,7.720000000000001,132.6337035228945
7132,3,50,50,14.4964,5.956756756756756,5.680000000000001,118.51957579863671
7133,3,50,50,6.8485,4.864864864864865,2.32,154.48972955852025
7134,3,50,50,19.1305,17.83783783783784,11.040000000000001,140.24653829470427
7135,3,50,50,8.9595,3.2432432432432434,3.09,128.71170846398758
7136,3,50,50,7.508,2.7027027027027026,2.48,124.06791505482597
7137,3,50,50,6.8745,2.7027027027027026,1.67,144.68938985698853
7138,3,50,50,27.376,16.345945945945946,13.470000000000002,125.39937511772936
7139,3,50,50,10.6326,4.821621621621622,5.34,124.04864813642732
7140,3,60,50,4.8711,0.5405405405405406,0.32999999999999996,126.0142932111996
7141,3,60,50,12.2275,7.027027027027027,4.87,127.99093787587857
7142,3,60,50,6.4697,1.881081081081081,1.6800000000000002,109.3512969668361
7143,3,60,50,11.4981,8.129729729729728,5.85,153.87253413698198
7144,3,60,50,11.9087,7.027027027027027,4.9,126.30194433709173
7145,3,60,50,4.4344,0.0,0.0,
7146,3,60,50,10.3769,2.1621621621621623,2.8,122.12326030629062
7147,3,60,50,6.2141,1.6216216216216217,1.58,122.92280162805552
7148,3,60,50,9.051,8.108108108108107,4.49,160.15677072120266
7149,3,60,50,15.2339,10.27027027027027,7.590000000000001,131.376408726545
7150,3,60,50,34.1479,24.864864864864863,20.54,131.64384440026316
7151,3,60,50,19.5803,12.972972972972974,10.09,137.46424115517127
7152,3,60,50,16.4296,9.18918918918919,8.34,127.82630371411233
7153,3,60,50,3.9998,0.5405405405405406,0.33999999999999997,100.85827212002174
7154,3,60,50,6.575,1.0810810810810811,1.34,107.91447135196071
7155,3,60,50,17.3133,11.35135135135135,8.25,148.12574024534592
7156,3,60,50,15.3215,8.108108108108109,6.76,141.08482162967147
7157,3,60,50,13.0433,8.64864864864865,6.11,119.96726035897663
7158,3,60,50,12.8995,7.027027027027027,5.6899999999999995,140.6159138073819
7159,3,60,50,8.1715,2.7027027027027026,2.38,128.38501328986763
7160,3,70,50,6.0622,3.2432432432432434,1.92,156.20160184140244
7161,3,70,50,8.5396,3.7837837837837838,3.2299999999999995,126.96301706531123
7162,3,70,50,9.4008,2.7891891891891896,2.9099999999999997,116.51111401450652
7163,3,70,50,3.8895,0.0,0.0,
7164,3,70,50,21.4447,17.83783783783784,12.440000000000001,132.07109182591662
7165,3,70,50,4.1846,0.0,0.04,
7166,3,70,50,19.0444,13.513513513513516,10.74,132.90513127829928
7167,3,70,50,27.0851,17.82702702702703,14.530000000000001,121.79048662077435
7168,3,70,50,6.6323,2.454054054054054,1.53,155.04472264375352
7169,3,70,50,21.6289,14.594594594594593,11.959999999999999,132.20933633660255
7170,3,70,50,11.0602,6.486486486486487,5.15,129.3910665326918
7171,3,70,50,18.7026,11.891891891891891,9.290000000000001,132.1754629398414
7172,3,70,50,14.8469,11.351351351351353,7.159999999999999,139.8118592397261
7173,3,70,50,20.492,11.297297297297296,10.98,128.65818359268033
7174,3,70,50,8.1728,4.864864864864865,2.9,130.31230467804022
7175,3,70,50,18.7966,13.178378378378378,10.129999999999999,132.83688768736246
7176,3,70,50,23.9126,15.535135135135135,11.870000000000001,142.57782277756607
7177,3,70,50,15.2901,7.027027027027027,6.369999999999999,141.9830680135046
7178,3,70,50,28.6275,19.45945945945946,17.25,129.2920814144422
7179,3,70,50,11.6612,5.9459459459459465,4.8100000000000005,127.77128860471403
7180,3,75,50,8.7023,6.486486486486487,4.220000000000001,131.3523519235233
7181,3,75,50,8.2903,5.72972972972973,3.3,133.59488337086725
7182,3,75,50,9.7153,4.324324324324325,3.53,123.2297304395538
7183,3,75,50,21.4976,12.432432432432432,10.93,116.84000025439109
7184,3,75,50,13.7806,9.18918918918919,6.380000000000001,137.26995718438252
7185,3,75,50,14.4402,7.8810810810810805,6.13,129.7945338319653
7186,3,75,50,6.5431,2.8864864864864863,1.1300000000000001,158.84040835064997
7187,3,75,50,14.9336,9.72972972972973,7.790000000000001,133.01283104741577
7188,3,75,50,13.4462,7.027027027027027,6.610000000000001,124.99873016682419
7189,3,75,50,5.7192,1.145945945945946,0.7300000000000001,109.9926020664363
7190,3,75,50,18.6707,10.81081081081081,8.6,121.24036490057263
7191,3,75,50,12.6554,8.108108108108109,5.57,126.98195731678811
7192,3,75,50,13.2657,7.027027027027027,6.6,116.28872227378123
7193,3,75,50,9.9889,5.945945945945946,3.65,133.2014530914466
7194,3,75,50,5.1831,0.5405405405405406,0.67,106.45447759125187
7195,3,75,50,18.3457,8.64864864864865,7.9,123.21745030685214
7196,3,75,50,24.9431,14.594594594594593,12.2,136.0800265516154
7197,3,75,50,6.2124,1.2432432432432432,1.08,122.4368742729422
7198,3,75,50,10.6891,5.945945945945946,4.43,126.32577864834633
7199,3,75,50,21.8053,13.513513513513512,11.59,124.93435567399625
7200,3,80,50,11.0536,6.486486486486487,4.58,121.67890926739688
7201,3,80,50,12.7085,6.486486486486487,5.3100000000000005,122.78498992329749
7202,3,80,50,5.4519,1.0810810810810811,0.8099999999999999,107.15703971025766
7203,3,80,50,8.6279,5.405405405405405,3.1,170.34214883991916
7204,3,80,50,14.7443,7.956756756756756,6.7299999999999995,128.25897788205762
7205,3,80,50,13.7606,6.508108108108108,6.18,122.71540765535241
7206,3,80,50,12.586,8.108108108108109,6.109999999999999,128.68495564590472
7207,3,80,50,11.2355,8.64864864864865,5.92,128.63552282452827
7208,3,80,50,7.2707,2.745945945945946,2.06,129.4861455430361
7209,3,80,50,13.5495,8.64864864864865,6.609999999999999,124.70495816802412
7210,3,80,50,9.4705,4.324324324324325,3.29,124.62414764838917
7211,3,80,50,25.295,15.437837837837838,12.8,126.30967556095398
7212,3,80,50,5.3382,0.0,0.32999999999999996,
7213,3,80,50,17.9703,9.621621621621623,8.2,116.46034797380975
7214,3,80,50,7.6739,2.7027027027027026,2.91,139.13390565473532
7215,3,80,50,12.3357,7.5675675675675675,4.55,131.57157871323233
7216,3,80,50,4.2594,0.5405405405405406,0.3,230.42653749529285
7217,3,80,50,16.8316,7.783783783783784,6.630000000000001,128.4710869547974
7218,3,80,50,7.7434,3.7837837837837838,2.31,152.09629173748021
7219,3,80,50,4.3957,1.0810810810810811,0.61,132.93920734308568
7220,3,90,50,23.4189,12.724324324324325,11.74,123.11803558197614
7221,3,90,50,13.7924,4.324324324324325,4.779999999999999,122.2876898801981
7222,3,90,50,22.7378,12.194594594594594,10.329999999999998,114.75807118113651
7223,3,90,50,8.6681,3.762162162162162,2.46,129.41320238076005
7224,3,90,50,28.0371,17.740540540540543,17.04,125.52135391877897
7225,3,90,50,5.2582,1.6216216216216217,0.76,129.3768009238617
7226,3,90,50,18.7157,11.891891891891893,8.580000000000002,119.30041484842413
7227,3,90,50,4.2096,0.918918918918919,0.55,155.33357106826907
7228,3,90,50,5.7929,1.6216216216216217,1.65,119.0472574944297
7229,3,90,50,16.7482,8.64864864864865,7.32,119.18408078999275
7230,3,90,50,16.1177,11.35135135135135,8.629999999999999,117.63613062598407
7231,3,90,50,12.3157,6.486486486486487,5.709999999999999,122.20641171937295
7232,3,90,50,8.8766,3.2432432432432434,2.81,134.1088080001939
7233,3,90,50,7.3828,3.913513513513513,2.78,135.00256412922806
7234,3,90,50,8.1996,4.216216216216216,2.81,147.89149548191492
7235,3,90,50,7.304,2.7027027027027026,2.29,137.6413021162596
7236,3,90,50,4.3234,0.0,0.0,
7237,3,90,50,11.0355,5.405405405405405,4.86,113.5282745311905
7238,3,90,50,15.9784,9.632432432432433,6.6,141.01306015422975
7239,3,90,50,6.4405,1.6216216216216217,1.6300000000000001,159.14371218753172
7240,3,100,50,19.5041,10.27027027027027,8.65,126.38162549711474
7241,3,100,50,21.8434,13.513513513513512,11.1,127.73195329308274
7242,3,100,50,3.5123,0.0,0.0,
7243,3,100,50,14.9595,9.18918918918919,7.32,128.0248072322935
7244,3,100,50,20.9454,11.35135135135135,10.02,128.7361595503043
7245,3,100,50,11.9594,4.324324324324325,4.28,119.61790738838653
7246,3,100,50,4.6323,1.0810810810810811,0.65,174.428852722672
7247,3,100,50,13.1309,8.27027027027027,6.2299999999999995,127.9274163287049
7248,3,100,50,13.6808,5.297297297297297,5.709999999999999,128.08066895045232
7249,3,100,50,4.887,2.1621621621621623,1.26,124.4265999770767
7250,3,100,50,10.1723,8.64864864864865,5.07,132.18198782902695
7251,3,100,50,30.0179,20.8,17.419999999999998,129.39134192800128
7252,3,100,50,15.5168,10.616216216216216,8.26,125.31116705527461
7253,3,100,50,18.3374,8.27027027027027,8.57,118.76133321374618
7254,3,100,50,14.0897,5.405405405405405,5.6899999999999995,111.52822548940382
7255,3,100,50,17.7974,11.891891891891891,8.14,122.12617147714086
7256,3,100,50,14.6043,7.027027027027027,7.029999999999999,115.95808347316935
7257,3,100,50,8.4632,2.1621621621621623,2.43,117.4622968497257
7258,3,100,50,6.6625,3.2432432432432434,1.95,124.91351127324293
7259,3,100,50,21.0238,13.956756756756757,10.559999999999999,124.71273091881179
7260,3,370,50,141.4649,0.0,47.05,
7261,3,370,50,4.1298,0.0,0.0,
7262,3,370,50,69.2521,0.0,22.19,
7263,3,370,50,91.1515,0.0,31.320000000000004,
7264,3,370,50,97.1365,0.0,31.639999999999997,
7265,3,370,50,46.6818,0.0,14.810000000000002,
7266,3,370,50,73.3927,0.0,24.83,
7267,3,370,50,73.7938,0.0,23.3,
7268,3,370,50,78.587,0.0,26.85,
7269,3,370,50,155.2707,0.0,51.239999999999995,
7270,3,370,50,89.2009,0.0,30.139999999999997,
7271,3,370,50,19.065,0.0,5.54,
7272,3,370,50,187.1209,0.0,62.910000000000004,
7273,3,370,50,59.0079,0.0,19.57,
7274,3,370,50,97.1779,0.0,32.2,
7275,3,370,50,86.7301,0.0,28.82,
7276,3,370,50,35.6671,0.0,10.84,
7277,3,370,50,112.4002,0.0,37.05,
7278,3,370,50,68.1439,0.0,22.009999999999998,
7279,3,370,50,137.7267,0.0,46.3,
7280,3,1,75,14.6446,69.38378378378378,11.01,438.5677543526419
7281,3,1,75,6.6633,75.09189189189189,2.7600000000000002,572.0974445389935
7282,3,1,75,8.0396,71.97837837837838,5.69,498.80607385773504
7283,3,1,75,12.4986,69.53513513513515,8.599999999999998,519.3598374411437
7284,3,1,75,14.8717,75.6,11.330000000000002,406.9629328518834
7285,3,1,75,2.7425,68.92972972972973,0.45,616.8827585473089
7286,3,1,75,7.8482,71.78378378378378,4.54,550.3137956720268
7287,3,1,75,3.023,66.37837837837837,0.36,635.5743070265559
7288,3,1,75,8.3876,71.29729729729729,5.9399999999999995,485.8619567669112
7289,3,1,75,8.2108,69.61081081081082,6.279999999999999,488.55041861210594
7290,3,1,75,3.2353,66.8,0.25,658.8245476802692
7291,3,1,75,2.6502,68.56216216216215,0.44000000000000006,627.0534755071335
7292,3,1,75,7.8662,72.29189189189188,5.42,479.2518894135631
7293,3,1,75,10.3308,69.78378378378379,6.4,577.6078880896313
7294,3,1,75,3.7544,65.65405405405406,1.52,614.7052038339217
7295,3,1,75,6.4697,72.23783783783783,3.63,605.4000197728178
7296,3,1,75,4.674,70.05405405405405,2.46,611.4457216449366
7297,3,1,75,9.1376,69.64324324324323,5.01,583.0570348394367
7298,3,1,75,3.5728,74.36756756756758,0.75,600.6331540041814
7299,3,1,75,4.1765,73.37297297297297,0.99,573.2660048053629
7300,3,10,75,8.3647,10.810810810810812,4.2700000000000005,261.82179378546465
7301,3,10,75,7.918,11.35135135135135,4.069999999999999,262.73769080642626
7302,3,10,75,10.7089,18.972972972972975,6.4,259.43965120351
7303,3,10,75,4.7409,4.864864864864865,0.85,397.7315953686843
7304,3,10,75,16.656,16.313513513513513,10.06,224.9462064098644
7305,3,10,75,7.1729,9.578378378378378,2.6799999999999997,385.4160225396772
7306,3,10,75,9.6381,14.713513513513513,5.6,280.2416919741025
7307,3,10,75,6.5621,9.999999999999998,2.83,362.1807622462521
7308,3,10,75,8.0937,11.416216216216217,3.2700000000000005,290.0851520663538
7309,3,10,75,12.6084,13.459459459459461,6.290000000000001,276.1363321501693
7310,3,10,75,4.9061,7.5675675675675675,0.5900000000000001,635.2772651407382
7311,3,10,75,3.7569,2.7027027027027026,0.0,700.2848934411965
7312,3,10,75,6.8717,9.18918918918919,1.9,314.28325743267686
7313,3,10,75,6.9141,11.35135135135135,3.21,251.59183468842917
7314,3,10,75,6.9343,7.362162162162162,2.27,283.54515207788546
7315,3,10,75,15.4932,20.345945945945946,8.59,228.13515630783155
7316,3,10,75,7.5654,5.405405405405405,2.43,389.176461847506
7317,3,10,75,10.2191,12.054054054054054,4.86,279.65383493428163
7318,3,10,75,8.9646,13.513513513513516,4.11,272.27054800825755
7319,3,10,75,18.5613,25.405405405405407,12.8,224.28587750288995
7320,3,20,75,11.6648,12.78918918918919,7.01,176.98632512529807
7321,3,20,75,11.0745,11.891891891891891,5.84,177.15098454288326
7322,3,20,75,11.6878,13.513513513513512,8.209999999999999,154.91973130952255
7323,3,20,75,7.5363,3.2432432432432434,2.0599999999999996,152.18835556316455
7324,3,20,75,4.8702,0.5405405405405406,0.8899999999999999,106.12297270458407
7325,3,20,75,12.0592,9.513513513513512,6.2,159.37109043922626
7326,3,20,75,11.9737,9.135135135135135,6.38,160.91874653986088
7327,3,20,75,6.7676,6.486486486486487,2.4200000000000004,204.13119693119086
7328,3,20,75,9.5829,6.486486486486487,4.16,151.08269857540836
7329,3,20,75,17.1384,19.978378378378377,11.65,168.20879247474608
7330,3,20,75,14.8058,14.064864864864864,8.96,162.07056444754048
7331,3,20,75,17.1166,16.216216216216218,10.24,164.73628276154884
7332,3,20,75,6.8314,5.405405405405405,1.98,207.42619666465242
7333,3,20,75,4.8336,0.5405405405405406,0.75,120.5647936919488
7334,3,20,75,13.5016,14.616216216216216,7.42,158.88041044974307
7335,3,20,75,8.6973,11.567567567567568,4.85,203.75958251838253
7336,3,20,75,15.5772,14.054054054054054,10.76,147.6611946629033
7337,3,20,75,10.2704,8.962162162162162,3.7900000000000005,195.1300892602968
7338,3,20,75,5.9625,5.945945945945946,1.5899999999999999,226.43270505694963
7339,3,20,75,10.6683,8.108108108108109,5.58,127.98877008425396
7340,3,30,75,8.8489,7.027027027027027,3.6,143.33692548405924
7341,3,30,75,7.128,3.7837837837837838,2.1399999999999997,159.94871483202067
7342,3,30,75,5.0031,0.5405405405405406,0.47000000000000003,92.3342392786542
7343,3,30,75,15.9587,12.875675675675677,8.959999999999999,165.39879301043666
7344,3,30,75,4.6585,0.5405405405405406,0.06,251.70263466034655
7345,3,30,75,10.7037,5.945945945945946,4.0,156.7169607642611
7346,3,30,75,7.5695,6.8,2.3,185.30349774814115
7347,3,30,75,15.323,14.594594594594593,7.82,163.96356353414538
7348,3,30,75,9.1889,5.9459459459459465,3.3299999999999996,147.61836298003527
7349,3,30,75,11.6621,9.87027027027027,6.890000000000001,168.01398005675185
7350,3,30,75,10.7385,10.27027027027027,5.43,158.05621231459892
7351,3,30,75,9.8079,8.702702702702704,4.470000000000001,163.79759159906368
7352,3,30,75,9.3986,7.027027027027027,3.7,170.74993516664892
7353,3,30,75,6.6241,3.7837837837837838,2.04,169.6906292067051
7354,3,30,75,16.2841,16.10810810810811,8.75,144.71333154814448
7355,3,30,75,7.5175,6.010810810810812,2.63,171.89452922804026
7356,3,30,75,13.8104,9.243243243243244,7.640000000000001,133.43015953195388
7357,3,30,75,15.2293,11.351351351351353,7.3,155.6058974149513
7358,3,30,75,8.1516,3.2432432432432434,2.3899999999999997,138.92220651347432
7359,3,30,75,9.1817,3.7837837837837838,2.88,147.02643376848417
7360,3,40,75,15.722,15.135135135135135,8.9,141.69823712141732
7361,3,40,75,9.5614,5.632432432432433,3.96,138.11818550531717
7362,3,40,75,13.7443,10.724324324324325,7.33,142.70281479708146
7363,3,40,75,10.3189,5.405405405405405,3.59,154.7927633856223
7364,3,40,75,8.2018,5.945945945945946,3.53,156.42976963586432
7365,3,40,75,4.0509,0.0,0.0,
7366,3,40,75,5.1426,1.362162162162162,0.6,186.35595619525824
7367,3,40,75,11.1326,5.9459459459459465,4.359999999999999,161.68831993711464
7368,3,40,75,21.2052,19.62162162162162,12.690000000000001,149.5390060314243
7369,3,40,75,8.3623,6.486486486486487,4.09,142.3206690636972
7370,3,40,75,7.5456,6.627027027027026,3.5799999999999996,178.3806416310103
7371,3,40,75,14.0087,8.64864864864865,6.2,122.05862482686051
7372,3,40,75,9.3488,7.027027027027027,4.9799999999999995,168.12557590970658
7373,3,40,75,9.6904,7.027027027027027,4.2,147.40415266969637
7374,3,40,75,5.953,3.2432432432432434,1.77,169.27876022942772
7375,3,40,75,10.899,9.18918918918919,5.99,147.78810194772467
7376,3,40,75,17.5656,20.054054054054053,11.74,159.7335261831857
7377,3,40,75,15.7644,11.891891891891893,9.52,149.59840168867615
7378,3,40,75,8.7525,5.945945945945946,3.4,142.84256882415082
7379,3,40,75,11.2159,7.059459459459459,5.2700000000000005,151.9792185232356
7380,3,50,75,11.8472,8.108108108108109,5.95,136.99700081900062
7381,3,50,75,14.6342,14.594594594594593,9.11,155.47709650874697
7382,3,50,75,11.0314,9.437837837837838,5.88,148.01297517198174
7383,3,50,75,8.4711,5.405405405405405,3.45,158.15565697523112
7384,3,50,75,6.9985,5.945945945945946,2.6700000000000004,167.79405613666555
7385,3,50,75,10.7533,12.972972972972974,7.56,163.76979700896825
7386,3,50,75,15.0058,10.335135135135136,8.83,128.09917425982866
7387,3,50,75,9.0364,4.864864864864865,3.31,123.2043841685498
7388,3,50,75,17.0782,13.816216216216215,10.39,138.10238241373295
7389,3,50,75,5.2117,1.6216216216216217,0.6699999999999999,119.40011197621523
7390,3,50,75,13.3987,8.64864864864865,6.33,137.72658945990264
7391,3,50,75,7.2931,3.675675675675676,2.56,158.35777987515027
7392,3,50,75,5.8608,2.497297297297297,1.4,150.30335143555607
7393,3,50,75,8.2858,5.945945945945946,3.6799999999999997,146.2429036035917
7394,3,50,75,15.1882,7.027027027027027,6.720000000000001,133.09803120776564
7395,3,50,75,8.8779,7.027027027027027,4.279999999999999,145.93983465539372
7396,3,50,75,7.0733,5.945945945945946,3.1,153.89463414435093
7397,3,50,75,8.7587,5.9459459459459465,4.01,137.57715700266743
7398,3,50,75,10.6555,9.18918918918919,5.1,146.7762012259481
7399,3,50,75,13.2348,10.81081081081081,7.67,148.36382709930842
7400,3,60,75,10.2883,8.237837837837837,5.069999999999999,149.26953359848193
7401,3,60,75,14.4958,11.891891891891891,8.309999999999999,131.57623272332577
7402,3,60,75,17.947,13.848648648648648,10.55,138.65218506004956
7403,3,60,75,17.4803,10.81081081081081,8.059999999999999,130.0049746596056
7404,3,60,75,12.031,10.81081081081081,6.599999999999999,145.49275397832912
7405,3,60,75,5.1037,2.7027027027027026,1.1199999999999999,206.9955556502849
7406,3,60,75,9.2211,7.5675675675675675,4.58,132.67023560805674
7407,3,60,75,12.9868,5.9459459459459465,5.779999999999999,156.6708002492609
7408,3,60,75,12.3054,8.875675675675675,6.659999999999999,141.19457287647535
7409,3,60,75,6.1288,2.7027027027027026,1.77,162.31960163347125
7410,3,60,75,4.4843,1.0810810810810811,0.7,120.9259281826387
7411,3,60,75,17.3663,12.432432432432432,9.67,140.0448604100095
7412,3,60,75,9.9809,5.9459459459459465,4.93,138.6686049244668
7413,3,60,75,9.1086,5.9459459459459465,3.25,153.39574920847096
7414,3,60,75,16.7167,16.216216216216218,10.02,139.85642264234917
7415,3,60,75,11.0824,7.027027027027027,5.11,137.6929519657074
7416,3,60,75,8.2931,2.7027027027027026,2.71,116.78525614717742
7417,3,60,75,9.2794,4.464864864864865,3.6,113.6705330118049
7418,3,60,75,14.0726,11.708108108108108,8.22,137.75153089329194
7419,3,60,75,11.7503,8.108108108108109,6.2,136.93934061992488
7420,3,70,75,7.3558,3.2432432432432434,2.5100000000000002,152.72311425965714
7421,3,70,75,15.2961,9.18918918918919,8.27,136.46634963236448
7422,3,70,75,12.955,5.405405405405405,5.08,127.8327135584693
7423,3,70,75,6.1793,3.2432432432432434,1.77,126.70088215652818
7424,3,70,75,13.2627,10.108108108108109,7.7799999999999985,126.25149459822823
7425,3,70,75,17.3371,15.675675675675677,10.73,133.00955058982083
7426,3,70,75,9.7775,10.032432432432433,5.82,141.39702326504104
7427,3,70,75,9.4732,7.027027027027026,3.8,129.22043804930615
7428,3,70,75,6.8241,2.1621621621621623,1.6300000000000001,117.45560397274429
7429,3,70,75,8.0669,4.864864864864865,2.5100000000000002,123.16820379099971
7430,3,70,75,11.6451,5.945945945945946,4.4799999999999995,134.50170323014342
7431,3,70,75,10.8637,6.594594594594595,3.8099999999999996,138.65428454266092
7432,3,70,75,14.4647,11.891891891891893,6.68,138.04638938154795
7433,3,70,75,7.0164,2.1621621621621623,1.52,160.15910969007084
7434,3,70,75,10.7495,9.71891891891892,5.12,143.89481400253024
7435,3,70,75,8.5601,7.308108108108108,3.9,153.86496395250643
7436,3,70,75,10.0944,7.5675675675675675,5.319999999999999,145.40200711258362
7437,3,70,75,5.9801,2.7027027027027026,1.64,139.71722701246932
7438,3,70,75,20.1175,16.756756756756758,11.54,131.90324533418425
7439,3,70,75,9.0082,5.124324324324324,3.38,143.0520885561853
7440,3,75,75,5.0785,1.0810810810810811,0.51,173.8338694071797
7441,3,75,75,8.0601,4.864864864864865,3.3,121.78635544777619
7442,3,75,75,7.3503,2.1621621621621623,1.7899999999999998,112.08507298418746
7443,3,75,75,12.1983,10.27027027027027,7.55,140.42271502581812
7444,3,75,75,6.3878,3.7837837837837838,1.7600000000000002,156.3654437505284
7445,3,75,75,3.9179,0.0,0.0,
7446,3,75,75,13.6088,9.978378378378377,6.7700000000000005,126.73074764999235
7447,3,75,75,9.6376,5.945945945945946,4.23,153.43865432776667
7448,3,75,75,18.515,16.7027027027027,12.989999999999998,131.46895273461297
7449,3,75,75,17.2037,15.135135135135135,11.98,145.09104420497357
7450,3,75,75,12.7949,10.27027027027027,6.069999999999999,142.55335009953112
7451,3,75,75,9.8326,6.486486486486487,5.14,125.59117893579817
7452,3,75,75,4.7083,1.0810810810810811,0.41,169.87976615384724
7453,3,75,75,13.236,11.870270270270272,7.960000000000001,151.38564214206755
7454,3,75,75,5.7911,2.1621621621621623,1.3,129.35952935293844
7455,3,75,75,21.089,21.232432432432432,13.35,134.53986042672733
7456,3,75,75,5.201,1.0810810810810811,0.9099999999999999,126.1871591342498
7457,3,75,75,18.2139,11.340540540540541,10.16,125.41424459961675
7458,3,75,75,8.6268,6.486486486486487,4.0,134.7725498321513
7459,3,75,75,15.7327,11.35135135135135,8.03,149.4130860476193
7460,3,80,75,31.597,23.28648648648649,19.89,124.32792436898222
7461,3,80,75,3.994,0.0,0.0,
7462,3,80,75,11.3827,7.805405405405405,5.8,128.0091163004519
7463,3,80,75,10.4915,10.421621621621622,4.9399999999999995,135.60455337710886
7464,3,80,75,9.4083,4.324324324324325,3.56,138.57276977145884
7465,3,80,75,3.9771,0.5405405405405406,0.11000000000000001,114.74191078875705
7466,3,80,75,7.9763,5.405405405405405,3.15,124.43740974528671
7467,3,80,75,15.2024,12.086486486486486,7.529999999999999,144.76766425876482
7468,3,80,75,6.7522,3.7837837837837838,1.8299999999999996,142.60682598392694
7469,3,80,75,17.7098,14.054054054054054,10.08,126.28238406295911
7470,3,80,75,11.0494,8.64864864864865,6.0,132.3715478144781
7471,3,80,75,6.1559,2.1621621621621623,1.2,137.61693777235178
7472,3,80,75,15.5662,11.35135135135135,8.14,142.69621400949922
7473,3,80,75,8.2071,4.864864864864865,3.02,131.00047653008576
7474,3,80,75,5.0105,1.0810810810810811,0.5599999999999999,128.36458887450763
7475,3,80,75,14.0432,13.416216216216217,8.7,137.25191215577203
7476,3,80,75,10.1513,7.372972972972972,4.9399999999999995,145.02321633851898
7477,3,80,75,16.0704,13.383783783783784,9.58,136.8566889492835
7478,3,80,75,5.7614,1.0810810810810811,0.78,158.3463456138545
7479,3,80,75,13.3688,10.27027027027027,6.6800000000000015,136.86082797577478
7480,3,90,75,3.3546,0.5405405405405406,0.24,104.36143234581036
7481,3,90,75,10.3979,7.7405405405405405,5.090000000000001,126.75811403619898
7482,3,90,75,6.4236,3.2432432432432434,1.75,142.42785734613565
7483,3,90,75,13.2794,6.486486486486486,5.35,134.42855777171283
7484,3,90,75,5.3394,0.5405405405405406,0.18,108.46459764795436
7485,3,90,75,10.5369,5.945945945945946,4.46,145.5931264787536
7486,3,90,75,8.2454,4.4324324324324325,3.71,118.03893973814496
7487,3,90,75,7.1318,4.54054054054054,2.54,136.56863275801976
7488,3,90,75,13.5776,12.01081081081081,7.56,138.0961774926202
7489,3,90,75,3.6573,0.0,0.06999999999999999,
7490,3,90,75,17.3709,13.654054054054054,10.15,134.7718713062147
7491,3,90,75,10.1351,5.351351351351352,3.9799999999999995,123.9928115976088
7492,3,90,75,8.939,4.864864864864865,3.55,129.87318155086297
7493,3,90,75,4.6619,0.0,0.02,
7494,3,90,75,11.5188,8.108108108108109,5.109999999999999,148.89454221060925
7495,3,90,75,8.4792,7.5675675675675675,4.08,122.47635081950558
7496,3,90,75,12.2746,9.956756756756757,6.2,132.5189054960183
7497,3,90,75,10.8393,5.945945945945946,4.279999999999999,120.44028318592696
7498,3,90,75,16.32,9.913513513513513,8.97,132.02908772918542
7499,3,90,75,8.3533,4.6702702702702705,3.75,124.43397944259024
7500,3,100,75,11.3345,8.64864864864865,6.15,136.87010503774104
7501,3,100,75,10.3636,5.481081081081081,4.63,136.07340756474707
7502,3,100,75,17.3283,14.572972972972973,10.580000000000002,132.51551249287144
7503,3,100,75,15.8113,10.81081081081081,8.959999999999999,119.97795616487747
7504,3,100,75,5.0816,1.6216216216216217,0.54,132.8429793816549
7505,3,100,75,8.2794,5.935135135135136,3.1300000000000003,145.35613594849724
7506,3,100,75,12.4021,6.248648648648649,6.119999999999999,112.07865532467379
7507,3,100,75,9.0051,4.962162162162162,3.6,123.28367459089591
7508,3,100,75,16.7359,17.2972972972973,11.23,128.3133526201516
7509,3,100,75,12.9837,9.18918918918919,6.959999999999999,127.39222501634876
7510,3,100,75,6.8533,1.6216216216216217,1.7100000000000002,140.5336295536436
7511,3,100,75,9.3521,3.3513513513513518,2.84,114.90000027460823
7512,3,100,75,11.8231,7.027027027027027,5.7700000000000005,137.6131680472342
7513,3,100,75,8.3809,5.405405405405405,3.65,131.34703747456817
7514,3,100,75,12.9996,8.64864864864865,6.17,135.2830400174194
7515,3,100,75,19.8376,13.891891891891893,11.27,129.70990539738227
7516,3,100,75,12.6273,7.027027027027027,5.2299999999999995,114.28247345203886
7517,3,100,75,11.222,9.72972972972973,6.13,129.04245592803554
7518,3,100,75,3.8198,0.0,0.02,
7519,3,100,75,10.1419,5.945945945945946,4.2,124.29665451585487
7520,3,370,75,102.3985,0.0,34.42,
7521,3,370,75,58.8293,0.0,19.3,
7522,3,370,75,53.7651,0.0,17.2,
7523,3,370,75,157.3577,0.0,54.15,
7524,3,370,75,22.9433,0.0,7.220000000000001,
7525,3,370,75,127.4332,0.0,42.089999999999996,
7526,3,370,75,105.9795,0.0,35.0,
7527,3,370,75,173.2045,0.0,57.42999999999999,
7528,3,370,75,112.02,0.0,37.47,
7529,3,370,75,39.8247,0.0,12.03,
7530,3,370,75,54.4209,0.0,18.32,
7531,3,370,75,4.4111,0.0,0.04,
7532,3,370,75,140.782,0.0,46.67,
7533,3,370,75,47.7802,0.0,14.290000000000001,
7534,3,370,75,114.1709,0.0,41.15,
7535,3,370,75,79.9668,0.0,25.65,
7536,3,370,75,3.9914,0.0,0.01,
7537,3,370,75,3.8595,0.0,0.0,
7538,3,370,75,136.6332,0.0,45.35,
7539,3,370,75,165.0961,0.0,55.5,
7540,3,1,100,3.7131,71.3945945945946,1.3399999999999999,525.4496924908365
7541,3,1,100,8.3531,77.7945945945946,5.89,478.6214070606826
7542,3,1,100,6.6983,76.51891891891891,4.1899999999999995,568.4630610265508
7543,3,1,100,9.8492,72.90810810810811,6.089999999999999,516.2362375177581
7544,3,1,100,7.6252,72.96216216216216,5.24,486.8903587403138
7545,3,1,100,3.8003,77.27567567567567,1.7100000000000002,606.3491832485914
7546,3,1,100,4.2331,70.62702702702703,2.3,655.1035107291976
7547,3,1,100,3.4006,73.95675675675676,1.0699999999999998,619.8638475866079
7548,3,1,100,5.0319,79.47027027027028,3.1399999999999997,623.6732023850033
7549,3,1,100,6.115,73.17837837837837,3.79,509.3162508624138
7550,3,1,100,11.0528,77.88108108108108,9.51,423.9202359665233
7551,3,1,100,2.099,72.11891891891892,0.0,723.0570494090962
7552,3,1,100,3.6142,71.23243243243243,1.5299999999999998,533.8868526701085
7553,3,1,100,12.6491,77.58918918918918,9.95,421.3712251998825
7554,3,1,100,18.6469,73.89189189189189,14.13,496.2669534883121
7555,3,1,100,9.1433,77.4918918918919,5.4799999999999995,547.5857493179584
7556,3,1,100,9.1655,73.61081081081082,6.25,491.3057483765968
7557,3,1,100,4.2909,76.75675675675676,2.17,573.3131752604662
7558,3,1,100,7.4851,70.56216216216215,5.62,586.4770422987323
7559,3,1,100,4.5207,77.98918918918919,1.78,550.2290150655947
7560,3,10,100,9.2507,15.675675675675674,5.32,254.48778251533966
7561,3,10,100,6.7151,5.945945945945946,2.4299999999999997,304.04306987560227
7562,3,10,100,4.3158,6.78918918918919,0.45999999999999996,618.218103852919
7563,3,10,100,6.4047,8.475675675675676,2.95,348.1535796651241
7564,3,10,100,11.4586,19.394594594594594,7.25,240.33412706570027
7565,3,10,100,11.7271,19.167567567567566,7.3,238.36073632378623
7566,3,10,100,6.4719,9.72972972972973,1.95,397.88703977630246
7567,3,10,100,11.8059,18.37837837837838,7.49,250.73658022442723
7568,3,10,100,7.0054,7.113513513513513,2.7600000000000002,376.13291356540674
7569,3,10,100,9.3257,14.464864864864865,6.18,271.12414008365096
7570,3,10,100,7.739,14.054054054054053,3.3600000000000003,274.55741646409285
7571,3,10,100,8.237207896857374,13.513513513513512,3.9,279.9811376015514
7572,3,10,100,8.7781,13.383783783783784,4.9799999999999995,238.85133824429406
7573,3,10,100,6.7829,8.648648648648647,2.5,444.5930558185271
7574,3,10,100,12.045,21.081081081081084,6.17,273.30182717291024
7575,3,10,100,5.4202,5.956756756756756,1.56,394.11930553470535
7576,3,10,100,7.8434,14.518918918918919,4.4399999999999995,278.28546038527605
7577,3,10,100,9.425,13.513513513513516,4.970000000000001,289.3940878749212
7578,3,10,100,7.043,11.891891891891891,3.2399999999999998,284.5078632102943
7579,3,10,100,11.7352,20.54054054054054,7.9,260.4107491828879
7580,3,20,100,11.6799,13.6,6.590000000000001,181.9118876349148
7581,3,20,100,4.5095,1.0810810810810811,0.75,198.89213982633544
7582,3,20,100,8.6576,7.5675675675675675,3.6,181.75436286079707
7583,3,20,100,9.4008,10.27027027027027,4.37,154.2988990499845
7584,3,20,100,6.1198,3.2432432432432434,1.55,168.50287374681264
7585,3,20,100,9.0579,9.394594594594595,4.2,170.72636461410653
7586,3,20,100,8.2963,6.486486486486487,3.12,179.9913762627832
7587,3,20,100,11.4491,15.945945945945946,6.28,192.9388128635994
7588,3,20,100,9.9451,11.264864864864865,4.769999999999999,183.11123179513834
7589,3,20,100,5.2027,2.810810810810811,1.22,178.5640699898183
7590,3,20,100,8.5403,7.027027027027027,4.42,152.65363843546808
7591,3,20,100,7.5144,4.324324324324325,2.0,167.62230786354831
7592,3,20,100,4.9782,0.5405405405405406,0.44000000000000006,115.7795054974205
7593,3,20,100,7.1729,4.864864864864865,2.5200000000000005,179.22305095738432
7594,3,20,100,16.6144,18.454054054054055,12.26,179.9254277221963
7595,3,20,100,6.2683,5.048648648648649,1.48,216.29365758120096
7596,3,20,100,10.8595,13.513513513513516,6.720000000000001,190.0342698118238
7597,3,20,100,5.8792,4.864864864864865,2.02,188.36830448440094
7598,3,20,100,6.2544,5.945945945945946,1.83,183.14065910745688
7599,3,20,100,7.1004,4.864864864864865,2.45,187.49023934418202
7600,3,30,100,9.5827,12.572972972972973,5.79,172.6456367481983
7601,3,30,100,4.6509,1.6216216216216217,0.35,257.21918692880166
7602,3,30,100,7.5386,5.945945945945946,3.16,179.69816579037715
7603,3,30,100,4.1344,0.0,0.0,
7604,3,30,100,6.3912,2.7027027027027026,1.59,165.3211746576854
7605,3,30,100,11.1684,10.27027027027027,6.409999999999999,140.81200282000762
7606,3,30,100,8.3479,7.027027027027026,3.3200000000000003,168.17767213273243
7607,3,30,100,11.6593,12.78918918918919,6.580000000000001,165.65815551457305
7608,3,30,100,4.4725,0.0,0.04,
7609,3,30,100,4.1667,0.5405405405405406,0.31,137.41161452376437
7610,3,30,100,5.0279,1.0810810810810811,0.39,174.6617063916363
7611,3,30,100,4.6878,1.3297297297297297,0.68,157.4983515738676
7612,3,30,100,10.1997,10.767567567567568,4.42,178.5474334880034
7613,3,30,100,17.4952,22.194594594594594,14.319999999999999,165.96726936333508
7614,3,30,100,9.2328,11.308108108108108,4.97,178.73891571122198
7615,3,30,100,5.8882,2.7027027027027026,1.59,109.4378064638526
7616,3,30,100,5.4027,3.7837837837837838,2.0799999999999996,183.4095784691306
7617,3,30,100,8.4704,8.108108108108109,4.17,161.22730756552042
7618,3,30,100,5.4962,3.7837837837837838,1.85,215.88327660644362
7619,3,30,100,6.7703,5.405405405405405,2.4699999999999998,175.25757657387538
7620,3,40,100,12.9096,11.891891891891891,7.530000000000001,173.95140333110484
7621,3,40,100,11.5922,11.102702702702704,6.7,152.7623892542122
7622,3,40,100,10.1071,9.675675675675674,4.9799999999999995,183.9713564528589
7623,3,40,100,16.7335,15.675675675675677,10.309999999999999,153.5884619102074
7624,3,40,100,9.4062,10.27027027027027,4.279999999999999,156.2413524076591
7625,3,40,100,15.9692,14.054054054054054,9.610000000000001,158.7401453372445
7626,3,40,100,7.5894,7.232432432432432,3.5400000000000005,172.070333716131
7627,3,40,100,9.7877,9.556756756756759,6.2700000000000005,138.06360715870812
7628,3,40,100,4.501,0.0,0.0,
7629,3,40,100,6.0017,4.324324324324325,2.04,172.17309047363761
7630,3,40,100,6.1384,4.324324324324325,1.6299999999999997,170.9987075487958
7631,3,40,100,8.748,8.64864864864865,4.53,151.73978251602963
7632,3,40,100,3.822,0.0,0.0,
7633,3,40,100,12.5318,12.313513513513513,7.56,158.96002467114812
7634,3,40,100,9.0956,11.35135135135135,4.94,164.65188063987037
7635,3,40,100,4.9314,1.6216216216216217,0.54,155.93781353822013
7636,3,40,100,5.2966,4.864864864864865,1.54,194.98994610710173
7637,3,40,100,8.5818,7.5675675675675675,4.62,136.30813243556298
7638,3,40,100,7.9605,4.464864864864865,2.75,146.26890071586712
7639,3,40,100,12.5891,17.83783783783784,8.629999999999999,162.8729507540165
7640,3,50,100,8.7729,8.108108108108109,5.51,140.2266797257081
7641,3,50,100,4.4906,1.0810810810810811,0.42000000000000004,180.21188613338128
7642,3,50,100,12.3942,13.275675675675675,6.5699999999999985,152.47522183180317
7643,3,50,100,9.1213,7.5675675675675675,3.8899999999999997,161.16836054564268
7644,3,50,100,4.8473,1.0810810810810811,0.9899999999999999,135.71782201956407
7645,3,50,100,10.1848,6.8,4.380000000000001,147.15298575387763
7646,3,50,100,16.073,12.972972972972974,9.379999999999999,160.25595561798733
7647,3,50,100,9.2409,7.816216216216216,4.4799999999999995,153.11520953233256
7648,3,50,100,11.9061,11.35135135135135,6.07,149.5427675834575
7649,3,50,100,11.0696,8.010810810810812,5.49,144.65088035245026
7650,3,50,100,10.8862,10.508108108108107,6.12,148.89549004262113
7651,3,50,100,10.9152,12.432432432432433,6.669999999999999,158.2788942697775
7652,3,50,100,9.3756,8.64864864864865,5.069999999999999,153.9616000369093
7653,3,50,100,6.2602,3.7837837837837838,2.49,171.90344546315933
7654,3,50,100,12.9604,10.043243243243243,6.389999999999999,157.22645112556515
7655,3,50,100,15.3939,18.151351351351348,11.690000000000001,146.9995497757361
7656,3,50,100,7.1596,4.324324324324325,2.1100000000000003,137.33467450542872
7657,3,50,100,9.5988,6.648648648648648,3.84,136.78282672628654
7658,3,50,100,7.4145,4.324324324324325,2.6599999999999997,136.3322607694605
7659,3,50,100,8.3343,8.64864864864865,4.3,160.15352499675316
7660,3,60,100,11.6467,8.64864864864865,5.62,139.60508997503865
7661,3,60,100,12.0963,9.72972972972973,5.950000000000001,134.25381116447755
7662,3,60,100,18.056,20.778378378378378,13.39,142.8686686285011
7663,3,60,100,16.4268,16.756756756756758,12.03,146.3172547994447
7664,3,60,100,7.8654,4.324324324324325,3.06,124.7318553537123
7665,3,60,100,11.8882,8.64864864864865,6.6,131.68689368805303
7666,3,60,100,15.6787,15.686486486486487,10.22,141.94805285529927
7667,3,60,100,8.5153,6.486486486486487,4.15,158.50892321035192
7668,3,60,100,5.2965,1.6216216216216217,1.2399999999999998,171.41943043267588
7669,3,60,100,18.5003,16.756756756756758,13.8,140.42878186200994
7670,3,60,100,11.5175,10.67027027027027,6.87,156.0670770698247
7671,3,60,100,6.698,4.324324324324325,1.8399999999999999,155.0297910560181
7672,3,60,100,6.6121,3.7837837837837838,1.42,142.6310637117545
7673,3,60,100,12.0355,11.35135135135135,6.13,155.27497789549494
7674,3,60,100,7.8874,3.7837837837837838,3.09,146.54477542579528
7675,3,60,100,9.079,8.64864864864865,4.5600000000000005,153.4582050162329
7676,3,60,100,8.6297,5.113513513513514,3.3599999999999994,142.14639626953428
7677,3,60,100,9.3409,4.324324324324325,4.1899999999999995,122.04706741983489
7678,3,60,100,4.8225,1.5675675675675675,0.71,206.36842869841553
7679,3,60,100,12.99,13.31891891891892,7.99,146.57428661717623
7680,3,70,100,10.0327,7.264864864864864,4.7,138.59109578921823
7681,3,70,100,3.6505,0.0,0.08,
7682,3,70,100,5.0501,0.5405405405405406,0.54,121.7410609986169
7683,3,70,100,5.6151,2.7027027027027026,1.05,171.3308811191078
7684,3,70,100,5.2134,2.1621621621621623,1.18,155.13947524858037
7685,3,70,100,19.5733,14.4,12.0,133.95977074708887
7686,3,70,100,10.8431,9.45945945945946,5.37,139.72916840942887
7687,3,70,100,7.5073,4.324324324324325,3.1799999999999997,139.7552553195407
7688,3,70,100,9.4497,6.724324324324324,4.52,144.1920803719565
7689,3,70,100,6.9302,4.864864864864865,2.84,157.12962701156337
7690,3,70,100,10.8868,8.183783783783785,5.49,142.29865600980892
7691,3,70,100,12.7615,13.297297297297296,8.77,144.98884348881018
7692,3,70,100,19.3878,24.108108108108105,13.059999999999999,146.20630406461837
7693,3,70,100,8.9644,6.540540540540542,3.97,127.21618390705922
7694,3,70,100,3.6541,0.0,0.0,
7695,3,70,100,4.596,1.5243243243243243,0.9,120.59144787647818
7696,3,70,100,5.897,4.486486486486486,1.43,175.61643749621632
7697,3,70,100,4.7065,1.6216216216216217,0.6599999999999999,184.74477152018335
7698,3,70,100,8.1343,4.951351351351351,3.01,132.09713037357764
7699,3,70,100,7.9013,4.1189189189189195,2.2800000000000002,137.99820158311562
7700,3,75,100,4.1601,0.0,0.0,
7701,3,75,100,7.9726,3.7837837837837838,2.7399999999999998,122.26802904693879
7702,3,75,100,7.6713,6.237837837837838,3.14,138.88781462561892
7703,3,75,100,15.8907,13.189189189189188,11.379999999999999,136.23519840290143
7704,3,75,100,8.1605,3.2432432432432434,2.58,118.28548283994667
7705,3,75,100,11.5263,12.843243243243242,6.609999999999999,145.24272803427218
7706,3,75,100,11.761,10.27027027027027,6.24,131.75422364242806
7707,3,75,100,6.7774,3.4270270270270276,2.0700000000000003,153.47361527426253
7708,3,75,100,7.6186,5.794594594594595,3.2600000000000002,133.07929590909563
7709,3,75,100,10.0765,5.405405405405405,4.409999999999999,120.22464262319122
7710,3,75,100,6.236,3.7837837837837838,2.35,124.42384837627962
7711,3,75,100,14.3186,11.35135135135135,9.76,126.71928768582183
7712,3,75,100,10.169,4.789189189189189,4.16,121.95863856501481
7713,3,75,100,10.1358,6.8432432432432435,4.7299999999999995,132.88359293472098
7714,3,75,100,8.4325,5.405405405405405,2.8,139.08428962478828
7715,3,75,100,9.7175,7.4702702702702695,5.36,159.9214544114225
7716,3,75,100,14.7297,14.054054054054054,8.870000000000001,139.10729888482982
7717,3,75,100,7.4039,6.486486486486487,3.4099999999999993,166.27983701877517
7718,3,75,100,10.6246,7.102702702702703,5.75,116.2905113794928
7719,3,75,100,9.6875,6.486486486486487,4.85,150.74884360465919
7720,3,80,100,7.1676,5.405405405405405,3.29,157.144222057071
7721,3,80,100,7.4999,2.7027027027027026,2.07,119.09701650243582
7722,3,80,100,8.0757,5.945945945945946,3.53,157.76509723820388
7723,3,80,100,11.97,11.891891891891891,5.85,143.3603756441498
7724,3,80,100,8.4854,3.7837837837837838,2.82,150.35173908525556
7725,3,80,100,4.2871,0.0,0.0,
7726,3,80,100,15.9601,14.054054054054053,9.67,136.62750330461523
7727,3,80,100,7.8912,4.324324324324325,2.63,156.5771098119739
7728,3,80,100,4.5705,0.5405405405405406,0.27,117.95404628807027
7729,3,80,100,8.1133,3.2432432432432434,3.5800000000000005,123.28043898821598
7730,3,80,100,7.6278,5.816216216216216,3.3600000000000003,146.1546122509037
7731,3,80,100,10.335,6.929729729729729,5.38,140.99903871950988
7732,3,80,100,7.6167,3.7837837837837838,2.4000000000000004,155.87528701092197
7733,3,80,100,16.9283,13.891891891891891,9.85,129.73233053440785
7734,3,80,100,9.0846,8.108108108108109,4.39,133.40301877757506
7735,3,80,100,7.5564,4.324324324324325,3.4099999999999993,128.93969540573798
7736,3,80,100,12.5526,10.82162162162162,7.24,140.0133574434709
7737,3,80,100,4.679,1.0810810810810811,0.71,121.46671835785651
7738,3,80,100,7.5974,3.243243243243243,2.0,118.81620057296078
7739,3,80,100,4.4948,0.8648648648648649,0.8899999999999999,154.48018721963575
7740,3,90,100,15.0877,14.594594594594593,10.08,140.38086530628408
7741,3,90,100,6.6157,2.8756756756756756,2.1100000000000003,125.88537957078051
7742,3,90,100,6.2268,3.2432432432432434,1.3800000000000001,179.41295319203562
7743,3,90,100,22.2592,22.681081081081082,16.19,135.5142568351029
7744,3,90,100,6.8426,3.3189189189189188,1.98,128.26595550883104
7745,3,90,100,20.814,20.54054054054054,14.62,128.93139908708113
7746,3,90,100,7.4657,2.7027027027027026,2.46,118.11385081241505
7747,3,90,100,4.2648,0.0,0.02,
7748,3,90,100,4.2898,1.0810810810810811,0.32999999999999996,126.02358629861425
7749,3,90,100,5.55,2.7027027027027026,1.5,153.14703589421612
7750,3,90,100,8.8369,6.486486486486486,4.32,127.11755945675246
7751,3,90,100,16.5381,17.502702702702702,11.0,139.18468534373713
7752,3,90,100,4.9844,1.6216216216216217,0.62,136.19589510383688
7753,3,90,100,13.8738,10.745945945945946,9.15,135.514927112252
7754,3,90,100,6.5374,2.6054054054054054,1.61,120.97473569439221
7755,3,90,100,12.7493,9.18918918918919,5.83,121.1695329447175
7756,3,90,100,6.4083,3.7837837837837838,1.7399999999999998,136.73617420551963
7757,3,90,100,12.5434,10.81081081081081,7.530000000000001,126.46428295200016
7758,3,90,100,14.2186,12.972972972972974,8.73,131.70641858705173
7759,3,90,100,12.3238,11.891891891891891,7.37,134.1723143020666
7760,3,100,100,4.6864,0.5405405405405406,0.62,103.87225177208435
7761,3,100,100,12.1014,12.972972972972974,8.52,129.42259995069693
7762,3,100,100,9.1706,5.9459459459459465,3.18,137.02617317457236
7763,3,100,100,13.985,12.432432432432432,8.7,132.56703255380128
7764,3,100,100,7.0757,3.7837837837837838,2.5,136.68971165415888
7765,3,100,100,5.0005,1.6216216216216217,1.1400000000000001,162.17763799560856
7766,3,100,100,13.3612,11.556756756756757,7.81,123.15328346290862
7767,3,100,100,13.4049,11.048648648648648,7.95,124.54089961461932
7768,3,100,100,14.7074,10.940540540540542,7.720000000000001,133.2530288952321
7769,3,100,100,6.577,1.772972972972973,1.3900000000000001,117.78769537915024
7770,3,100,100,9.3263,8.64864864864865,5.14,134.1022650240675
7771,3,100,100,8.2687,4.410810810810811,2.97,121.84136945125437
7772,3,100,100,5.4231,0.5405405405405406,1.09,100.07352330918395
7773,3,100,100,8.8102,5.848648648648648,4.05,146.61101206180712
7774,3,100,100,15.4062,15.675675675675677,10.139999999999997,139.25236027367308
7775,3,100,100,9.6537,5.945945945945946,4.57,127.06838819730233
7776,3,100,100,11.4551,12.432432432432432,5.8,126.43718701510629
7777,3,100,100,4.9056,1.6216216216216217,0.8699999999999999,130.30102625929058
7778,3,100,100,4.4681,0.0,0.04,
7779,3,100,100,14.3934,14.594594594594593,8.219999999999999,135.22439708088174
7780,3,370,100,48.9325,0.0,15.669999999999998,
7781,3,370,100,128.969,0.0,44.290000000000006,
7782,3,370,100,83.1631,0.0,26.630000000000003,
7783,3,370,100,176.1796,0.0,59.19,
7784,3,370,100,68.7731,0.0,22.69,
7785,3,370,100,103.9173,0.0,35.6,
7786,3,370,100,62.0436,0.0,20.5,
7787,3,370,100,81.6193,0.0,26.939999999999998,
7788,3,370,100,72.2456,0.0,23.7,
7789,3,370,100,188.7708,0.0,62.75999999999999,
7790,3,370,100,82.1986,0.0,28.630000000000003,
7791,3,370,100,77.7881,0.0,24.84,
7792,3,370,100,184.2266,0.0,61.989999999999995,
7793,3,370,100,114.9623,0.0,38.16,
7794,3,370,100,85.1124,0.0,28.5,
7795,3,370,100,188.9793,0.0,63.480000000000004,
7796,3,370,100,11.7516,0.0,2.7399999999999998,
7797,3,370,100,61.2139,0.0,19.380000000000003,
7798,3,370,100,132.0815,0.0,43.46,
7799,3,370,100,42.502,0.0,15.320000000000002,
