,Promoter,Threshold,Activation,S5PInt,S2PInt,Contact,DistActivation
0,1,10,1,29.3666,0.0,22.39,
1,1,10,1,2.0967,0.0,0.0,
2,1,10,1,25.2841,0.5405405405405406,21.22,113.20708654178615
3,1,10,1,31.164,2.1621621621621623,26.270000000000003,121.00065164482133
4,1,10,1,34.7746,0.0,28.919999999999998,
5,1,10,1,33.8731,0.5405405405405406,28.2,138.22979684758826
6,1,10,1,26.0986,1.6216216216216217,20.27,129.2421838465091
7,1,10,1,24.5817,0.5405405405405406,19.94,131.3939777934565
8,1,10,1,37.5296,1.6216216216216217,29.05,119.98255786993752
9,1,10,1,12.0346,0.0,9.1,
10,1,10,1,15.2462,1.6216216216216217,11.319999999999999,124.67261447922458
11,1,10,1,31.5116,0.5405405405405406,26.480000000000008,198.28409059695915
12,1,10,1,71.7727,3.2432432432432434,58.89,126.93814621404817
13,1,10,1,21.7411,0.5405405405405406,14.680000000000001,129.31546521376023
14,1,10,1,33.5557,3.4810810810810806,29.889999999999997,132.198434460425
15,1,10,1,48.8045,2.1621621621621623,41.86,160.1780533715871
16,1,10,1,24.2623,0.5405405405405406,18.550000000000004,126.26515638084607
17,1,10,1,30.2807,1.0810810810810811,23.88,122.8561756714814
18,1,10,1,47.5661,3.7837837837837838,40.74,127.54524306321483
19,1,10,1,21.9591,0.021621621621621623,15.26,126.77736091468428
20,1,20,1,46.615,2.7027027027027026,40.85,114.81786978190891
21,1,20,1,48.887,1.6216216216216217,39.53,180.47253468748252
22,1,20,1,34.1808,1.6216216216216217,26.439999999999998,123.2276368874892
23,1,20,1,13.2701,0.5405405405405406,10.02,110.65638367050009
24,1,20,1,12.8164,1.0810810810810811,10.190000000000001,111.99681420381417
25,1,20,1,16.0575,0.0,10.77,
26,1,20,1,18.7151,1.0810810810810811,16.93,139.54107064802483
27,1,20,1,25.1318,0.5405405405405406,20.830000000000002,111.32466038752548
28,1,20,1,31.2947,1.8918918918918919,25.04,116.59881951760758
29,1,20,1,11.4481,0.0,7.94,
30,1,20,1,9.6269,2.1621621621621623,6.88,156.77941750885668
31,1,20,1,33.7845,1.0810810810810811,25.96,122.51918320866169
32,1,20,1,6.5246,0.5405405405405406,4.16,133.76086690514043
33,1,20,1,14.2184,0.5405405405405406,9.959999999999999,103.69089026189532
34,1,20,1,26.9876,1.0810810810810811,21.43,122.49312787859554
35,1,20,1,51.1088,1.9675675675675677,42.76,116.81530315977936
36,1,20,1,20.5536,0.5405405405405406,17.02,107.94084355268325
37,1,20,1,22.6301,0.5405405405405406,17.19,132.68270984978167
38,1,20,1,22.2281,0.5405405405405406,15.940000000000001,117.97596580266281
39,1,20,1,24.5598,1.0810810810810811,18.46,131.91287719792064
40,1,30,1,18.2761,1.6216216216216217,14.61,119.16434407666134
41,1,30,1,8.5605,0.5405405405405406,4.92,124.6788169308235
42,1,30,1,17.475,0.5405405405405406,14.39,128.24734997145566
43,1,30,1,29.2918,0.5405405405405406,27.560000000000002,140.9706110784262
44,1,30,1,2.2296,0.0,0.08,
45,1,30,1,49.1357,0.5405405405405406,42.92,120.63319145912996
46,1,30,1,6.5088,1.0810810810810811,4.55,132.02237926316266
47,1,30,1,10.6485,0.5405405405405406,7.1,115.7531997471412
48,1,30,1,56.7797,2.1621621621621623,46.629999999999995,121.33934131485893
49,1,30,1,24.5861,1.0810810810810811,19.43,134.80605027409607
50,1,30,1,24.7324,0.5405405405405406,20.23,130.39677752679668
51,1,30,1,21.8105,0.5405405405405406,18.199999999999996,126.09778031083256
52,1,30,1,10.468,1.0810810810810811,8.45,133.51187797504855
53,1,30,1,32.1029,2.1621621621621623,26.860000000000003,118.02627617168156
54,1,30,1,41.5634,1.0810810810810811,33.82,119.36961214856164
55,1,30,1,27.2842,0.5405405405405406,21.369999999999997,127.65978758612454
56,1,30,1,5.3092,0.5405405405405406,2.5000000000000004,113.6057696790986
57,1,30,1,27.7403,0.5405405405405406,21.93,122.72343535057502
58,1,30,1,31.9029,0.0,23.53,
59,1,30,1,22.1797,0.5405405405405406,16.45,115.66320656135684
60,1,40,1,25.4172,0.5405405405405406,19.2,113.87518276779306
61,1,40,1,2.5658,0.0,0.0,
62,1,40,1,57.7831,1.0810810810810811,46.59,136.238189512217
63,1,40,1,37.9514,0.5405405405405406,33.85,136.6827232683431
64,1,40,1,29.9623,1.6216216216216217,23.449999999999996,112.45151013782997
65,1,40,1,23.7809,0.0,18.07,
66,1,40,1,17.2468,0.5405405405405406,13.479999999999999,113.37121957981441
67,1,40,1,23.5256,0.5405405405405406,20.07,121.05611104657159
68,1,40,1,34.0606,1.0810810810810811,28.15,123.45470154736174
69,1,40,1,24.0463,1.0810810810810811,18.85,109.5693577591752
70,1,40,1,41.6052,0.5405405405405406,33.39,125.44701312257229
71,1,40,1,20.8201,1.6216216216216217,17.97,127.11225574110263
72,1,40,1,17.7935,1.0810810810810811,14.45,135.9003728617007
73,1,40,1,26.013,1.0810810810810811,19.490000000000002,114.55251280822694
74,1,40,1,8.8662,1.0810810810810811,6.69,128.29791305673763
75,1,40,1,17.1954,0.5405405405405406,15.85,129.38244019320103
76,1,40,1,24.1412,1.0810810810810811,19.97,125.91960599963042
77,1,40,1,2.0894,0.0,0.0,
78,1,40,1,9.3486,0.5405405405405406,5.59,123.3219212760625
79,1,40,1,18.5572,1.0810810810810811,14.919999999999998,143.30226011090917
80,1,50,1,17.3474,0.5405405405405406,11.35,130.95073728939283
81,1,50,1,9.6923,0.0,6.42,
82,1,50,1,48.3694,2.7027027027027026,39.760000000000005,117.66637660395513
83,1,50,1,5.0682,0.5405405405405406,3.3099999999999996,145.88609753470314
84,1,50,1,22.8916,0.5405405405405406,15.8,116.63012943650986
85,1,50,1,46.2196,2.7027027027027026,40.82,123.68021676417007
86,1,50,1,10.1536,0.5405405405405406,8.45,133.132156576297
87,1,50,1,23.7932,1.6216216216216217,19.2,136.60304220629058
88,1,50,1,42.361,4.324324324324325,36.29,129.87730489015462
89,1,50,1,14.856,0.5405405405405406,10.690000000000001,116.67038701602397
90,1,50,1,28.7788,2.1621621621621623,24.32,131.34016433196288
91,1,50,1,44.4439,2.7027027027027026,39.42,120.69585170290956
92,1,50,1,53.1918,1.0810810810810811,42.4,124.21872654933497
93,1,50,1,8.9877,0.5405405405405406,5.2299999999999995,119.31509460745686
94,1,50,1,8.5419,1.0810810810810811,6.2299999999999995,116.65650412789597
95,1,50,1,27.9385,1.6216216216216217,22.68,115.59586532219687
96,1,50,1,33.4849,0.5405405405405406,27.810000000000002,130.46072379401986
97,1,50,1,14.2303,0.5405405405405406,8.78,110.28569752051209
98,1,50,1,30.7883,0.918918918918919,26.8,128.6081549138271
99,1,50,1,21.6609,1.0810810810810811,17.18,123.683895284973
100,1,60,1,27.9022,0.5405405405405406,21.46,116.48928565353177
101,1,60,1,28.0563,1.6216216216216217,21.910000000000004,117.82902029384451
102,1,60,1,7.0811,0.5405405405405406,4.119999999999999,125.5324534152886
103,1,60,1,42.1584,0.5405405405405406,32.71,108.91687455370612
104,1,60,1,20.7519,0.5405405405405406,16.44,117.02395910828852
105,1,60,1,28.3097,1.0810810810810811,23.44,129.76295518745786
106,1,60,1,27.9007,0.5405405405405406,23.119999999999997,120.73188479228914
107,1,60,1,38.9137,1.6216216216216217,30.829999999999995,119.88952839849962
108,1,60,1,28.512,1.0810810810810811,23.360000000000003,124.89589422118736
109,1,60,1,60.0159,1.0810810810810811,49.120000000000005,130.18284498225034
110,1,60,1,17.3823,0.5405405405405406,12.5,130.162903252572
111,1,60,1,27.8716,1.9135135135135137,22.639999999999997,118.11444075694511
112,1,60,1,16.7927,0.0,13.35,
113,1,60,1,18.1341,1.6216216216216217,13.27,125.04503872319509
114,1,60,1,15.3767,0.5405405405405406,13.13,118.61755813609565
115,1,60,1,36.7978,1.0810810810810811,31.0,114.42653549101858
116,1,60,1,49.7529,1.0810810810810811,41.870000000000005,118.95919119919537
117,1,60,1,34.4287,2.1621621621621623,26.6,119.11747833375723
118,1,60,1,47.5547,0.5405405405405406,39.29,113.5940309165468
119,1,60,1,27.9039,1.6216216216216217,23.04,115.66418700154725
120,1,70,1,24.449,1.6216216216216217,21.66,115.1629186802192
121,1,70,1,2.2081,0.0,0.0,
122,1,70,1,31.9884,1.6216216216216217,29.389999999999997,130.49663730621486
123,1,70,1,77.6431,2.1621621621621623,62.40999999999999,127.73504327156425
124,1,70,1,41.8348,0.0,35.35,
125,1,70,1,20.711,2.1621621621621623,16.919999999999998,120.09316822426851
126,1,70,1,2.005,0.0,0.0,
127,1,70,1,36.6066,1.0810810810810811,29.679999999999996,129.28450979907146
128,1,70,1,17.6148,1.0810810810810811,14.05,130.95037315143335
129,1,70,1,24.9635,1.0810810810810811,22.2,122.27704549121543
130,1,70,1,50.1172,2.1621621621621623,42.49,124.7695762952957
131,1,70,1,19.755,1.0810810810810811,15.65,106.57847587264067
132,1,70,1,8.8789,0.0,5.99,
133,1,70,1,50.0757,1.6216216216216217,39.95,118.3052223197321
134,1,70,1,13.0409,1.0810810810810811,9.440000000000001,118.8029469180155
135,1,70,1,26.4957,0.0,21.490000000000002,
136,1,70,1,19.3056,0.5405405405405406,15.51,124.9073861637952
137,1,70,1,49.1247,1.6216216216216217,41.55,129.03659725968464
138,1,70,1,29.7299,0.5405405405405406,22.419999999999998,111.57554574912554
139,1,70,1,17.674,0.0,15.59,
140,1,75,1,39.4434,1.0810810810810811,30.560000000000002,129.62600720044355
141,1,75,1,23.4924,1.0810810810810811,19.19,116.65418185686123
142,1,75,1,17.8751,0.5405405405405406,12.1,118.29085605889412
143,1,75,1,36.9076,1.6216216216216217,31.820000000000004,120.83429672080705
144,1,75,1,51.9612,1.0810810810810811,43.77,136.09779031250974
145,1,75,1,8.78,1.0810810810810811,6.16,111.96816496419504
146,1,75,1,36.3199,1.0810810810810811,31.190000000000005,119.98963865099502
147,1,75,1,10.6165,0.5405405405405406,6.56,119.48772848970788
148,1,75,1,37.3692,2.1621621621621623,32.15,121.42477020029929
149,1,75,1,45.9789,0.5405405405405406,39.809999999999995,108.24906682521838
150,1,75,1,56.8779,2.1621621621621623,46.029999999999994,119.13652771769472
151,1,75,1,63.0358,1.6216216216216217,53.720000000000006,125.96366597136115
152,1,75,1,27.799,0.0,23.07,
153,1,75,1,56.8688,2.7027027027027026,48.41,121.72643641781993
154,1,75,1,2.8161,0.5405405405405406,1.2,121.4841841542892
155,1,75,1,2.9652,0.0,0.8399999999999999,
156,1,75,1,20.0938,0.5405405405405406,14.7,143.60235870524343
157,1,75,1,30.9734,2.1621621621621623,24.93,114.83528564901818
158,1,75,1,28.3497,2.1621621621621623,24.22,139.4344940472873
159,1,75,1,31.9743,0.0,22.47,
160,1,80,1,37.2804,1.0810810810810811,31.089999999999996,114.89430330830245
161,1,80,1,20.9562,0.0,15.52,
162,1,80,1,25.9331,0.5405405405405406,20.5,122.1181014116962
163,1,80,1,41.0397,0.5405405405405406,31.380000000000003,110.04936170997658
164,1,80,1,1.9782,0.0,0.0,
165,1,80,1,30.3188,0.0,22.3,
166,1,80,1,44.1582,0.5405405405405406,35.19,135.90387445951626
167,1,80,1,19.7328,1.0810810810810811,15.91,117.82864164928279
168,1,80,1,27.9237,1.6216216216216217,21.970000000000002,133.05657867117372
169,1,80,1,21.1786,0.5405405405405406,19.1,125.96657180313782
170,1,80,1,55.1896,0.5405405405405406,45.42999999999999,118.5258550239796
171,1,80,1,22.0213,1.0810810810810811,17.78,117.76744815714088
172,1,80,1,28.341,0.5405405405405406,22.490000000000002,141.22619300414007
173,1,80,1,24.7486,0.0,18.7,
174,1,80,1,10.7911,1.0810810810810811,8.28,140.24214695700158
175,1,80,1,31.3972,1.0810810810810811,24.04,126.66605625615051
176,1,80,1,18.5739,0.0,15.89,
177,1,80,1,15.1221,0.0,11.11,
178,1,80,1,8.9879,0.0,6.1,
179,1,80,1,29.899,0.5405405405405406,24.220000000000002,110.6488740874001
180,1,90,1,54.851,1.7297297297297298,46.3,120.51304956603215
181,1,90,1,41.4512,1.6216216216216217,37.989999999999995,122.69287428086875
182,1,90,1,1.9539,0.0,0.0,
183,1,90,1,7.0121,1.0810810810810811,5.4399999999999995,117.58770534139344
184,1,90,1,23.17,1.0810810810810811,17.53,126.86148005443427
185,1,90,1,8.9424,0.0,5.98,
186,1,90,1,19.849,1.5567567567567566,15.85,123.81301795955592
187,1,90,1,2.3233,0.0,0.0,
188,1,90,1,49.0387,1.0810810810810811,40.57,118.53801145285327
189,1,90,1,13.5326,0.5405405405405406,10.51,117.04719924583652
190,1,90,1,42.1849,0.508108108108108,30.679999999999996,115.20356257767862
191,1,90,1,18.9428,0.5405405405405406,15.6,128.40313432828475
192,1,90,1,20.3124,0.5405405405405406,16.96,134.73489057067084
193,1,90,1,16.9526,1.0810810810810811,14.459999999999999,126.99253485712515
194,1,90,1,18.8306,0.5405405405405406,14.39,107.99163107112092
195,1,90,1,58.7946,2.1621621621621623,46.980000000000004,121.96900124980367
196,1,90,1,22.4164,0.5405405405405406,16.88,131.22491755598284
197,1,90,1,31.6881,0.0,24.43,
198,1,90,1,41.252,0.0,31.520000000000003,
199,1,90,1,13.7101,0.5405405405405406,9.17,111.52206688562808
200,1,100,1,9.0625,0.0,6.35,
201,1,100,1,20.8835,0.5405405405405406,15.440000000000001,131.58973319789777
202,1,100,1,2.2596,0.0,0.0,
203,1,100,1,16.9012,0.5405405405405406,15.459999999999999,135.4594011205998
204,1,100,1,54.7551,2.0864864864864865,46.629999999999995,123.13346977386716
205,1,100,1,30.8125,0.5405405405405406,26.630000000000003,135.9827823204071
206,1,100,1,26.3752,0.5405405405405406,22.36,103.54920811572073
207,1,100,1,16.8184,0.0,14.620000000000001,
208,1,100,1,29.7095,0.5405405405405406,24.3,142.79034089144452
209,1,100,1,35.4644,1.0810810810810811,27.79,169.63590617354987
210,1,100,1,21.4159,1.0810810810810811,16.43,120.25138203055104
211,1,100,1,44.4065,0.5405405405405406,39.190000000000005,131.10659635544172
212,1,100,1,2.1644,0.0,0.06,
213,1,100,1,2.4187,0.0,0.21000000000000002,
214,1,100,1,11.073,0.0,8.22,
215,1,100,1,42.4883,1.0810810810810811,32.67,110.2325870615822
216,1,100,1,26.5738,0.0,19.880000000000003,
217,1,100,1,36.0319,1.0810810810810811,29.889999999999997,117.29311718268784
218,1,100,1,20.3491,0.0,15.810000000000002,
219,1,100,1,39.5115,1.535135135135135,33.15,120.32858924204187
220,1,10,5,1.9556,0.0,0.0,
221,1,10,5,1.9545,0.0,0.02,
222,1,10,5,32.6367,8.108108108108109,30.48,134.1532263545909
223,1,10,5,27.7053,5.405405405405405,24.860000000000003,140.83351202134037
224,1,10,5,26.8539,5.935135135135136,22.04,150.60390213771214
225,1,10,5,14.0513,2.7027027027027026,10.900000000000002,126.06074907085915
226,1,10,5,9.6375,1.6216216216216217,6.24,176.05909818932923
227,1,10,5,26.1385,9.762162162162163,24.28,158.70479308376292
228,1,10,5,22.0066,3.2432432432432434,17.53,162.00778571347806
229,1,10,5,2.1912,0.0,0.0,
230,1,10,5,15.0471,5.405405405405405,13.09,126.87108159748243
231,1,10,5,2.2732,0.0,0.02,
232,1,10,5,45.592,9.18918918918919,39.88,126.10968458571634
233,1,10,5,25.3961,2.1621621621621623,19.130000000000003,114.61864071624726
234,1,10,5,14.7954,2.7027027027027026,10.870000000000001,117.87983134644814
235,1,10,5,16.7379,3.7837837837837838,13.070000000000002,197.1079284812483
236,1,10,5,3.0215,0.5405405405405406,0.32,286.82402747453233
237,1,10,5,7.4689,2.1621621621621623,5.2,165.99658391552947
238,1,10,5,28.3923,5.448648648648648,24.119999999999997,123.83812584075237
239,1,10,5,8.2106,2.7027027027027026,7.110000000000001,208.4789357424126
240,1,20,5,17.5654,3.7837837837837838,13.209999999999999,182.31514616087932
241,1,20,5,7.3749,2.1621621621621623,4.46,170.08541969745278
242,1,20,5,19.3673,5.005405405405405,17.93,137.45951152285903
243,1,20,5,11.9169,1.0810810810810811,9.58,122.90667116182848
244,1,20,5,2.3657,0.5405405405405406,0.22000000000000003,118.53237677172243
245,1,20,5,17.6321,4.864864864864865,16.4,134.25755427267168
246,1,20,5,19.4474,4.324324324324325,16.04,146.08614022284593
247,1,20,5,13.8751,3.7837837837837838,11.15,153.59300913817597
248,1,20,5,10.1107,3.2432432432432434,9.39,116.80153265407303
249,1,20,5,5.1886,0.5405405405405406,2.68,108.87455832674941
250,1,20,5,2.2413,0.0,0.06,
251,1,20,5,34.9526,3.2648648648648644,29.95,137.189604669998
252,1,20,5,10.4885,2.7027027027027026,10.07,158.59058299717907
253,1,20,5,13.3752,4.367567567567567,11.91,142.66901867742934
254,1,20,5,1.9449,0.0,0.0,
255,1,20,5,26.8325,6.41081081081081,23.77,190.14004578377384
256,1,20,5,9.2066,1.7297297297297298,7.69,127.66034631787888
257,1,20,5,11.666,2.7027027027027026,10.08,122.40623018199622
258,1,20,5,14.8184,4.324324324324325,14.209999999999999,131.6051893106987
259,1,20,5,2.5502,0.0,0.17,
260,1,30,5,15.0132,2.7027027027027026,12.959999999999999,130.9091723086066
261,1,30,5,18.9082,2.745945945945946,14.219999999999999,120.26035874762756
262,1,30,5,28.3798,4.864864864864865,22.99,113.03196696823316
263,1,30,5,22.0229,3.2864864864864862,16.36,114.60249374530983
264,1,30,5,15.3699,5.405405405405405,13.45,120.88790352070195
265,1,30,5,22.8543,5.9459459459459465,18.1,134.8471986964818
266,1,30,5,13.2274,2.7027027027027026,11.52,126.98610491088724
267,1,30,5,5.2829,0.0,2.9699999999999998,
268,1,30,5,11.9879,2.7027027027027026,8.73,185.98210771187587
269,1,30,5,16.7095,4.324324324324325,13.77,152.57256620460942
270,1,30,5,10.264,1.2216216216216216,7.019999999999999,124.29985331280784
271,1,30,5,31.2925,5.1567567567567565,24.919999999999998,134.5249214806052
272,1,30,5,26.3833,2.2594594594594595,21.43,125.10922223189095
273,1,30,5,11.1267,1.6216216216216217,8.379999999999999,134.95154266747548
274,1,30,5,16.0798,2.7027027027027026,12.15,128.32078215221355
275,1,30,5,18.2378,1.6216216216216217,12.830000000000002,118.75660407417445
276,1,30,5,16.1931,3.7837837837837838,13.979999999999999,149.78083221291283
277,1,30,5,20.7605,6.486486486486486,18.9,127.62617925770394
278,1,30,5,23.359,5.697297297297298,20.779999999999998,124.37661036099665
279,1,30,5,23.9626,2.1621621621621623,20.1,119.97982835596495
280,1,40,5,21.8475,3.7837837837837838,17.18,142.3650237980264
281,1,40,5,33.259,4.324324324324325,27.55,140.87469846761172
282,1,40,5,3.69,0.5405405405405406,1.6800000000000002,130.1333757517984
283,1,40,5,1.9295,0.0,0.2,
284,1,40,5,32.6139,4.864864864864865,25.939999999999998,118.79675172578634
285,1,40,5,14.5145,2.1621621621621623,10.290000000000001,119.43234091152257
286,1,40,5,3.1613,0.5405405405405406,1.23,111.35257945269058
287,1,40,5,2.4472,0.0,0.06999999999999999,
288,1,40,5,28.4051,7.783783783783784,28.119999999999997,121.30919365917752
289,1,40,5,2.4369,0.0,0.15,
290,1,40,5,19.4801,6.486486486486487,16.84,122.87026855829417
291,1,40,5,2.7982,0.0,0.16999999999999998,
292,1,40,5,18.126,3.7837837837837838,15.190000000000001,145.76838840089528
293,1,40,5,25.7842,4.324324324324325,22.58,115.0179792832182
294,1,40,5,6.2833,2.1621621621621623,4.63,123.43664292957752
295,1,40,5,3.85,1.0810810810810811,2.02,136.85663200482412
296,1,40,5,5.2739,1.6216216216216217,2.78,141.08153544739523
297,1,40,5,9.0694,1.6216216216216217,6.659999999999999,116.08544274293557
298,1,40,5,2.2931,0.0,0.16999999999999998,
299,1,40,5,1.7804,0.0,0.0,
300,1,50,5,11.4265,1.6216216216216217,8.87,175.29517808149487
301,1,50,5,2.9799,0.5405405405405406,1.09,116.03091218884414
302,1,50,5,10.9233,1.0810810810810811,9.0,116.6052038751717
303,1,50,5,2.1345,0.0,0.01,
304,1,50,5,29.7475,3.967567567567568,23.669999999999998,138.1653448614377
305,1,50,5,19.8003,1.6216216216216217,17.77,120.39811875300249
306,1,50,5,10.9539,2.1621621621621623,9.32,145.79348001620195
307,1,50,5,25.4959,4.324324324324325,22.439999999999998,122.32108950471523
308,1,50,5,7.6087,2.1621621621621623,5.499999999999999,116.22392071338705
309,1,50,5,1.6955,0.0,0.0,
310,1,50,5,9.2385,1.0810810810810811,6.6899999999999995,123.24067272206955
311,1,50,5,5.7737,1.0810810810810811,3.9199999999999995,122.22075006568679
312,1,50,5,18.8958,5.6,15.029999999999998,137.52291778242508
313,1,50,5,17.642,5.405405405405405,16.580000000000002,154.87935409756787
314,1,50,5,16.2899,3.2432432432432434,12.3,109.43167298857371
315,1,50,5,17.2359,2.1621621621621623,11.64,193.29709299698385
316,1,50,5,9.2508,1.6216216216216217,6.32,175.91495789290875
317,1,50,5,14.4289,3.2,12.88,120.88118543418602
318,1,50,5,10.7623,3.2432432432432434,8.379999999999999,138.49688119397493
319,1,50,5,8.3735,2.7027027027027026,6.489999999999999,116.39989718167017
320,1,60,5,16.4528,3.027027027027027,12.39,120.65055965808943
321,1,60,5,19.7098,5.632432432432433,18.22,125.72749973115387
322,1,60,5,1.9895,0.0,0.0,
323,1,60,5,6.634,1.6216216216216217,4.04,130.3236504448711
324,1,60,5,15.6886,2.7027027027027026,12.95,115.26681889451831
325,1,60,5,7.2948,1.0810810810810811,4.89,118.4699710193124
326,1,60,5,12.2781,2.1621621621621623,8.7,121.9769989007949
327,1,60,5,35.0624,7.027027027027027,30.869999999999997,134.67071322535963
328,1,60,5,9.7653,2.075675675675676,7.7,119.6370390911725
329,1,60,5,22.4542,5.9459459459459465,20.110000000000003,124.1664558670078
330,1,60,5,50.1303,9.18918918918919,44.06,123.71303583257668
331,1,60,5,13.0256,2.7027027027027026,11.28,126.61353519889569
332,1,60,5,18.589,3.935135135135135,16.970000000000002,124.78788403050744
333,1,60,5,14.5971,0.5513513513513513,10.870000000000001,118.98476677178921
334,1,60,5,21.0083,2.7351351351351356,17.51,120.57367065081415
335,1,60,5,11.1181,1.6216216216216217,7.090000000000001,112.64169061932908
336,1,60,5,7.0535,2.1621621621621623,4.46,126.42779375163985
337,1,60,5,45.7739,7.027027027027026,40.45,124.42442927141465
338,1,60,5,3.2458,0.0972972972972973,1.47,123.06837875466114
339,1,60,5,19.0273,2.1621621621621623,16.05,119.81086489944295
340,1,70,5,9.0819,2.1621621621621623,6.49,123.77605062240224
341,1,70,5,13.123,2.7027027027027026,10.129999999999999,150.21349354802783
342,1,70,5,33.2481,2.7027027027027026,27.660000000000004,115.02074983983809
343,1,70,5,24.7919,6.281081081081082,22.029999999999998,120.73768187047254
344,1,70,5,10.05,1.6216216216216217,6.359999999999999,162.35772650336207
345,1,70,5,11.2401,1.6216216216216217,7.4799999999999995,127.00841947934332
346,1,70,5,5.3862,0.5405405405405406,2.8099999999999996,131.74143714859852
347,1,70,5,6.7132,1.0810810810810811,4.67,137.09786718781467
348,1,70,5,13.6788,1.6216216216216217,10.2,106.71096193832385
349,1,70,5,17.8366,3.2432432432432434,14.6,129.29754004256867
350,1,70,5,2.6223,0.0,0.39,
351,1,70,5,23.8038,3.7837837837837838,21.02,141.9603895097221
352,1,70,5,8.6452,1.0810810810810811,5.359999999999999,124.89688782573744
353,1,70,5,11.7745,2.1621621621621623,9.790000000000001,123.62629894144499
354,1,70,5,29.1162,3.7837837837837838,23.51,124.22067729943846
355,1,70,5,29.1417,6.486486486486487,26.26,129.2319131786717
356,1,70,5,31.7551,4.864864864864865,27.04,118.93245300845325
357,1,70,5,9.3623,2.7027027027027026,6.05,117.1224794037104
358,1,70,5,32.5948,5.3297297297297295,26.389999999999997,131.03018256405312
359,1,70,5,29.7423,2.7027027027027026,25.54,134.7920817960732
360,1,75,5,35.1316,4.324324324324325,31.369999999999997,120.3298855929166
361,1,75,5,7.7326,1.6216216216216217,5.55,115.80047100813572
362,1,75,5,23.3262,4.864864864864865,19.91,139.3103148051747
363,1,75,5,22.6165,2.1621621621621623,20.39,118.11910701606786
364,1,75,5,7.0402,1.6216216216216217,5.01,131.39977869713917
365,1,75,5,25.3847,0.0,18.07,
366,1,75,5,12.985,2.1621621621621623,10.03,117.46866959218644
367,1,75,5,22.9629,2.7027027027027026,18.04,121.93358630613345
368,1,75,5,8.327,2.075675675675676,6.95,117.52878592541795
369,1,75,5,16.659,2.7027027027027026,13.319999999999999,123.55252903314408
370,1,75,5,19.9444,2.7027027027027026,14.51,117.52440658802304
371,1,75,5,12.9423,1.6216216216216217,9.879999999999999,187.9929641368266
372,1,75,5,33.5302,6.0864864864864865,28.389999999999997,119.44140224994027
373,1,75,5,11.4687,3.2432432432432434,8.7,119.41651106720515
374,1,75,5,44.8544,7.027027027027027,37.0,123.56283350714807
375,1,75,5,25.9448,6.486486486486487,23.310000000000002,131.23636214029526
376,1,75,5,31.1666,2.7027027027027026,25.589999999999996,122.84711159450191
377,1,75,5,24.468,2.7027027027027026,20.73,117.95454104492993
378,1,75,5,19.0809,4.367567567567567,17.470000000000002,118.72433262148031
379,1,75,5,27.3658,4.864864864864865,25.97,125.77118174108273
380,1,80,5,13.6513,3.5567567567567564,14.169999999999998,142.45418318167023
381,1,80,5,8.6643,1.6216216216216217,5.680000000000001,128.09592841355663
382,1,80,5,13.297,2.7027027027027026,9.28,149.90529926526509
383,1,80,5,32.7462,3.2432432432432434,25.52,113.96179285382154
384,1,80,5,2.2998,0.0,0.42000000000000004,
385,1,80,5,23.9969,2.7027027027027026,17.5,122.0803966600522
386,1,80,5,6.2689,1.6216216216216217,4.01,127.79679688796682
387,1,80,5,18.7473,2.7027027027027026,15.05,121.71601178176033
388,1,80,5,2.2975,0.0,0.11000000000000001,
389,1,80,5,23.0471,3.978378378378379,20.169999999999998,124.9101444391396
390,1,80,5,22.7483,2.1621621621621623,18.610000000000003,116.79978074450455
391,1,80,5,11.0044,2.1621621621621623,8.559999999999999,119.87218935879477
392,1,80,5,24.4919,2.7027027027027026,21.28,122.19294328126259
393,1,80,5,16.9662,2.1621621621621623,13.02,116.91824320347261
394,1,80,5,12.0898,2.7027027027027026,9.95,152.55595507730737
395,1,80,5,5.2333,1.0810810810810811,2.7300000000000004,213.90404304579909
396,1,80,5,9.6767,0.5405405405405406,6.029999999999999,114.76913064384756
397,1,80,5,21.0416,3.2432432432432434,16.34,125.70219135283112
398,1,80,5,14.0839,3.7837837837837838,13.14,125.38819915081085
399,1,80,5,25.7671,3.7837837837837838,22.72,118.27574229372735
400,1,90,5,20.6015,3.7837837837837838,16.990000000000002,148.3314397450653
401,1,90,5,21.1128,3.2432432432432434,17.82,120.16868341262999
402,1,90,5,25.0438,4.864864864864865,21.13,128.80180119902823
403,1,90,5,2.2265,0.0,0.01,
404,1,90,5,18.6431,2.1621621621621623,14.330000000000002,115.66493926077382
405,1,90,5,9.9539,1.0810810810810811,7.1,114.70383743251233
406,1,90,5,18.7278,0.0,14.430000000000001,
407,1,90,5,32.1365,4.864864864864865,26.580000000000002,122.45913511106515
408,1,90,5,2.7648,0.5405405405405406,0.54,117.15697142832026
409,1,90,5,36.9547,3.2432432432432434,32.03,127.42294983620063
410,1,90,5,36.9515,5.405405405405405,30.07,122.56714794534255
411,1,90,5,15.998,4.324324324324325,15.039999999999997,128.95345094579542
412,1,90,5,18.6439,1.8918918918918919,15.16,123.99847077729873
413,1,90,5,32.0913,5.945945945945946,30.52,118.540167867868
414,1,90,5,22.9253,3.2432432432432434,19.410000000000004,127.46334022653413
415,1,90,5,11.1969,0.7567567567567568,7.720000000000001,119.16162430167049
416,1,90,5,9.2008,1.0810810810810811,6.6,122.54631395627716
417,1,90,5,15.6102,2.205405405405405,12.55,116.5265029863273
418,1,90,5,20.9568,3.7837837837837838,18.17,142.75677648756917
419,1,90,5,9.8355,1.0810810810810811,7.279999999999999,206.09066013975843
420,1,100,5,19.3604,2.7027027027027026,18.22,132.63021835907787
421,1,100,5,17.6802,2.1621621621621623,16.29,128.31369357095014
422,1,100,5,13.373,2.27027027027027,9.63,163.76016087836098
423,1,100,5,29.688,3.7837837837837838,25.23,126.69060593459538
424,1,100,5,9.9345,2.1621621621621623,7.7,121.74776250033722
425,1,100,5,34.2332,2.1621621621621623,30.580000000000002,125.4630633168992
426,1,100,5,33.7775,3.7837837837837838,30.429999999999996,123.8183484698378
427,1,100,5,24.2845,2.7027027027027026,20.720000000000002,120.71050982273712
428,1,100,5,15.0253,3.4270270270270276,11.46,145.27791464134705
429,1,100,5,26.0318,5.405405405405405,21.28,124.28478755583399
430,1,100,5,10.2969,2.27027027027027,7.4799999999999995,125.0949405658456
431,1,100,5,5.2863,0.5405405405405406,3.41,125.71133482083559
432,1,100,5,17.5584,1.6216216216216217,12.48,114.72493272241566
433,1,100,5,17.1251,2.7027027027027026,12.22,147.10173370649537
434,1,100,5,18.5511,2.7027027027027026,13.7,124.84147956858229
435,1,100,5,13.693,3.2432432432432434,8.87,121.5178143859518
436,1,100,5,15.308,0.5405405405405406,13.25,145.22182823181535
437,1,100,5,21.5695,3.2432432432432434,17.889999999999997,123.51153874399427
438,1,100,5,2.0386,0.0,0.0,
439,1,100,5,25.3059,2.1621621621621623,23.65,122.81593686174284
440,1,10,10,10.0943,5.405405405405405,6.8,182.99348023135406
441,1,10,10,11.9393,3.7837837837837838,9.2,146.87094129006456
442,1,10,10,7.44,5.5675675675675675,7.13,144.6524734859041
443,1,10,10,5.1071,1.6216216216216217,2.6,234.6127269622488
444,1,10,10,7.4072,1.945945945945946,4.99,326.98174729563857
445,1,10,10,8.3493,3.2432432432432434,6.68,173.98331902321146
446,1,10,10,3.0492,1.0810810810810811,1.23,131.0139642552055
447,1,10,10,8.4703,4.864864864864865,7.610000000000001,161.60799498429247
448,1,10,10,19.4484,8.64864864864865,18.72,147.07457962317557
449,1,10,10,13.2832,12.216216216216216,12.53,191.02084949072542
450,1,10,10,14.0931,3.7837837837837838,9.760000000000002,185.82242306440685
451,1,10,10,5.733,2.7027027027027026,4.82,151.28204683116036
452,1,10,10,16.6715,5.405405405405405,15.61,132.1942484709587
453,1,10,10,2.1685,0.0,0.02,
454,1,10,10,20.9377,7.027027027027026,18.19,127.80312473106663
455,1,10,10,21.2125,11.848648648648648,20.82,133.93500901169497
456,1,10,10,5.2964,1.6216216216216217,2.62,221.12467694887178
457,1,10,10,11.6921,4.864864864864865,10.379999999999999,149.82036407351876
458,1,10,10,21.2169,6.994594594594593,20.32,141.42375859233996
459,1,10,10,10.5517,4.324324324324325,8.190000000000001,182.46574890575272
460,1,20,10,15.072,4.864864864864865,12.74,134.89252377736787
461,1,20,10,8.6932,2.7027027027027026,6.51,131.37150696021618
462,1,20,10,16.189,9.72972972972973,17.04,147.8277194663848
463,1,20,10,17.5773,6.486486486486487,16.330000000000002,120.6746285685843
464,1,20,10,26.7543,16.216216216216218,26.75,159.0563586100047
465,1,20,10,16.6383,3.7837837837837838,14.76,160.02536301254617
466,1,20,10,17.262,5.945945945945946,15.11,137.98540634206685
467,1,20,10,3.5285,1.0810810810810811,1.2400000000000002,217.33399196189671
468,1,20,10,11.4325,3.978378378378378,8.33,148.52949103240414
469,1,20,10,2.9783,1.0810810810810811,0.32999999999999996,257.04446531144333
470,1,20,10,7.7465,3.2432432432432434,6.609999999999999,180.54109588968404
471,1,20,10,33.4928,9.6,29.85,136.92997440405614
472,1,20,10,3.2914,0.5405405405405406,0.79,254.665938928996
473,1,20,10,18.0381,6.821621621621621,14.99,135.73583299602592
474,1,20,10,13.703,6.65945945945946,10.75,180.25323728332043
475,1,20,10,2.4027,0.5405405405405406,0.030000000000000006,310.2344849521997
476,1,20,10,2.0215,0.0,0.01,
477,1,20,10,3.2253,0.5405405405405406,1.34,142.03292667806826
478,1,20,10,7.857,5.405405405405405,6.789999999999999,165.08112425930076
479,1,20,10,20.6464,9.72972972972973,17.02,179.2828362968632
480,1,30,10,5.7091,2.1621621621621623,3.7,111.30317701960118
481,1,30,10,13.2805,2.7027027027027026,9.23,121.45652284643833
482,1,30,10,5.6348,2.7027027027027026,3.7400000000000007,140.38794672103222
483,1,30,10,14.7972,5.405405405405405,13.169999999999998,125.5815982623679
484,1,30,10,14.8712,5.7405405405405405,12.330000000000002,140.15248913092483
485,1,30,10,26.2083,8.64864864864865,21.919999999999998,140.12171608374985
486,1,30,10,14.2839,5.405405405405405,11.34,126.28529481144464
487,1,30,10,15.0651,3.2432432432432434,12.74,126.95684136337955
488,1,30,10,23.5627,6.940540540540541,20.78,168.08729886942686
489,1,30,10,15.2685,7.5675675675675675,16.28,130.58114278659508
490,1,30,10,7.958,1.6216216216216217,5.54,124.67476878010531
491,1,30,10,6.4594,2.1621621621621623,5.33,174.10051257683278
492,1,30,10,22.2305,3.2432432432432434,17.35,121.27398543251286
493,1,30,10,7.7131,2.7027027027027026,5.7700000000000005,165.2839297546437
494,1,30,10,24.026,8.464864864864866,19.580000000000002,173.7289311167295
495,1,30,10,18.7436,9.98918918918919,17.770000000000003,130.38420769596897
496,1,30,10,28.1754,10.497297297297298,25.669999999999998,136.77606188222268
497,1,30,10,6.6457,3.7837837837837838,5.34,149.8160890563776
498,1,30,10,23.1111,8.108108108108109,18.41,136.16887784256124
499,1,30,10,9.326,3.7837837837837838,6.909999999999999,159.98217533988742
500,1,40,10,2.1609,0.0,0.01,
501,1,40,10,5.3793,2.7027027027027026,4.18,133.90605670247183
502,1,40,10,11.3174,1.6216216216216217,8.25,125.06714264848303
503,1,40,10,22.8173,9.72972972972973,21.32,140.12833713382395
504,1,40,10,9.5121,0.5405405405405406,8.1,139.84736864532744
505,1,40,10,3.328,1.6216216216216217,2.1399999999999997,163.74019658675243
506,1,40,10,26.8986,8.464864864864866,24.0,129.94104518261892
507,1,40,10,7.0079,0.5513513513513513,3.5300000000000002,113.85471218304812
508,1,40,10,8.115,2.7027027027027026,5.79,130.09394445564178
509,1,40,10,13.7327,3.621621621621622,9.52,130.04353647141377
510,1,40,10,10.2852,3.2432432432432434,8.89,131.4140833832394
511,1,40,10,6.5723,2.1621621621621623,3.65,156.65993996169885
512,1,40,10,25.6327,9.632432432432433,25.43,131.471257137713
513,1,40,10,4.8949,1.6972972972972973,3.35,116.97826822652692
514,1,40,10,26.1226,10.81081081081081,24.55,130.9997247880994
515,1,40,10,22.0085,7.027027027027026,18.07,139.01200573015174
516,1,40,10,11.3184,3.5027027027027025,8.959999999999999,118.9828732061038
517,1,40,10,5.4249,1.6216216216216217,2.4699999999999998,155.3341529823932
518,1,40,10,23.8273,7.027027027027027,21.24,124.65160808360686
519,1,40,10,5.7541,1.6216216216216217,3.84,127.54728273885398
520,1,50,10,14.8513,6.345945945945946,13.210000000000003,163.32716425934038
521,1,50,10,18.7106,6.313513513513513,16.0,135.7297819108822
522,1,50,10,9.4062,2.7135135135135138,7.5,161.36820299984637
523,1,50,10,2.7626,0.5405405405405406,0.5900000000000001,188.9213559601883
524,1,50,10,22.9054,5.405405405405405,19.4,128.93864524284166
525,1,50,10,19.1362,6.2594594594594595,17.240000000000002,141.7574674569574
526,1,50,10,10.7263,3.978378378378378,8.2,152.14183204124294
527,1,50,10,6.1968,0.5405405405405406,4.03,279.65283162967285
528,1,50,10,25.21,4.864864864864865,20.81,122.70819078344681
529,1,50,10,28.2009,9.18918918918919,25.169999999999998,124.56522210694663
530,1,50,10,11.3269,4.324324324324325,9.85,134.8633045742945
531,1,50,10,23.2376,7.027027027027027,22.270000000000003,131.4466556510574
532,1,50,10,19.9603,6.691891891891892,18.54,150.91675366585736
533,1,50,10,6.4168,2.1621621621621623,4.83,158.28105138156116
534,1,50,10,1.6282,0.0,0.02,
535,1,50,10,12.8672,4.508108108108108,13.169999999999998,129.13881744857014
536,1,50,10,2.4823,0.5405405405405406,0.22999999999999998,282.01583733341454
537,1,50,10,11.3052,4.864864864864865,9.8,138.1012106341021
538,1,50,10,15.7632,6.486486486486487,15.51,117.5415394811804
539,1,50,10,5.2438,1.0810810810810811,3.0900000000000003,131.84012133331214
540,1,60,10,11.5313,2.1621621621621623,7.9,120.39273535703879
541,1,60,10,16.5499,4.864864864864865,16.05,126.71220819183814
542,1,60,10,10.6584,3.7837837837837838,8.8,127.58098036971329
543,1,60,10,17.0279,6.118918918918919,14.529999999999998,130.3993707948358
544,1,60,10,18.5409,8.540540540540542,17.880000000000003,137.4696456277396
545,1,60,10,11.5237,2.7027027027027026,9.190000000000001,118.36942028879108
546,1,60,10,21.0793,5.935135135135136,17.65,133.65476881817602
547,1,60,10,8.7296,1.6216216216216217,5.959999999999999,121.19949137963344
548,1,60,10,7.054,2.7027027027027026,5.319999999999999,143.2509971561868
549,1,60,10,2.005,0.0,0.05,
550,1,60,10,10.0671,5.405405405405405,9.43,135.22862587508936
551,1,60,10,11.5006,1.0810810810810811,8.33,124.50130045422816
552,1,60,10,10.8777,4.324324324324325,9.94,125.38740957934479
553,1,60,10,12.7606,2.4,10.9,157.85884127103242
554,1,60,10,11.7083,3.7837837837837838,9.31,117.95943536256459
555,1,60,10,7.0908,1.0810810810810811,3.9799999999999995,128.90742310782505
556,1,60,10,12.0947,4.324324324324325,11.489999999999998,156.8924601914262
557,1,60,10,18.7986,5.9459459459459465,17.839999999999996,140.4999738611565
558,1,60,10,19.8548,8.108108108108109,18.339999999999996,127.64318311364136
559,1,60,10,2.9362,0.0,0.8300000000000001,
560,1,70,10,16.6328,4.324324324324325,13.580000000000002,115.90463735278331
561,1,70,10,17.1682,5.945945945945946,15.029999999999998,123.37691413223816
562,1,70,10,33.5148,8.551351351351352,32.92,134.4275274726263
563,1,70,10,13.2435,1.6216216216216217,10.45,113.16454910922694
564,1,70,10,2.1059,0.0,0.27999999999999997,
565,1,70,10,19.34,9.18918918918919,16.4,151.6952451469554
566,1,70,10,15.7642,5.9459459459459465,13.239999999999998,143.10724545259993
567,1,70,10,9.716,2.7027027027027026,8.36,125.0540426205868
568,1,70,10,7.6041,2.7027027027027026,5.8,131.6011901457644
569,1,70,10,4.6409,1.6216216216216217,2.33,168.83303763230288
570,1,70,10,25.11,7.027027027027027,21.089999999999996,136.17721450737127
571,1,70,10,20.1046,9.18918918918919,19.79,140.03152351447537
572,1,70,10,7.2473,3.2432432432432434,4.859999999999999,139.8705821246698
573,1,70,10,5.8289,2.1621621621621623,3.45,117.62779554082739
574,1,70,10,9.8354,3.2432432432432434,7.76,116.92169991024834
575,1,70,10,11.5476,3.891891891891892,9.2,144.46306089852925
576,1,70,10,4.141,0.5405405405405406,1.86,114.88798912816542
577,1,70,10,7.7374,2.1621621621621623,5.83,143.6630795261817
578,1,70,10,19.9419,6.486486486486487,17.279999999999998,129.91189231664407
579,1,70,10,17.8827,8.108108108108109,15.0,147.790898626093
580,1,75,10,9.512,2.7027027027027026,7.659999999999999,125.7328184946828
581,1,75,10,2.6826,0.5405405405405406,1.1300000000000001,120.50419166929296
582,1,75,10,11.332,2.1621621621621623,8.17,114.93532288305319
583,1,75,10,6.0389,0.5405405405405406,3.65,127.4179714370494
584,1,75,10,19.5289,4.38918918918919,16.009999999999998,121.6090965841844
585,1,75,10,7.5476,2.7027027027027026,5.5600000000000005,127.97162306055489
586,1,75,10,12.6009,3.7837837837837838,11.22,125.5330558754312
587,1,75,10,20.5813,4.68108108108108,16.27,128.17623156762644
588,1,75,10,12.132,3.2432432432432434,10.39,151.70818152500235
589,1,75,10,9.6047,3.7837837837837838,9.25,131.19881206592117
590,1,75,10,31.7031,7.081081081081081,27.190000000000005,123.34488126227613
591,1,75,10,23.4971,9.72972972972973,24.0,130.8163742742975
592,1,75,10,19.267,4.324324324324325,17.32,122.62695261028914
593,1,75,10,7.6377,1.6216216216216217,5.71,122.18879469351693
594,1,75,10,19.5824,5.405405405405405,16.810000000000002,119.3695379676811
595,1,75,10,4.781,1.6216216216216217,3.4800000000000004,137.14920431736834
596,1,75,10,3.1788,0.5405405405405406,0.6599999999999999,269.0444595268364
597,1,75,10,20.0332,5.405405405405405,16.96,117.38085899153369
598,1,75,10,13.3733,3.7837837837837838,11.42,128.46781529702415
599,1,75,10,1.9939,0.0,0.0,
600,1,80,10,5.6222,2.1621621621621623,4.0200000000000005,139.25695898580017
601,1,80,10,14.682,3.7837837837837838,13.090000000000003,144.68287116807593
602,1,80,10,21.164,7.027027027027026,19.810000000000002,134.89180329014718
603,1,80,10,13.0891,5.945945945945946,11.89,132.10324735334157
604,1,80,10,3.8466,0.5405405405405406,2.5900000000000003,140.19608624689525
605,1,80,10,12.0115,2.7027027027027026,9.8,140.9937580112083
606,1,80,10,21.7074,5.8810810810810805,19.89,131.68324549593183
607,1,80,10,6.6437,0.43243243243243246,3.9299999999999997,110.65109987931807
608,1,80,10,10.6159,2.7027027027027026,8.260000000000002,132.63577040661764
609,1,80,10,32.5986,8.64864864864865,29.65,126.83267607777285
610,1,80,10,2.3237,0.0,0.8400000000000001,
611,1,80,10,30.3677,7.027027027027027,27.1,123.50884421977136
612,1,80,10,20.7387,7.027027027027027,16.720000000000002,144.11099911285197
613,1,80,10,14.2495,3.7837837837837838,12.71,119.32645677954879
614,1,80,10,3.1096,0.5405405405405406,0.8699999999999999,126.43363948681704
615,1,80,10,25.1834,5.405405405405405,23.57,130.58199390602914
616,1,80,10,2.2794,0.0,0.11000000000000001,
617,1,80,10,18.4717,4.324324324324325,15.98,150.00337457098266
618,1,80,10,15.4693,4.324324324324325,12.61,125.36137923117425
619,1,80,10,15.4177,4.324324324324325,12.3,120.04519628616251
620,1,90,10,6.9234,1.6216216216216217,3.94,112.8526436838078
621,1,90,10,8.2665,2.1621621621621623,5.46,132.2351417469919
622,1,90,10,20.7332,4.324324324324325,17.15,119.2350346843426
623,1,90,10,12.7673,1.0810810810810811,9.559999999999999,117.08511156735582
624,1,90,10,9.329,2.1621621621621623,6.36,122.26623272534115
625,1,90,10,24.1633,4.864864864864865,21.3,117.4268601807804
626,1,90,10,19.4911,7.5675675675675675,16.81,151.21174828239376
627,1,90,10,28.641,5.254054054054054,24.65,128.13105932319493
628,1,90,10,2.913,0.5405405405405406,0.61,125.78635937214032
629,1,90,10,4.89,1.0810810810810811,2.59,140.7999685224651
630,1,90,10,13.6902,3.7837837837837838,11.12,123.05300290590695
631,1,90,10,10.5098,3.2432432432432434,7.840000000000001,139.02568851926364
632,1,90,10,9.6146,2.7027027027027026,6.589999999999999,120.38640591795092
633,1,90,10,19.6121,5.405405405405405,18.69,136.82806226616157
634,1,90,10,17.9524,4.864864864864865,13.74,127.58287696166177
635,1,90,10,7.9386,2.1621621621621623,7.31,160.7772107048104
636,1,90,10,11.0454,2.7027027027027026,8.09,138.31742942192233
637,1,90,10,12.6761,3.9567567567567563,11.65,122.78774259035046
638,1,90,10,2.528,0.0,0.11000000000000001,
639,1,90,10,19.5221,3.156756756756757,19.32,128.79803834570353
640,1,100,10,34.6894,8.25945945945946,29.73,129.81854255824652
641,1,100,10,7.5412,1.0810810810810811,4.67,116.31024727307496
642,1,100,10,24.6483,4.324324324324325,20.240000000000002,136.6193265671501
643,1,100,10,23.5841,7.027027027027027,20.71,131.42567755086185
644,1,100,10,2.2496,0.0,0.18,
645,1,100,10,19.9804,4.108108108108108,15.829999999999998,132.1648587903782
646,1,100,10,17.9724,5.945945945945946,15.76,136.73165881403722
647,1,100,10,18.7191,3.308108108108108,15.14,118.6140774242053
648,1,100,10,7.0596,0.5405405405405406,4.88,118.34242941127033
649,1,100,10,5.1781,0.8432432432432432,3.16,122.72962318391805
650,1,100,10,28.8859,5.6432432432432424,23.96,120.88879091460149
651,1,100,10,21.7478,2.7027027027027026,18.73,161.83822835718817
652,1,100,10,5.9059,1.0810810810810811,4.3100000000000005,122.70967207649949
653,1,100,10,18.7881,2.7027027027027026,16.0,126.6136028327185
654,1,100,10,6.8358,2.1621621621621623,5.25,121.14065541169627
655,1,100,10,27.7801,8.108108108108109,24.48,138.2368852203322
656,1,100,10,22.7791,4.8432432432432435,20.78,125.75221075756563
657,1,100,10,16.1734,3.7837837837837838,15.49,142.908263090846
658,1,100,10,13.1179,1.6216216216216217,8.76,131.06743412937826
659,1,100,10,29.9649,8.64864864864865,26.840000000000003,127.43883159970709
660,1,10,15,8.6614,4.864864864864865,8.290000000000001,134.57343591976007
661,1,10,15,12.3187,9.72972972972973,12.209999999999999,164.67610730986556
662,1,10,15,20.2675,9.956756756756757,19.580000000000002,162.0970635723601
663,1,10,15,13.3117,8.324324324324325,13.02,155.84962307348297
664,1,10,15,9.1966,7.027027027027026,8.36,173.39169071437848
665,1,10,15,11.5763,5.405405405405405,9.940000000000001,165.56903458845565
666,1,10,15,5.5869,2.7027027027027026,4.15,186.87793688110554
667,1,10,15,6.329,3.135135135135135,4.69,158.97433192067106
668,1,10,15,12.1173,8.108108108108109,12.770000000000001,160.94842045124568
669,1,10,15,6.3074,5.405405405405405,5.29,176.09216459903678
670,1,10,15,14.4008,7.5675675675675675,12.45,195.3560882856507
671,1,10,15,11.4071,6.8,10.49,165.8832025005634
672,1,10,15,4.2283,1.3945945945945946,2.17,180.353792283471
673,1,10,15,5.7822,2.7027027027027026,4.3,181.03869603034653
674,1,10,15,15.6893,6.486486486486487,13.27,163.72954317847208
675,1,10,15,9.5631,2.7027027027027026,6.37,137.68074934998205
676,1,10,15,2.5742,0.0,0.06000000000000001,
677,1,10,15,2.5559,0.0,0.06,
678,1,10,15,25.493,16.756756756756758,25.990000000000002,160.41323729168155
679,1,10,15,6.4675,3.2432432432432434,4.59,167.6217658578358
680,1,20,15,8.1173,4.324324324324325,5.43,191.0730401572536
681,1,20,15,2.977,1.0810810810810811,0.72,139.29663819007243
682,1,20,15,8.1259,5.167567567567568,7.26,133.37740464340374
683,1,20,15,5.1986,2.7027027027027026,4.1899999999999995,181.0613829847028
684,1,20,15,9.5312,2.7027027027027026,8.28,135.61450549048203
685,1,20,15,3.2077,0.5405405405405406,0.47000000000000003,290.7831863771476
686,1,20,15,15.2108,12.767567567567568,14.810000000000002,150.6552312024811
687,1,20,15,24.5595,9.35135135135135,23.42,151.33036121063097
688,1,20,15,16.7951,8.64864864864865,15.7,134.82285831647434
689,1,20,15,10.0964,7.027027027027027,9.5,149.44960145809574
690,1,20,15,6.496,3.7837837837837838,5.040000000000001,151.16023268744058
691,1,20,15,9.9296,5.405405405405405,7.539999999999999,140.20510669444823
692,1,20,15,8.223,3.675675675675676,6.18,163.32966227168436
693,1,20,15,1.9527,0.0,0.030000000000000006,
694,1,20,15,5.8048,3.2432432432432434,5.2299999999999995,128.49949898985892
695,1,20,15,4.0712,2.1621621621621623,2.2299999999999995,180.72926418953637
696,1,20,15,2.0717,0.0,0.36,
697,1,20,15,8.2901,5.027027027027027,6.92,134.87869874930402
698,1,20,15,5.8093,3.2432432432432434,4.380000000000001,158.73606593708692
699,1,20,15,15.0544,8.432432432432432,14.4,153.55467687445326
700,1,30,15,4.4665,1.0810810810810811,2.59,128.43846910706608
701,1,30,15,16.6249,5.145945945945946,13.9,124.46474338044179
702,1,30,15,10.9567,7.686486486486487,10.379999999999999,161.17897984360263
703,1,30,15,6.6013,3.2432432432432434,4.58,125.0235175349337
704,1,30,15,18.8768,14.054054054054054,17.04,168.37876753433045
705,1,30,15,10.0197,5.405405405405405,8.01,151.3111303752407
706,1,30,15,10.2921,3.7837837837837838,7.140000000000001,179.63738674833
707,1,30,15,14.9651,4.864864864864865,12.190000000000001,132.74104322186406
708,1,30,15,3.4276,0.34594594594594597,1.19,114.92938685021333
709,1,30,15,13.0346,4.864864864864865,12.42,139.87487934755052
710,1,30,15,9.5777,3.7837837837837838,7.44,131.55170391453356
711,1,30,15,16.8492,6.627027027027028,16.57,134.29858268121663
712,1,30,15,10.2838,5.9459459459459465,8.64,162.47186033445305
713,1,30,15,8.698,4.162162162162162,8.48,139.42943787792007
714,1,30,15,9.3224,3.72972972972973,5.82,209.48780356565703
715,1,30,15,2.3202,0.5405405405405406,0.65,293.77086590917565
716,1,30,15,16.774,7.837837837837839,15.800000000000002,138.0588946811649
717,1,30,15,5.3862,2.1621621621621623,3.4899999999999998,123.53858219071645
718,1,30,15,13.3442,6.9837837837837835,12.52,142.13667604258507
719,1,30,15,8.8841,3.7837837837837838,7.01,168.78752716502498
720,1,40,15,12.4195,6.486486486486487,11.25,144.24491424840602
721,1,40,15,9.9991,3.7837837837837838,9.280000000000001,164.2250786978134
722,1,40,15,10.6428,5.405405405405405,8.91,163.197084943768
723,1,40,15,13.0757,5.210810810810811,11.14,123.88354434593455
724,1,40,15,2.8478,0.5405405405405406,0.79,121.89804973525135
725,1,40,15,5.591,1.6216216216216217,3.6599999999999993,139.73377939884756
726,1,40,15,11.8826,3.7837837837837838,9.94,127.33944363103244
727,1,40,15,2.8561,0.5405405405405406,0.64,180.63886575214056
728,1,40,15,22.7211,10.63783783783784,21.21,146.25283113310257
729,1,40,15,9.6052,4.313513513513513,8.389999999999999,172.8641584564595
730,1,40,15,7.2993,3.7837837837837838,5.83,134.90846507028934
731,1,40,15,17.9148,11.05945945945946,16.2,129.38930196975747
732,1,40,15,3.4539,2.1621621621621623,2.45,195.9646299505531
733,1,40,15,2.376,0.5405405405405406,0.52,199.37778985892464
734,1,40,15,10.9856,5.481081081081081,8.37,162.89134891018372
735,1,40,15,12.81,4.324324324324325,10.1,125.19838791755448
736,1,40,15,18.503,10.27027027027027,15.439999999999998,158.20027253079843
737,1,40,15,2.7203,0.5405405405405406,0.95,100.46378714757228
738,1,40,15,12.6355,4.324324324324325,10.75,152.5501861155769
739,1,40,15,10.5505,3.762162162162162,8.53,123.23373860336451
740,1,50,15,3.66,2.1621621621621623,1.6600000000000001,143.44368077356364
741,1,50,15,10.383,6.1189189189189195,9.51,150.21850808900948
742,1,50,15,2.1541,0.0,0.29000000000000004,
743,1,50,15,11.296,4.864864864864865,8.819999999999999,137.55607815855038
744,1,50,15,5.2679,1.6216216216216217,2.8,127.14200164828792
745,1,50,15,14.0508,4.324324324324325,12.49,128.29914570402622
746,1,50,15,12.7858,2.1621621621621623,9.309999999999999,113.49497715923737
747,1,50,15,7.2946,4.324324324324325,5.96,144.1309983573202
748,1,50,15,18.7636,7.027027027027027,14.85,151.8764030148717
749,1,50,15,7.5987,3.2432432432432434,6.05,123.11204045493781
750,1,50,15,5.5792,3.2432432432432434,4.11,186.1304238164388
751,1,50,15,5.4456,1.6216216216216217,3.5900000000000007,187.29617274394244
752,1,50,15,10.8397,5.945945945945946,9.93,139.4553878759429
753,1,50,15,7.82,3.7837837837837838,6.250000000000001,144.41964703672835
754,1,50,15,10.6766,5.578378378378379,9.629999999999999,128.69023852387173
755,1,50,15,14.3026,6.205405405405405,11.0,176.30434050995447
756,1,50,15,5.2232,2.1621621621621623,4.04,150.74424208522805
757,1,50,15,11.0016,8.108108108108109,11.139999999999999,147.66753233105015
758,1,50,15,7.4755,2.7027027027027026,6.55,116.08288684475724
759,1,50,15,2.9733,0.5405405405405406,0.45,151.2938379106229
760,1,60,15,8.8934,4.324324324324325,7.840000000000001,137.26983702135686
761,1,60,15,6.825,1.6216216216216217,4.68,140.86212841329268
762,1,60,15,13.16,4.864864864864865,11.75,117.11062272434548
763,1,60,15,3.9385,1.7621621621621621,1.7600000000000002,207.3696278752857
764,1,60,15,13.1595,5.405405405405405,11.370000000000001,138.14593470382684
765,1,60,15,7.3544,3.2432432432432434,4.720000000000001,141.23937168040698
766,1,60,15,11.7258,8.54054054054054,12.280000000000001,134.84733518448405
767,1,60,15,13.3056,5.9459459459459465,12.7,130.2373671260614
768,1,60,15,7.7091,3.2432432432432434,6.609999999999999,133.5973315343132
769,1,60,15,8.974,4.475675675675676,6.589999999999999,151.06037196402022
770,1,60,15,3.4557,1.9243243243243247,2.1399999999999997,130.0360866775615
771,1,60,15,10.2916,5.405405405405405,8.870000000000001,142.97345304331884
772,1,60,15,9.9646,2.1621621621621623,7.18,156.70483101537582
773,1,60,15,16.1657,7.643243243243243,15.569999999999999,125.46599585491431
774,1,60,15,10.4048,1.6216216216216217,8.61,173.00521572734593
775,1,60,15,11.2179,4.324324324324325,9.209999999999999,125.48938709841447
776,1,60,15,16.2803,7.027027027027027,14.080000000000002,135.28312101811832
777,1,60,15,8.4374,2.389189189189189,4.9799999999999995,137.57594404877452
778,1,60,15,13.6112,5.945945945945946,12.39,121.23712084049325
779,1,60,15,12.4775,7.027027027027027,12.27,127.22529459414442
780,1,70,15,10.0822,6.486486486486486,9.669999999999998,125.58699074287505
781,1,70,15,3.3494,0.0,1.0699999999999998,
782,1,70,15,26.1904,8.64864864864865,22.29,125.03230632117841
783,1,70,15,4.2129,1.0810810810810811,2.81,120.35909697402515
784,1,70,15,8.509,4.864864864864865,5.86,133.00938213381545
785,1,70,15,4.6172,1.6216216216216217,1.72,131.93231991882382
786,1,70,15,10.6951,6.486486486486487,9.38,130.68604342380078
787,1,70,15,3.6304,1.6216216216216217,1.86,168.57362191377322
788,1,70,15,14.013,5.945945945945946,14.62,150.56402551226986
789,1,70,15,3.7358,0.0,1.6800000000000002,
790,1,70,15,2.4824,0.5405405405405406,0.55,234.2714602337845
791,1,70,15,6.6253,1.0810810810810811,4.66,131.2888531029055
792,1,70,15,16.8068,3.7837837837837838,14.610000000000003,119.51964166181074
793,1,70,15,3.118,1.0810810810810811,0.85,140.27669164658835
794,1,70,15,24.2539,7.027027027027026,22.389999999999997,123.44373733768975
795,1,70,15,17.836,6.486486486486487,16.21,145.08386025470946
796,1,70,15,13.8229,7.027027027027027,12.52,138.9754872196768
797,1,70,15,6.3522,2.1621621621621623,4.790000000000001,130.86308765175608
798,1,70,15,7.1728,3.7837837837837838,5.67,164.66574767862897
799,1,70,15,11.4704,4.248648648648649,9.4,145.12885904329062
800,1,75,15,13.1725,5.697297297297298,11.419999999999998,132.77954027598935
801,1,75,15,10.0492,4.864864864864865,8.92,131.85540864605073
802,1,75,15,14.0043,5.945945945945946,12.190000000000001,126.35863642340502
803,1,75,15,4.9617,1.2864864864864864,2.9,133.39471967411268
804,1,75,15,6.2793,1.6216216216216217,3.3600000000000003,118.8667963897364
805,1,75,15,5.9255,2.1621621621621623,3.6700000000000004,154.40127241941445
806,1,75,15,11.0019,4.324324324324325,9.6,145.10635819734208
807,1,75,15,4.9144,1.3297297297297297,3.1100000000000003,126.60978549762638
808,1,75,15,2.7606,0.5405405405405406,0.57,116.5514792433724
809,1,75,15,9.892,4.324324324324325,7.5,162.27940434936522
810,1,75,15,30.1516,11.351351351351353,28.73,128.29065069956326
811,1,75,15,11.5545,4.324324324324325,9.48,125.54773513412535
812,1,75,15,7.2646,2.1621621621621623,5.26,128.28231559158527
813,1,75,15,29.3111,13.513513513513512,28.939999999999998,129.5061897646845
814,1,75,15,20.4444,6.486486486486487,17.84,132.5689727484879
815,1,75,15,3.5963,0.5405405405405406,1.7399999999999998,105.15013415214987
816,1,75,15,2.2681,0.0,0.1,
817,1,75,15,6.73,3.7837837837837838,5.45,171.06540730532987
818,1,75,15,10.0478,4.324324324324325,7.8,140.0743673522145
819,1,75,15,2.2796,0.0,0.05,
820,1,80,15,4.8086,1.6216216216216217,2.21,126.95844884147004
821,1,80,15,7.3886,1.8702702702702703,5.15,126.97937806229993
822,1,80,15,18.9136,6.897297297297297,17.85,133.54569666950277
823,1,80,15,2.0194,0.0,0.04,
824,1,80,15,4.9408,1.6216216216216217,3.6699999999999995,159.0750777600671
825,1,80,15,5.2469,0.5405405405405406,3.15,124.5355162727206
826,1,80,15,9.9086,3.2432432432432434,8.459999999999999,125.68018378721068
827,1,80,15,10.7957,4.864864864864865,9.21,158.1044328907074
828,1,80,15,9.4456,3.2432432432432434,7.37,137.5557391163155
829,1,80,15,8.8398,3.2432432432432434,6.76,145.5735120052395
830,1,80,15,6.5913,3.2324324324324323,4.83,145.787377808283
831,1,80,15,20.4384,7.5675675675675675,19.04,130.20735566429272
832,1,80,15,1.6678,0.0,0.02,
833,1,80,15,12.9071,4.010810810810812,11.969999999999999,130.24584083616838
834,1,80,15,3.7025,0.0,2.41,
835,1,80,15,13.0205,7.027027027027026,10.73,133.668638721116
836,1,80,15,19.4341,9.913513513513514,17.46,129.58328694827682
837,1,80,15,1.9552,0.0,0.01,
838,1,80,15,9.5156,4.183783783783784,7.639999999999999,121.52074611663899
839,1,80,15,8.1488,2.7027027027027026,5.75,148.20410752786043
840,1,90,15,9.8691,1.6216216216216217,7.6800000000000015,126.42682588322124
841,1,90,15,26.2786,13.72972972972973,25.98,153.31694217142552
842,1,90,15,7.5028,2.7027027027027026,5.41,119.13708898789068
843,1,90,15,13.902,4.864864864864865,12.639999999999999,136.00855766506695
844,1,90,15,6.8829,1.7297297297297298,5.03,176.55996565992723
845,1,90,15,22.5335,5.945945945945946,20.06,118.86014338686309
846,1,90,15,15.5786,6.486486486486486,14.14,137.5044483024905
847,1,90,15,2.5096,0.0,0.31,
848,1,90,15,4.4937,1.6216216216216217,2.8,114.23672179289683
849,1,90,15,17.0952,6.075675675675676,14.580000000000002,132.59410634563756
850,1,90,15,10.4868,4.324324324324325,7.980000000000001,137.39545836991743
851,1,90,15,14.951,8.108108108108107,13.210000000000003,117.81667368817243
852,1,90,15,3.3038,1.0810810810810811,2.2600000000000002,121.95554780230799
853,1,90,15,17.2921,5.945945945945946,15.77,122.96716412977825
854,1,90,15,5.643,1.6216216216216217,2.9699999999999998,127.05906452192546
855,1,90,15,16.3304,4.864864864864865,14.319999999999999,136.0931610013236
856,1,90,15,5.5077,1.0810810810810811,4.03,135.3916799528623
857,1,90,15,6.9444,4.324324324324325,5.33,117.58172094391851
858,1,90,15,9.4384,2.1621621621621623,8.05,128.38962333217663
859,1,90,15,1.8739,0.0,0.0,
860,1,100,15,15.5138,3.7837837837837838,12.540000000000001,131.0430702706604
861,1,100,15,11.8249,3.2432432432432434,11.14,140.83552428243172
862,1,100,15,2.6589,0.5405405405405406,0.77,138.76590929712097
863,1,100,15,17.4129,3.9351351351351354,14.38,129.272705630928
864,1,100,15,12.9612,3.7837837837837838,10.98,126.03154166665682
865,1,100,15,7.6442,1.6216216216216217,5.61,120.47184127562319
866,1,100,15,17.167,4.324324324324325,15.55,118.84545017413419
867,1,100,15,11.708,2.6810810810810812,9.53,124.23108696215127
868,1,100,15,3.4587,1.0810810810810811,1.43,178.318306522082
869,1,100,15,6.1382,1.0810810810810811,3.5200000000000005,122.31325995970622
870,1,100,15,7.3284,1.772972972972973,4.55,118.90610701188275
871,1,100,15,10.2183,4.324324324324325,8.78,127.65823924539976
872,1,100,15,14.6408,2.7027027027027026,14.2,131.7617392011934
873,1,100,15,7.0655,1.6216216216216217,4.680000000000001,132.13139634265107
874,1,100,15,8.265,2.1621621621621623,6.36,124.9051717500549
875,1,100,15,10.8142,2.7027027027027026,8.39,134.81660669997876
876,1,100,15,15.7452,4.464864864864865,13.37,120.3535258111508
877,1,100,15,25.4731,7.751351351351351,23.34,134.15733190726604
878,1,100,15,14.4768,5.945945945945946,12.059999999999999,123.65054012106897
879,1,100,15,3.5442,0.0,1.75,
880,1,10,20,3.4136,2.7027027027027026,2.16,135.5996768182835
881,1,10,20,13.3957,13.08108108108108,12.280000000000001,182.01080148190434
882,1,10,20,6.7077,5.405405405405405,5.25,189.06785385646558
883,1,10,20,5.3934,1.4702702702702704,3.7299999999999995,129.51389492644108
884,1,10,20,4.0133,2.7027027027027026,2.43,181.03317917724348
885,1,10,20,12.1653,10.443243243243243,10.86,173.24539226798422
886,1,10,20,5.5017,2.1621621621621623,3.9200000000000004,166.76046213099227
887,1,10,20,7.8837,2.7027027027027026,5.45,155.8510549611246
888,1,10,20,10.8069,9.72972972972973,10.86,192.95942831253083
889,1,10,20,5.3553,3.7837837837837838,4.08,206.04571048885282
890,1,10,20,12.692,7.470270270270271,11.52,151.7370609806121
891,1,10,20,5.6953,5.405405405405405,4.5600000000000005,166.2294524270089
892,1,10,20,10.1546,5.9459459459459465,8.540000000000001,181.26496665760305
893,1,10,20,9.6692,5.405405405405405,8.34,175.11084240103676
894,1,10,20,6.2838,7.5675675675675675,6.029999999999999,181.5918377980442
895,1,10,20,8.4241,8.108108108108109,7.209999999999999,194.2331251427121
896,1,10,20,8.3856,6.486486486486487,7.1,179.72676063093695
897,1,10,20,3.4789,2.7027027027027026,2.5200000000000005,155.00491236936207
898,1,10,20,10.2945,8.108108108108109,10.920000000000002,182.207803042699
899,1,10,20,14.466,11.35135135135135,14.919999999999998,158.5427996446978
900,1,20,20,16.844,8.843243243243244,15.810000000000002,163.5843847871018
901,1,20,20,10.9744,7.967567567567568,9.2,160.53887263026883
902,1,20,20,3.4102,1.6216216216216217,1.2,189.616657357034
903,1,20,20,2.7174,0.0,0.49000000000000005,
904,1,20,20,6.8091,3.2432432432432434,5.28,178.73254753941464
905,1,20,20,13.4946,12.064864864864864,12.470000000000002,194.19625662378735
906,1,20,20,2.269,0.0,0.15,
907,1,20,20,12.6021,10.27027027027027,10.91,179.04407996182954
908,1,20,20,11.4028,7.027027027027027,8.53,169.35019194210275
909,1,20,20,6.9478,5.405405405405405,5.13,169.84813052302542
910,1,20,20,11.6096,9.85945945945946,12.74,162.56823689791915
911,1,20,20,18.0736,10.81081081081081,17.4,143.34652457622138
912,1,20,20,7.6289,3.2432432432432434,5.05,164.23204051098122
913,1,20,20,7.6444,8.50810810810811,7.7,166.64425249385943
914,1,20,20,12.0627,8.421621621621622,12.67,165.3776563757363
915,1,20,20,4.5796,2.4756756756756757,3.0700000000000003,143.24254265773905
916,1,20,20,6.5127,4.389189189189189,4.790000000000001,173.41482467292778
917,1,20,20,5.3579,3.7837837837837838,3.8,163.61667195621223
918,1,20,20,12.3205,4.897297297297297,10.169999999999998,119.06294301259648
919,1,20,20,10.7045,9.383783783783784,7.630000000000001,172.52877964693118
920,1,30,20,5.1486,4.324324324324325,3.47,172.24476689079052
921,1,30,20,6.8807,3.7837837837837838,6.040000000000001,150.7050904742333
922,1,30,20,9.7698,7.027027027027027,9.03,152.17128550394534
923,1,30,20,6.1037,7.5675675675675675,6.640000000000001,161.8898538563626
924,1,30,20,5.287,2.1621621621621623,3.45,128.43376049928702
925,1,30,20,12.9589,10.443243243243243,12.379999999999999,171.49588958640894
926,1,30,20,6.7992,2.1621621621621623,5.25,147.95186215347417
927,1,30,20,8.6036,4.864864864864865,7.0,157.25967017283125
928,1,30,20,8.3789,8.108108108108109,7.99,187.96206901209655
929,1,30,20,6.4776,2.7567567567567566,4.82,117.36502590972272
930,1,30,20,4.8023,2.1621621621621623,2.6,123.61900734082471
931,1,30,20,3.829,2.1621621621621623,2.7299999999999995,168.7093674475619
932,1,30,20,9.874,8.8,9.059999999999999,163.65464823718904
933,1,30,20,8.6331,4.864864864864865,6.4,191.19297405895375
934,1,30,20,13.3399,10.821621621621622,11.14,171.06860258494046
935,1,30,20,8.3683,4.324324324324325,5.84,133.5183314539729
936,1,30,20,15.9905,9.340540540540541,15.689999999999998,153.29789259546286
937,1,30,20,7.148,3.621621621621622,4.07,138.51095050904854
938,1,30,20,2.2641,0.0,0.0,
939,1,30,20,12.0132,7.027027027027027,9.77,149.9725948365163
940,1,40,20,5.821,2.1621621621621623,4.2299999999999995,130.96642256667732
941,1,40,20,2.4779,0.0,0.24,
942,1,40,20,4.088,1.0810810810810811,2.1999999999999997,113.6292865289249
943,1,40,20,3.6831,2.1621621621621623,2.33,179.02292881504303
944,1,40,20,7.4647,5.405405405405405,8.2,126.91497750539061
945,1,40,20,7.1236,3.6648648648648647,5.16,160.54229550402212
946,1,40,20,5.6505,2.1621621621621623,3.5100000000000002,146.98757509588685
947,1,40,20,19.2885,9.805405405405406,16.19,150.96638391640118
948,1,40,20,23.733,11.35135135135135,22.169999999999998,151.9251728153988
949,1,40,20,8.9714,7.027027027027026,6.529999999999999,161.2776268634775
950,1,40,20,15.6602,9.18918918918919,13.920000000000002,149.64398367488525
951,1,40,20,7.0531,4.378378378378378,6.93,167.34303161928693
952,1,40,20,4.633,3.7837837837837838,2.57,142.62643608269624
953,1,40,20,2.962,1.6216216216216217,1.3800000000000001,175.25413976736513
954,1,40,20,11.3968,7.621621621621623,9.68,172.99681595851865
955,1,40,20,6.2385,2.1621621621621623,3.79,120.68715496227415
956,1,40,20,7.2278,3.632432432432432,5.16,159.00270341994172
957,1,40,20,2.4152,1.0810810810810811,0.03,296.2211894813032
958,1,40,20,7.2876,4.864864864864865,6.529999999999999,168.2571642624409
959,1,40,20,18.0174,9.72972972972973,17.2,150.2156392314887
960,1,50,20,3.8744,2.1621621621621623,2.09,216.88682769654545
961,1,50,20,5.1842,2.7027027027027026,3.8000000000000007,194.9797109612754
962,1,50,20,10.1541,7.5675675675675675,9.49,151.62974022014438
963,1,50,20,4.8712,0.08648648648648649,2.24,148.93718440336863
964,1,50,20,2.3848,0.0,0.08,
965,1,50,20,8.5981,5.945945945945946,8.510000000000002,133.5238886902264
966,1,50,20,14.8188,8.724324324324325,13.0,153.42916090040356
967,1,50,20,8.9021,4.864864864864865,8.25,139.14194149208438
968,1,50,20,2.0731,0.0,0.06,
969,1,50,20,5.2324,2.7027027027027026,2.38,191.0240807813129
970,1,50,20,2.4894,0.5405405405405406,0.38,275.7933207614471
971,1,50,20,5.9001,2.7027027027027026,4.04,118.0182940356007
972,1,50,20,18.0967,7.935135135135136,16.85,139.86797486143516
973,1,50,20,17.3337,10.27027027027027,16.76,145.50957376962964
974,1,50,20,3.6218,0.7891891891891892,1.37,163.95928135421616
975,1,50,20,13.5509,6.4,11.14,131.60769320800935
976,1,50,20,12.6421,6.486486486486487,10.91,174.94702406130568
977,1,50,20,7.1579,3.7837837837837838,5.9799999999999995,132.18919044480126
978,1,50,20,10.6489,7.5675675675675675,9.59,152.05586432457207
979,1,50,20,11.7693,7.5675675675675675,10.14,152.86494653752217
980,1,60,20,14.5922,8.64864864864865,12.16,174.48302364735196
981,1,60,20,5.8478,3.2432432432432434,3.4800000000000004,152.65618117725046
982,1,60,20,13.3002,7.967567567567568,12.920000000000002,151.46885669588755
983,1,60,20,12.4725,7.113513513513515,10.18,177.64682070063284
984,1,60,20,6.8941,3.2432432432432434,5.609999999999999,131.24401426236093
985,1,60,20,3.9899,3.2432432432432434,2.34,191.2575694434397
986,1,60,20,8.2376,3.243243243243243,7.109999999999999,137.34155676414318
987,1,60,20,3.3317,0.5405405405405406,1.2,136.88374103669653
988,1,60,20,5.7165,2.1621621621621623,3.55,125.00485569301068
989,1,60,20,1.9139,0.0,0.0,
990,1,60,20,2.2883,0.0,0.17,
991,1,60,20,5.8508,3.7837837837837838,4.24,160.0874963105874
992,1,60,20,14.0187,10.27027027027027,12.16,151.79838399944515
993,1,60,20,4.1262,2.1621621621621623,1.89,134.29348570710064
994,1,60,20,7.453,2.810810810810811,5.3100000000000005,121.85913069233219
995,1,60,20,6.6612,2.7027027027027026,5.06,123.2240044010301
996,1,60,20,2.2324,0.0,0.22000000000000003,
997,1,60,20,15.3769,10.086486486486487,14.540000000000001,124.40062875620453
998,1,60,20,7.9772,4.032432432432432,6.08,178.84806200716832
999,1,60,20,7.2015,4.324324324324325,4.86,158.88915486934525
1000,1,70,20,9.1318,3.7837837837837838,7.0600000000000005,141.49987482071586
1001,1,70,20,4.0936,2.7027027027027026,2.56,186.7560179532366
1002,1,70,20,2.3603,0.0,0.15,
1003,1,70,20,15.0426,8.702702702702704,14.63,153.43664042234124
1004,1,70,20,10.7186,4.745945945945946,9.01,134.66126712312155
1005,1,70,20,5.9954,4.864864864864865,5.3100000000000005,137.7764391325619
1006,1,70,20,2.4292,0.0,0.05,
1007,1,70,20,13.403,6.486486486486487,12.489999999999998,124.97852215023987
1008,1,70,20,4.9165,2.7027027027027026,3.28,118.948054435707
1009,1,70,20,5.988,2.1621621621621623,3.5100000000000002,147.08126001031798
1010,1,70,20,36.3987,15.827027027027029,37.23,125.88562283925164
1011,1,70,20,8.3452,8.616216216216216,8.7,145.20927721675224
1012,1,70,20,13.6179,9.72972972972973,12.22,148.05278628419026
1013,1,70,20,6.0455,2.8216216216216217,3.9,140.57001372432543
1014,1,70,20,8.3249,3.7837837837837838,7.13,120.17888432848765
1015,1,70,20,2.7093,1.0810810810810811,0.8800000000000001,129.7715700615431
1016,1,70,20,13.2312,6.345945945945947,11.879999999999999,146.74181161846002
1017,1,70,20,10.053,5.945945945945946,9.139999999999999,128.58448201604097
1018,1,70,20,8.5536,3.8054054054054047,6.659999999999999,143.8952421401438
1019,1,70,20,11.5849,5.405405405405405,10.069999999999999,122.70199906818928
1020,1,75,20,17.7944,8.064864864864864,17.29,141.54175635453686
1021,1,75,20,5.1374,3.2432432432432434,4.24,119.61838835084428
1022,1,75,20,3.7265,2.1621621621621623,2.4,124.75025095046625
1023,1,75,20,8.1192,3.2432432432432434,6.68,146.86965692452674
1024,1,75,20,16.4139,6.486486486486487,14.95,127.86312874117839
1025,1,75,20,14.2383,5.405405405405405,12.26,119.65972438207291
1026,1,75,20,3.4283,1.6216216216216217,2.61,127.74078134157178
1027,1,75,20,16.2853,7.5675675675675675,15.98,141.27485312975736
1028,1,75,20,6.5664,3.2432432432432434,4.37,143.05178666355744
1029,1,75,20,9.4274,7.5675675675675675,10.34,125.74261215857844
1030,1,75,20,10.1469,6.518918918918919,10.12,141.97951926463335
1031,1,75,20,10.9331,8.108108108108109,10.2,146.06447078324805
1032,1,75,20,6.1193,2.7027027027027026,4.33,149.11496649997673
1033,1,75,20,3.1621,0.5405405405405406,1.3900000000000001,133.1722515023199
1034,1,75,20,3.5795,1.0810810810810811,2.48,137.84250907943556
1035,1,75,20,12.0523,5.275675675675676,11.790000000000001,143.1413326582268
1036,1,75,20,4.8919,1.6216216216216217,3.31,146.28562711109106
1037,1,75,20,16.8244,5.643243243243243,14.569999999999999,123.07639819584485
1038,1,75,20,10.3393,4.075675675675676,8.14,137.67657811711402
1039,1,75,20,4.3347,1.6216216216216217,2.8899999999999997,182.88504194729012
1040,1,80,20,10.8088,5.945945945945946,9.209999999999999,141.4206782758248
1041,1,80,20,13.8429,7.405405405405406,12.32,140.2474493113982
1042,1,80,20,7.6747,3.7837837837837838,5.15,127.39597302322792
1043,1,80,20,10.9855,4.918918918918919,8.98,124.82390285489532
1044,1,80,20,9.522,4.324324324324325,7.31,134.17512149480052
1045,1,80,20,6.3603,2.7027027027027026,4.33,155.69193589922617
1046,1,80,20,6.601,3.2432432432432434,3.06,159.887796770092
1047,1,80,20,18.0213,7.5675675675675675,15.790000000000001,124.34229260556253
1048,1,80,20,19.5125,6.908108108108108,19.080000000000002,130.75198224042194
1049,1,80,20,16.3543,5.945945945945946,12.989999999999998,135.63679584551937
1050,1,80,20,7.5041,2.7027027027027026,5.31,121.51521307501926
1051,1,80,20,10.9662,5.405405405405405,8.34,141.70796355493366
1052,1,80,20,21.8663,9.967567567567567,20.52,131.53901307000666
1053,1,80,20,6.627,3.7837837837837838,3.85,159.6350388283614
1054,1,80,20,11.4434,5.502702702702703,9.09,122.10941379975178
1055,1,80,20,3.2043,0.5405405405405406,1.23,120.32325241064069
1056,1,80,20,4.2125,1.6216216216216217,1.42,133.6601370050499
1057,1,80,20,11.7272,5.405405405405405,9.58,129.9689965098525
1058,1,80,20,2.3301,0.0,0.0,
1059,1,80,20,7.2782,3.7837837837837838,5.41,144.36991408888312
1060,1,90,20,3.1169,0.5405405405405406,1.48,107.32121542528333
1061,1,90,20,7.7098,1.0810810810810811,4.720000000000001,113.09598195751153
1062,1,90,20,14.8946,7.610810810810811,11.88,147.62488697219266
1063,1,90,20,11.9927,3.2432432432432434,9.83,116.83098347707828
1064,1,90,20,11.5181,3.7837837837837838,10.069999999999999,143.08547276615204
1065,1,90,20,5.9984,2.7027027027027026,3.4899999999999998,173.0920708015352
1066,1,90,20,3.2052,0.5405405405405406,1.17,135.1196458216913
1067,1,90,20,11.3308,5.491891891891892,10.44,148.28962553304027
1068,1,90,20,13.5354,4.324324324324325,11.799999999999999,123.11355555971745
1069,1,90,20,7.0819,2.7027027027027026,4.74,173.31791881137377
1070,1,90,20,17.1792,5.9459459459459465,16.22,119.12453333513825
1071,1,90,20,1.8345,0.0,0.0,
1072,1,90,20,9.4664,2.281081081081081,7.859999999999999,150.18943574700515
1073,1,90,20,25.7246,8.64864864864865,22.130000000000003,135.74152248609124
1074,1,90,20,1.8854,0.0,0.01,
1075,1,90,20,3.2331,0.0,1.15,
1076,1,90,20,3.6046,1.0810810810810811,2.0,127.65017318398966
1077,1,90,20,1.9949,0.0,0.0,
1078,1,90,20,10.4189,3.4270270270270276,8.459999999999999,134.35657796866045
1079,1,90,20,9.876,4.864864864864865,9.02,154.32619909878792
1080,1,100,20,14.0836,5.945945945945946,11.9,131.79779787436053
1081,1,100,20,11.9445,2.7027027027027026,8.940000000000001,123.4293723112788
1082,1,100,20,16.4216,7.027027027027027,13.85,150.6344923628926
1083,1,100,20,9.1146,1.6216216216216217,5.459999999999999,113.63957109419603
1084,1,100,20,6.3082,2.7027027027027026,5.08,117.9325936930102
1085,1,100,20,10.3067,3.7837837837837838,9.23,127.35172122104737
1086,1,100,20,7.5039,2.7027027027027026,5.430000000000001,123.24478668788747
1087,1,100,20,8.0872,2.1621621621621623,5.659999999999999,131.4010190468713
1088,1,100,20,25.4249,9.72972972972973,22.720000000000002,120.24806901906143
1089,1,100,20,13.7413,3.2432432432432434,10.74,129.12642552543113
1090,1,100,20,4.2704,1.0810810810810811,2.54,123.40085562528421
1091,1,100,20,11.0657,5.405405405405405,10.2,136.92154945608314
1092,1,100,20,32.8281,11.513513513513512,30.070000000000004,129.42975737074866
1093,1,100,20,13.145,5.9459459459459465,10.8,132.8913979700035
1094,1,100,20,12.9547,5.405405405405405,13.219999999999999,156.77214389268312
1095,1,100,20,18.2317,10.27027027027027,19.490000000000002,128.20606684889458
1096,1,100,20,8.9478,4.054054054054054,7.99,136.8802108447262
1097,1,100,20,19.8406,6.486486486486487,18.96,122.65214596549043
1098,1,100,20,17.7764,7.308108108108108,14.52,126.46775064793643
1099,1,100,20,8.1718,3.7837837837837838,5.92,130.0954035860896
1100,1,10,25,11.0636,11.967567567567567,12.39,178.33140499637923
1101,1,10,25,10.7342,9.72972972972973,8.690000000000001,209.71172342991866
1102,1,10,25,15.0609,10.81081081081081,14.790000000000001,166.51062456905177
1103,1,10,25,5.0887,3.8378378378378377,2.98,299.49353532718067
1104,1,10,25,6.5626,8.64864864864865,5.6899999999999995,169.29122630937474
1105,1,10,25,16.0777,17.83783783783784,17.2,184.6972791791636
1106,1,10,25,11.4275,11.783783783783784,10.959999999999999,164.91414245359894
1107,1,10,25,1.948,0.0,0.0,
1108,1,10,25,11.2942,11.091891891891894,11.42,188.35913587876925
1109,1,10,25,8.4314,8.108108108108109,8.709999999999999,178.9575170453536
1110,1,10,25,5.8192,2.7027027027027026,4.1899999999999995,126.28160304254611
1111,1,10,25,2.7103,1.0810810810810811,0.9099999999999999,201.05615943238183
1112,1,10,25,7.2413,5.405405405405405,7.2700000000000005,154.5763936436933
1113,1,10,25,4.0748,2.1621621621621623,2.0,188.3018722066157
1114,1,10,25,2.8469,1.6216216216216217,0.6,325.17625734656934
1115,1,10,25,3.0355,0.5405405405405406,0.7500000000000001,246.31508997382807
1116,1,10,25,6.2974,4.68108108108108,4.7,227.23725538712984
1117,1,10,25,4.5588,5.945945945945946,2.94,257.2540512491181
1118,1,10,25,8.5268,7.913513513513513,6.57,218.00885858243856
1119,1,10,25,2.7728,1.0810810810810811,1.2799999999999998,174.99791630609656
1120,1,20,25,4.1242,1.6216216216216217,2.17,178.21506015802422
1121,1,20,25,4.0825,1.0918918918918918,2.27,178.31396106628736
1122,1,20,25,10.0987,7.027027027027027,8.41,180.1319984360159
1123,1,20,25,6.018,5.405405405405405,5.380000000000001,167.0432809690526
1124,1,20,25,8.53,8.64864864864865,6.459999999999999,169.49137194604288
1125,1,20,25,4.0414,2.1621621621621623,2.27,152.35640110031963
1126,1,20,25,4.027,3.7837837837837838,2.55,206.90013321846462
1127,1,20,25,3.3361,1.6216216216216217,1.9100000000000001,137.73691748209586
1128,1,20,25,6.3819,5.945945945945946,4.790000000000001,164.79433979200005
1129,1,20,25,13.1971,12.432432432432432,13.15,163.68388809089194
1130,1,20,25,8.9642,9.72972972972973,7.92,173.9819500691189
1131,1,20,25,14.956,10.27027027027027,12.32,151.2481640605392
1132,1,20,25,17.5895,12.032432432432433,16.34,135.70078312119477
1133,1,20,25,4.6445,2.1621621621621623,2.7,148.3144834863597
1134,1,20,25,2.9295,1.0810810810810811,1.31,145.86165949343342
1135,1,20,25,17.3821,15.675675675675677,17.01,177.25189743331066
1136,1,20,25,10.6508,9.091891891891894,10.309999999999999,166.26223166695954
1137,1,20,25,10.9917,6.832432432432432,9.98,145.41615633912684
1138,1,20,25,5.5995,4.864864864864865,4.470000000000001,171.7730973802534
1139,1,20,25,2.1275,0.5405405405405406,0.22000000000000003,327.49857050540624
1140,1,30,25,6.0838,3.5135135135135136,4.4799999999999995,140.51972860916348
1141,1,30,25,10.2448,10.983783783783784,10.11,161.1326076629292
1142,1,30,25,5.7034,4.291891891891892,3.5200000000000005,158.32367185498384
1143,1,30,25,17.0002,10.27027027027027,15.040000000000001,147.31812728220282
1144,1,30,25,4.9683,2.7027027027027026,3.0599999999999996,169.0242158448875
1145,1,30,25,8.1566,6.486486486486487,8.059999999999999,183.39264334128953
1146,1,30,25,11.8921,9.72972972972973,10.47,163.8286321044415
1147,1,30,25,11.3179,6.486486486486487,10.420000000000002,148.21674197905108
1148,1,30,25,9.681,8.108108108108109,8.78,168.6267602683782
1149,1,30,25,11.1543,9.72972972972973,10.59,157.8502736942654
1150,1,30,25,9.9859,7.027027027027026,8.61,149.49584419921382
1151,1,30,25,7.8564,4.324324324324325,5.33,153.02052538220642
1152,1,30,25,6.7267,4.864864864864865,5.03,171.3472401254214
1153,1,30,25,6.9343,3.32972972972973,4.54,132.77887885651427
1154,1,30,25,10.0598,6.486486486486486,9.870000000000001,148.48764045009793
1155,1,30,25,9.4192,8.108108108108109,9.38,146.35338851345918
1156,1,30,25,9.6895,9.859459459459462,10.620000000000001,150.86366973763666
1157,1,30,25,7.6214,4.324324324324325,5.79,146.8870489653478
1158,1,30,25,6.2108,7.5675675675675675,5.930000000000001,170.0538431077379
1159,1,30,25,5.8037,3.7837837837837838,3.9200000000000004,166.3634734683397
1160,1,40,25,7.7908,5.945945945945946,8.0,157.45123463467124
1161,1,40,25,2.2587,0.0,0.06,
1162,1,40,25,9.3582,7.5675675675675675,7.82,161.2219889004498
1163,1,40,25,2.6206,0.5405405405405406,0.9199999999999999,134.98508766212274
1164,1,40,25,5.0165,2.7027027027027026,2.91,170.74651188902033
1165,1,40,25,2.3289,0.0,0.2,
1166,1,40,25,15.7034,10.81081081081081,14.559999999999999,165.18149409862647
1167,1,40,25,4.9287,2.7027027027027026,4.01,150.9126434668726
1168,1,40,25,5.7937,3.7837837837837838,3.29,174.51772562639547
1169,1,40,25,8.42,8.64864864864865,8.72,161.84074585213048
1170,1,40,25,10.2126,10.064864864864864,9.51,159.22820101712585
1171,1,40,25,5.4458,2.1621621621621623,2.52,242.36606611297412
1172,1,40,25,8.0254,5.816216216216216,7.219999999999999,154.68451070513885
1173,1,40,25,10.5793,7.491891891891892,8.15,183.0681553580694
1174,1,40,25,11.1375,6.9837837837837835,10.36,121.57805650206764
1175,1,40,25,8.2819,4.324324324324325,6.26,144.74984935177534
1176,1,40,25,2.3378,0.0,0.0,
1177,1,40,25,2.5743,0.0,0.37,
1178,1,40,25,15.2363,13.405405405405407,15.3,161.51579595668608
1179,1,40,25,11.1281,9.535135135135135,8.89,165.55207736558816
1180,1,50,25,7.5479,4.864864864864865,5.55,143.9140195523584
1181,1,50,25,2.7162,1.6216216216216217,1.3199999999999998,202.2655394313118
1182,1,50,25,10.5831,5.945945945945946,8.370000000000001,138.6877480884608
1183,1,50,25,5.0504,2.075675675675676,3.17,153.34539390226456
1184,1,50,25,16.3965,6.627027027027026,13.36,146.2007637250075
1185,1,50,25,12.6921,8.64864864864865,12.4,145.4934539144703
1186,1,50,25,5.9575,3.2432432432432434,5.25,152.0296446548152
1187,1,50,25,2.4466,0.5405405405405406,0.53,201.32308095187022
1188,1,50,25,3.4693,2.1621621621621623,1.5,199.56371334464905
1189,1,50,25,8.0588,5.945945945945946,6.790000000000001,152.5499873745996
1190,1,50,25,12.7491,9.72972972972973,12.529999999999998,135.29245651308307
1191,1,50,25,2.4869,0.0,0.04,
1192,1,50,25,12.1536,7.5675675675675675,11.08,141.87508065401315
1193,1,50,25,3.5992,1.0810810810810811,1.98,113.27893550542993
1194,1,50,25,5.2059,4.356756756756757,3.28,190.7296394329545
1195,1,50,25,1.9533,0.0,0.0,
1196,1,50,25,15.2041,8.421621621621622,15.05,136.08762326936613
1197,1,50,25,12.9957,9.36216216216216,10.92,157.16866865843676
1198,1,50,25,3.3945,1.481081081081081,1.7399999999999998,167.17560059169531
1199,1,50,25,5.1109,3.7837837837837838,4.34,147.44372423790756
1200,1,60,25,3.0889,1.0810810810810811,0.77,182.41906449818157
1201,1,60,25,3.8906,1.0810810810810811,1.25,146.615234180899
1202,1,60,25,16.028,10.529729729729729,15.84,130.38292174173273
1203,1,60,25,2.0811,0.0,0.02,
1204,1,60,25,3.1359,0.5405405405405406,1.1099999999999999,140.1369052665755
1205,1,60,25,2.249,0.5405405405405406,0.72,140.75388328969865
1206,1,60,25,7.7683,4.864864864864865,7.2700000000000005,147.91679693701977
1207,1,60,25,8.5513,5.891891891891892,6.970000000000001,154.6861677516258
1208,1,60,25,10.5522,6.464864864864865,9.48,123.51808852937666
1209,1,60,25,3.2171,2.1621621621621623,1.29,184.22564918692558
1210,1,60,25,6.6728,3.254054054054054,4.4799999999999995,152.92824446573263
1211,1,60,25,15.2344,13.481081081081083,15.010000000000002,155.0724543889668
1212,1,60,25,4.49,2.7027027027027026,3.29,148.50979220957134
1213,1,60,25,11.3442,8.108108108108109,10.07,165.21510447208593
1214,1,60,25,5.9422,2.7027027027027026,4.37,162.00120808445837
1215,1,60,25,5.7549,3.7837837837837838,4.45,125.66996712898057
1216,1,60,25,12.7289,7.5675675675675675,11.200000000000001,161.26569877117427
1217,1,60,25,3.4415,1.0810810810810811,1.46,173.27156299773222
1218,1,60,25,8.2945,4.864864864864865,7.62,147.95859065384127
1219,1,60,25,7.1686,2.9513513513513514,6.24,137.3005517713406
1220,1,70,25,10.9156,9.275675675675675,10.34,160.3773080772674
1221,1,70,25,14.0884,8.767567567567568,13.469999999999999,131.7189510838844
1222,1,70,25,6.5134,5.405405405405405,5.76,176.21483659999484
1223,1,70,25,3.741,1.0810810810810811,2.0300000000000002,192.40081704938154
1224,1,70,25,10.8006,5.945945945945946,10.790000000000001,146.0597857616759
1225,1,70,25,5.385,4.324324324324325,4.58,162.87638827945574
1226,1,70,25,10.9287,6.486486486486487,10.23,127.07148345209646
1227,1,70,25,5.2395,1.6216216216216217,2.87,123.30300870482138
1228,1,70,25,7.8642,4.4972972972972975,5.37,160.89861398686483
1229,1,70,25,10.6729,7.027027027027027,8.709999999999999,166.3745515325532
1230,1,70,25,2.8378,1.0810810810810811,0.45,197.21977983637717
1231,1,70,25,2.046,0.0,0.12000000000000002,
1232,1,70,25,11.773,10.27027027027027,11.01,155.16784835535947
1233,1,70,25,16.8239,9.610810810810811,14.89,147.45229937680642
1234,1,70,25,18.5476,15.437837837837838,18.02,140.28930268559535
1235,1,70,25,9.9677,7.5675675675675675,9.4,145.52432340241825
1236,1,70,25,2.2183,0.0,0.09,
1237,1,70,25,7.1141,1.0810810810810811,6.29,134.76063769319177
1238,1,70,25,1.7413,0.0,0.0,
1239,1,70,25,6.6607,3.7837837837837838,3.9200000000000004,154.62660225452512
1240,1,75,25,5.1665,2.1621621621621623,3.02,143.79658658560857
1241,1,75,25,15.1269,7.924324324324326,14.039999999999997,135.423469430318
1242,1,75,25,7.9622,5.405405405405405,6.9,131.4242479907644
1243,1,75,25,12.4026,6.075675675675676,10.08,147.36471183974328
1244,1,75,25,13.5863,7.027027027027027,14.26,122.18890593322377
1245,1,75,25,16.5156,9.72972972972973,16.64,134.2527216069121
1246,1,75,25,11.2013,7.037837837837839,10.58,156.4148578903893
1247,1,75,25,6.6023,3.751351351351351,4.58,131.3014068991291
1248,1,75,25,4.9384,1.0810810810810811,3.7,140.7244834774221
1249,1,75,25,17.0312,12.108108108108109,16.47,144.92864060569417
1250,1,75,25,4.0112,1.6216216216216217,1.9,133.5297201460033
1251,1,75,25,9.8132,4.864864864864865,8.4,141.04027610640946
1252,1,75,25,3.5524,1.6216216216216217,1.12,208.0980706961408
1253,1,75,25,15.5887,7.31891891891892,15.680000000000001,120.62161837100133
1254,1,75,25,10.5294,4.324324324324325,9.38,129.18994850436297
1255,1,75,25,8.6627,5.405405405405405,6.849999999999999,159.39069027004516
1256,1,75,25,11.3017,6.486486486486487,9.2,153.73334639038
1257,1,75,25,5.3384,2.1621621621621623,2.77,125.37422934823981
1258,1,75,25,6.1769,4.864864864864865,5.61,121.94220483964283
1259,1,75,25,4.5268,3.5135135135135136,2.9200000000000004,150.91648747212184
1260,1,80,25,4.2942,2.7027027027027026,3.5599999999999996,125.07493424395678
1261,1,80,25,7.2289,2.1945945945945944,4.4,165.46298548035955
1262,1,80,25,3.1747,0.5405405405405406,1.25,130.31908477049637
1263,1,80,25,23.3986,14.054054054054054,24.8,155.82648066258136
1264,1,80,25,12.1854,9.18918918918919,10.879999999999999,132.13976290741218
1265,1,80,25,14.1866,7.654054054054055,13.719999999999999,132.1468909125517
1266,1,80,25,7.1065,5.048648648648649,6.279999999999999,137.30077367144867
1267,1,80,25,7.3841,4.972972972972973,7.2,121.25305192807029
1268,1,80,25,3.4693,1.0810810810810811,1.7099999999999997,130.72705497491097
1269,1,80,25,10.0423,6.313513513513513,8.76,150.1748334234995
1270,1,80,25,17.0368,10.389189189189189,17.83,126.77051978653488
1271,1,80,25,7.3689,5.405405405405405,6.2700000000000005,151.55055129910733
1272,1,80,25,7.422,2.1621621621621623,5.42,127.57269063896872
1273,1,80,25,7.975,4.324324324324325,7.08,162.81930622625657
1274,1,80,25,10.0503,7.5675675675675675,9.46,138.75371729869443
1275,1,80,25,7.0956,2.962162162162162,4.930000000000001,146.82988823233683
1276,1,80,25,2.2046,0.0,0.01,
1277,1,80,25,6.1402,3.2432432432432434,5.390000000000001,143.61972578301362
1278,1,80,25,4.3502,1.0810810810810811,2.29,135.958890639845
1279,1,80,25,4.3327,1.0810810810810811,2.1,188.01619466066245
1280,1,90,25,2.5174,0.23783783783783785,0.02,289.51375494485995
1281,1,90,25,4.4118,2.1621621621621623,2.87,147.86171365328676
1282,1,90,25,5.5133,2.7027027027027026,4.0600000000000005,133.87525618716802
1283,1,90,25,8.7884,4.151351351351352,5.819999999999999,123.55870435227412
1284,1,90,25,12.1133,5.945945945945946,10.549999999999999,129.68831309471275
1285,1,90,25,2.4309,0.5405405405405406,0.44000000000000006,135.32113710240276
1286,1,90,25,5.8213,1.8918918918918919,3.6799999999999997,119.35872392627459
1287,1,90,25,4.6204,2.054054054054054,3.17,125.30438084490055
1288,1,90,25,3.8979,1.6216216216216217,1.8699999999999999,136.46068708574654
1289,1,90,25,11.4336,7.5675675675675675,10.09,140.02912095536934
1290,1,90,25,13.6742,7.5675675675675675,12.77,156.80543609220226
1291,1,90,25,2.1325,0.0,0.01,
1292,1,90,25,4.8538,2.443243243243243,3.16,147.34971033345104
1293,1,90,25,11.1426,7.5675675675675675,10.790000000000001,134.4944202953062
1294,1,90,25,5.6259,1.6216216216216217,2.83,126.04174370917558
1295,1,90,25,10.9815,6.486486486486487,9.809999999999999,118.83327455350769
1296,1,90,25,15.9439,10.81081081081081,15.690000000000001,138.689232668048
1297,1,90,25,13.0919,5.610810810810811,11.55,147.96019809169636
1298,1,90,25,9.4785,4.324324324324325,7.85,143.36901548818187
1299,1,90,25,16.9249,7.6432432432432424,15.889999999999997,126.01090109252715
1300,1,100,25,20.992,5.881081081081081,19.25,119.77601685305159
1301,1,100,25,4.4703,0.5405405405405406,2.45,145.42319807017557
1302,1,100,25,6.6552,2.1621621621621623,5.57,118.2659757572611
1303,1,100,25,12.5652,5.945945945945946,9.95,124.22999274795016
1304,1,100,25,11.7702,4.324324324324325,9.209999999999999,122.31075319825828
1305,1,100,25,13.508,5.9459459459459465,13.77,123.07123789083742
1306,1,100,25,10.3777,9.6,9.419999999999998,150.64953764917755
1307,1,100,25,12.4483,6.486486486486487,11.430000000000001,133.6050464218815
1308,1,100,25,13.3286,4.864864864864865,10.74,124.72979961098677
1309,1,100,25,6.3425,2.1837837837837837,5.130000000000001,123.42030682086363
1310,1,100,25,9.7118,4.140540540540541,8.42,127.3225948177222
1311,1,100,25,12.1275,4.324324324324325,8.52,137.50416020806063
1312,1,100,25,16.1762,7.5675675675675675,14.440000000000001,143.26895406408605
1313,1,100,25,16.3011,6.367567567567567,15.99,140.35900032053257
1314,1,100,25,5.2864,0.5405405405405406,2.4899999999999998,131.53912340781608
1315,1,100,25,17.0351,8.767567567567568,14.85,138.7637204079881
1316,1,100,25,6.2925,2.7027027027027026,4.66,117.4625429632916
1317,1,100,25,14.3692,7.027027027027026,13.86,141.72063598277015
1318,1,100,25,11.73,5.405405405405405,10.35,129.1975407492077
1319,1,100,25,11.9344,4.713513513513513,8.9,126.39878567127354
1320,1,10,30,7.0011,7.027027027027027,6.01,191.66989552818734
1321,1,10,30,2.7801,0.5405405405405406,0.55,110.46848603834427
1322,1,10,30,13.0561,10.81081081081081,11.23,181.1852508819104
1323,1,10,30,14.3133,10.940540540540539,13.239999999999998,203.7900325616471
1324,1,10,30,7.7748,7.5675675675675675,8.129999999999999,184.5159945468722
1325,1,10,30,13.0531,16.216216216216218,16.15,187.22552726321555
1326,1,10,30,5.076,4.324324324324325,4.17,202.02807128856728
1327,1,10,30,3.1846,1.6216216216216217,1.16,242.92661660823467
1328,1,10,30,4.9664,4.324324324324325,3.63,209.17118784158413
1329,1,10,30,3.5622,1.0810810810810811,1.6800000000000002,223.1889585641573
1330,1,10,30,4.6426,5.405405405405405,2.52,254.22693097774626
1331,1,10,30,12.6267,12.897297297297296,12.610000000000001,177.03528220620169
1332,1,10,30,2.43,0.5405405405405406,0.1,335.14950356500105
1333,1,10,30,10.6076,6.691891891891892,11.02,146.6204242289412
1334,1,10,30,4.0872,3.2432432432432434,3.34,124.74107840907509
1335,1,10,30,3.5131,4.324324324324325,2.46,274.5610114606436
1336,1,10,30,4.3382,3.7837837837837838,2.2700000000000005,214.52683802623662
1337,1,10,30,4.1037,2.5945945945945947,2.6,166.97783168278175
1338,1,10,30,4.1548,3.2432432432432434,2.7600000000000002,199.28822151344244
1339,1,10,30,3.6448,1.6216216216216217,1.94,195.27677178135392
1340,1,20,30,10.9842,12.972972972972974,10.37,184.14841121769055
1341,1,20,30,9.45,9.686486486486487,8.559999999999999,162.4032915614112
1342,1,20,30,5.8965,5.9459459459459465,5.88,149.9562077089483
1343,1,20,30,3.2017,1.6216216216216217,1.2100000000000002,191.38920392350482
1344,1,20,30,5.3232,2.551351351351351,4.14,219.59336142401088
1345,1,20,30,13.2984,8.756756756756758,13.01,152.2169112560141
1346,1,20,30,8.465,6.562162162162162,8.190000000000001,133.0604128858675
1347,1,20,30,6.8549,5.945945945945946,5.8,175.849008269293
1348,1,20,30,7.4227,7.5675675675675675,6.2299999999999995,172.7649539597533
1349,1,20,30,3.6894,2.1621621621621623,2.32,183.7593738910378
1350,1,20,30,4.8788,4.324324324324325,3.8,174.41296443061984
1351,1,20,30,2.1192,0.0,0.0,
1352,1,20,30,7.1048,7.5675675675675675,6.58,192.3714123649193
1353,1,20,30,7.6736,5.945945945945946,5.7700000000000005,167.39575364516665
1354,1,20,30,5.2543,4.151351351351352,3.7699999999999996,179.07611722291628
1355,1,20,30,8.6272,8.64864864864865,8.569999999999999,159.00273705414713
1356,1,20,30,6.0842,5.405405405405405,3.53,184.07591020779358
1357,1,20,30,4.9404,5.945945945945946,3.7199999999999998,196.709432243444
1358,1,20,30,8.0213,7.5675675675675675,7.0200000000000005,173.37648133279927
1359,1,20,30,5.0387,4.551351351351352,4.35,150.64594449824102
1360,1,30,30,9.0903,7.751351351351351,8.5,171.83976863970963
1361,1,30,30,13.1651,12.767567567567568,12.920000000000002,170.13873665859032
1362,1,30,30,2.0347,0.0,0.0,
1363,1,30,30,9.1411,8.64864864864865,7.9,155.57260716362134
1364,1,30,30,5.701,3.5243243243243243,5.2700000000000005,131.19923448024835
1365,1,30,30,3.9414,1.481081081081081,2.32,198.01061341868774
1366,1,30,30,9.9819,9.18918918918919,8.540000000000001,185.16218353405054
1367,1,30,30,2.1963,0.0,0.0,
1368,1,30,30,11.5582,9.848648648648648,11.44,161.67869647125312
1369,1,30,30,11.6424,9.783783783783784,10.65,160.0133952504619
1370,1,30,30,13.6015,9.72972972972973,11.98,161.7946752700349
1371,1,30,30,9.5116,9.72972972972973,9.57,166.49582599876126
1372,1,30,30,3.8028,2.1621621621621623,2.4699999999999998,213.16480404972611
1373,1,30,30,9.6887,8.108108108108109,7.55,186.8282767662452
1374,1,30,30,12.5359,8.291891891891892,11.32,157.2181910175645
1375,1,30,30,14.0413,11.405405405405407,14.66,142.5490293410874
1376,1,30,30,7.232,5.405405405405405,6.06,169.31280131544506
1377,1,30,30,5.2533,4.021621621621621,4.32,165.33842038539697
1378,1,30,30,2.9569,1.0810810810810811,1.4200000000000002,132.73087427395242
1379,1,30,30,3.8791,3.2432432432432434,1.59,254.97753279738808
1380,1,40,30,2.1335,0.0,0.19,
1381,1,40,30,5.3663,4.832432432432432,4.46,196.40809575241732
1382,1,40,30,9.2821,6.486486486486487,8.790000000000001,166.2008233474401
1383,1,40,30,11.8313,10.162162162162161,13.309999999999999,151.1762324953933
1384,1,40,30,6.4155,4.864864864864865,4.88,169.19887533385412
1385,1,40,30,6.0518,2.7027027027027026,4.85,122.24374542100459
1386,1,40,30,2.3344,0.0,0.01,
1387,1,40,30,7.2821,3.891891891891892,4.67,194.06033891905133
1388,1,40,30,6.1858,4.2270270270270265,5.46,167.17360690835824
1389,1,40,30,3.6163,0.5405405405405406,1.15,153.4513196099794
1390,1,40,30,13.653,10.162162162162163,13.86,146.98892682113737
1391,1,40,30,7.9485,4.864864864864865,7.95,133.4617502839864
1392,1,40,30,2.3935,0.5405405405405406,0.21000000000000002,146.70651675243656
1393,1,40,30,5.7072,4.864864864864865,3.7399999999999998,182.54412346190495
1394,1,40,30,9.6023,5.372972972972973,7.470000000000001,137.92568190289794
1395,1,40,30,7.2887,6.54054054054054,6.24,194.76317284288538
1396,1,40,30,7.6964,6.162162162162162,8.09,150.0890161267807
1397,1,40,30,2.3191,0.0,0.0,
1398,1,40,30,4.0317,2.5297297297297296,3.34,173.03544869892272
1399,1,40,30,6.4128,5.783783783783784,6.909999999999999,144.16305152053704
1400,1,50,30,7.9784,3.7837837837837838,5.279999999999999,174.1688216661043
1401,1,50,30,4.6427,3.2432432432432434,3.81,158.3134895499253
1402,1,50,30,13.6924,8.108108108108109,11.459999999999999,148.12903460072414
1403,1,50,30,8.3049,4.324324324324325,6.319999999999999,169.32762164808128
1404,1,50,30,6.9163,4.864864864864865,6.69,129.80950684422643
1405,1,50,30,9.672,7.5675675675675675,8.53,134.31030378508913
1406,1,50,30,10.8069,7.027027027027027,9.15,157.8498085422744
1407,1,50,30,8.2023,6.443243243243243,7.99,144.99408844504654
1408,1,50,30,8.0618,5.87027027027027,7.4799999999999995,159.38434514545662
1409,1,50,30,6.8991,7.027027027027027,5.64,173.94898076493416
1410,1,50,30,11.2353,8.108108108108109,9.14,175.5040850857382
1411,1,50,30,6.5545,3.7837837837837838,5.4399999999999995,169.69219495762556
1412,1,50,30,3.5822,2.1621621621621623,1.3,197.7255481135804
1413,1,50,30,2.9706,1.0810810810810811,0.43,130.59118447116927
1414,1,50,30,11.3691,4.767567567567568,9.85,136.42934507350867
1415,1,50,30,2.5002,1.0810810810810811,0.8300000000000001,112.92230916941662
1416,1,50,30,18.7594,14.356756756756758,19.66,145.37155526560443
1417,1,50,30,4.4795,1.3405405405405406,3.2700000000000005,168.13538733218027
1418,1,50,30,10.4138,9.654054054054054,10.790000000000001,142.1282902631241
1419,1,50,30,3.2778,0.5405405405405406,0.97,151.0139705846285
1420,1,60,30,3.1893,1.0810810810810811,1.72,120.39579664185715
1421,1,60,30,10.1118,8.854054054054055,8.280000000000001,138.4876870176054
1422,1,60,30,8.369,5.405405405405405,8.5,152.98299657361332
1423,1,60,30,10.9714,8.64864864864865,11.430000000000001,145.56522099274449
1424,1,60,30,6.3938,4.324324324324325,5.39,190.16269952241183
1425,1,60,30,4.032,2.67027027027027,3.19,149.97597505833
1426,1,60,30,8.1117,3.654054054054054,5.890000000000001,132.55687655030013
1427,1,60,30,7.9463,7.027027027027027,5.610000000000001,165.63019367133725
1428,1,60,30,5.4462,2.7027027027027026,2.82,167.62854459155517
1429,1,60,30,11.0058,8.108108108108109,8.83,157.10734850205947
1430,1,60,30,9.9214,5.556756756756757,7.05,149.5854268838218
1431,1,60,30,2.4308,0.0,0.0,
1432,1,60,30,6.3428,3.2432432432432434,4.58,140.11854460501482
1433,1,60,30,9.6437,5.45945945945946,7.82,131.4518874264312
1434,1,60,30,7.2436,6.583783783783784,6.44,156.11966218448654
1435,1,60,30,5.7783,2.6486486486486487,5.65,125.6270097779076
1436,1,60,30,14.7294,9.924324324324324,13.38,144.54230376690919
1437,1,60,30,5.9754,4.864864864864865,6.0200000000000005,140.41313866752333
1438,1,60,30,6.5879,5.945945945945946,5.000000000000001,193.75261735639097
1439,1,60,30,2.4085,0.5405405405405406,0.27,136.59747865235437
1440,1,70,30,14.5466,8.64864864864865,13.4,129.32179831290995
1441,1,70,30,5.572,4.0,4.9,128.76156669426447
1442,1,70,30,9.2024,3.7837837837837838,8.26,154.55030189911756
1443,1,70,30,10.1781,5.405405405405405,10.83,125.78884525067838
1444,1,70,30,11.9594,9.18918918918919,10.64,147.11725907833264
1445,1,70,30,25.223,15.75135135135135,26.339999999999996,136.26729578866386
1446,1,70,30,2.3362,0.0,0.0,
1447,1,70,30,1.992,0.0,0.0,
1448,1,70,30,5.9968,5.405405405405405,5.06,144.6603561291059
1449,1,70,30,13.107,12.972972972972974,12.62,151.20390834891063
1450,1,70,30,2.1443,0.0,0.13,
1451,1,70,30,14.7125,11.35135135135135,14.75,132.0340204111524
1452,1,70,30,4.7769,2.1621621621621623,2.4699999999999998,157.6093930104875
1453,1,70,30,4.8046,2.1621621621621623,3.04,130.70161071007402
1454,1,70,30,12.8648,11.35135135135135,11.22,150.99771486429242
1455,1,70,30,12.534,10.27027027027027,11.499999999999998,147.54432899833296
1456,1,70,30,9.4405,6.486486486486487,8.0,173.35994952061867
1457,1,70,30,11.3309,8.108108108108109,12.379999999999999,134.8185385686405
1458,1,70,30,8.8077,4.324324324324325,7.5,125.22868404874986
1459,1,70,30,3.1455,1.0810810810810811,0.64,171.61566286106512
1460,1,75,30,15.8195,11.675675675675677,14.120000000000001,145.92474921887487
1461,1,75,30,7.7186,6.486486486486487,6.7,142.2516429945419
1462,1,75,30,8.8131,3.7837837837837838,5.470000000000001,138.6491804741032
1463,1,75,30,17.0786,12.216216216216216,17.060000000000002,142.86724223446018
1464,1,75,30,7.7334,5.664864864864865,6.88,139.05733623063898
1465,1,75,30,16.3628,9.308108108108106,14.440000000000001,128.87978108256385
1466,1,75,30,16.5526,11.837837837837839,15.449999999999998,128.31060217049205
1467,1,75,30,13.3901,8.097297297297297,12.35,124.54954682418817
1468,1,75,30,9.1101,5.47027027027027,7.609999999999999,148.41428938556726
1469,1,75,30,15.8529,11.967567567567567,15.4,164.97945818796086
1470,1,75,30,7.7624,3.7837837837837838,5.74,165.20745884959106
1471,1,75,30,11.8031,7.5675675675675675,10.580000000000002,128.69369652762367
1472,1,75,30,13.0886,4.551351351351352,11.79,120.97298971339112
1473,1,75,30,11.5076,6.486486486486487,10.0,151.71655678144253
1474,1,75,30,6.6422,4.227027027027027,5.11,163.81498247017436
1475,1,75,30,7.2353,3.7837837837837838,6.24,120.55658031243478
1476,1,75,30,4.1037,1.6216216216216217,1.53,131.16697997870304
1477,1,75,30,19.507,14.616216216216216,20.080000000000002,142.96423915711185
1478,1,75,30,7.1696,5.3945945945945954,5.85,154.20024418498997
1479,1,75,30,6.3578,4.172972972972973,5.61,160.25823559766923
1480,1,80,30,10.9523,6.486486486486487,11.01,138.84855338051804
1481,1,80,30,4.6265,2.1621621621621623,3.28,137.19932506915512
1482,1,80,30,8.6879,3.7837837837837838,7.840000000000001,148.44708789158295
1483,1,80,30,5.3019,3.2432432432432434,4.17,150.82607681741882
1484,1,80,30,11.8421,7.5675675675675675,10.5,141.3481714638519
1485,1,80,30,3.2188,0.5405405405405406,0.8800000000000001,123.1088778770343
1486,1,80,30,2.2809,0.5405405405405406,0.47000000000000003,130.07797147543258
1487,1,80,30,2.1073,0.0,0.6599999999999999,
1488,1,80,30,17.5812,7.5675675675675675,15.680000000000001,137.63157517309335
1489,1,80,30,6.4723,2.8864864864864863,5.24,122.183378186558
1490,1,80,30,10.1399,4.864864864864865,10.020000000000001,125.54634706387075
1491,1,80,30,20.4009,13.427027027027027,19.509999999999998,133.3294778765599
1492,1,80,30,3.9242,2.1621621621621623,1.48,201.30290581512227
1493,1,80,30,3.6539,2.7027027027027026,2.25,163.4558580605557
1494,1,80,30,6.0041,1.6216216216216217,3.8600000000000003,139.63784657446422
1495,1,80,30,6.3639,2.7027027027027026,4.5,114.61387339594293
1496,1,80,30,12.5046,7.902702702702702,11.540000000000001,145.0095289799896
1497,1,80,30,3.8698,1.827027027027027,2.2,127.21533666722225
1498,1,80,30,8.0112,4.410810810810811,6.9799999999999995,173.83446474603767
1499,1,80,30,8.2216,5.232432432432432,8.34,140.03939467842287
1500,1,90,30,4.5705,2.1621621621621623,2.7,165.80699581980542
1501,1,90,30,18.0707,8.64864864864865,17.78,138.841137527319
1502,1,90,30,13.0726,5.945945945945946,11.18,166.23568577867593
1503,1,90,30,7.0087,1.3513513513513513,5.17,128.19045514408757
1504,1,90,30,8.8359,3.7837837837837838,8.78,124.96554258858929
1505,1,90,30,7.4414,3.7837837837837838,6.28,127.40298584579129
1506,1,90,30,3.8501,1.6216216216216217,1.6199999999999999,169.72215263519303
1507,1,90,30,5.0254,2.454054054054054,3.35,147.4206952144057
1508,1,90,30,5.3846,1.6216216216216217,3.8299999999999996,125.14474329801048
1509,1,90,30,3.5275,0.5405405405405406,1.9599999999999997,138.58005093937626
1510,1,90,30,2.768,1.0810810810810811,1.02,142.09828684703473
1511,1,90,30,9.5224,5.210810810810811,8.940000000000001,146.14221136633222
1512,1,90,30,12.0283,6.497297297297297,12.12,133.63546649154387
1513,1,90,30,8.6924,6.281081081081081,7.369999999999999,131.66725057335236
1514,1,90,30,9.5752,4.864864864864865,8.81,129.96831737061018
1515,1,90,30,6.7253,2.7027027027027026,5.430000000000001,125.64568211447934
1516,1,90,30,8.3846,3.2432432432432434,5.71,120.35304642054854
1517,1,90,30,9.4794,5.405405405405405,7.959999999999999,134.250513887025
1518,1,90,30,5.5506,2.8972972972972975,4.36,120.01604592541118
1519,1,90,30,10.8668,7.027027027027027,8.84,143.7711162454477
1520,1,100,30,7.7703,3.2432432432432434,6.25,147.23035586130644
1521,1,100,30,8.0546,5.0162162162162165,6.409999999999999,162.8449681750773
1522,1,100,30,3.2993,0.918918918918919,1.27,117.47375223119295
1523,1,100,30,4.9579,2.1621621621621623,3.59,134.6154290914721
1524,1,100,30,14.0299,5.945945945945946,12.68,138.74469891676344
1525,1,100,30,1.9846,0.0,0.05,
1526,1,100,30,8.3266,3.2432432432432434,6.4399999999999995,117.29303144246501
1527,1,100,30,4.236,2.1621621621621623,1.67,183.4645302098015
1528,1,100,30,6.2158,1.0810810810810811,4.390000000000001,111.16870945309769
1529,1,100,30,19.5129,8.032432432432433,17.669999999999998,132.43712549666836
1530,1,100,30,9.0226,2.1621621621621623,6.56,153.235962891728
1531,1,100,30,6.2951,3.945945945945946,4.95,132.6878092631094
1532,1,100,30,9.4965,4.940540540540541,7.9799999999999995,142.46499020372013
1533,1,100,30,6.0323,2.1621621621621623,3.04,156.17939356824462
1534,1,100,30,2.0126,0.0,0.13,
1535,1,100,30,10.5697,5.9459459459459465,9.830000000000002,130.15734243623945
1536,1,100,30,9.2925,5.297297297297297,8.430000000000001,138.0162028556937
1537,1,100,30,10.4423,4.864864864864865,9.0,141.9117026597736
1538,1,100,30,11.3764,5.405405405405405,9.879999999999999,150.19186642936725
1539,1,100,30,7.8159,2.7027027027027026,4.66,128.98125405679292
1540,1,10,50,2.1207,0.5405405405405406,0.16999999999999998,464.51034957917875
1541,1,10,50,5.6945,8.108108108108109,4.1,218.12116206579805
1542,1,10,50,3.2079,2.7027027027027026,1.4200000000000002,230.55388318033738
1543,1,10,50,3.0792,2.7027027027027026,1.81,183.49227576759267
1544,1,10,50,13.4864,20.0,14.77,198.5291958461422
1545,1,10,50,6.0052,5.945945945945946,4.86,211.36376266818232
1546,1,10,50,9.6138,13.859459459459458,9.940000000000001,178.33637082674235
1547,1,10,50,2.3927,1.0810810810810811,1.2600000000000002,137.52287821346377
1548,1,10,50,3.5006,4.551351351351352,1.97,204.56532517982447
1549,1,10,50,3.9431,3.7837837837837838,2.98,172.94240008970903
1550,1,10,50,2.7091,2.281081081081081,1.28,206.17244352673805
1551,1,10,50,5.1503,3.7837837837837838,4.3100000000000005,154.60864206107422
1552,1,10,50,5.7122,5.945945945945946,4.0,251.5006313871656
1553,1,10,50,4.8465,5.945945945945946,3.17,248.47418173241752
1554,1,10,50,5.7289,7.535135135135135,4.2299999999999995,221.03777135485436
1555,1,10,50,4.6474,6.940540540540541,4.91,191.58740734828433
1556,1,10,50,3.8382,4.324324324324325,2.75,167.56464339270076
1557,1,10,50,12.0624,19.45945945945946,12.88,207.76577268464757
1558,1,10,50,8.8757,9.18918918918919,8.620000000000001,165.31435389924974
1559,1,10,50,3.8893,3.7837837837837838,2.1799999999999997,215.68520162400358
1560,1,20,50,3.4709,3.0486486486486486,2.5599999999999996,146.2260731354726
1561,1,20,50,3.6674,3.9351351351351354,1.6599999999999997,236.9852331762553
1562,1,20,50,1.9086,0.0,0.0,
1563,1,20,50,3.2915,2.1621621621621623,1.3699999999999999,168.28290489351923
1564,1,20,50,3.0986,2.151351351351351,2.0700000000000003,165.12611083432242
1565,1,20,50,6.0711,8.302702702702703,5.87,186.46108046549034
1566,1,20,50,4.4048,3.372972972972973,3.88,119.16598379421873
1567,1,20,50,7.9815,11.805405405405406,9.860000000000001,164.6228838045289
1568,1,20,50,3.9508,3.2432432432432434,1.94,229.37850244162686
1569,1,20,50,4.6672,5.945945945945946,4.17,180.57214958745283
1570,1,20,50,3.4619,2.5189189189189194,1.92,196.4552305967755
1571,1,20,50,8.7056,10.021621621621623,8.120000000000001,162.30441623100592
1572,1,20,50,5.8808,4.864864864864865,4.2,193.17523836190696
1573,1,20,50,4.1439,3.7837837837837838,2.38,185.4134450103189
1574,1,20,50,3.8878,3.7837837837837838,1.6,236.384223477351
1575,1,20,50,3.0286,3.2432432432432434,0.63,260.53147203411555
1576,1,20,50,8.8402,13.513513513513516,9.05,174.26626150894077
1577,1,20,50,5.959,10.27027027027027,6.63,209.8678057515343
1578,1,20,50,7.3504,9.18918918918919,6.130000000000001,195.40325551997338
1579,1,20,50,5.5012,6.486486486486487,4.5,168.86223121386232
1580,1,30,50,2.5816,0.0,0.08,
1581,1,30,50,4.2263,4.864864864864865,2.9699999999999998,203.34858336118518
1582,1,30,50,2.2823,0.0,0.0,
1583,1,30,50,3.4925,2.1621621621621623,1.19,226.35550963945875
1584,1,30,50,9.0532,11.891891891891891,11.25,175.98482355143832
1585,1,30,50,8.3271,8.540540540540542,8.01,171.9284996783701
1586,1,30,50,5.0679,6.486486486486487,4.8100000000000005,171.97860553569035
1587,1,30,50,4.3794,2.1621621621621623,2.43,120.79568267335479
1588,1,30,50,4.8141,5.913513513513513,3.21,192.51548729037722
1589,1,30,50,3.6575,1.0810810810810811,2.22,115.23915616033756
1590,1,30,50,9.7041,14.443243243243241,9.85,179.86465180429437
1591,1,30,50,2.6091,0.0,0.04,
1592,1,30,50,11.9126,9.956756756756757,10.32,172.07808146464177
1593,1,30,50,10.3534,16.572972972972973,10.33,204.94513053379018
1594,1,30,50,8.8406,7.729729729729731,7.010000000000001,182.19782253392233
1595,1,30,50,3.4283,1.6216216216216217,1.5699999999999998,144.0841397386928
1596,1,30,50,8.4788,11.535135135135135,9.31,181.2291914132193
1597,1,30,50,2.616,1.0810810810810811,0.5900000000000001,224.33451409181774
1598,1,30,50,2.383,1.0810810810810811,0.0,303.4507295694368
1599,1,30,50,3.9828,3.2432432432432434,1.92,184.00425127776444
1600,1,40,50,4.3367,2.1621621621621623,1.9400000000000002,191.32645177868494
1601,1,40,50,7.0938,8.64864864864865,5.35,193.70504104343783
1602,1,40,50,3.13,1.6216216216216217,1.6600000000000001,198.03962142688036
1603,1,40,50,4.0557,5.405405405405405,3.44,196.69894790786492
1604,1,40,50,6.8607,8.108108108108109,7.3100000000000005,144.2835319308487
1605,1,40,50,6.8279,7.5675675675675675,6.5,165.23958452796973
1606,1,40,50,6.1547,7.027027027027027,6.25,169.91680167462076
1607,1,40,50,7.4088,7.5675675675675675,8.35,128.67813909568878
1608,1,40,50,12.2133,15.675675675675674,11.8,180.14453758109082
1609,1,40,50,7.8906,7.729729729729729,8.22,157.97647481864112
1610,1,40,50,2.1469,0.0,0.26,
1611,1,40,50,2.5204,0.5405405405405406,0.32999999999999996,147.26795082917968
1612,1,40,50,7.4669,7.5675675675675675,6.58,167.09303945102036
1613,1,40,50,2.1254,0.5405405405405406,0.1,243.6516074666252
1614,1,40,50,8.6075,10.81081081081081,8.75,163.64258776196735
1615,1,40,50,5.0223,4.324324324324325,3.34,153.25220081108304
1616,1,40,50,3.3216,3.2432432432432434,1.04,207.2921828255064
1617,1,40,50,3.0033,1.6216216216216217,1.44,131.42334527325863
1618,1,40,50,6.034,6.486486486486487,5.279999999999999,154.6076995989511
1619,1,40,50,6.151,9.72972972972973,7.019999999999999,177.49304368267744
1620,1,50,50,4.5431,3.2432432432432434,3.1,176.91880752103077
1621,1,50,50,5.6601,5.221621621621622,4.42,181.15129138805938
1622,1,50,50,9.468,9.664864864864864,10.17,138.27229648521867
1623,1,50,50,10.6702,8.886486486486486,12.85,152.90475211614063
1624,1,50,50,7.9604,4.237837837837838,5.659999999999999,125.76395066278559
1625,1,50,50,9.1264,9.18918918918919,7.95,155.45734513615048
1626,1,50,50,5.6965,5.232432432432432,4.62,179.28743100581798
1627,1,50,50,6.1624,7.027027027027027,5.01,196.95738499414603
1628,1,50,50,4.2162,3.7837837837837838,2.54,159.66058500970328
1629,1,50,50,12.8169,17.01621621621622,15.24,162.52576365146268
1630,1,50,50,6.1896,5.405405405405405,4.58,186.70579797733825
1631,1,50,50,7.107,5.945945945945946,5.61,173.87060312686663
1632,1,50,50,4.8256,3.7837837837837838,3.13,184.3331171850043
1633,1,50,50,2.6078,0.0,0.01,
1634,1,50,50,4.5352,3.7837837837837838,2.87,188.32303353255742
1635,1,50,50,8.4758,9.502702702702702,9.49,136.71010407629825
1636,1,50,50,7.3754,8.64864864864865,7.780000000000001,151.35391152163965
1637,1,50,50,7.2951,8.108108108108109,7.1,166.15529733420706
1638,1,50,50,4.1486,3.7837837837837838,2.4299999999999997,177.46460767046457
1639,1,50,50,4.1872,2.724324324324324,1.29,171.81438342724812
1640,1,60,50,13.3413,13.49189189189189,13.09,135.11671324380507
1641,1,60,50,9.627,10.248648648648649,8.96,150.67962918000373
1642,1,60,50,6.4899,7.027027027027027,5.61,155.0266265953856
1643,1,60,50,2.5697,1.0810810810810811,1.24,149.1531811835997
1644,1,60,50,9.9793,11.664864864864864,10.5,153.2308287041058
1645,1,60,50,7.9813,6.713513513513513,7.530000000000001,154.7420201813187
1646,1,60,50,9.3574,8.216216216216216,8.25,145.15618849511498
1647,1,60,50,2.9785,0.5405405405405406,0.7699999999999999,132.5220854804985
1648,1,60,50,10.535,10.64864864864865,10.99,159.14985425980325
1649,1,60,50,5.8048,5.405405405405405,4.880000000000001,141.66060905874784
1650,1,60,50,4.0747,2.7027027027027026,1.8400000000000003,209.3638050689952
1651,1,60,50,2.1308,0.0,0.0,
1652,1,60,50,3.5696,2.1621621621621623,2.21,121.32907882979885
1653,1,60,50,4.0041,1.6216216216216217,1.49,133.7371509474274
1654,1,60,50,5.184,5.945945945945946,4.09,190.66108019120222
1655,1,60,50,6.5912,6.162162162162162,5.4399999999999995,150.80716863641302
1656,1,60,50,8.3359,10.27027027027027,6.4300000000000015,178.80253306040413
1657,1,60,50,5.2059,4.864864864864865,3.4900000000000007,161.40641236907015
1658,1,60,50,2.7804,1.0810810810810811,0.64,185.54515051247887
1659,1,60,50,5.7161,5.286486486486487,5.31,155.28837818940298
1660,1,70,50,4.871,3.7837837837837838,2.41,211.80738685108187
1661,1,70,50,3.0587,2.1621621621621623,1.27,235.53584793052815
1662,1,70,50,5.5955,3.2432432432432434,4.49,151.3925532142595
1663,1,70,50,2.8431,0.5405405405405406,0.18,221.6322949285066
1664,1,70,50,7.4973,5.945945945945946,7.109999999999999,128.67230087590775
1665,1,70,50,3.8975,2.1621621621621623,2.2299999999999995,167.48619066333234
1666,1,70,50,12.7146,12.064864864864864,14.470000000000002,129.54373537679967
1667,1,70,50,9.025,8.108108108108109,9.36,131.7281027226888
1668,1,70,50,6.482,5.967567567567568,4.75,156.10249873085812
1669,1,70,50,6.6297,7.113513513513513,5.84,171.9250372466157
1670,1,70,50,5.2943,4.324324324324325,4.069999999999999,165.9362442162896
1671,1,70,50,8.1115,8.64864864864865,8.69,153.73630312239783
1672,1,70,50,5.4945,5.005405405405405,3.4099999999999993,193.9785952368317
1673,1,70,50,4.3114,2.1621621621621623,2.17,171.01164149087538
1674,1,70,50,4.2634,3.2432432432432434,3.15,155.41296375330646
1675,1,70,50,11.2521,11.891891891891891,12.940000000000001,159.8743491114057
1676,1,70,50,8.7976,8.108108108108109,8.360000000000001,144.7543032533307
1677,1,70,50,5.3675,4.043243243243244,5.1899999999999995,132.38987086008046
1678,1,70,50,7.7408,6.508108108108108,6.760000000000001,158.01595416566454
1679,1,70,50,8.3443,5.9459459459459465,8.17,132.36775211105066
1680,1,75,50,11.412,11.891891891891891,11.61,151.90749787177228
1681,1,75,50,6.4479,3.7837837837837838,5.880000000000001,157.26073500841525
1682,1,75,50,3.0647,0.5405405405405406,1.0699999999999998,105.33941705042923
1683,1,75,50,10.9915,9.978378378378377,11.129999999999999,143.39504541649958
1684,1,75,50,4.4817,2.7027027027027026,2.71,166.5084949712179
1685,1,75,50,2.5525,0.5405405405405406,0.15,246.19360842465503
1686,1,75,50,6.7495,5.945945945945946,5.12,151.0407405507862
1687,1,75,50,4.2644,3.2432432432432434,2.2800000000000002,217.18317020835195
1688,1,75,50,1.9819,0.0,0.05,
1689,1,75,50,2.872,0.5405405405405406,0.6799999999999999,122.76457777947063
1690,1,75,50,4.7203,3.7837837837837838,2.73,167.95255027761914
1691,1,75,50,16.2942,16.032432432432433,16.78,147.04912015874135
1692,1,75,50,5.3797,3.2432432432432434,3.5700000000000003,142.97697159795354
1693,1,75,50,7.8104,5.816216216216216,5.890000000000001,169.77324261944898
1694,1,75,50,16.2552,14.64864864864865,17.41,146.9822716778547
1695,1,75,50,3.5539,1.0810810810810811,1.44,125.08235036976824
1696,1,75,50,6.1762,3.2432432432432434,5.0200000000000005,147.78141282182224
1697,1,75,50,4.1359,2.4,2.1399999999999997,177.69911183467488
1698,1,75,50,2.3597,0.0,0.04,
1699,1,75,50,9.3891,8.94054054054054,8.629999999999999,159.50840627071878
1700,1,80,50,2.4193,0.0,0.01,
1701,1,80,50,6.5246,4.172972972972973,4.2700000000000005,150.26580720275095
1702,1,80,50,2.3384,0.5405405405405406,0.38,124.46883133291455
1703,1,80,50,2.5083,0.5405405405405406,0.67,152.75688366041092
1704,1,80,50,4.4732,3.2432432432432434,2.9899999999999998,131.74442924532568
1705,1,80,50,5.4312,5.405405405405405,5.42,148.43705454620877
1706,1,80,50,15.5123,10.572972972972973,12.529999999999998,167.70527529562443
1707,1,80,50,9.3757,8.508108108108107,8.809999999999999,169.95607555447788
1708,1,80,50,7.8347,6.486486486486487,6.05,154.07315523805687
1709,1,80,50,12.0431,10.81081081081081,11.47,154.70177837715605
1710,1,80,50,2.3094,0.0,0.0,
1711,1,80,50,8.4449,8.108108108108109,8.129999999999999,152.3521812703634
1712,1,80,50,5.1802,3.7837837837837838,3.9099999999999993,158.0658243398486
1713,1,80,50,10.0814,8.648648648648647,9.06,159.95796473911184
1714,1,80,50,7.1284,4.864864864864865,4.92,149.4019482704491
1715,1,80,50,5.8636,4.864864864864865,3.7,174.8658167609058
1716,1,80,50,10.8307,9.2,10.96,134.50495997175415
1717,1,80,50,4.1422,2.691891891891892,2.8,191.86243624337447
1718,1,80,50,4.1329,2.854054054054054,4.39,116.42726751533142
1719,1,80,50,2.271,0.0,0.06999999999999999,
1720,1,90,50,4.001,2.1621621621621623,2.37,154.6614096531891
1721,1,90,50,5.6688,2.464864864864865,3.16,175.17644989536143
1722,1,90,50,7.7493,7.027027027027027,7.87,166.37079412272846
1723,1,90,50,3.283,1.0810810810810811,0.95,184.3613332387527
1724,1,90,50,7.3854,7.027027027027026,5.789999999999999,155.18686436058948
1725,1,90,50,1.9322,0.0,0.0,
1726,1,90,50,3.9413,3.2432432432432434,2.9299999999999997,172.85938681453297
1727,1,90,50,5.0698,5.945945945945946,3.04,161.02171266364914
1728,1,90,50,4.3965,2.5405405405405403,2.4699999999999998,187.00690580546922
1729,1,90,50,3.6304,2.7027027027027026,1.58,180.9609062622169
1730,1,90,50,3.0004,0.5405405405405406,0.35,123.61981330985756
1731,1,90,50,5.7206,3.2432432432432434,4.39,135.21176121733572
1732,1,90,50,5.9256,2.9837837837837835,4.93,122.72611778311553
1733,1,90,50,5.5132,3.7837837837837838,4.34,126.694583640959
1734,1,90,50,4.3496,2.1621621621621623,2.95,150.70819742955638
1735,1,90,50,6.0323,3.243243243243243,3.7700000000000005,112.10200031851586
1736,1,90,50,7.0426,4.962162162162162,5.909999999999999,133.33102427008535
1737,1,90,50,14.2992,10.90810810810811,15.52,151.00052914900192
1738,1,90,50,7.8964,4.918918918918918,6.67,136.98175815246105
1739,1,90,50,6.5108,3.7837837837837838,4.84,147.24930396832477
1740,1,100,50,2.2029,0.0,0.02,
1741,1,100,50,7.8318,4.38918918918919,7.0,184.56946341055462
1742,1,100,50,6.6257,4.864864864864865,5.41,161.08201065962078
1743,1,100,50,4.0008,1.6216216216216217,2.66,117.11596376724272
1744,1,100,50,5.5088,2.1621621621621623,3.95,118.08188431771384
1745,1,100,50,7.9055,5.037837837837838,7.639999999999999,130.7514350438116
1746,1,100,50,9.9633,6.486486486486486,9.11,151.97916425846054
1747,1,100,50,9.404,8.108108108108109,8.549999999999999,130.77178734929186
1748,1,100,50,5.9228,3.2432432432432434,4.3,140.70598246935688
1749,1,100,50,7.4089,4.324324324324325,5.5600000000000005,144.03833352275672
1750,1,100,50,5.6069,4.864864864864865,3.87,141.08989183753394
1751,1,100,50,12.7527,7.751351351351351,10.77,143.11283160005894
1752,1,100,50,10.0476,9.243243243243244,9.77,145.98582474588025
1753,1,100,50,9.8692,4.864864864864865,8.9,139.76996677531042
1754,1,100,50,14.6062,10.81081081081081,13.809999999999999,154.3727385072708
1755,1,100,50,15.1286,11.35135135135135,15.039999999999997,143.19627496138267
1756,1,100,50,7.6889,5.405405405405405,7.409999999999999,156.65706047998924
1757,1,100,50,11.8221,5.405405405405405,10.4,132.59993730228157
1758,1,100,50,3.4746,1.0810810810810811,1.54,121.39421137431762
1759,1,100,50,2.7648,1.0810810810810811,1.26,121.88742076923023
1760,1,10,75,9.1963,18.918918918918923,10.040000000000001,225.1116983812693
1761,1,10,75,4.8417,9.18918918918919,3.8600000000000003,228.32313807174884
1762,1,10,75,2.0522,0.0,0.06,
1763,1,10,75,4.4779,7.027027027027027,2.57,284.0130286958803
1764,1,10,75,1.8581,0.0,0.0,
1765,1,10,75,6.2378,12.021621621621621,6.1000000000000005,229.4070697397671
1766,1,10,75,5.1326,8.64864864864865,4.18,208.570139515525
1767,1,10,75,5.9936,11.35135135135135,6.3,243.03817118649525
1768,1,10,75,3.9815,9.18918918918919,3.96,223.9417828681996
1769,1,10,75,3.276,4.324324324324325,1.6199999999999999,247.25094663896024
1770,1,10,75,3.0973,3.7837837837837838,2.04,195.27931238227285
1771,1,10,75,2.9016,2.7027027027027026,1.5,214.91593022471224
1772,1,10,75,12.7944,20.0,13.98,194.1737276056139
1773,1,10,75,3.3933,3.7837837837837838,2.18,247.090958878041
1774,1,10,75,2.2755,0.5405405405405406,0.48,243.28411259617317
1775,1,10,75,8.0893,14.432432432432432,7.37,245.6376680876696
1776,1,10,75,6.3977,7.5675675675675675,6.890000000000001,164.86896896625845
1777,1,10,75,11.3953,20.45405405405405,13.52,203.25268606013896
1778,1,10,75,4.1457,6.227027027027027,2.58,231.67935689567773
1779,1,10,75,4.6183,4.864864864864865,3.4899999999999998,200.82733738716672
1780,1,20,75,5.9282,7.924324324324324,5.74,175.3306657961951
1781,1,20,75,5.0667,8.789189189189187,3.8599999999999994,221.75487933761252
1782,1,20,75,2.2797,0.0,0.0,
1783,1,20,75,4.7505,8.0,4.9,186.91541382612579
1784,1,20,75,2.7996,2.7027027027027026,1.35,201.0026841464994
1785,1,20,75,4.1764,4.627027027027028,2.68,172.7032713277624
1786,1,20,75,4.3229,4.864864864864865,3.4299999999999997,200.10407549315752
1787,1,20,75,5.0036,5.405405405405405,3.8400000000000007,241.5367569528326
1788,1,20,75,6.091,8.486486486486488,5.23,188.12374616115852
1789,1,20,75,5.734,5.945945945945946,5.94,142.9274279035825
1790,1,20,75,5.3258,7.027027027027026,4.9799999999999995,162.4575918562844
1791,1,20,75,4.0889,4.864864864864865,1.6800000000000002,251.76836968572732
1792,1,20,75,2.5151,1.6216216216216217,0.25,253.72490724655503
1793,1,20,75,3.1949,2.7027027027027026,1.54,227.34423841002572
1794,1,20,75,3.6221,4.324324324324325,2.6399999999999997,210.7078517412937
1795,1,20,75,5.8628,10.81081081081081,4.66,219.9488700528165
1796,1,20,75,4.7722,8.108108108108109,4.39,186.79281867624238
1797,1,20,75,3.0919,5.362162162162162,3.3299999999999996,171.13022161065254
1798,1,20,75,4.112,4.9837837837837835,2.7800000000000002,204.1759559919097
1799,1,20,75,3.5608,2.1621621621621623,1.56,123.908157645631
1800,1,30,75,4.9872,8.454054054054055,5.76,189.51545106507874
1801,1,30,75,8.9586,13.956756756756757,9.55,181.7416837828773
1802,1,30,75,13.0421,21.632432432432434,14.11,181.56374722378953
1803,1,30,75,3.1731,1.7621621621621621,1.8399999999999999,148.3586383292275
1804,1,30,75,6.5004,8.108108108108109,6.18,190.6380974983849
1805,1,30,75,3.4827,2.908108108108108,2.05,173.89925701495702
1806,1,30,75,6.9389,9.751351351351351,6.76,199.85112787691602
1807,1,30,75,8.2123,12.432432432432432,8.959999999999999,173.67277919586408
1808,1,30,75,8.6656,13.405405405405407,8.790000000000001,170.12977517525334
1809,1,30,75,4.1402,7.264864864864864,2.88,210.43269849308922
1810,1,30,75,6.8994,12.78918918918919,6.06,215.68461244013596
1811,1,30,75,5.2399,8.886486486486486,6.4,182.61923875469734
1812,1,30,75,8.378,11.35135135135135,9.64,169.9812618373397
1813,1,30,75,3.342,4.864864864864865,2.05,200.0644404053331
1814,1,30,75,5.4908,6.486486486486487,4.62,183.47623547990955
1815,1,30,75,4.7251,7.5675675675675675,4.15,212.94120896591085
1816,1,30,75,5.0555,7.5675675675675675,3.35,177.8241688243082
1817,1,30,75,7.4258,10.400000000000002,8.09,184.13199247285485
1818,1,30,75,6.0608,9.372972972972974,3.95,239.97737168935913
1819,1,30,75,5.4517,7.027027027027027,5.7299999999999995,176.31577180829305
1820,1,40,75,2.2332,0.5405405405405406,0.26,234.11656943354765
1821,1,40,75,4.2734,3.9891891891891893,3.38,145.57655483454974
1822,1,40,75,6.4349,10.302702702702703,7.290000000000001,172.28147320195916
1823,1,40,75,3.4953,3.7189189189189187,2.17,206.08519579943413
1824,1,40,75,3.5581,3.7837837837837838,2.54,171.02664338469887
1825,1,40,75,4.6407,6.486486486486487,3.34,208.79818398828934
1826,1,40,75,9.5996,13.902702702702703,11.85,172.2542490738917
1827,1,40,75,2.694,1.0810810810810811,0.61,171.52357035256722
1828,1,40,75,6.7039,6.508108108108108,6.33,176.68227092201784
1829,1,40,75,7.3283,12.432432432432432,9.1,189.3516079520852
1830,1,40,75,6.3915,5.945945945945946,5.51,186.31682281859096
1831,1,40,75,9.8918,13.210810810810813,10.65,176.60111501968362
1832,1,40,75,5.0498,4.864864864864865,3.1100000000000003,222.92693282651112
1833,1,40,75,2.9166,1.6216216216216217,0.8700000000000001,244.36824382715054
1834,1,40,75,3.7892,3.254054054054054,2.92,161.43965810550304
1835,1,40,75,2.1967,1.6216216216216217,0.33999999999999997,263.3522437971322
1836,1,40,75,2.394,0.5405405405405406,0.16999999999999998,234.68256517658344
1837,1,40,75,4.5692,5.405405405405405,4.08,146.19668795376435
1838,1,40,75,4.7678,5.405405405405405,3.2800000000000002,205.7676182469441
1839,1,40,75,5.5288,8.64864864864865,4.28,200.10820520652393
1840,1,50,75,6.4796,9.72972972972973,7.3199999999999985,183.24471071519287
1841,1,50,75,8.1861,11.05945945945946,8.35,165.35307431299273
1842,1,50,75,3.4752,2.7027027027027026,1.8,165.53139767805555
1843,1,50,75,3.9959,3.2432432432432434,2.6,150.0561625727146
1844,1,50,75,6.6902,8.108108108108109,7.24,155.17644873681076
1845,1,50,75,5.5751,7.4270270270270276,3.8099999999999996,227.77641458551741
1846,1,50,75,8.0539,10.81081081081081,8.0,197.92023453850143
1847,1,50,75,7.6985,10.81081081081081,8.27,151.99251920158213
1848,1,50,75,3.8498,3.7837837837837838,2.7199999999999998,164.93667373565924
1849,1,50,75,5.4576,5.945945945945946,3.71,175.99316301778694
1850,1,50,75,4.9508,5.221621621621621,2.96,182.90915987503314
1851,1,50,75,5.1087,7.027027027027027,4.04,215.36993154593904
1852,1,50,75,3.4844,1.6216216216216217,1.1400000000000001,225.3312783599099
1853,1,50,75,9.6744,13.513513513513512,9.33,159.32739691256333
1854,1,50,75,2.9314,1.0810810810810811,0.62,138.06880454199813
1855,1,50,75,6.6102,8.52972972972973,5.18,204.8278764893889
1856,1,50,75,2.1252,0.0,0.08,
1857,1,50,75,2.1267,0.0,0.29,
1858,1,50,75,7.289,9.18918918918919,8.09,161.46600248694565
1859,1,50,75,2.4514,1.0810810810810811,0.18,276.49681430810347
1860,1,60,75,4.2515,3.632432432432432,2.4300000000000006,161.32752781716854
1861,1,60,75,3.3659,1.6216216216216217,0.82,196.31380653331442
1862,1,60,75,7.5162,11.145945945945948,8.82,177.66607018875743
1863,1,60,75,7.3766,9.31891891891892,8.080000000000002,150.10502312291453
1864,1,60,75,3.813,2.7027027027027026,2.65,127.08293369481532
1865,1,60,75,5.041,4.918918918918918,3.16,162.70127266526057
1866,1,60,75,7.3307,10.81081081081081,7.909999999999999,181.24077606495408
1867,1,60,75,6.549,7.5675675675675675,4.680000000000001,175.87631887881565
1868,1,60,75,3.585,3.2432432432432434,2.3299999999999996,146.00026759469833
1869,1,60,75,2.8049,0.5405405405405406,0.58,225.47513529383247
1870,1,60,75,2.6141,0.5405405405405406,0.47000000000000003,185.39900331680673
1871,1,60,75,2.521,1.0810810810810811,0.5199999999999999,265.27143743659354
1872,1,60,75,10.2022,15.135135135135135,10.99,180.4211512100917
1873,1,60,75,8.2436,10.075675675675678,9.629999999999999,167.01276635040108
1874,1,60,75,3.0731,1.6216216216216217,0.7300000000000001,196.50698113529904
1875,1,60,75,7.6449,8.497297297297298,7.44,160.44350273418013
1876,1,60,75,2.8489,1.0810810810810811,1.02,138.94496981040982
1877,1,60,75,5.0373,7.027027027027027,6.859999999999999,144.97549796905108
1878,1,60,75,3.5863,2.518918918918919,3.16,123.59240234126248
1879,1,60,75,4.9994,5.945945945945946,3.56,198.05769854130224
1880,1,70,75,10.1343,12.01081081081081,11.8,146.36576428945273
1881,1,70,75,2.4629,1.0810810810810811,0.55,133.78175447885883
1882,1,70,75,11.2521,10.81081081081081,10.179999999999998,168.54438958803033
1883,1,70,75,4.8111,5.47027027027027,3.8299999999999996,170.21686804740554
1884,1,70,75,6.3898,6.486486486486487,4.2700000000000005,168.49459501068176
1885,1,70,75,12.09,17.2972972972973,12.79,164.5913790098375
1886,1,70,75,3.2198,2.7027027027027026,2.35,129.67761537361963
1887,1,70,75,5.6093,6.789189189189189,3.84,164.6795265783456
1888,1,70,75,7.5223,8.108108108108109,7.589999999999999,172.43519436555567
1889,1,70,75,5.8945,5.405405405405405,4.779999999999999,190.7760353226596
1890,1,70,75,5.1048,4.324324324324325,4.369999999999999,146.07957413394377
1891,1,70,75,3.9934,3.3513513513513518,2.9200000000000004,130.2923550696303
1892,1,70,75,7.9606,12.691891891891892,7.9,169.22616633919182
1893,1,70,75,2.2266,0.0,0.0,
1894,1,70,75,6.5519,5.9459459459459465,4.720000000000001,165.63514948395527
1895,1,70,75,5.6459,3.362162162162163,4.0200000000000005,160.1758592077543
1896,1,70,75,2.9143,1.6216216216216217,1.08,159.8696447099185
1897,1,70,75,4.1284,2.7027027027027026,3.0300000000000002,140.88277880320234
1898,1,70,75,1.8445,0.0,0.0,
1899,1,70,75,2.2216,0.0,0.0,
1900,1,75,75,7.3594,6.81081081081081,6.0600000000000005,172.8951017872843
1901,1,75,75,6.863,7.027027027027026,7.459999999999999,139.47330046368506
1902,1,75,75,4.3768,2.7027027027027026,2.1100000000000003,180.00560979236553
1903,1,75,75,3.329,1.6216216216216217,0.45,193.8650620164907
1904,1,75,75,2.2975,0.5405405405405406,0.4,239.85324166964418
1905,1,75,75,5.7073,6.486486486486487,3.79,154.03953093224933
1906,1,75,75,7.9727,7.621621621621623,6.779999999999999,171.85577167974049
1907,1,75,75,6.0058,5.556756756756757,2.79,211.05462981700737
1908,1,75,75,12.0627,14.421621621621622,12.99,170.05020883924297
1909,1,75,75,4.7236,2.8864864864864863,2.15,164.95615376387863
1910,1,75,75,3.8061,3.5027027027027025,2.7,192.69770195759625
1911,1,75,75,4.9868,2.7027027027027026,1.86,202.69799948356595
1912,1,75,75,4.2338,2.7027027027027026,2.0700000000000003,185.86964894272282
1913,1,75,75,5.9318,5.675675675675675,5.720000000000001,148.5885109411089
1914,1,75,75,8.4852,9.18918918918919,9.41,138.50057233445193
1915,1,75,75,6.0787,6.486486486486487,5.7,160.28166298632456
1916,1,75,75,3.1353,1.0810810810810811,0.65,169.70548655582718
1917,1,75,75,4.235,4.324324324324325,2.34,205.18343948638736
1918,1,75,75,3.4984,3.2432432432432434,1.7899999999999998,228.88918078069614
1919,1,75,75,9.4374,8.64864864864865,9.669999999999998,140.32569073636256
1920,1,80,75,3.2187,1.6216216216216217,2.25,137.81518333385102
1921,1,80,75,4.4124,3.318918918918919,2.5799999999999996,191.5189714906524
1922,1,80,75,2.1085,0.021621621621621623,0.48,131.1531827590634
1923,1,80,75,4.609891216760677,2.9045693612622747,3.4343568464730287,119.70791713136397
1924,1,80,75,3.5169,1.2216216216216216,1.39,121.25773607355733
1925,1,80,75,2.663,0.5405405405405406,0.61,124.878427002754
1926,1,80,75,10.4621,12.972972972972974,10.690000000000001,158.28497539412504
1927,1,80,75,5.7031,5.124324324324324,5.7700000000000005,151.22253289858108
1928,1,80,75,5.6199,4.324324324324325,5.01,135.96339425332644
1929,1,80,75,4.8564,3.7837837837837838,3.9299999999999997,168.63217005537018
1930,1,80,75,10.2383,13.513513513513516,12.02,161.9389964865846
1931,1,80,75,4.800941223590668,4.324324324324325,3.72,162.47409122193872
1932,1,80,75,7.0744,7.5675675675675675,6.909999999999999,146.4429564110586
1933,1,80,75,5.0541,3.5135135135135136,3.18,161.60065201565067
1934,1,80,75,12.9897,18.91891891891892,13.6,174.10512017847765
1935,1,80,75,4.3955,2.27027027027027,2.82,145.5727708409911
1936,1,80,75,3.6248,2.7027027027027026,1.5100000000000002,170.96865490144765
1937,1,80,75,6.6168,5.945945945945946,5.07,162.4919929081022
1938,1,80,75,7.6417,8.129729729729728,7.5600000000000005,165.50835026790827
1939,1,80,75,5.0004,3.4054054054054057,3.3899999999999997,135.55928005475212
1940,1,90,75,3.1891,1.6216216216216217,0.9199999999999999,189.80506095823512
1941,1,90,75,4.6334,2.7027027027027026,4.27,153.14424469733314
1942,1,90,75,8.6651,8.64864864864865,9.260000000000002,162.055799527026
1943,1,90,75,5.1125,2.7027027027027026,4.779999999999999,141.20085056717699
1944,1,90,75,10.1659,9.72972972972973,9.51,153.13793206005408
1945,1,90,75,8.7265,6.994594594594595,8.02,144.68909791845132
1946,1,90,75,8.7803,6.486486486486487,8.360000000000001,148.67959455179394
1947,1,90,75,4.1333,2.7027027027027026,2.54,116.01746542957025
1948,1,90,75,7.2795,7.589189189189189,6.57,139.64083852564625
1949,1,90,75,5.5609,4.864864864864865,4.8100000000000005,157.39696280929022
1950,1,90,75,6.1268,5.45945945945946,4.62,157.7478671301311
1951,1,90,75,10.1808,9.72972972972973,10.45,154.4523002039415
1952,1,90,75,7.6364,7.027027027027027,7.26,142.79818257704827
1953,1,90,75,6.2954,7.027027027027027,4.6899999999999995,168.60087544454106
1954,1,90,75,4.5663,4.324324324324325,3.0100000000000002,153.81309450057466
1955,1,90,75,4.753,1.8702702702702703,2.93,123.34435476781047
1956,1,90,75,7.5418,6.486486486486487,7.360000000000001,154.00547406539314
1957,1,90,75,9.0926,8.108108108108109,7.529999999999999,157.6530969287048
1958,1,90,75,5.6662,4.864864864864865,4.37,156.50657802729563
1959,1,90,75,5.1326,3.2432432432432434,3.34,171.74000086519231
1960,1,100,75,11.7721,7.027027027027026,9.55,159.6794463236956
1961,1,100,75,6.5171,5.405405405405405,6.69,155.31648994220967
1962,1,100,75,1.9377,0.0,0.0,
1963,1,100,75,8.6435,5.405405405405405,7.140000000000001,127.27842725799869
1964,1,100,75,8.8799,6.486486486486487,8.09,138.0109444355982
1965,1,100,75,5.685,5.254054054054055,4.0200000000000005,153.49582156405904
1966,1,100,75,7.5774,6.486486486486487,5.75,145.31114182507238
1967,1,100,75,8.2483,7.5675675675675675,8.77,164.3099609642815
1968,1,100,75,6.071,4.324324324324325,4.209999999999999,162.0264813455744
1969,1,100,75,2.9766,1.0810810810810811,1.25,118.83229270861182
1970,1,100,75,5.766,3.1351351351351355,4.31,124.83587115889775
1971,1,100,75,4.1864,2.7027027027027026,2.65,125.11819747721418
1972,1,100,75,3.5182,1.0810810810810811,1.85,172.85642160246852
1973,1,100,75,4.723,2.1621621621621623,2.6700000000000004,146.7415991328598
1974,1,100,75,4.7297,4.7027027027027035,3.8800000000000003,162.28356006792959
1975,1,100,75,6.7652,5.945945945945946,6.24,151.66015917415737
1976,1,100,75,9.6349,5.945945945945946,7.790000000000001,130.38642500380647
1977,1,100,75,3.6865,2.1621621621621623,1.8199999999999998,178.00884136621644
1978,1,100,75,7.1754,5.9459459459459465,5.2700000000000005,162.26143544251306
1979,1,100,75,13.1295,9.72972972972973,11.23,152.12891734709794
1980,1,10,100,3.9598,5.945945945945946,2.95,238.76932281086067
1981,1,10,100,5.3572,11.87027027027027,4.790000000000001,248.37668818941214
1982,1,10,100,2.9163,5.405405405405405,1.33,282.4516627688922
1983,1,10,100,7.3375,15.232432432432432,7.4300000000000015,222.14343494999284
1984,1,10,100,4.4267,8.64864864864865,3.6,219.29943157282503
1985,1,10,100,6.4985,16.216216216216218,7.35,234.63385095374068
1986,1,10,100,2.7603,2.1621621621621623,0.54,269.7293481752359
1987,1,10,100,3.563,6.486486486486487,3.19,238.70685131516902
1988,1,10,100,7.9057,20.51891891891892,10.28,232.20003734896412
1989,1,10,100,4.5749,8.108108108108109,3.8899999999999997,260.3755331344662
1990,1,10,100,5.492,12.972972972972974,6.3,274.42092043984053
1991,1,10,100,9.0102,20.594594594594593,10.51,220.4985648276043
1992,1,10,100,5.0922,9.18918918918919,3.97,226.51074142264895
1993,1,10,100,4.909,9.72972972972973,4.49,205.67968584439106
1994,1,10,100,6.761,13.513513513513512,8.22,199.73690612863177
1995,1,10,100,9.4152,14.702702702702704,10.92,183.7854044210514
1996,1,10,100,5.2937,11.243243243243244,5.069999999999999,235.6135400463455
1997,1,10,100,7.5697,18.800000000000004,8.610000000000001,226.88228612591448
1998,1,10,100,4.3237,8.108108108108109,3.6799999999999997,237.9645356096631
1999,1,10,100,3.6411,4.864864864864865,3.4800000000000004,226.50898563725045
2000,1,20,100,2.1949,0.8324324324324325,0.02,327.9940882362809
2001,1,20,100,3.5679,3.2432432432432434,2.05,235.8786388941625
2002,1,20,100,4.6271,7.5675675675675675,3.7600000000000002,226.36065138607685
2003,1,20,100,5.1086,7.31891891891892,4.89,178.37120601047448
2004,1,20,100,5.5525,10.172972972972973,5.43,188.5125346930955
2005,1,20,100,4.6754,9.72972972972973,3.6099999999999994,216.76273157345153
2006,1,20,100,4.5104,11.005405405405407,3.94,237.8103635440327
2007,1,20,100,3.1689,6.38918918918919,3.54,188.05430242294327
2008,1,20,100,7.0146,10.27027027027027,6.42,190.93199073973986
2009,1,20,100,4.6188,8.108108108108109,3.96,197.28526114550914
2010,1,20,100,5.7926,9.556756756756755,6.0,209.06435557418112
2011,1,20,100,8.3621,18.91891891891892,10.99,198.75352164992873
2012,1,20,100,3.6992,6.929729729729731,3.21,208.15717839797674
2013,1,20,100,2.9968,2.7027027027027026,0.85,229.79290607857956
2014,1,20,100,5.1905,8.086486486486487,1.7600000000000002,246.46963219212086
2015,1,20,100,5.6995,10.81081081081081,6.779999999999999,183.47483283439706
2016,1,20,100,4.7577,9.72972972972973,4.6,216.48788041650639
2017,1,20,100,2.7779,2.7027027027027026,0.53,262.5826000019998
2018,1,20,100,3.6507,5.545945945945946,2.37,228.02836580025314
2019,1,20,100,2.5721,2.1621621621621623,0.8400000000000001,209.24570581956
2020,1,30,100,4.488,6.486486486486487,3.59,200.02890529626305
2021,1,30,100,3.9594,4.324324324324325,3.5,172.6508464764193
2022,1,30,100,3.5091,3.7837837837837838,2.0300000000000002,213.20999254810138
2023,1,30,100,2.5992,2.1621621621621623,1.64,196.47063490115076
2024,1,30,100,6.7848,12.432432432432432,6.88,187.55144553565637
2025,1,30,100,5.0428,10.81081081081081,4.94,209.43756364876344
2026,1,30,100,4.3128,6.486486486486487,3.1700000000000004,246.3587475008303
2027,1,30,100,2.3286,0.5405405405405406,0.24000000000000005,167.3718873342454
2028,1,30,100,2.3078,0.5405405405405406,0.3,302.77224562253207
2029,1,30,100,7.9289,12.972972972972974,9.34,174.2753179271065
2030,1,30,100,5.7764,8.010810810810812,5.69,171.02105143372268
2031,1,30,100,2.4951,0.5405405405405406,0.1,317.4678635179698
2032,1,30,100,3.6273,5.405405405405405,1.7100000000000002,232.14376197328562
2033,1,30,100,4.2255,5.5351351351351346,4.2299999999999995,181.90781990442326
2034,1,30,100,7.5819,13.124324324324323,6.859999999999999,184.4569873830398
2035,1,30,100,9.1373,15.135135135135135,9.57,191.60381343693643
2036,1,30,100,3.6866,5.405405405405405,2.8400000000000003,185.3324610139012
2037,1,30,100,4.1606,4.864864864864865,1.55,211.05163354741325
2038,1,30,100,6.5348,10.27027027027027,3.3300000000000005,239.73158910719422
2039,1,30,100,8.6466,15.675675675675677,8.940000000000001,199.62953077711236
2040,1,40,100,8.4184,15.135135135135135,7.720000000000001,209.99743908230593
2041,1,40,100,1.8501,0.0,0.01,
2042,1,40,100,4.4357,5.945945945945946,4.2299999999999995,177.181852283616
2043,1,40,100,3.2986,2.1621621621621623,2.41,152.36162095831318
2044,1,40,100,3.38,3.7837837837837838,2.46,167.13742838746631
2045,1,40,100,5.0765,7.027027027027026,4.26,178.4751165033334
2046,1,40,100,5.6511,8.108108108108109,3.8599999999999994,211.74310555405185
2047,1,40,100,7.0768,10.021621621621621,6.640000000000001,197.12385277905076
2048,1,40,100,5.1232,5.956756756756756,3.94,210.2244777868173
2049,1,40,100,12.6951,23.870270270270268,16.93,174.86214840291166
2050,1,40,100,3.5419,2.7027027027027026,2.58,150.6364785742932
2051,1,40,100,3.6892,3.2432432432432434,2.54,164.1356008518022
2052,1,40,100,7.0031,9.18918918918919,7.1,186.13442182565527
2053,1,40,100,5.6854,10.27027027027027,7.26,180.48126139569283
2054,1,40,100,4.7636,5.405405405405405,4.46,171.5917460499682
2055,1,40,100,2.9153,3.2432432432432434,0.8099999999999999,225.5153824782087
2056,1,40,100,7.4785,14.335135135135136,8.280000000000001,191.54379709028169
2057,1,40,100,5.9567,6.486486486486487,5.8500000000000005,144.53483865828196
2058,1,40,100,6.9219,14.594594594594597,7.83,191.8226172153678
2059,1,40,100,7.7043,11.35135135135135,7.720000000000001,173.6582630750222
2060,1,50,100,3.666,2.1621621621621623,2.04,172.24812457833775
2061,1,50,100,5.578,4.324324324324325,3.47,186.31889717645393
2062,1,50,100,7.6997,12.064864864864864,7.549999999999999,167.5674747787188
2063,1,50,100,3.1342,2.1621621621621623,1.55,199.57123816547414
2064,1,50,100,4.2807,4.324324324324325,2.68,224.958789300262
2065,1,50,100,6.2924,8.118918918918919,5.720000000000001,185.25722868592956
2066,1,50,100,7.3005,12.972972972972974,7.8,192.77839113977163
2067,1,50,100,6.3782,10.908108108108108,6.38,173.47401279320954
2068,1,50,100,3.3872,2.745945945945946,1.4,236.46257323778525
2069,1,50,100,9.5355,14.41081081081081,8.65,170.76898422602883
2070,1,50,100,3.0563,1.6216216216216217,0.8899999999999999,231.8853360231952
2071,1,50,100,6.0822,10.81081081081081,9.21,167.28902899901863
2072,1,50,100,4.1305,5.405405405405405,3.02,206.16653530610301
2073,1,50,100,5.8196,8.64864864864865,5.1899999999999995,162.65907708468484
2074,1,50,100,3.083,2.1621621621621623,1.48,217.83509601867334
2075,1,50,100,5.0667,7.654054054054055,5.4799999999999995,189.5612824116509
2076,1,50,100,3.8565,2.7027027027027026,3.45,164.34236561696724
2077,1,50,100,11.3535,19.329729729729728,13.77,175.24745472711916
2078,1,50,100,7.5727,11.35135135135135,7.089999999999999,184.71296772149148
2079,1,50,100,5.0388,5.9459459459459465,3.91,189.37173249723904
2080,1,60,100,2.852,2.1621621621621623,1.7900000000000003,131.03996781430536
2081,1,60,100,6.4051,9.189189189189188,5.640000000000001,198.41029582199712
2082,1,60,100,3.9179,4.864864864864865,2.3,185.31273189430328
2083,1,60,100,6.2806,6.486486486486487,6.38,141.6452865036912
2084,1,60,100,3.6177,4.324324324324325,3.9599999999999995,135.4095866997069
2085,1,60,100,2.9144,1.8918918918918919,0.6799999999999999,189.07212828463094
2086,1,60,100,5.2856,5.9459459459459465,3.63,192.77222741485303
2087,1,60,100,3.5898,2.1621621621621623,1.16,229.9435668127864
2088,1,60,100,2.3757,0.5405405405405406,0.09,253.25972764953926
2089,1,60,100,2.1072,0.0,0.05,
2090,1,60,100,6.5185,8.64864864864865,4.999999999999999,177.44430411089056
2091,1,60,100,3.5224,4.324324324324325,1.5400000000000003,207.4000349735794
2092,1,60,100,5.2608,7.210810810810811,5.87,159.23018584666548
2093,1,60,100,6.9898,10.994594594594593,8.360000000000001,158.12324744401562
2094,1,60,100,4.668,5.621621621621621,3.34,169.9223485446347
2095,1,60,100,2.3856,0.5405405405405406,0.22000000000000003,299.24625897994974
2096,1,60,100,4.1441,4.8,2.3400000000000003,201.03642342183653
2097,1,60,100,4.9364,5.491891891891892,3.3,205.62664750012573
2098,1,60,100,6.6104,10.81081081081081,7.580000000000001,186.96957119821406
2099,1,60,100,6.7625,9.405405405405405,6.7700000000000005,181.76708512573225
2100,1,70,100,3.8704,4.324324324324325,2.44,224.72854750718625
2101,1,70,100,6.3663,6.756756756756756,6.840000000000001,146.09122457352987
2102,1,70,100,4.5854,6.097297297297297,4.6,188.57709869185894
2103,1,70,100,6.1201,5.448648648648648,5.4,136.33708329952808
2104,1,70,100,5.6879,7.5675675675675675,5.0,190.42529239173123
2105,1,70,100,4.0238,2.7027027027027026,3.62,124.58097981742688
2106,1,70,100,3.7048,1.6216216216216217,2.02,134.40085995420793
2107,1,70,100,5.2426,6.486486486486487,3.97,176.73097185390154
2108,1,70,100,3.2575,2.1621621621621623,1.15,219.21273570811417
2109,1,70,100,11.0011,13.654054054054054,12.360000000000001,168.52875763651576
2110,1,70,100,6.0429,8.108108108108109,5.890000000000001,175.0218479117575
2111,1,70,100,5.7482,5.902702702702703,5.510000000000001,163.45403648714318
2112,1,70,100,2.7679,2.1621621621621623,0.95,174.01305484530897
2113,1,70,100,6.1161,7.5675675675675675,4.9,197.04486029999447
2114,1,70,100,6.2133,8.108108108108109,5.68,150.49683016448975
2115,1,70,100,10.7307,13.535135135135135,12.07,164.8270708476702
2116,1,70,100,6.2794,7.297297297297298,4.78,168.46086562623162
2117,1,70,100,8.0731,10.356756756756758,8.09,180.54287677196942
2118,1,70,100,7.135,9.145945945945945,7.83,179.45062268520698
2119,1,70,100,2.5263,0.0,0.06999999999999999,
2120,1,75,100,2.6407,0.0,0.16,
2121,1,75,100,4.9839,3.275675675675676,2.56,154.1858272172849
2122,1,75,100,8.2011,10.27027027027027,6.85,179.328713406544
2123,1,75,100,9.1409,12.972972972972974,10.77,182.62960364761102
2124,1,75,100,4.3909,3.7837837837837838,2.85,168.94945923314455
2125,1,75,100,3.6547,3.2432432432432434,1.8799999999999997,170.88222597947734
2126,1,75,100,2.8831,1.4162162162162162,1.17,121.45700482139848
2127,1,75,100,5.2738,4.875675675675676,4.81,152.3277959592934
2128,1,75,100,7.3297,5.945945945945946,5.380000000000001,184.1584447085644
2129,1,75,100,4.3246,3.2432432432432434,1.56,209.04169868040458
2130,1,75,100,4.7694,6.767567567567568,4.4,164.76467257982767
2131,1,75,100,9.2884,13.891891891891891,11.75,167.43777036116765
2132,1,75,100,2.1348,0.5405405405405406,0.79,134.68906209881231
2133,1,75,100,2.7504,0.8324324324324325,1.02,125.92893658717102
2134,1,75,100,10.1808,14.91891891891892,11.38,166.42382771845064
2135,1,75,100,4.0611,3.7837837837837838,1.6800000000000002,200.38816861615342
2136,1,75,100,5.2064,5.405405405405405,4.67,145.6236010337238
2137,1,75,100,8.5796,12.572972972972973,10.580000000000002,163.66196439759622
2138,1,75,100,2.2788,0.0,0.0,
2139,1,75,100,11.1581,17.2972972972973,12.110000000000001,165.00187658193366
2140,1,80,100,5.5264,6.021621621621621,6.44,169.5568547099828
2141,1,80,100,4.0486,5.621621621621622,3.6799999999999997,142.68518469611902
2142,1,80,100,6.4405,8.172972972972973,5.01,165.22952005976668
2143,1,80,100,4.1366,4.324324324324325,2.88,165.19731514657363
2144,1,80,100,5.5008,5.9459459459459465,4.29,180.46850629907294
2145,1,80,100,2.427,0.5405405405405406,0.5900000000000001,118.47931700781196
2146,1,80,100,3.3464,1.6216216216216217,1.9799999999999998,143.24130150976657
2147,1,80,100,3.3596,1.6216216216216217,2.0799999999999996,132.05423852636343
2148,1,80,100,5.0735,5.945945945945946,3.5100000000000002,161.72501182835097
2149,1,80,100,3.6154,3.7837837837837838,2.07,209.73199685245157
2150,1,80,100,4.5777,3.9351351351351354,3.3,176.31044270322306
2151,1,80,100,5.2327,5.945945945945946,3.9899999999999998,166.5121526293277
2152,1,80,100,5.2439,3.7837837837837838,2.6100000000000003,194.12811352839358
2153,1,80,100,9.1864,13.264864864864865,11.559999999999999,143.42841920613736
2154,1,80,100,2.5435,0.5405405405405406,0.1,258.39448840153904
2155,1,80,100,4.7543,4.324324324324325,4.21,153.43336854096447
2156,1,80,100,2.1205,0.5405405405405406,0.61,127.28663579846986
2157,1,80,100,2.9486,2.1621621621621623,1.4200000000000002,141.5802036151331
2158,1,80,100,3.4834,1.6216216216216217,1.25,249.89907632223859
2159,1,80,100,4.9156,6.129729729729729,5.45,153.23774026632253
2160,1,90,100,3.6724,3.2432432432432434,2.98,124.63909005725502
2161,1,90,100,6.2193,5.048648648648649,4.74,162.74325982231863
2162,1,90,100,3.6884,3.2432432432432434,2.1199999999999997,224.2677665283954
2163,1,90,100,6.256,4.864864864864865,5.0,167.6937867072266
2164,1,90,100,2.2425,0.0,0.38,
2165,1,90,100,8.0962,10.767567567567568,8.41,165.58454503169008
2166,1,90,100,2.8987,0.5405405405405406,0.6699999999999999,142.32824927037242
2167,1,90,100,4.3206,3.2432432432432434,2.9400000000000004,175.29884491154294
2168,1,90,100,4.5149,1.6216216216216217,2.57,127.71155436537249
2169,1,90,100,3.9677,3.7837837837837838,2.54,176.86180475404666
2170,1,90,100,4.6537,2.9945945945945946,2.96,126.2240058009004
2171,1,90,100,8.1208,9.72972972972973,7.6800000000000015,164.7075738999426
2172,1,90,100,11.6079,12.972972972972974,11.67,152.4125933220221
2173,1,90,100,4.4365,4.324324324324325,3.72,143.92415037848764
2174,1,90,100,2.6281,1.0810810810810811,1.03,130.32966518228756
2175,1,90,100,5.0949,4.324324324324325,3.75,135.15113355485175
2176,1,90,100,2.5108,1.0810810810810811,0.36,138.41456699903677
2177,1,90,100,2.9175,1.0810810810810811,1.0,138.1934511850074
2178,1,90,100,3.4805,1.6216216216216217,1.3599999999999999,123.20632419021285
2179,1,90,100,5.9011,6.4,5.51,167.12437480304428
2180,1,100,100,8.349,7.027027027027027,7.12,158.40094314629278
2181,1,100,100,3.7389,2.7027027027027026,1.9700000000000002,182.89632520708605
2182,1,100,100,9.4197,10.81081081081081,9.129999999999999,154.170335555059
2183,1,100,100,5.9859,6.7783783783783775,7.340000000000001,158.46020057221898
2184,1,100,100,4.6487,3.621621621621622,3.72,152.17991102536098
2185,1,100,100,13.8514,14.767567567567568,14.37,155.4030115381945
2186,1,100,100,5.1494,3.2,3.3299999999999996,159.2144076298522
2187,1,100,100,8.0327,8.64864864864865,8.49,140.30963240129753
2188,1,100,100,8.3025,5.405405405405405,7.9,125.06660845308754
2189,1,100,100,5.3852,4.324324324324325,4.93,137.42666800668513
2190,1,100,100,2.1986,0.0,0.0,
2191,1,100,100,4.7813,2.7027027027027026,3.2299999999999995,121.15635883476497
2192,1,100,100,2.0265,0.0,0.01,
2193,1,100,100,7.3481,7.027027027027027,6.23,165.85380036797207
2194,1,100,100,8.5638,7.935135135135136,9.15,150.17248149878125
2195,1,100,100,5.2974,5.405405405405405,3.8299999999999996,141.60512585038694
2196,1,100,100,4.9543,3.7837837837837838,4.4,134.88305001288214
2197,1,100,100,2.0195,0.0,0.0,
2198,1,100,100,5.1186,3.7837837837837838,3.44,171.3999741186842
2199,1,100,100,4.4407,3.2432432432432434,3.1,191.8065872711513
2200,2,10,1,2.449,0.0,0.0,
2201,2,10,1,30.839,1.0810810810810811,14.440000000000001,108.0292842189588
2202,2,10,1,62.0221,1.0810810810810811,33.72,120.56160652588838
2203,2,10,1,32.8405,0.0,18.72,
2204,2,10,1,71.3347,3.2432432432432434,38.44,152.62537337178267
2205,2,10,1,86.7031,3.167567567567567,47.3,122.3674250410777
2206,2,10,1,3.1857,0.0,0.0,
2207,2,10,1,55.4295,2.7027027027027026,30.35,150.3052499586052
2208,2,10,1,3.0206,0.0,0.1,
2209,2,10,1,29.7685,1.0810810810810811,16.06,125.52836563103992
2210,2,10,1,68.73,2.4864864864864864,37.83,117.58840436446496
2211,2,10,1,57.0617,2.7027027027027026,28.76,111.68377455988033
2212,2,10,1,27.3183,2.1621621621621623,14.7,121.50086710942738
2213,2,10,1,61.4051,3.2432432432432434,31.929999999999996,138.47876465085048
2214,2,10,1,57.4846,1.6216216216216217,28.85,203.718573236095
2215,2,10,1,76.6726,4.14054054054054,43.39999999999999,117.68177498612809
2216,2,10,1,59.1194,1.32972972972973,31.619999999999997,124.09569155462918
2217,2,10,1,60.3593,2.1621621621621623,31.869999999999997,148.39525475854825
2218,2,10,1,56.4996,1.6216216216216217,29.93,119.9275296018028
2219,2,10,1,21.6381,3.2432432432432434,12.910000000000002,129.36601115361432
2220,2,20,1,6.2547,0.5405405405405406,2.08,103.10307111512847
2221,2,20,1,30.5416,1.0810810810810811,14.85,121.84757871622804
2222,2,20,1,37.422,1.1243243243243242,19.42,119.19206607349876
2223,2,20,1,64.8017,0.8432432432432432,34.21,115.7351861763639
2224,2,20,1,67.6829,2.1621621621621623,34.94,119.61571555302689
2225,2,20,1,81.3832,2.1621621621621623,43.29,117.60264978607228
2226,2,20,1,31.6228,1.0810810810810811,18.48,121.2589678714128
2227,2,20,1,26.9745,1.0810810810810811,13.39,120.83971882077753
2228,2,20,1,88.9321,2.7027027027027026,48.04,117.27119176555773
2229,2,20,1,39.1634,0.5405405405405406,19.71,106.45394799901169
2230,2,20,1,25.9725,1.6216216216216217,13.39,125.09356306995626
2231,2,20,1,43.0894,1.0810810810810811,22.169999999999998,118.13480667505668
2232,2,20,1,52.2436,0.7783783783783784,26.52,118.5329440046745
2233,2,20,1,64.6974,1.6216216216216217,34.77,122.74587336931711
2234,2,20,1,37.6753,0.0,18.35,
2235,2,20,1,67.2299,2.1621621621621623,35.44,114.97157653009913
2236,2,20,1,41.9279,0.6918918918918919,20.63,111.82497123021935
2237,2,20,1,53.5611,1.0810810810810811,26.119999999999997,116.07604151264215
2238,2,20,1,66.4439,1.5027027027027027,34.32000000000001,113.66058919823637
2239,2,20,1,24.769,2.1621621621621623,13.73,128.56615310328792
2240,2,30,1,2.3919,0.0,0.0,
2241,2,30,1,14.1854,0.0,6.2700000000000005,
2242,2,30,1,45.0331,1.0810810810810811,22.369999999999997,110.44578515431068
2243,2,30,1,54.1911,1.6216216216216217,29.8,114.50886030738616
2244,2,30,1,49.3467,0.0,25.44,
2245,2,30,1,93.621,1.0810810810810811,47.92,114.05816595610378
2246,2,30,1,12.7577,0.0,5.14,
2247,2,30,1,3.1393,0.0,0.02,
2248,2,30,1,2.943,0.0,0.11000000000000001,
2249,2,30,1,2.7988,0.0,0.0,
2250,2,30,1,29.8472,0.5405405405405406,14.89,107.89223180172708
2251,2,30,1,47.5123,0.7243243243243243,24.32,112.71582688365478
2252,2,30,1,69.2914,1.6216216216216217,36.33,125.55549515874827
2253,2,30,1,80.5964,1.6216216216216217,42.32000000000001,119.88971333925328
2254,2,30,1,51.3519,0.5405405405405406,26.259999999999998,111.77060923443887
2255,2,30,1,46.1316,0.5405405405405406,23.72,109.48677474660316
2256,2,30,1,46.9258,1.6216216216216217,26.01,124.61016293845968
2257,2,30,1,52.4578,1.6216216216216217,27.3,115.96516495005619
2258,2,30,1,7.949,0.5405405405405406,3.7399999999999998,135.8282416064116
2259,2,30,1,77.5122,4.864864864864865,41.2,116.43664629354654
2260,2,40,1,53.3607,0.0,27.28,
2261,2,40,1,24.7168,1.0810810810810811,13.459999999999999,110.04655028191121
2262,2,40,1,9.6433,0.0,3.46,
2263,2,40,1,38.9708,1.6216216216216217,18.93,115.03719371455422
2264,2,40,1,102.7886,3.2432432432432434,55.42999999999999,113.50869530598168
2265,2,40,1,31.8499,0.5405405405405406,15.5,108.81200014470687
2266,2,40,1,46.7422,1.0810810810810811,23.189999999999998,128.73407405949618
2267,2,40,1,78.3596,2.7027027027027026,41.57000000000001,110.3623485169494
2268,2,40,1,35.084,1.0810810810810811,18.529999999999998,129.52417355737128
2269,2,40,1,121.4011,3.243243243243243,63.53000000000001,112.29958357537917
2270,2,40,1,47.4025,1.0810810810810811,23.4,106.9926176441094
2271,2,40,1,55.1978,0.0,30.310000000000002,
2272,2,40,1,54.9456,0.5405405405405406,28.060000000000002,118.16497496979227
2273,2,40,1,18.8585,1.0810810810810811,9.89,127.2768380887185
2274,2,40,1,2.6762,0.0,0.03,
2275,2,40,1,19.243,0.0,8.24,
2276,2,40,1,62.6573,1.0810810810810811,33.66,119.20726978012382
2277,2,40,1,20.2536,1.6216216216216217,10.639999999999999,118.67030630793624
2278,2,40,1,55.6029,1.0810810810810811,28.74,116.82439698817664
2279,2,40,1,7.8477,0.5405405405405406,2.97,106.82857329145381
2280,2,50,1,23.6166,0.5405405405405406,12.24,124.35652649348862
2281,2,50,1,69.2473,1.6216216216216217,35.11,112.1265824836745
2282,2,50,1,54.5293,0.5405405405405406,26.77,106.76184979618758
2283,2,50,1,37.4837,1.6216216216216217,20.38,116.05382567125048
2284,2,50,1,69.5195,3.2432432432432434,35.910000000000004,110.7099358537617
2285,2,50,1,85.4667,1.0810810810810811,47.32000000000001,120.72285682631662
2286,2,50,1,44.3378,0.5405405405405406,26.82,118.73885544445241
2287,2,50,1,18.1872,1.6216216216216217,8.830000000000002,153.62484253108966
2288,2,50,1,37.6097,0.0,18.630000000000003,
2289,2,50,1,11.9472,0.5405405405405406,5.73,120.05390701364516
2290,2,50,1,2.903,0.0,0.16,
2291,2,50,1,50.5052,2.7027027027027026,25.74,123.50115248782745
2292,2,50,1,55.8939,1.6216216216216217,29.449999999999996,111.19683435537524
2293,2,50,1,34.5592,0.5405405405405406,17.619999999999997,120.80549309782947
2294,2,50,1,5.7328,0.0,1.78,
2295,2,50,1,15.6824,0.5405405405405406,8.26,123.65220663448248
2296,2,50,1,9.753,1.0810810810810811,4.47,114.59965592955885
2297,2,50,1,50.4654,1.6216216216216217,26.919999999999998,118.93921295371915
2298,2,50,1,115.7261,1.0810810810810811,64.27,116.2535185696286
2299,2,50,1,129.1284,4.324324324324325,68.56,115.36460032989363
2300,2,60,1,23.9146,0.0,11.03,
2301,2,60,1,78.7792,1.491891891891892,43.71,105.86372575166665
2302,2,60,1,142.8113,2.7027027027027026,74.88000000000001,115.37283111173096
2303,2,60,1,54.0057,2.1621621621621623,28.3,115.38993628200811
2304,2,60,1,70.5924,1.0810810810810811,38.23,122.78134307232517
2305,2,60,1,21.6449,0.5405405405405406,11.84,128.88661626926373
2306,2,60,1,23.5061,1.6216216216216217,11.23,113.07064314348737
2307,2,60,1,30.1196,0.5405405405405406,14.59,103.16723032537249
2308,2,60,1,51.844,0.5405405405405406,26.060000000000002,103.66145972778433
2309,2,60,1,47.1005,1.0810810810810811,26.179999999999996,136.66147066132504
2310,2,60,1,83.9957,1.0810810810810811,49.92999999999999,129.34644964964846
2311,2,60,1,74.1997,1.6216216216216217,39.28,120.67636309824029
2312,2,60,1,37.0741,1.0810810810810811,20.32,123.45192427425431
2313,2,60,1,19.9922,0.0,9.3,
2314,2,60,1,21.441,1.6216216216216217,10.709999999999999,118.29295655259504
2315,2,60,1,44.8646,1.0810810810810811,23.139999999999997,118.76135284256665
2316,2,60,1,42.7272,1.6216216216216217,22.16,113.86404485349591
2317,2,60,1,55.4247,1.6216216216216217,27.75,113.59978537405586
2318,2,60,1,109.6623,2.7027027027027026,57.79,111.35082280167505
2319,2,60,1,38.7602,2.1621621621621623,20.290000000000003,129.4454571841937
2320,2,70,1,9.8213,0.0,4.37,
2321,2,70,1,6.857,0.0,2.3600000000000003,
2322,2,70,1,52.7788,1.6216216216216217,26.839999999999996,113.2662869979123
2323,2,70,1,72.485,1.0810810810810811,38.14,120.21056326269002
2324,2,70,1,83.4283,3.405405405405405,44.559999999999995,116.03519769589705
2325,2,70,1,43.4125,1.0810810810810811,23.65,119.81480359466642
2326,2,70,1,40.2315,0.0,19.610000000000003,
2327,2,70,1,50.0173,1.0810810810810811,26.24,119.98530425144924
2328,2,70,1,31.3333,1.0810810810810811,14.36,119.5327178692501
2329,2,70,1,40.3395,0.5405405405405406,20.45,110.84490122000173
2330,2,70,1,29.1331,0.0,13.35,
2331,2,70,1,56.4553,1.6216216216216217,30.079999999999995,122.9665757998398
2332,2,70,1,3.1196,0.0,0.0,
2333,2,70,1,51.3218,0.5405405405405406,25.7,122.2350987681302
2334,2,70,1,32.4784,1.0810810810810811,17.7,120.226585373932
2335,2,70,1,46.4975,1.0810810810810811,23.95,113.30712040528059
2336,2,70,1,84.5444,2.1621621621621623,46.25,121.68356344731276
2337,2,70,1,20.6333,0.5405405405405406,8.99,118.1410920033534
2338,2,70,1,7.5041,0.5405405405405406,2.63,120.52842415353163
2339,2,70,1,86.7287,0.5405405405405406,43.529999999999994,116.71259768765907
2340,2,75,1,91.3694,1.0810810810810811,45.51,119.85369936887224
2341,2,75,1,2.6879,0.0,0.04,
2342,2,75,1,35.1503,0.5405405405405406,17.32,109.6893420236214
2343,2,75,1,39.0457,1.0810810810810811,19.78,117.49246229351786
2344,2,75,1,34.1873,0.0,16.580000000000002,
2345,2,75,1,51.871,2.1621621621621623,26.02,120.38526542783636
2346,2,75,1,82.5775,1.0810810810810811,42.81,117.11139882141283
2347,2,75,1,60.0086,2.7027027027027026,31.619999999999997,116.24867718633163
2348,2,75,1,8.7311,0.0,3.1100000000000003,
2349,2,75,1,59.8223,1.0810810810810811,31.27,109.94133102941632
2350,2,75,1,32.2402,0.0,16.24,
2351,2,75,1,15.7509,0.0,6.790000000000001,
2352,2,75,1,60.2257,1.0810810810810811,30.85,111.69745079930293
2353,2,75,1,55.0251,1.0810810810810811,28.96,112.04943034996387
2354,2,75,1,72.1238,1.0810810810810811,37.63,118.47097510123645
2355,2,75,1,26.7556,1.0810810810810811,13.84,111.49291855211104
2356,2,75,1,30.1657,2.7027027027027026,15.24,118.26505703310201
2357,2,75,1,37.6532,0.5405405405405406,21.119999999999997,109.9663585886484
2358,2,75,1,36.3429,1.0810810810810811,18.979999999999997,123.76595011401506
2359,2,75,1,43.8144,1.6216216216216217,23.139999999999997,130.66391063957994
2360,2,80,1,31.0373,0.5405405405405406,15.180000000000001,110.99377723670727
2361,2,80,1,86.7897,1.0810810810810811,46.17,117.37992321834409
2362,2,80,1,31.3419,1.0810810810810811,15.48,117.65590984745998
2363,2,80,1,59.2826,3.2432432432432434,31.580000000000002,114.1700405236643
2364,2,80,1,45.9572,0.3891891891891892,23.689999999999998,121.18533867458396
2365,2,80,1,79.7287,4.324324324324325,42.49,112.52894260773581
2366,2,80,1,54.5786,2.7027027027027026,28.380000000000003,116.1193617397668
2367,2,80,1,3.9491,0.5405405405405406,1.05,152.45045325896322
2368,2,80,1,84.2763,1.4162162162162162,44.36,104.35960747747441
2369,2,80,1,68.968,3.7837837837837838,37.24,116.38251756557261
2370,2,80,1,72.3603,3.7837837837837838,38.410000000000004,111.66401345748169
2371,2,80,1,43.3735,2.1621621621621623,23.25,123.73951014484933
2372,2,80,1,75.2623,2.7027027027027026,39.46,113.88917254397329
2373,2,80,1,24.3029,1.0810810810810811,11.79,107.48580722693612
2374,2,80,1,14.9312,0.5405405405405406,7.0600000000000005,107.34231186555378
2375,2,80,1,76.7261,1.0810810810810811,44.239999999999995,132.37911940990767
2376,2,80,1,25.7263,0.5405405405405406,13.02,119.15207557227482
2377,2,80,1,31.8181,0.5405405405405406,18.439999999999998,140.67891900927248
2378,2,80,1,88.0598,2.1621621621621623,46.37,122.73388710056257
2379,2,80,1,63.7908,2.7027027027027026,34.17,118.55604329895978
2380,2,90,1,52.3821,1.6216216216216217,28.660000000000004,120.88842033225444
2381,2,90,1,95.485,1.0810810810810811,51.89,124.9346847676541
2382,2,90,1,47.6441,0.0,23.130000000000003,
2383,2,90,1,16.1408,0.0,8.66,
2384,2,90,1,60.0733,1.0810810810810811,30.369999999999997,122.04576137799421
2385,2,90,1,15.9818,0.0,7.2,
2386,2,90,1,36.5511,1.6216216216216217,18.19,110.28552294183339
2387,2,90,1,8.2841,0.5405405405405406,3.4,109.96936759950863
2388,2,90,1,39.2422,0.0,19.369999999999997,
2389,2,90,1,58.8648,3.2432432432432434,33.3,123.93885088011778
2390,2,90,1,45.3294,2.7027027027027026,23.060000000000002,108.81385091084178
2391,2,90,1,49.1657,0.5405405405405406,25.96,120.87339314852535
2392,2,90,1,25.2379,0.5405405405405406,13.2,107.5439503684179
2393,2,90,1,33.1241,0.5405405405405406,15.35,106.88180274174825
2394,2,90,1,8.5498,1.0810810810810811,3.6700000000000004,119.57627212378605
2395,2,90,1,92.337,2.7027027027027026,51.32000000000001,112.02343412086229
2396,2,90,1,32.6759,1.0810810810810811,17.06,105.54815865273062
2397,2,90,1,49.6426,3.7837837837837838,27.059999999999995,113.49184001955457
2398,2,90,1,26.3829,0.5405405405405406,13.05,116.6397366753328
2399,2,90,1,43.4824,1.0810810810810811,23.1,114.54185497187358
2400,2,100,1,82.367,2.1621621621621623,42.760000000000005,111.49430891224851
2401,2,100,1,100.9858,2.2162162162162162,54.02,106.72847148846049
2402,2,100,1,46.274,1.0810810810810811,25.419999999999998,124.0284473434316
2403,2,100,1,48.6991,1.0810810810810811,26.79,114.62118030862703
2404,2,100,1,85.0483,2.7027027027027026,46.419999999999995,111.88529761714241
2405,2,100,1,80.2148,2.1621621621621623,40.739999999999995,120.51284140051764
2406,2,100,1,53.6644,1.6216216216216217,28.78,115.39285597571863
2407,2,100,1,2.4583,0.0,0.0,
2408,2,100,1,90.9836,2.1621621621621623,46.42,110.78075275548629
2409,2,100,1,58.5521,0.5405405405405406,29.880000000000006,119.2764645537635
2410,2,100,1,58.2295,2.7027027027027026,31.139999999999997,109.55393378098056
2411,2,100,1,41.2365,1.145945945945946,20.869999999999997,113.0676958840847
2412,2,100,1,45.4171,1.189189189189189,22.869999999999997,115.89076124420443
2413,2,100,1,45.1558,2.6810810810810812,23.42,115.69553716115463
2414,2,100,1,45.0357,1.0810810810810811,24.910000000000004,123.60134068763061
2415,2,100,1,96.6193,5.405405405405405,53.6,113.28262183138304
2416,2,100,1,46.1798,2.1621621621621623,24.22,120.0926054557645
2417,2,100,1,9.0847,0.0,3.4099999999999993,
2418,2,100,1,34.512,1.0810810810810811,17.43,114.2735130223573
2419,2,100,1,92.941,1.0810810810810811,49.27,114.78513594911676
2420,2,10,5,12.3183,0.854054054054054,5.54,132.01712173366766
2421,2,10,5,13.2646,2.1621621621621623,6.7,193.25140245594338
2422,2,10,5,46.4009,7.5675675675675675,25.71,150.07305289954772
2423,2,10,5,46.6728,4.864864864864865,25.9,183.02418253440482
2424,2,10,5,20.3215,2.2162162162162162,10.719999999999999,196.81214597601746
2425,2,10,5,27.5396,3.1243243243243244,15.060000000000002,147.67336648768767
2426,2,10,5,45.2032,8.108108108108109,26.43,139.10254796528812
2427,2,10,5,9.6158,1.0810810810810811,5.279999999999999,138.4372436905503
2428,2,10,5,31.153,4.324324324324325,17.34,116.52707734519893
2429,2,10,5,20.9805,5.405405405405405,12.46,136.57389540021472
2430,2,10,5,2.8935,0.0,0.1,
2431,2,10,5,2.4904,0.0,0.02,
2432,2,10,5,3.8624,1.0810810810810811,0.75,205.3000891465074
2433,2,10,5,36.0994,5.945945945945946,20.65,139.1167913895629
2434,2,10,5,51.4327,3.686486486486487,26.709999999999997,160.1299264543691
2435,2,10,5,20.9201,2.1621621621621623,11.639999999999999,129.5981854220797
2436,2,10,5,54.6647,6.27027027027027,30.830000000000002,113.96889498373552
2437,2,10,5,3.2142,0.5405405405405406,0.03,303.68504566632515
2438,2,10,5,21.5044,2.745945945945946,12.540000000000001,131.356322392068
2439,2,10,5,44.3737,7.027027027027026,25.880000000000003,144.09020622890412
2440,2,20,5,28.8075,1.6216216216216217,15.530000000000001,119.34322521222983
2441,2,20,5,18.981,1.6216216216216217,8.97,113.21814734231094
2442,2,20,5,38.1242,5.405405405405405,20.830000000000002,133.7874641730613
2443,2,20,5,8.588,1.0810810810810811,3.38,114.45911868750358
2444,2,20,5,31.1758,6.486486486486487,17.73,143.4917104631038
2445,2,20,5,17.206,1.0810810810810811,7.69,115.72113668231671
2446,2,20,5,31.3956,3.470270270270271,17.25,121.17413065814185
2447,2,20,5,63.5221,10.097297297297297,36.94,122.95898718250079
2448,2,20,5,43.3036,5.945945945945946,24.1,136.61484794625068
2449,2,20,5,15.2142,3.2432432432432434,7.26,147.48000284682269
2450,2,20,5,73.1803,11.891891891891893,43.57000000000001,125.43347900529142
2451,2,20,5,30.4645,3.308108108108108,16.619999999999997,122.09082413011106
2452,2,20,5,65.0204,9.827027027027025,36.32,118.56229596727171
2453,2,20,5,30.4752,6.38918918918919,17.39,114.22559989603154
2454,2,20,5,19.8021,2.7027027027027026,11.27,123.2944533613871
2455,2,20,5,8.3829,1.6216216216216217,3.38,115.629052251038
2456,2,20,5,14.8138,2.1621621621621623,7.909999999999999,107.28660145821817
2457,2,20,5,37.6502,5.405405405405405,20.82,135.68241009880526
2458,2,20,5,33.379,3.7729729729729726,19.28,125.84598333244968
2459,2,20,5,54.3343,11.491891891891893,34.29,122.27197280812021
2460,2,30,5,27.9646,4.864864864864865,15.66,126.57062111147894
2461,2,30,5,16.7128,1.6216216216216217,8.5,116.21304052866388
2462,2,30,5,31.7104,5.405405405405405,18.21,117.75340741878445
2463,2,30,5,14.6221,0.5405405405405406,7.0,112.49751566417262
2464,2,30,5,58.4704,8.854054054054055,35.29,127.83617404780543
2465,2,30,5,35.1583,4.864864864864865,19.93,121.01958111348767
2466,2,30,5,52.3626,7.5675675675675675,29.630000000000003,117.30235560790277
2467,2,30,5,33.4408,4.864864864864865,19.860000000000003,116.10675021299137
2468,2,30,5,11.3773,1.6216216216216217,4.840000000000001,119.70751670959136
2469,2,30,5,5.2459,0.5405405405405406,2.19,118.5568095886317
2470,2,30,5,35.5766,2.7027027027027026,18.619999999999997,119.08351062539785
2471,2,30,5,6.891,1.6216216216216217,2.6799999999999997,109.56012720900652
2472,2,30,5,23.1377,2.7027027027027026,11.209999999999999,156.8060405232282
2473,2,30,5,50.6953,7.081081081081081,28.75,121.91170623242108
2474,2,30,5,5.9134,0.5405405405405406,2.46,141.29302758128728
2475,2,30,5,38.9311,4.92972972972973,21.310000000000002,146.4240097131407
2476,2,30,5,70.5648,6.475675675675676,37.37,152.25386678983153
2477,2,30,5,30.3813,3.2648648648648644,16.419999999999998,117.81590823125451
2478,2,30,5,5.1116,2.7027027027027026,1.97,155.26039273643832
2479,2,30,5,17.911,2.7027027027027026,10.200000000000001,133.8902727194183
2480,2,40,5,64.6785,5.945945945945946,34.19,114.34670615272553
2481,2,40,5,31.7068,2.7027027027027026,15.790000000000001,108.96581284571303
2482,2,40,5,48.5664,4.864864864864865,26.18,111.6912978571145
2483,2,40,5,28.3024,7.027027027027027,16.7,117.28287540963512
2484,2,40,5,12.105,3.32972972972973,6.630000000000001,134.18776981338112
2485,2,40,5,12.2104,2.1621621621621623,6.2,120.06153131474125
2486,2,40,5,11.0448,0.5405405405405406,5.08,132.2641209627593
2487,2,40,5,28.0949,3.7837837837837838,15.440000000000001,120.76056761270199
2488,2,40,5,16.7482,0.5405405405405406,7.6,115.65431227128956
2489,2,40,5,55.897,9.048648648648648,32.44,117.13738921596126
2490,2,40,5,17.9059,3.2432432432432434,9.64,120.85458741043617
2491,2,40,5,27.3612,2.1621621621621623,14.15,119.75025183108883
2492,2,40,5,20.8974,4.324324324324325,10.690000000000001,122.57099676469515
2493,2,40,5,36.7927,6.486486486486487,20.11,125.24672197283759
2494,2,40,5,31.0342,4.324324324324325,17.78,116.78739426597906
2495,2,40,5,58.2001,9.232432432432432,33.49,113.36181664291901
2496,2,40,5,14.4364,2.7027027027027026,7.8,115.04574113139977
2497,2,40,5,26.1132,4.864864864864865,13.9,137.77495439107216
2498,2,40,5,32.8578,3.2432432432432434,17.18,116.6571323579109
2499,2,40,5,37.639,6.486486486486487,21.06,126.04300970860281
2500,2,50,5,23.0285,2.1621621621621623,11.940000000000001,118.95920850450376
2501,2,50,5,25.7896,3.7837837837837838,14.529999999999998,123.25778564313744
2502,2,50,5,20.9283,2.7027027027027026,11.33,116.1646638024664
2503,2,50,5,34.2498,3.7837837837837838,18.28,141.97422575003694
2504,2,50,5,22.5978,2.1621621621621623,11.66,131.17828179608662
2505,2,50,5,2.9658,0.0,0.0,
2506,2,50,5,35.9452,5.945945945945946,20.43,125.28183523759235
2507,2,50,5,67.4262,9.502702702702702,39.779999999999994,121.6333049697649
2508,2,50,5,22.9715,5.405405405405405,14.02,140.0435102426965
2509,2,50,5,31.8733,4.864864864864865,18.3,118.59193747660154
2510,2,50,5,37.202,5.405405405405405,19.630000000000003,116.9157010926034
2511,2,50,5,20.2154,3.2432432432432434,10.72,112.68612340054432
2512,2,50,5,5.7886,1.6216216216216217,2.3600000000000003,131.21930400874896
2513,2,50,5,29.538,3.7837837837837838,16.119999999999997,116.63550992149518
2514,2,50,5,50.6868,7.091891891891892,28.74,121.48314375010365
2515,2,50,5,20.798,3.2432432432432434,10.500000000000002,119.45033528119943
2516,2,50,5,18.5443,1.6216216216216217,8.84,146.7034826511694
2517,2,50,5,32.1971,4.864864864864865,17.0,111.01811517901481
2518,2,50,5,36.2232,5.254054054054054,19.73,133.65131127511478
2519,2,50,5,35.8588,5.9459459459459465,19.130000000000003,123.90908784132462
2520,2,60,5,29.7618,5.405405405405405,17.27,118.362368543644
2521,2,60,5,36.7614,3.2432432432432434,19.23,121.66189159966571
2522,2,60,5,19.4219,1.6216216216216217,9.61,114.20049770624472
2523,2,60,5,10.4715,1.6216216216216217,4.65,129.49457359228492
2524,2,60,5,22.2653,0.4108108108108108,10.24,103.81010509401551
2525,2,60,5,19.7079,3.2432432432432434,10.89,124.70087618941314
2526,2,60,5,52.7788,7.5675675675675675,29.660000000000004,116.39521422603907
2527,2,60,5,79.2046,7.027027027027026,44.11,116.5911453459924
2528,2,60,5,31.7982,3.2432432432432434,17.78,123.29169413307575
2529,2,60,5,19.4218,3.2432432432432434,10.21,134.9686095978296
2530,2,60,5,40.8881,4.324324324324325,23.479999999999997,120.71378047576991
2531,2,60,5,35.4578,4.864864864864865,18.369999999999997,131.21017475361467
2532,2,60,5,49.1934,8.108108108108109,29.810000000000002,117.13245796519324
2533,2,60,5,35.2252,6.486486486486487,20.93,123.52258454008434
2534,2,60,5,30.2674,6.486486486486487,17.96,120.77461666586538
2535,2,60,5,38.4862,4.864864864864865,20.8,124.5820174315255
2536,2,60,5,47.0419,3.7837837837837838,25.220000000000002,121.95822981877969
2537,2,60,5,2.661,0.0,0.04,
2538,2,60,5,33.3919,5.405405405405405,18.96,114.86268304715168
2539,2,60,5,44.8332,5.9459459459459465,24.6,117.8692550988564
2540,2,70,5,3.086,0.0,0.0,
2541,2,70,5,51.2512,5.405405405405405,27.03000000000001,114.90021565580153
2542,2,70,5,2.6731,0.0,0.0,
2543,2,70,5,28.8304,3.2432432432432434,15.179999999999998,109.72124217291544
2544,2,70,5,15.1172,3.2432432432432434,7.869999999999999,121.72444361016404
2545,2,70,5,16.1009,1.6216216216216217,7.24,117.76410137032143
2546,2,70,5,63.5728,7.027027027027027,36.120000000000005,119.35319587826433
2547,2,70,5,61.8645,7.027027027027027,35.32000000000001,118.3027778702045
2548,2,70,5,7.9132,0.5405405405405406,2.7399999999999998,109.02018264478369
2549,2,70,5,56.6454,8.108108108108109,32.379999999999995,124.29993894210102
2550,2,70,5,34.2218,3.7837837837837838,17.34,116.75931739567446
2551,2,70,5,42.6397,2.7027027027027026,23.05,113.95773154905885
2552,2,70,5,2.5288,0.0,0.0,
2553,2,70,5,39.3967,5.405405405405405,22.83,118.64201032527258
2554,2,70,5,37.7148,4.864864864864865,18.86,127.67440202697486
2555,2,70,5,25.1108,2.7027027027027026,13.440000000000001,122.58482473757235
2556,2,70,5,39.4648,5.405405405405405,22.34,137.3131552108474
2557,2,70,5,75.3764,5.405405405405405,40.260000000000005,116.20759720732588
2558,2,70,5,33.2078,3.7837837837837838,17.4,112.53310447790543
2559,2,70,5,44.5509,3.437837837837838,22.53,113.16324774554104
2560,2,75,5,3.2637,0.0,0.21000000000000002,
2561,2,75,5,15.5553,1.0810810810810811,7.390000000000001,118.89937935189394
2562,2,75,5,29.4057,2.637837837837838,15.329999999999998,112.1261020455192
2563,2,75,5,36.6747,4.324324324324325,20.19,113.81827328627085
2564,2,75,5,29.0303,5.405405405405405,16.77,130.16709478874367
2565,2,75,5,45.0298,5.405405405405405,24.259999999999998,115.26875155136568
2566,2,75,5,66.8479,9.72972972972973,40.46,128.35722839550192
2567,2,75,5,48.7995,1.6216216216216217,24.85,115.26655433987038
2568,2,75,5,20.9845,2.1621621621621623,10.37,112.89995482867427
2569,2,75,5,6.5118,1.6216216216216217,2.58,113.68905287301372
2570,2,75,5,55.2522,5.405405405405405,30.07,114.96700737877276
2571,2,75,5,45.9146,3.2432432432432434,25.689999999999998,122.27000847596942
2572,2,75,5,45.4453,3.7405405405405405,24.28,117.3227585344432
2573,2,75,5,14.9419,1.6216216216216217,7.640000000000001,115.00669939212457
2574,2,75,5,3.7161,0.5405405405405406,0.78,118.03914101848353
2575,2,75,5,40.7367,8.64864864864865,24.94,121.58718819293796
2576,2,75,5,15.5689,2.1621621621621623,7.75,125.87767223824186
2577,2,75,5,27.8809,4.864864864864865,16.05,121.6432638619814
2578,2,75,5,52.7141,5.945945945945946,29.75,115.96862379878156
2579,2,75,5,32.1437,3.7837837837837838,17.35,125.4244816739824
2580,2,80,5,24.3716,1.6216216216216217,11.620000000000001,109.77668030455972
2581,2,80,5,21.5105,3.243243243243243,12.009999999999998,120.7112877747714
2582,2,80,5,5.7094,1.6216216216216217,2.4299999999999997,121.8688604153761
2583,2,80,5,52.3293,5.405405405405405,29.49,122.84494946034965
2584,2,80,5,43.1549,6.486486486486487,25.359999999999996,122.86748675151672
2585,2,80,5,9.2635,1.6216216216216217,3.8,110.99330325094422
2586,2,80,5,27.4492,4.324324324324325,15.36,121.26175410275883
2587,2,80,5,11.0869,1.6216216216216217,5.08,159.77207895321504
2588,2,80,5,17.5118,3.72972972972973,9.639999999999999,116.57015144637047
2589,2,80,5,23.9386,2.92972972972973,12.47,111.84677575316574
2590,2,80,5,63.3425,9.18918918918919,37.510000000000005,122.46696250292013
2591,2,80,5,30.0707,3.394594594594595,15.59,121.80692580829853
2592,2,80,5,23.387,4.324324324324325,12.459999999999999,139.8532696807057
2593,2,80,5,23.0564,2.7027027027027026,11.88,117.74347098190299
2594,2,80,5,26.894,3.7837837837837838,14.7,117.83449754590985
2595,2,80,5,61.2093,7.31891891891892,34.34,115.1398638650849
2596,2,80,5,78.2005,11.891891891891891,44.59,114.81709812138003
2597,2,80,5,54.7612,4.324324324324325,29.910000000000004,114.98695675356726
2598,2,80,5,32.405,2.1621621621621623,16.529999999999998,106.34391766680967
2599,2,80,5,17.5249,1.0810810810810811,8.709999999999999,121.20688463900647
2600,2,90,5,37.8936,8.108108108108107,22.830000000000002,117.18741734502628
2601,2,90,5,5.7908,1.0810810810810811,1.51,103.30606692803957
2602,2,90,5,40.7167,7.027027027027027,23.330000000000002,133.4762510102231
2603,2,90,5,21.9898,4.324324324324325,12.27,117.81871131937086
2604,2,90,5,20.572,1.0810810810810811,9.870000000000001,126.36352689510167
2605,2,90,5,24.2351,1.6216216216216217,11.95,116.17898186021817
2606,2,90,5,27.0633,3.2432432432432434,15.030000000000001,121.55366445375135
2607,2,90,5,22.084,2.1621621621621623,11.62,114.73464820915109
2608,2,90,5,11.6743,2.1621621621621623,5.57,123.36772568600708
2609,2,90,5,38.963,4.324324324324325,21.33,108.2075299296335
2610,2,90,5,42.1704,5.945945945945946,23.98,115.14085372740514
2611,2,90,5,44.9753,4.367567567567567,25.3,113.4864312933524
2612,2,90,5,14.3686,1.0810810810810811,7.110000000000001,115.34301376423959
2613,2,90,5,25.6946,1.6216216216216217,13.810000000000002,125.87909545069692
2614,2,90,5,40.4908,8.108108108108109,24.0,118.44255388093605
2615,2,90,5,62.6542,7.416216216216216,36.79,121.66438790903825
2616,2,90,5,46.1904,8.64864864864865,26.79,115.41896070749314
2617,2,90,5,36.6952,7.891891891891892,20.169999999999998,112.52060438626944
2618,2,90,5,27.6625,3.7837837837837838,15.190000000000001,117.45625466587254
2619,2,90,5,28.4854,3.2432432432432434,15.709999999999999,115.98706536493711
2620,2,100,5,57.02,4.12972972972973,30.23,111.57887741436912
2621,2,100,5,30.6631,5.405405405405405,17.910000000000004,120.0936874133826
2622,2,100,5,2.6727,0.0,0.03,
2623,2,100,5,23.9103,2.7027027027027026,13.419999999999998,124.8329442266584
2624,2,100,5,19.9197,2.0972972972972976,10.18,116.34136139522175
2625,2,100,5,63.6181,7.5675675675675675,35.94,113.99448109666403
2626,2,100,5,25.6631,3.394594594594595,13.489999999999998,120.80258753880344
2627,2,100,5,35.5096,3.7837837837837838,19.619999999999997,112.27769112844327
2628,2,100,5,59.5589,9.18918918918919,34.970000000000006,117.87329984562633
2629,2,100,5,39.4391,9.18918918918919,23.47,123.22522970933329
2630,2,100,5,32.2439,5.405405405405405,20.009999999999998,127.94644407806109
2631,2,100,5,11.2573,3.9567567567567563,5.959999999999999,138.47288923321037
2632,2,100,5,28.0778,3.2432432432432434,14.61,121.74732548169074
2633,2,100,5,63.6056,8.108108108108109,36.11,120.98393233939368
2634,2,100,5,18.7243,0.5405405405405406,8.68,121.49939597775622
2635,2,100,5,50.7822,10.27027027027027,33.410000000000004,124.19059026028621
2636,2,100,5,15.045,1.0810810810810811,6.640000000000001,110.96130918487722
2637,2,100,5,19.9007,3.7837837837837838,11.1,121.78479678109149
2638,2,100,5,4.1724,1.0810810810810811,1.45,117.93643802471549
2639,2,100,5,45.7771,6.54054054054054,26.790000000000003,120.96858271112043
2640,2,10,10,18.0476,3.2432432432432434,8.75,186.144921568183
2641,2,10,10,20.9052,5.794594594594594,11.16,141.31123137770794
2642,2,10,10,10.4063,4.324324324324325,5.58,120.07157627134933
2643,2,10,10,31.9195,6.486486486486486,17.669999999999998,118.88097541537833
2644,2,10,10,27.206,10.108108108108107,17.05,178.46442547177995
2645,2,10,10,3.2603,0.0,0.02,
2646,2,10,10,26.6092,5.405405405405405,15.23,120.66021261498679
2647,2,10,10,25.4702,4.864864864864865,15.179999999999998,129.45496436429033
2648,2,10,10,15.1713,3.2432432432432434,7.18,142.26283286328524
2649,2,10,10,29.7485,7.027027027027027,16.95,147.32116271648428
2650,2,10,10,12.529,3.7405405405405405,7.18,134.8829992228682
2651,2,10,10,33.4343,8.63783783783784,20.589999999999996,154.73332343172123
2652,2,10,10,16.1226,5.945945945945946,9.77,142.24082793139542
2653,2,10,10,18.9128,6.486486486486487,12.45,150.8667431570457
2654,2,10,10,2.6295,0.0,0.02,
2655,2,10,10,18.0975,4.8432432432432435,10.040000000000001,143.09832899769907
2656,2,10,10,4.6108,0.5405405405405406,1.03,121.42363487736398
2657,2,10,10,13.8723,2.7027027027027026,6.32,142.47741865476726
2658,2,10,10,31.9524,9.18918918918919,19.24,149.44902806725668
2659,2,10,10,22.767,3.2432432432432434,12.4,119.60163863409969
2660,2,20,10,15.2937,3.2432432432432434,8.46,127.62075495791248
2661,2,20,10,2.5848,0.0,0.0,
2662,2,20,10,28.7065,7.027027027027027,15.62,127.05477260212862
2663,2,20,10,24.3325,5.405405405405405,13.910000000000002,131.25240772495508
2664,2,20,10,13.6594,3.7837837837837838,6.67,123.89843951009519
2665,2,20,10,8.7329,2.1621621621621623,4.82,122.47056910320538
2666,2,20,10,5.4525,0.5405405405405406,1.51,110.46416125704408
2667,2,20,10,30.1617,9.816216216216215,19.419999999999998,133.5303174286451
2668,2,20,10,6.4675,3.6432432432432433,2.94,121.23420308162194
2669,2,20,10,26.8839,6.010810810810812,14.839999999999998,116.42652707021739
2670,2,20,10,24.4422,5.405405405405405,13.959999999999999,136.0783558158614
2671,2,20,10,33.5645,9.124324324324323,20.24,124.78624730444227
2672,2,20,10,8.2658,3.2432432432432434,4.42,153.22229472850702
2673,2,20,10,10.3226,0.6378378378378378,4.1,120.86335811903669
2674,2,20,10,31.0905,8.108108108108109,18.29,126.534250422757
2675,2,20,10,9.5218,2.1621621621621623,4.85,124.71381376747394
2676,2,20,10,7.1347,1.6216216216216217,2.75,119.82771922932363
2677,2,20,10,17.8861,3.2432432432432434,9.379999999999999,118.08339722218199
2678,2,20,10,3.3333,0.5405405405405406,0.08,232.47570771489364
2679,2,20,10,9.2758,3.2432432432432434,5.409999999999999,136.2001960328386
2680,2,30,10,51.8302,11.35135135135135,30.829999999999995,140.17193125913192
2681,2,30,10,19.9622,6.486486486486487,12.620000000000001,120.85079345043863
2682,2,30,10,9.3315,5.405405405405405,5.29,181.29013973802168
2683,2,30,10,25.0339,9.18918918918919,15.95,138.4759156009721
2684,2,30,10,9.9979,1.6216216216216217,4.970000000000001,118.31458016815081
2685,2,30,10,17.0156,2.7027027027027026,8.989999999999998,117.81604121310829
2686,2,30,10,41.8284,10.454054054054055,25.71,120.04597896983536
2687,2,30,10,14.3017,3.7837837837837838,8.870000000000001,117.10027526772079
2688,2,30,10,10.6429,3.2432432432432434,5.380000000000001,114.00208711261968
2689,2,30,10,10.0465,2.6810810810810812,4.71,126.43331120031716
2690,2,30,10,16.0213,2.7027027027027026,7.95,116.69633647912319
2691,2,30,10,55.8487,15.816216216216219,34.34,122.7640522159405
2692,2,30,10,22.5865,4.864864864864865,13.559999999999999,113.28458343644422
2693,2,30,10,34.5252,5.405405405405405,18.630000000000003,115.94744828952749
2694,2,30,10,46.176,7.027027027027027,28.520000000000003,118.56737957411006
2695,2,30,10,13.3808,3.7837837837837838,7.74,117.79924612614802
2696,2,30,10,30.3836,4.832432432432432,18.43,122.10512826245716
2697,2,30,10,50.115,10.52972972972973,29.48,126.14544322523423
2698,2,30,10,23.3494,5.513513513513513,13.4,139.58208828852705
2699,2,30,10,13.7548,4.324324324324325,6.92,128.54762813817646
2700,2,40,10,27.1826,4.864864864864865,14.959999999999999,122.80503591429478
2701,2,40,10,42.9107,12.454054054054055,27.24,126.37428461827695
2702,2,40,10,22.9902,6.486486486486487,14.48,124.3590821072573
2703,2,40,10,36.1671,8.324324324324326,22.06,130.3185406590754
2704,2,40,10,22.7836,7.027027027027027,13.59,121.00044306141851
2705,2,40,10,11.6767,3.7837837837837838,6.3,120.8067285557553
2706,2,40,10,19.8775,3.2432432432432434,10.510000000000002,120.28012651912098
2707,2,40,10,16.1506,3.2432432432432434,8.05,137.0749033730255
2708,2,40,10,7.2943,1.6216216216216217,3.0700000000000003,149.08477191791565
2709,2,40,10,7.3922,1.0810810810810811,2.63,105.52189334447431
2710,2,40,10,17.0769,5.945945945945946,10.5,124.47998630918819
2711,2,40,10,40.4316,7.5675675675675675,23.07,122.55043480420493
2712,2,40,10,7.5455,2.1621621621621623,3.28,119.74303875764132
2713,2,40,10,57.465,17.2972972972973,38.67,120.75454335722495
2714,2,40,10,13.3568,4.324324324324325,7.35,160.74441698284608
2715,2,40,10,11.7319,3.7837837837837838,7.029999999999999,139.8960005700344
2716,2,40,10,8.7831,2.7027027027027026,4.49,119.68928134954913
2717,2,40,10,23.2386,8.108108108108109,14.11,132.30418043164573
2718,2,40,10,27.6836,8.64864864864865,16.089999999999996,132.7278250621587
2719,2,40,10,2.8707,0.0,0.13999999999999999,
2720,2,50,10,17.6663,3.7837837837837838,9.149999999999999,142.3858415772756
2721,2,50,10,25.9486,7.5675675675675675,14.88,123.84208187351685
2722,2,50,10,26.0866,4.864864864864865,14.77,122.75954335934787
2723,2,50,10,8.3553,0.0,3.08,
2724,2,50,10,16.1069,3.2432432432432434,8.629999999999999,123.2146850865779
2725,2,50,10,24.1397,8.075675675675676,14.290000000000001,124.0217625188047
2726,2,50,10,12.8351,4.324324324324325,7.409999999999999,143.70278706869055
2727,2,50,10,9.2191,1.6216216216216217,4.470000000000001,120.53313006363412
2728,2,50,10,3.7142,0.5405405405405406,0.8099999999999999,129.45815754679808
2729,2,50,10,14.4537,2.1621621621621623,7.68,118.91543322139177
2730,2,50,10,3.9881,0.5405405405405406,0.5900000000000001,132.7665546559848
2731,2,50,10,19.1664,4.324324324324325,10.459999999999999,116.62355071616712
2732,2,50,10,31.5905,5.405405405405405,18.56,123.28729205456712
2733,2,50,10,6.9251,1.6216216216216217,3.08,122.54269865749022
2734,2,50,10,20.8411,5.405405405405405,12.309999999999999,117.81994462614793
2735,2,50,10,24.7118,4.864864864864865,14.41,116.44421126970636
2736,2,50,10,17.6441,5.416216216216216,9.85,131.85421075546577
2737,2,50,10,19.4967,5.405405405405405,12.53,128.6764402295129
2738,2,50,10,10.7717,1.0810810810810811,4.42,101.50400399201175
2739,2,50,10,21.633,6.486486486486487,13.209999999999999,131.25666686228095
2740,2,60,10,29.5523,4.864864864864865,17.380000000000003,135.8576452138544
2741,2,60,10,29.7194,7.545945945945945,17.89,140.85434944260052
2742,2,60,10,17.4683,4.864864864864865,10.74,129.79791388152452
2743,2,60,10,24.2772,4.864864864864865,14.329999999999998,128.693271714659
2744,2,60,10,27.1667,7.8810810810810805,15.62,135.00973350220374
2745,2,60,10,43.4305,7.027027027027027,24.82,124.52056865653608
2746,2,60,10,16.627,4.4324324324324325,10.1,116.73461918261766
2747,2,60,10,25.1115,5.351351351351352,14.709999999999999,124.6025596714524
2748,2,60,10,10.9495,3.2432432432432434,6.13,116.26263775354924
2749,2,60,10,28.2878,5.945945945945946,15.469999999999999,134.710571961367
2750,2,60,10,36.1334,6.65945945945946,20.89,118.41364395901005
2751,2,60,10,39.7406,12.994594594594593,24.979999999999997,119.5897021006852
2752,2,60,10,3.7393,0.5405405405405406,0.58,110.83717355192107
2753,2,60,10,22.6536,3.7837837837837838,12.209999999999999,121.17319467855118
2754,2,60,10,2.6326,0.0,0.21000000000000002,
2755,2,60,10,42.4109,6.097297297297297,24.94,122.89080812510237
2756,2,60,10,23.1956,4.324324324324325,12.35,120.29715533389052
2757,2,60,10,25.7117,5.9459459459459465,13.8,126.55618514477254
2758,2,60,10,16.8408,4.324324324324325,10.59,138.8736238349627
2759,2,60,10,30.7298,8.108108108108109,18.32,135.92779926488498
2760,2,70,10,30.4269,8.14054054054054,17.79,137.80058524754807
2761,2,70,10,25.18,5.405405405405405,15.38,125.68025422419313
2762,2,70,10,19.4581,5.405405405405405,10.26,127.95310340765029
2763,2,70,10,3.5215,0.5405405405405406,0.48,136.04262586148448
2764,2,70,10,18.1417,3.7837837837837838,10.04,120.00218432516921
2765,2,70,10,12.4957,2.4,6.45,128.35693047612799
2766,2,70,10,2.7833,0.0,0.0,
2767,2,70,10,23.1003,9.286486486486487,16.18,126.69283060728134
2768,2,70,10,60.6493,12.91891891891892,35.56,121.22067958738029
2769,2,70,10,18.9059,5.945945945945946,11.559999999999999,125.74253920168553
2770,2,70,10,31.6806,9.18918918918919,19.22,126.04843290007838
2771,2,70,10,2.3929,0.0,0.06999999999999999,
2772,2,70,10,13.3093,4.108108108108108,7.709999999999999,123.9310045506941
2773,2,70,10,14.0726,2.1621621621621623,7.040000000000001,118.45672777207446
2774,2,70,10,40.7272,13.513513513513516,27.71,123.12752435071334
2775,2,70,10,36.5729,10.92972972972973,20.48,131.30291703022493
2776,2,70,10,13.1982,2.7027027027027026,6.38,107.34307889515476
2777,2,70,10,16.6532,2.7027027027027026,8.709999999999999,112.38213422410743
2778,2,70,10,14.6134,4.864864864864865,9.370000000000001,115.13596375462235
2779,2,70,10,12.6136,2.1621621621621623,6.119999999999999,122.4723014501129
2780,2,75,10,29.7952,7.351351351351352,18.05,121.93250808486059
2781,2,75,10,30.5598,5.405405405405405,17.119999999999997,115.10155407704039
2782,2,75,10,35.495,7.027027027027027,19.830000000000002,117.22461345778069
2783,2,75,10,19.255,2.410810810810811,10.209999999999999,117.15996631042671
2784,2,75,10,26.2772,5.9459459459459465,16.1,120.56294610376867
2785,2,75,10,12.2666,2.1621621621621623,6.09,124.11778945148114
2786,2,75,10,38.4388,8.64864864864865,21.78,123.89550250852838
2787,2,75,10,47.5939,8.237837837837839,27.620000000000005,129.08739710701286
2788,2,75,10,7.6853,1.0810810810810811,3.3300000000000005,126.28336225257672
2789,2,75,10,23.9393,4.324324324324325,13.520000000000001,134.36798365834218
2790,2,75,10,2.9122,0.0,0.13,
2791,2,75,10,26.9269,3.9027027027027033,14.940000000000001,114.9929874612657
2792,2,75,10,11.2001,1.6216216216216217,5.15,113.39262256965446
2793,2,75,10,16.9095,3.2432432432432434,9.559999999999999,119.17016911435313
2794,2,75,10,8.0024,2.1621621621621623,3.46,123.77980428212848
2795,2,75,10,8.0871,2.1621621621621623,4.09,127.5804284560069
2796,2,75,10,29.5544,6.486486486486487,16.1,119.30914391291846
2797,2,75,10,4.2226,0.5405405405405406,0.53,130.3725137948158
2798,2,75,10,30.9058,8.64864864864865,19.11,123.58965034983495
2799,2,75,10,16.6599,3.7837837837837838,9.169999999999998,119.66737165577614
2800,2,80,10,16.924,2.108108108108108,8.57,117.68401614727749
2801,2,80,10,28.8392,8.108108108108109,17.57,124.94648334977182
2802,2,80,10,23.9816,4.972972972972974,13.64,115.54721874748134
2803,2,80,10,3.0671,0.0,0.02,
2804,2,80,10,59.0478,14.594594594594593,39.03000000000001,122.11801673995862
2805,2,80,10,6.9101,2.1621621621621623,3.72,118.84004323077262
2806,2,80,10,17.4004,4.324324324324325,10.08,128.39623498903026
2807,2,80,10,23.6847,5.405405405405405,12.53,113.94921517530733
2808,2,80,10,4.4615,0.5405405405405406,1.04,115.81929746914382
2809,2,80,10,27.6117,5.945945945945946,16.22,121.66370316802735
2810,2,80,10,34.664,12.335135135135136,20.93,118.31410194263485
2811,2,80,10,23.1756,7.027027027027027,14.05,126.29093027107223
2812,2,80,10,5.7456,0.5405405405405406,2.23,123.98160615582728
2813,2,80,10,2.7911,0.0,0.04,
2814,2,80,10,21.1568,3.7837837837837838,11.98,137.44793937060538
2815,2,80,10,14.2467,3.7837837837837838,7.409999999999999,123.5754049632102
2816,2,80,10,26.9233,6.486486486486487,15.280000000000001,121.84218048637861
2817,2,80,10,14.8179,3.4270270270270276,8.440000000000001,127.23908117907607
2818,2,80,10,8.7424,1.0810810810810811,3.5800000000000005,109.29030197755239
2819,2,80,10,11.682,2.1621621621621623,5.4799999999999995,121.64196770550274
2820,2,90,10,12.7807,2.1621621621621623,5.9399999999999995,129.2881607747916
2821,2,90,10,5.2173,1.6216216216216217,1.73,112.01802473645411
2822,2,90,10,21.7862,2.7027027027027026,11.78,121.04767348819504
2823,2,90,10,17.773,3.2432432432432434,9.309999999999999,114.89511897252571
2824,2,90,10,7.0196,2.7027027027027026,3.18,114.27829168549957
2825,2,90,10,14.4736,2.7027027027027026,8.57,121.23437671907786
2826,2,90,10,46.828,9.016216216216216,28.670000000000005,120.6284806445766
2827,2,90,10,13.2498,2.7027027027027026,7.35,132.96006196900026
2828,2,90,10,28.0263,2.1621621621621623,15.51,120.20877428290142
2829,2,90,10,30.7351,6.010810810810811,16.83,118.00020238326049
2830,2,90,10,22.6659,7.027027027027026,13.789999999999997,118.03484499679567
2831,2,90,10,20.3858,6.486486486486487,12.25,118.02876760334703
2832,2,90,10,12.2883,2.7027027027027026,5.79,117.46891763802569
2833,2,90,10,25.0812,5.2,15.469999999999999,139.8836963875039
2834,2,90,10,17.1565,6.486486486486487,10.219999999999999,123.60043287145596
2835,2,90,10,17.7865,2.7027027027027026,10.11,123.07158107549415
2836,2,90,10,38.7131,9.275675675675675,23.7,121.1171934861023
2837,2,90,10,14.2129,3.7837837837837838,7.540000000000001,118.9080715884029
2838,2,90,10,14.9241,3.7837837837837838,7.99,120.7669655797022
2839,2,90,10,27.2621,7.243243243243244,16.53,118.2008446017395
2840,2,100,10,8.7502,1.6216216216216217,3.7600000000000002,130.3339902181534
2841,2,100,10,20.8405,7.5675675675675675,12.4,121.98560541543854
2842,2,100,10,24.303,4.864864864864865,13.91,120.20336655223156
2843,2,100,10,49.1991,9.72972972972973,27.860000000000003,128.8001632129066
2844,2,100,10,9.9163,3.027027027027027,4.94,120.826516117641
2845,2,100,10,18.7057,3.2432432432432434,10.22,115.17566465314388
2846,2,100,10,12.1916,2.7027027027027026,5.279999999999999,137.15495128153665
2847,2,100,10,41.7054,6.378378378378379,22.71,111.24288466185061
2848,2,100,10,13.3625,3.7837837837837838,6.63,123.04579017045198
2849,2,100,10,12.7355,3.7837837837837838,7.159999999999999,120.55008775333532
2850,2,100,10,3.0154,0.0,0.04,
2851,2,100,10,25.2718,3.2432432432432434,13.190000000000001,130.83477507221636
2852,2,100,10,8.8689,1.0810810810810811,3.5200000000000005,110.90236599697693
2853,2,100,10,7.0392,0.5405405405405406,2.4,124.83741404413892
2854,2,100,10,6.2209,0.5405405405405406,2.23,113.15123706571372
2855,2,100,10,35.7125,5.45945945945946,19.220000000000002,126.66693430107667
2856,2,100,10,23.9134,5.9459459459459465,15.030000000000001,122.97942056296637
2857,2,100,10,12.5513,2.1621621621621623,6.4799999999999995,123.07649281235713
2858,2,100,10,25.578,4.324324324324325,12.7,115.24364421834557
2859,2,100,10,32.0333,8.108108108108107,19.3,122.29039177289081
2860,2,10,15,17.37,8.64864864864865,11.290000000000001,128.96483619194757
2861,2,10,15,12.102,6.486486486486487,8.63,120.93049486399038
2862,2,10,15,7.8957,3.7837837837837838,4.65,127.76323075623047
2863,2,10,15,11.3728,3.2432432432432434,5.040000000000001,232.26192068132698
2864,2,10,15,17.0136,9.72972972972973,11.049999999999999,147.48683545987652
2865,2,10,15,4.3327,2.1621621621621623,1.3199999999999998,222.16677688557897
2866,2,10,15,10.3084,2.7027027027027026,4.5600000000000005,229.960245335284
2867,2,10,15,31.0134,15.286486486486485,20.92,148.5553503074611
2868,2,10,15,3.0105,1.6216216216216217,0.49000000000000005,346.8206202249107
2869,2,10,15,8.6198,4.324324324324325,3.41,221.9578006962922
2870,2,10,15,19.3723,7.5675675675675675,11.7,143.68385389748428
2871,2,10,15,7.2992,2.1621621621621623,2.98,280.14707640798144
2872,2,10,15,12.1308,9.72972972972973,7.8,175.9209238277236
2873,2,10,15,17.0871,4.324324324324325,9.370000000000001,155.2736624297211
2874,2,10,15,16.5845,4.918918918918918,8.84,130.33842633046876
2875,2,10,15,10.15,4.864864864864865,5.159999999999999,306.87037985848247
2876,2,10,15,31.8072,13.513513513513512,22.5,120.810838694455
2877,2,10,15,7.3628,3.2432432432432434,3.13,203.30956805177797
2878,2,10,15,8.4734,4.68108108108108,4.47,338.3623245676497
2879,2,10,15,16.3571,5.9459459459459465,9.86,177.35787216461375
2880,2,20,15,8.3796,2.7027027027027026,3.8,130.14576448717077
2881,2,20,15,17.7092,8.108108108108109,11.95,138.1761938735272
2882,2,20,15,28.5018,11.31891891891892,18.95,127.33723648048218
2883,2,20,15,5.0883,3.7837837837837838,2.65,176.01401581107555
2884,2,20,15,8.4388,2.7027027027027026,4.33,122.69321635354613
2885,2,20,15,26.4516,13.254054054054055,17.43,145.26344792597243
2886,2,20,15,11.2375,4.324324324324325,6.4,151.29913237527515
2887,2,20,15,13.4689,5.945945945945946,7.58,148.69634809482537
2888,2,20,15,22.7042,7.027027027027026,13.49,137.03048875992485
2889,2,20,15,24.3403,9.21081081081081,13.969999999999999,124.29946590705731
2890,2,20,15,20.8962,9.18918918918919,13.190000000000001,128.48229275145488
2891,2,20,15,6.0322,4.454054054054054,3.07,178.49602070545225
2892,2,20,15,2.6359,0.0,0.0,
2893,2,20,15,8.3647,2.7027027027027026,4.1899999999999995,132.86030087088145
2894,2,20,15,21.0414,8.140540540540542,12.76,131.58325295804906
2895,2,20,15,9.7149,3.7837837837837838,5.36,121.72571031843528
2896,2,20,15,15.9693,8.432432432432432,11.459999999999999,146.81873142908114
2897,2,20,15,8.5681,3.2432432432432434,4.1899999999999995,203.57798414323244
2898,2,20,15,23.6947,7.5675675675675675,13.930000000000001,136.84618961526635
2899,2,20,15,33.7083,8.64864864864865,19.4,128.53190992739033
2900,2,30,15,14.963,3.145945945945946,8.24,114.45829211967607
2901,2,30,15,12.7435,2.7027027027027026,7.13,125.51461899387527
2902,2,30,15,27.9032,8.64864864864865,17.04,129.2109952679013
2903,2,30,15,25.3704,6.486486486486487,14.220000000000002,118.35877370240286
2904,2,30,15,24.0749,10.27027027027027,16.44,137.35667907651435
2905,2,30,15,17.544,4.864864864864865,9.41,121.03776625524529
2906,2,30,15,20.9818,8.108108108108109,13.629999999999999,133.1004295249734
2907,2,30,15,25.1843,7.924324324324324,14.14,122.38587910236602
2908,2,30,15,11.676,3.891891891891892,6.82,146.85982583675354
2909,2,30,15,5.0978,2.7027027027027026,2.15,130.09613305871173
2910,2,30,15,18.403,7.556756756756757,10.879999999999999,139.0954772754854
2911,2,30,15,14.9877,4.486486486486486,8.4,131.7250747457389
2912,2,30,15,18.982,8.108108108108109,11.81,134.96921849151417
2913,2,30,15,3.7922,1.0810810810810811,0.8800000000000001,176.23654243198365
2914,2,30,15,23.682,8.108108108108109,14.13,138.93748068394197
2915,2,30,15,23.1868,9.848648648648648,14.45,128.7125490148984
2916,2,30,15,28.614,15.491891891891893,19.410000000000004,139.22519779783394
2917,2,30,15,14.6684,5.945945945945946,8.66,136.9858123867653
2918,2,30,15,7.8605,1.6216216216216217,3.63,129.16112561943774
2919,2,30,15,11.2343,3.7837837837837838,6.540000000000001,127.72766300254014
2920,2,40,15,13.1286,4.032432432432432,6.779999999999999,116.50528697743727
2921,2,40,15,32.3351,13.145945945945948,20.86,139.27723810906383
2922,2,40,15,14.4209,1.6216216216216217,6.87,109.27047828740281
2923,2,40,15,16.3861,6.248648648648649,8.559999999999999,125.04284519956799
2924,2,40,15,26.1878,9.091891891891892,16.52,121.95051803465401
2925,2,40,15,9.911,2.1621621621621623,4.09,147.81338797409092
2926,2,40,15,21.4367,7.5675675675675675,13.26,134.90943901541115
2927,2,40,15,9.6047,2.1621621621621623,4.62,119.02404316610716
2928,2,40,15,19.1909,6.767567567567568,11.530000000000001,134.8242212053647
2929,2,40,15,5.8045,2.27027027027027,2.73,117.69363977202818
2930,2,40,15,7.5828,1.6216216216216217,3.6799999999999997,128.61444947334465
2931,2,40,15,27.0177,13.513513513513516,19.330000000000002,129.12938534861675
2932,2,40,15,20.5101,5.945945945945946,12.459999999999999,155.9237108655203
2933,2,40,15,21.9611,9.72972972972973,14.190000000000001,129.13115370501498
2934,2,40,15,8.0873,2.1621621621621623,4.09,158.63057538851362
2935,2,40,15,18.7141,7.027027027027027,12.059999999999999,127.05183461422016
2936,2,40,15,13.1185,3.2432432432432434,7.69,118.17183437536966
2937,2,40,15,11.34,4.324324324324325,6.62,146.7192277053402
2938,2,40,15,26.3017,12.52972972972973,17.57,144.51419912128833
2939,2,40,15,11.6152,2.1621621621621623,6.32,123.97810482921143
2940,2,50,15,18.8726,4.324324324324325,10.190000000000001,122.66089244588204
2941,2,50,15,4.7988,1.6216216216216217,1.61,112.69323707208507
2942,2,50,15,21.9278,7.027027027027027,12.940000000000001,115.45932345287422
2943,2,50,15,18.7753,3.2432432432432434,10.17,114.56825340316676
2944,2,50,15,29.7903,11.35135135135135,19.839999999999996,131.06593948333824
2945,2,50,15,25.52,7.5675675675675675,15.580000000000002,119.64295951603656
2946,2,50,15,18.2145,5.362162162162162,10.48,128.06204604007726
2947,2,50,15,14.5493,6.12972972972973,8.45,141.21260316187227
2948,2,50,15,9.1287,1.6216216216216217,3.5700000000000003,111.05664517359621
2949,2,50,15,32.8816,10.475675675675674,19.45,117.73118932000159
2950,2,50,15,21.2979,12.432432432432432,14.569999999999999,123.76938028127849
2951,2,50,15,17.4629,5.405405405405405,10.55,140.29036390517564
2952,2,50,15,14.7108,2.1621621621621623,7.4399999999999995,114.46602653470977
2953,2,50,15,15.5895,5.405405405405405,8.57,126.54959220572894
2954,2,50,15,29.7177,8.64864864864865,18.85,132.30070446885435
2955,2,50,15,2.9829,1.6216216216216217,0.8400000000000001,212.25834976606268
2956,2,50,15,5.2646,1.6216216216216217,2.2,157.12752138688145
2957,2,50,15,24.496,7.027027027027026,13.959999999999999,118.37716520471176
2958,2,50,15,37.7219,13.924324324324326,23.93,123.76526153101162
2959,2,50,15,19.0882,8.108108108108109,12.330000000000002,119.59095946172513
2960,2,60,15,17.8945,9.18918918918919,11.98,141.12547085461068
2961,2,60,15,19.5107,7.027027027027027,11.63,119.02603536800294
2962,2,60,15,11.5409,5.405405405405405,6.75,134.49468649512997
2963,2,60,15,29.7664,8.64864864864865,18.130000000000003,131.12349616732524
2964,2,60,15,25.8089,10.27027027027027,17.4,128.68534058057455
2965,2,60,15,24.5116,8.64864864864865,15.970000000000002,128.77297907759566
2966,2,60,15,19.7021,9.340540540540541,12.54,120.55277982443516
2967,2,60,15,19.5689,7.5675675675675675,12.290000000000001,123.91169856308936
2968,2,60,15,14.1808,2.7027027027027026,6.4399999999999995,124.85072105886202
2969,2,60,15,22.9478,11.35135135135135,14.680000000000001,119.32817164599845
2970,2,60,15,16.6518,5.945945945945946,9.78,128.64081352070696
2971,2,60,15,15.7731,3.2432432432432434,8.25,114.37830019367316
2972,2,60,15,21.9654,5.405405405405405,11.92,119.6168257035539
2973,2,60,15,36.2807,13.32972972972973,24.78,130.17329345739415
2974,2,60,15,17.2501,3.7837837837837838,9.25,116.35482512122931
2975,2,60,15,8.4518,2.1621621621621623,3.81,121.0251089932496
2976,2,60,15,11.9623,3.7837837837837838,5.75,124.69243464423633
2977,2,60,15,28.6522,14.259459459459459,19.4,152.75936055153193
2978,2,60,15,8.702,2.1621621621621623,3.6400000000000006,121.35804525324863
2979,2,60,15,10.9884,3.7837837837837838,5.15,115.04429419866452
2980,2,70,15,18.9729,7.34054054054054,12.23,125.92511797878423
2981,2,70,15,22.9173,8.875675675675677,13.219999999999999,122.86471660226361
2982,2,70,15,32.2748,8.64864864864865,19.02,116.32122849720575
2983,2,70,15,2.781,0.0,0.03,
2984,2,70,15,26.1829,8.108108108108109,15.560000000000002,129.91053727872134
2985,2,70,15,5.0414,1.0810810810810811,1.48,198.472231235723
2986,2,70,15,9.4958,4.864864864864865,5.06,128.3572920182374
2987,2,70,15,17.9898,6.929729729729729,11.330000000000002,114.32090408329807
2988,2,70,15,17.4988,5.405405405405405,10.540000000000001,112.38002528132111
2989,2,70,15,3.8022,0.5405405405405406,0.6,131.11941365611438
2990,2,70,15,4.1203,2.1621621621621623,1.3599999999999999,153.48204600458038
2991,2,70,15,18.3073,3.2432432432432434,9.68,161.94604533421952
2992,2,70,15,15.0064,3.7837837837837838,8.330000000000002,142.1941540139864
2993,2,70,15,32.5787,10.27027027027027,21.0,122.33823981351046
2994,2,70,15,33.075,11.416216216216217,21.810000000000002,128.6688912837041
2995,2,70,15,5.3526,2.7027027027027026,2.2800000000000002,126.36224729298723
2996,2,70,15,30.4554,6.15135135135135,18.030000000000005,118.17646877227354
2997,2,70,15,22.8499,6.486486486486487,13.62,124.82051747123597
2998,2,70,15,10.3823,2.9729729729729732,4.92,123.44033827257272
2999,2,70,15,11.5414,4.864864864864865,6.85,126.44059414145087
3000,2,75,15,29.9318,12.291891891891892,18.779999999999998,125.68542319779772
3001,2,75,15,64.0654,20.075675675675676,41.39,131.73802367779712
3002,2,75,15,14.753,4.864864864864865,8.31,121.4271974459993
3003,2,75,15,9.7771,3.2432432432432434,5.06,116.03996208034295
3004,2,75,15,17.7563,7.718918918918919,10.7,125.38541168327555
3005,2,75,15,2.8418,0.0,0.01,
3006,2,75,15,18.4365,4.864864864864865,9.569999999999999,123.36235788499897
3007,2,75,15,7.9923,2.1621621621621623,3.97,124.48000592535082
3008,2,75,15,4.6868,0.0,1.08,
3009,2,75,15,19.0377,8.108108108108109,13.030000000000001,120.2788405812877
3010,2,75,15,16.8071,8.464864864864865,11.010000000000002,134.10518167694875
3011,2,75,15,15.1161,5.945945945945946,9.9,122.84184254260828
3012,2,75,15,4.2265,1.6216216216216217,1.25,175.21518200993947
3013,2,75,15,6.067,1.0810810810810811,2.02,108.83624717306522
3014,2,75,15,14.3008,4.864864864864865,8.45,141.86758666937652
3015,2,75,15,3.1417,0.0,0.0,
3016,2,75,15,12.2042,2.3675675675675674,6.35,117.31630050939961
3017,2,75,15,28.7457,8.929729729729731,16.669999999999998,124.37944905993548
3018,2,75,15,22.2458,7.362162162162162,13.959999999999999,125.83211915860485
3019,2,75,15,11.9283,3.2432432432432434,6.0200000000000005,141.53032610944163
3020,2,80,15,12.027,4.324324324324325,8.08,120.27349323129931
3021,2,80,15,26.0812,7.027027027027027,15.25,125.90587726305327
3022,2,80,15,12.2336,4.864864864864865,7.619999999999999,127.92581001054327
3023,2,80,15,31.9277,12.432432432432432,21.15,119.32265169393087
3024,2,80,15,18.8951,3.7837837837837838,9.74,113.20820941538264
3025,2,80,15,29.4921,14.054054054054054,20.05,124.58004489144346
3026,2,80,15,5.9276,2.1621621621621623,2.69,120.90891612103397
3027,2,80,15,21.1279,7.643243243243243,14.080000000000002,122.91146469285933
3028,2,80,15,5.5963,2.1621621621621623,2.54,114.99945376094172
3029,2,80,15,14.2672,4.324324324324325,8.05,115.59493636977932
3030,2,80,15,22.2115,10.81081081081081,15.399999999999997,128.68690973277228
3031,2,80,15,10.2546,3.2432432432432434,5.4399999999999995,129.16992909483122
3032,2,80,15,19.8107,6.486486486486487,11.940000000000001,123.27107745995734
3033,2,80,15,20.8641,5.405405405405405,13.079999999999998,133.64801488154882
3034,2,80,15,10.5043,3.7837837837837838,4.4799999999999995,121.762422153143
3035,2,80,15,8.7585,1.6216216216216217,4.17,166.02588377435734
3036,2,80,15,32.878,8.64864864864865,19.71,121.64092950718502
3037,2,80,15,14.7342,4.864864864864865,8.790000000000001,125.10932421933916
3038,2,80,15,27.3121,11.308108108108108,17.909999999999997,125.83166698523716
3039,2,80,15,12.2914,3.2432432432432434,6.17,118.06449564560137
3040,2,90,15,4.2868,1.0810810810810811,1.31,126.30585908502098
3041,2,90,15,13.9565,5.405405405405405,8.280000000000001,126.06959328174803
3042,2,90,15,16.7769,4.324324324324325,8.879999999999999,117.40515697277029
3043,2,90,15,7.661,0.5405405405405406,2.63,114.94564002413192
3044,2,90,15,28.3741,8.335135135135136,16.75,122.02055241533304
3045,2,90,15,17.1486,6.38918918918919,10.93,132.87339151938605
3046,2,90,15,19.3259,4.38918918918919,10.139999999999999,123.97797756713959
3047,2,90,15,13.4901,6.68108108108108,9.940000000000001,133.18049046016512
3048,2,90,15,8.5321,2.7027027027027026,3.97,120.94993885171644
3049,2,90,15,14.2386,4.864864864864865,8.33,121.66102828756304
3050,2,90,15,11.8901,4.864864864864865,7.19,128.76470049907323
3051,2,90,15,31.145,8.64864864864865,19.04,116.91469650232912
3052,2,90,15,21.5266,5.6,12.930000000000001,124.68035470205514
3053,2,90,15,22.905,8.140540540540542,15.030000000000001,118.96609109023278
3054,2,90,15,25.692,10.259459459459459,16.65,120.35159210908097
3055,2,90,15,24.1216,8.64864864864865,15.430000000000001,117.32851005049666
3056,2,90,15,13.3431,3.7837837837837838,6.82,113.70532915191073
3057,2,90,15,19.019,5.708108108108108,11.53,128.9316455625524
3058,2,90,15,6.4542,1.6216216216216217,2.5300000000000002,110.051129695434
3059,2,90,15,4.0211,0.0,0.9400000000000001,
3060,2,100,15,28.3145,8.108108108108109,16.58,135.5704010954034
3061,2,100,15,3.1997,0.0,0.08,
3062,2,100,15,22.4682,6.486486486486487,13.210000000000003,120.49580728211755
3063,2,100,15,2.992,0.5405405405405406,0.27,105.2174456640772
3064,2,100,15,14.9082,5.405405405405405,8.28,115.37657628694163
3065,2,100,15,8.4529,1.0810810810810811,3.3600000000000003,119.05339541399454
3066,2,100,15,32.6644,10.464864864864865,20.54,118.75721655162053
3067,2,100,15,15.2004,4.183783783783784,8.419999999999998,118.89156563538415
3068,2,100,15,5.7253,2.1621621621621623,2.84,130.84106049759671
3069,2,100,15,14.9613,5.945945945945946,8.85,138.84675640171238
3070,2,100,15,14.5271,5.405405405405405,8.26,126.1599094046434
3071,2,100,15,12.4393,4.324324324324325,7.75,121.5590445191232
3072,2,100,15,14.8141,3.7837837837837838,8.11,121.49090315977348
3073,2,100,15,7.8935,1.6216216216216217,3.06,109.56460224588307
3074,2,100,15,14.8262,4.324324324324325,7.43,120.67405964925257
3075,2,100,15,4.581,1.6216216216216217,1.53,119.13446197789472
3076,2,100,15,17.5224,6.486486486486487,10.97,120.78431194877311
3077,2,100,15,18.9753,7.5675675675675675,11.52,125.49714181810792
3078,2,100,15,34.8187,12.832432432432432,22.31,124.01127731591156
3079,2,100,15,17.8271,7.383783783783784,11.35,120.909894129287
3080,2,10,20,11.4007,5.383783783783784,6.18,177.15593672239237
3081,2,10,20,2.6696,0.5405405405405406,0.02,459.07240884515204
3082,2,10,20,5.5545,1.0810810810810811,2.13,105.64270724498823
3083,2,10,20,19.594,9.18918918918919,12.23,146.78881590779943
3084,2,10,20,7.2225,6.486486486486487,4.4,158.96998046433777
3085,2,10,20,15.5691,5.9459459459459465,8.41,133.9109363268625
3086,2,10,20,13.8463,6.68108108108108,7.7700000000000005,175.98318071100474
3087,2,10,20,5.4012,2.1621621621621623,1.81,168.30526805723647
3088,2,10,20,22.7318,11.891891891891891,15.169999999999998,168.3487238090215
3089,2,10,20,30.8559,16.18378378378378,20.669999999999998,170.5448914462975
3090,2,10,20,5.0034,3.7837837837837838,2.55,197.2403101892396
3091,2,10,20,5.546,2.1621621621621623,2.2600000000000002,113.77916099970305
3092,2,10,20,4.8574,0.5405405405405406,1.05,291.84717317307695
3093,2,10,20,27.4628,13.6,18.66,170.52860439863616
3094,2,10,20,5.2065,2.1621621621621623,2.28,203.06917979031056
3095,2,10,20,22.9061,13.989189189189187,15.38,180.93137921323583
3096,2,10,20,12.4337,5.9459459459459465,7.76,134.92234037901738
3097,2,10,20,14.7115,4.864864864864865,9.05,229.98065336964555
3098,2,10,20,21.668,9.18918918918919,13.73,141.3413581754684
3099,2,10,20,14.6871,4.486486486486487,8.53,159.23624296587514
3100,2,20,20,21.4509,12.432432432432433,14.37,140.29491185830398
3101,2,20,20,15.3796,6.994594594594593,9.690000000000001,130.92661589483976
3102,2,20,20,20.8816,7.805405405405405,14.1,156.15357086629157
3103,2,20,20,5.93,3.037837837837838,2.82,128.4141464441789
3104,2,20,20,17.4791,5.9459459459459465,9.86,146.19543367229315
3105,2,20,20,11.101,3.286486486486487,6.119999999999999,120.1434115618292
3106,2,20,20,24.1464,15.675675675675677,18.57,129.19291813501303
3107,2,20,20,9.0555,3.091891891891892,4.49,186.89453847279037
3108,2,20,20,18.4106,10.25945945945946,12.77,133.21018705400073
3109,2,20,20,19.3207,7.5675675675675675,12.29,160.05964920644018
3110,2,20,20,5.7996,3.7837837837837838,3.9200000000000004,155.27999082087015
3111,2,20,20,12.3115,5.9459459459459465,6.56,150.52237571269342
3112,2,20,20,6.8554,4.324324324324325,3.4899999999999998,163.1429371267626
3113,2,20,20,7.6838,1.6216216216216217,3.5,110.87751462171616
3114,2,20,20,19.9617,7.610810810810811,13.6,137.74123741144103
3115,2,20,20,9.372,3.156756756756757,4.71,149.5073731117249
3116,2,20,20,7.517,2.1621621621621623,3.5799999999999996,128.4950703653196
3117,2,20,20,6.3372,1.0810810810810811,2.2800000000000002,116.66836452059749
3118,2,20,20,14.0305,4.864864864864865,7.419999999999999,114.10980847610764
3119,2,20,20,2.9773,0.0,0.04,
3120,2,30,20,21.4787,10.81081081081081,14.419999999999998,160.84507952980363
3121,2,30,20,6.8333,3.2432432432432434,3.2400000000000007,141.8833945898944
3122,2,30,20,10.5941,5.405405405405405,7.2299999999999995,159.56253440597442
3123,2,30,20,5.3577,2.1621621621621623,1.75,159.17571287372184
3124,2,30,20,18.3959,7.5675675675675675,10.84,150.24825446737006
3125,2,30,20,12.783,7.5675675675675675,8.3,147.58403542588349
3126,2,30,20,16.6332,5.945945945945946,9.74,135.1668352956159
3127,2,30,20,11.0711,6.486486486486486,6.18,155.43013278995153
3128,2,30,20,19.5389,8.291891891891892,11.9,143.69435132297622
3129,2,30,20,14.6613,9.18918918918919,9.540000000000001,167.33346033764835
3130,2,30,20,11.9393,5.405405405405405,6.12,135.6061536461399
3131,2,30,20,4.6148,1.945945945945946,1.73,149.48320156218892
3132,2,30,20,9.3417,1.0810810810810811,4.04,126.55588364817936
3133,2,30,20,9.8628,5.405405405405405,5.99,137.8465806001956
3134,2,30,20,14.9572,4.324324324324325,8.36,144.48064835442827
3135,2,30,20,20.7749,11.891891891891891,14.770000000000001,137.73584350685186
3136,2,30,20,20.7829,9.18918918918919,14.029999999999998,124.28801790347991
3137,2,30,20,4.6573,0.5405405405405406,1.4,119.57930715237369
3138,2,30,20,17.2477,7.718918918918919,11.440000000000001,129.29549853774617
3139,2,30,20,22.7652,9.18918918918919,13.919999999999998,128.20311486072018
3140,2,40,20,4.3875,1.0810810810810811,0.89,118.69878500990967
3141,2,40,20,17.9054,5.9459459459459465,9.88,124.68124152775793
3142,2,40,20,17.5669,8.108108108108109,11.32,128.0590689628467
3143,2,40,20,3.6547,0.5405405405405406,0.8700000000000001,134.42126792047836
3144,2,40,20,3.3086,1.0810810810810811,0.45,176.17025326145728
3145,2,40,20,8.5131,4.324324324324325,5.3100000000000005,131.9630277749722
3146,2,40,20,9.0202,2.0432432432432437,4.55,122.8445000928043
3147,2,40,20,23.2074,12.972972972972974,15.75,142.84608522654443
3148,2,40,20,16.1391,3.7837837837837838,8.75,118.03892819441042
3149,2,40,20,4.7139,0.5405405405405406,1.25,123.75908344784806
3150,2,40,20,9.9443,5.405405405405405,6.12,149.6267857910292
3151,2,40,20,16.2258,6.4,10.2,140.2169735929115
3152,2,40,20,24.5234,6.832432432432432,14.439999999999998,125.13029812577562
3153,2,40,20,7.0387,4.324324324324325,3.8600000000000003,151.40112278427685
3154,2,40,20,24.3379,11.35135135135135,15.3,132.6253064488749
3155,2,40,20,25.5059,11.35135135135135,15.710000000000003,123.40336586386292
3156,2,40,20,7.7014,2.7027027027027026,3.41,134.27978560960952
3157,2,40,20,13.2961,5.405405405405405,7.330000000000001,175.9055591344094
3158,2,40,20,6.3237,2.1621621621621623,2.42,179.67578818316156
3159,2,40,20,10.5372,5.945945945945946,6.6,120.36194429069248
3160,2,50,20,15.8046,9.72972972972973,9.45,143.6785738207005
3161,2,50,20,31.5434,15.135135135135135,21.290000000000003,142.4289187790401
3162,2,50,20,8.14,3.7837837837837838,3.6799999999999997,132.6676646025936
3163,2,50,20,10.0848,4.324324324324325,5.029999999999999,136.5356576700084
3164,2,50,20,8.241,3.7837837837837838,4.55,145.0829079919067
3165,2,50,20,18.6192,8.64864864864865,12.02,123.01257845336733
3166,2,50,20,11.9538,4.324324324324325,6.16,123.86681475246804
3167,2,50,20,9.6798,3.794594594594595,5.529999999999999,116.85279647176125
3168,2,50,20,6.9765,3.7837837837837838,2.75,160.6866380964862
3169,2,50,20,8.2327,2.1621621621621623,3.8200000000000003,141.99938323775825
3170,2,50,20,10.135,2.7027027027027026,5.53,113.75597230597756
3171,2,50,20,9.8369,5.945945945945946,6.470000000000001,127.97180476533504
3172,2,50,20,27.8236,9.372972972972972,17.419999999999998,121.48981434806868
3173,2,50,20,6.8282,1.6216216216216217,2.5100000000000002,128.8910456745099
3174,2,50,20,2.9189,0.6054054054054054,0.5700000000000001,118.07327470584124
3175,2,50,20,2.8258,0.0,0.18,
3176,2,50,20,13.105,4.324324324324325,7.279999999999999,131.6658805626541
3177,2,50,20,10.1386,5.945945945945946,6.82,136.24090895332353
3178,2,50,20,15.6299,7.1567567567567565,10.059999999999999,129.27477293333337
3179,2,50,20,2.2647,0.0,0.0,
3180,2,60,20,12.5002,7.027027027027027,8.26,152.74397054196282
3181,2,60,20,14.8862,5.405405405405405,8.32,139.2618576132597
3182,2,60,20,10.6595,4.324324324324325,6.08,140.36742828687477
3183,2,60,20,4.0393,0.5405405405405406,0.79,125.67390232522904
3184,2,60,20,10.6544,6.486486486486487,5.92,146.2298171936259
3185,2,60,20,28.9269,15.135135135135135,20.580000000000002,126.3238716226649
3186,2,60,20,27.786,14.69189189189189,20.46,130.642489118393
3187,2,60,20,7.4168,3.2432432432432434,3.7299999999999995,137.61372125795313
3188,2,60,20,12.2719,5.772972972972973,7.57,134.37563416420772
3189,2,60,20,12.8734,4.324324324324325,7.82,115.59258959710641
3190,2,60,20,21.5708,10.68108108108108,14.030000000000001,128.66338728105808
3191,2,60,20,2.7859,0.0,0.3,
3192,2,60,20,5.103,1.0810810810810811,1.7,113.00418820981494
3193,2,60,20,19.285,7.027027027027026,11.180000000000001,118.65077271090044
3194,2,60,20,10.7788,4.324324324324325,5.97,118.86572801144618
3195,2,60,20,21.4997,14.054054054054054,15.85,141.57789401787974
3196,2,60,20,6.7368,2.7027027027027026,3.2800000000000002,127.26903501622948
3197,2,60,20,9.1253,5.924324324324325,4.67,137.3314652531757
3198,2,60,20,6.2758,0.5405405405405406,2.21,108.65716990309423
3199,2,60,20,25.3629,11.145945945945948,15.76,119.36725612028208
3200,2,70,20,12.6374,7.5675675675675675,8.08,128.8772580841159
3201,2,70,20,8.8457,5.405405405405405,5.55,143.78992715151318
3202,2,70,20,17.0049,11.156756756756758,12.25,142.89870078162343
3203,2,70,20,18.2628,5.902702702702703,10.27,120.3607077602036
3204,2,70,20,27.7998,8.82162162162162,17.04,132.59664822808932
3205,2,70,20,9.2597,2.7027027027027026,4.63,146.1581765494231
3206,2,70,20,12.7642,5.740540540540541,8.85,131.06914054594614
3207,2,70,20,2.7448,0.0,0.0,
3208,2,70,20,17.7492,7.027027027027027,10.440000000000001,130.18623423203525
3209,2,70,20,7.6537,1.6216216216216217,3.4799999999999995,142.43639579459716
3210,2,70,20,16.9654,5.945945945945946,9.82,117.45287807114168
3211,2,70,20,7.5945,2.1621621621621623,4.07,118.73490264651568
3212,2,70,20,10.2683,4.594594594594595,6.2,137.78488481931944
3213,2,70,20,19.0724,6.486486486486487,11.74,120.37040379094192
3214,2,70,20,20.3203,8.108108108108109,11.620000000000001,128.3766066272706
3215,2,70,20,10.2106,4.864864864864865,5.630000000000001,131.03776542951795
3216,2,70,20,10.6241,4.324324324324325,5.62,127.14701674805062
3217,2,70,20,12.7286,4.324324324324325,7.45,112.58033820231853
3218,2,70,20,9.0076,3.2432432432432434,4.29,126.18228805323825
3219,2,70,20,14.8556,3.8810810810810814,7.390000000000001,107.02490685749979
3220,2,75,20,9.8192,3.7837837837837838,5.16,120.13567949752762
3221,2,75,20,29.6307,12.90810810810811,20.999999999999996,120.95927540070484
3222,2,75,20,15.1577,5.405405405405405,9.9,129.2879597548762
3223,2,75,20,19.4271,7.762162162162161,11.879999999999999,141.93679510243706
3224,2,75,20,5.3505,1.5243243243243243,1.94,124.96136047750463
3225,2,75,20,18.5369,7.5675675675675675,11.91,135.284173894855
3226,2,75,20,10.6429,6.475675675675676,6.37,117.60651444760634
3227,2,75,20,7.7586,4.032432432432432,4.119999999999999,123.77836377199989
3228,2,75,20,5.7545,2.5297297297297296,2.96,131.97673637919445
3229,2,75,20,12.6003,5.405405405405405,7.709999999999999,133.47321143706245
3230,2,75,20,6.301,4.064864864864865,4.25,164.10594982446872
3231,2,75,20,5.3968,2.1621621621621623,1.97,166.8148497131005
3232,2,75,20,47.9235,15.945945945945946,29.570000000000004,124.32900565607841
3233,2,75,20,16.1109,6.475675675675676,9.28,120.85339217845892
3234,2,75,20,16.6807,5.945945945945946,11.28,139.68793875707664
3235,2,75,20,27.1158,12.054054054054054,18.53,124.36306621675051
3236,2,75,20,22.1185,8.108108108108109,13.16,131.48605165771997
3237,2,75,20,7.5879,4.324324324324325,4.339999999999999,129.5319669899979
3238,2,75,20,2.7064,0.0,0.16,
3239,2,75,20,7.2359,2.1621621621621623,3.25,113.97249214285588
3240,2,80,20,21.5231,7.945945945945946,14.520000000000001,121.50421050416183
3241,2,80,20,25.9948,12.464864864864865,16.81,131.4073907689961
3242,2,80,20,27.7108,9.545945945945945,17.310000000000002,116.51341630041708
3243,2,80,20,33.2195,13.513513513513516,23.94,121.6339274384937
3244,2,80,20,17.4218,6.583783783783784,9.569999999999999,132.25625112259715
3245,2,80,20,8.4002,2.3891891891891897,3.45,139.52638742133567
3246,2,80,20,4.4745,1.6216216216216217,1.5,123.41121683606123
3247,2,80,20,20.3063,8.108108108108109,12.849999999999998,125.52019964338956
3248,2,80,20,14.1586,5.945945945945946,7.69,122.03029767827053
3249,2,80,20,19.9073,8.108108108108109,12.57,125.00251763127862
3250,2,80,20,18.3963,8.983783783783784,12.580000000000002,122.50371886788368
3251,2,80,20,8.6563,2.8216216216216217,4.3100000000000005,129.97840186369936
3252,2,80,20,3.7444,0.5405405405405406,0.79,128.51424266010835
3253,2,80,20,13.2014,4.324324324324325,7.590000000000001,116.99503801416006
3254,2,80,20,13.7588,7.5675675675675675,9.93,128.2176326138249
3255,2,80,20,30.2172,10.27027027027027,18.259999999999998,127.73054820610253
3256,2,80,20,22.502,9.18918918918919,16.279999999999998,121.63198971496304
3257,2,80,20,6.606,1.772972972972973,2.9,117.09571584099811
3258,2,80,20,29.9881,10.27027027027027,19.160000000000004,113.6728619492645
3259,2,80,20,23.1482,11.470270270270271,14.91,125.0010170978935
3260,2,90,20,4.9478,1.0810810810810811,1.5,136.67840371088977
3261,2,90,20,12.8548,7.027027027027027,7.75,128.79255336228294
3262,2,90,20,13.1593,5.945945945945946,7.920000000000002,137.56581213198825
3263,2,90,20,10.4427,4.324324324324325,5.7700000000000005,141.76358148457433
3264,2,90,20,9.2418,5.9459459459459465,5.290000000000001,141.5257410909492
3265,2,90,20,12.4823,3.07027027027027,6.82,124.42385053592618
3266,2,90,20,24.2037,9.18918918918919,14.84,121.69007191669628
3267,2,90,20,16.8764,5.5675675675675675,9.59,135.15845521725743
3268,2,90,20,13.9356,5.394594594594595,8.09,122.28564626147677
3269,2,90,20,4.5406,1.0810810810810811,1.1,129.75952388337728
3270,2,90,20,15.0212,5.405405405405405,9.030000000000001,126.17137351735828
3271,2,90,20,14.1205,6.108108108108108,9.110000000000001,126.54610581068108
3272,2,90,20,22.0901,9.72972972972973,14.719999999999999,135.50129422567952
3273,2,90,20,24.4856,12.972972972972974,17.369999999999997,125.5700654099859
3274,2,90,20,7.7998,1.6216216216216217,3.31,122.04595281005237
3275,2,90,20,10.8769,6.335135135135135,7.159999999999999,123.72410126634134
3276,2,90,20,16.5866,7.027027027027027,9.370000000000001,122.45646798381964
3277,2,90,20,13.053,6.994594594594593,9.09,149.5961373497506
3278,2,90,20,15.9874,5.513513513513513,9.97,114.27041331080378
3279,2,90,20,3.8408,0.5405405405405406,0.67,130.94389346227894
3280,2,100,20,7.6046,1.6216216216216217,3.19,114.59833298441988
3281,2,100,20,35.1494,10.27027027027027,21.830000000000002,122.8365374824893
3282,2,100,20,18.5044,9.72972972972973,12.32,123.470557499527
3283,2,100,20,16.4658,9.18918918918919,10.87,140.148692667913
3284,2,100,20,12.5166,4.864864864864865,7.640000000000001,116.13775011840261
3285,2,100,20,24.2192,9.372972972972974,14.469999999999999,122.2093669614774
3286,2,100,20,15.1464,7.5675675675675675,8.76,124.77468517062734
3287,2,100,20,24.0781,8.41081081081081,15.669999999999998,126.76716203462388
3288,2,100,20,8.1105,2.7027027027027026,3.96,117.2672314098043
3289,2,100,20,30.8861,11.891891891891893,19.95,133.5423381921297
3290,2,100,20,3.1552,0.0,0.0,
3291,2,100,20,18.3964,7.902702702702703,11.790000000000001,124.92220804284797
3292,2,100,20,13.1221,5.135135135135135,7.8,114.12593100765166
3293,2,100,20,9.0074,3.2432432432432434,5.35,118.58165019014906
3294,2,100,20,13.2427,6.486486486486487,7.65,112.80830980461845
3295,2,100,20,3.1235,0.0,0.01,
3296,2,100,20,18.7006,8.64864864864865,11.91,120.96022548830756
3297,2,100,20,14.2957,3.7837837837837838,7.590000000000001,113.31261975480656
3298,2,100,20,4.8496,2.1621621621621623,1.73,115.67337046357193
3299,2,100,20,2.9636,0.0,0.01,
3300,2,10,25,13.273,9.18918918918919,7.540000000000001,214.75802122376197
3301,2,10,25,14.7103,11.36216216216216,10.47,144.30337588291786
3302,2,10,25,19.798,16.216216216216218,13.930000000000001,193.14494459626346
3303,2,10,25,14.6318,10.81081081081081,8.540000000000001,228.69191886432327
3304,2,10,25,3.1749,1.0810810810810811,0.9,189.658146906074
3305,2,10,25,7.6772,5.545945945945946,4.0600000000000005,236.7215890158094
3306,2,10,25,17.8035,10.994594594594593,12.09,147.95369012645358
3307,2,10,25,15.3824,7.027027027027027,8.45,159.88669423167042
3308,2,10,25,13.5233,9.72972972972973,9.23,184.27113716235965
3309,2,10,25,11.5308,7.5675675675675675,6.890000000000001,213.29642882369347
3310,2,10,25,2.7357,0.918918918918919,0.18,215.60032979426
3311,2,10,25,10.8763,11.35135135135135,6.35,199.00892442061155
3312,2,10,25,21.6041,13.005405405405407,15.16,165.43414856449198
3313,2,10,25,17.4904,10.27027027027027,11.319999999999999,169.945475656773
3314,2,10,25,2.8975,0.5405405405405406,0.0,330.1935287605273
3315,2,10,25,11.0636,9.72972972972973,8.06,165.0473592331793
3316,2,10,25,12.3633,10.043243243243243,8.8,182.66722222672013
3317,2,10,25,6.8253,4.324324324324325,3.8,137.840442406472
3318,2,10,25,3.3084,1.6216216216216217,0.53,405.7537156395388
3319,2,10,25,20.2966,12.972972972972974,14.13,170.48497999209323
3320,2,20,25,19.8554,14.594594594594593,13.51,169.2077041234692
3321,2,20,25,15.6142,9.816216216216215,10.92,156.20424177130334
3322,2,20,25,4.0235,2.1621621621621623,1.0899999999999999,159.21413110100843
3323,2,20,25,22.8507,9.72972972972973,15.470000000000002,131.18515217856435
3324,2,20,25,6.8754,3.7837837837837838,3.66,133.37705149082433
3325,2,20,25,12.2269,6.486486486486487,7.409999999999999,146.53606315704621
3326,2,20,25,8.7915,2.7027027027027026,4.01,156.27648695988742
3327,2,20,25,13.2142,10.27027027027027,8.540000000000001,143.04584271249132
3328,2,20,25,6.9089,3.2432432432432434,3.5100000000000002,202.1104466181392
3329,2,20,25,3.7886,1.156756756756757,0.99,171.09867010557025
3330,2,20,25,17.5592,8.205405405405406,11.16,142.60023532758728
3331,2,20,25,23.0779,12.432432432432433,15.35,159.62762189032807
3332,2,20,25,5.7923,4.324324324324325,2.34,198.20904931695563
3333,2,20,25,22.2956,13.09189189189189,16.35,133.21604058636856
3334,2,20,25,18.9069,7.027027027027026,12.540000000000001,146.00988118525882
3335,2,20,25,5.1412,2.7027027027027026,1.81,175.38822696555332
3336,2,20,25,12.7785,4.324324324324325,6.459999999999999,145.33516108595563
3337,2,20,25,2.9275,0.0,0.0,
3338,2,20,25,9.5129,7.5675675675675675,6.0600000000000005,160.57511177891269
3339,2,20,25,18.0427,11.891891891891891,13.280000000000001,141.73272206380645
3340,2,30,25,17.9168,9.18918918918919,11.7,153.44477658319698
3341,2,30,25,29.921,18.8,22.61,151.25962318380013
3342,2,30,25,15.5689,9.18918918918919,9.44,148.026927696878
3343,2,30,25,13.5586,5.945945945945946,6.99,138.17525598070463
3344,2,30,25,9.1116,5.405405405405405,5.41,137.72344349866262
3345,2,30,25,22.2408,12.497297297297298,16.31,138.4629449307038
3346,2,30,25,34.025,18.91891891891892,23.89,130.3510487391547
3347,2,30,25,11.8849,8.108108108108109,8.64,143.1815200973301
3348,2,30,25,24.249,10.962162162162162,15.729999999999999,135.7714260290089
3349,2,30,25,3.9312,2.1621621621621623,0.71,204.24266180323693
3350,2,30,25,4.4856,1.6216216216216217,1.53,166.03895710124416
3351,2,30,25,19.1719,8.108108108108109,11.1,133.49525543621786
3352,2,30,25,3.9395,1.2432432432432432,1.44,113.44800927371959
3353,2,30,25,7.5402,4.940540540540541,3.9,193.36259230963498
3354,2,30,25,26.7961,12.78918918918919,19.15,120.50792123950416
3355,2,30,25,21.9863,13.005405405405407,15.210000000000003,146.67924982301525
3356,2,30,25,22.3345,12.583783783783783,16.7,131.2884370784766
3357,2,30,25,10.3696,5.405405405405405,6.08,146.4279339807239
3358,2,30,25,12.9602,6.497297297297297,7.9,156.51594025650388
3359,2,30,25,9.8719,5.945945945945946,6.88,142.06566439784262
3360,2,40,25,5.6263,1.6216216216216217,1.98,125.02757467893206
3361,2,40,25,4.6286,2.1621621621621623,1.4300000000000002,150.33664126922918
3362,2,40,25,26.7968,11.35135135135135,17.55,120.33602937761647
3363,2,40,25,11.8416,7.383783783783784,8.48,134.64730797705897
3364,2,40,25,2.6865,0.0,0.0,
3365,2,40,25,2.9503,0.5405405405405406,0.16,268.612004532885
3366,2,40,25,9.5259,2.7027027027027026,4.56,146.34223236617675
3367,2,40,25,4.6418,2.1621621621621623,1.5699999999999998,134.38570368878084
3368,2,40,25,5.3607,2.1621621621621623,2.6,114.29207850508809
3369,2,40,25,23.3114,12.432432432432432,15.02,135.78549581105122
3370,2,40,25,11.8688,5.945945945945946,6.970000000000001,124.90221775006165
3371,2,40,25,6.6391,2.7027027027027026,2.7,118.58809523429213
3372,2,40,25,12.8485,7.6756756756756745,8.93,146.64371768949042
3373,2,40,25,2.9719,0.0,0.27999999999999997,
3374,2,40,25,20.1647,8.108108108108109,11.91,130.99682005722372
3375,2,40,25,5.739,3.7837837837837838,3.3299999999999996,119.8729286413641
3376,2,40,25,14.2838,9.18918918918919,8.76,155.5756233353488
3377,2,40,25,5.3169,1.6216216216216217,2.0,111.69410721093351
3378,2,40,25,6.3089,2.4324324324324325,2.44,122.47256420901347
3379,2,40,25,9.7924,3.7837837837837838,5.279999999999999,135.20414322230565
3380,2,50,25,20.269,12.432432432432433,13.23,148.40063823617828
3381,2,50,25,7.4503,2.1621621621621623,3.4200000000000004,115.42706846616849
3382,2,50,25,29.8585,16.216216216216218,21.490000000000002,130.78098208737524
3383,2,50,25,23.6105,14.345945945945946,16.259999999999998,135.8251360820925
3384,2,50,25,16.3823,9.232432432432432,10.86,139.63709992315273
3385,2,50,25,10.8746,5.405405405405405,6.409999999999999,125.05162658681323
3386,2,50,25,10.2884,5.945945945945946,6.609999999999999,127.67618048804607
3387,2,50,25,6.9358,2.7027027027027026,3.2600000000000002,119.23773442335951
3388,2,50,25,8.3293,5.091891891891892,5.58,126.95579047046807
3389,2,50,25,16.0242,10.81081081081081,10.430000000000001,135.93802550519592
3390,2,50,25,4.8994,1.6216216216216217,1.83,116.48509470860579
3391,2,50,25,2.8143,0.0,0.04,
3392,2,50,25,10.0206,6.897297297297297,5.720000000000001,150.4173191988604
3393,2,50,25,4.2228,1.6216216216216217,1.67,117.5096228880844
3394,2,50,25,22.0445,15.135135135135135,15.460000000000003,152.66039640023635
3395,2,50,25,8.9216,2.7027027027027026,4.79,135.78847404982247
3396,2,50,25,3.2838,0.0,0.15,
3397,2,50,25,6.8936,1.0810810810810811,2.7199999999999998,110.44392892087484
3398,2,50,25,2.9489,0.0,0.0,
3399,2,50,25,8.1303,5.405405405405405,5.159999999999999,169.3232792370298
3400,2,60,25,13.769,7.697297297297299,8.18,129.9958312263161
3401,2,60,25,8.2516,5.524324324324324,4.8,147.56841212604553
3402,2,60,25,11.3086,5.945945945945946,6.529999999999999,128.90342000650466
3403,2,60,25,29.2085,16.216216216216218,21.86,140.07369205346833
3404,2,60,25,16.066,11.891891891891891,12.15,133.7468330451314
3405,2,60,25,10.0507,5.405405405405405,6.43,123.48955119954731
3406,2,60,25,8.8363,4.864864864864865,5.2,117.90734654178979
3407,2,60,25,8.0869,3.7837837837837838,3.9899999999999998,150.1457539969605
3408,2,60,25,29.6369,16.27027027027027,21.38,125.27459029256848
3409,2,60,25,4.5366,1.6216216216216217,1.7,131.8467067606708
3410,2,60,25,14.1206,8.691891891891892,9.82,130.45444690466033
3411,2,60,25,3.1871,1.0810810810810811,0.26,217.14199562033747
3412,2,60,25,13.3099,5.405405405405405,7.49,122.7414778517959
3413,2,60,25,15.1902,6.486486486486487,9.73,146.33921967028616
3414,2,60,25,13.2772,6.486486486486487,8.18,133.30470385463312
3415,2,60,25,9.3125,3.2432432432432434,4.58,121.48194598390182
3416,2,60,25,19.5541,9.72972972972973,12.65,129.3665190730317
3417,2,60,25,14.538,8.64864864864865,9.55,134.26292475287025
3418,2,60,25,19.1452,10.27027027027027,13.290000000000001,132.87575517588166
3419,2,60,25,7.2582,3.2432432432432434,3.8300000000000005,132.6466369767576
3420,2,70,25,19.0329,10.27027027027027,12.479999999999999,124.56607341993875
3421,2,70,25,7.2934,1.6216216216216217,3.6,169.9888280338176
3422,2,70,25,22.2313,14.702702702702704,15.77,127.71865798902807
3423,2,70,25,20.4942,9.859459459459458,14.27,119.7260020112178
3424,2,70,25,18.7707,6.486486486486487,11.260000000000002,126.86957124689057
3425,2,70,25,5.0513,1.6216216216216217,1.8700000000000003,122.0458857470112
3426,2,70,25,15.9489,8.64864864864865,11.15,132.90597468100214
3427,2,70,25,5.3511,2.7027027027027026,2.7399999999999998,121.8747793709442
3428,2,70,25,20.7192,9.72972972972973,12.860000000000003,129.91905743601058
3429,2,70,25,17.4709,5.405405405405405,10.290000000000001,118.32233240357598
3430,2,70,25,7.4681,3.2432432432432434,4.05,165.13887053414047
3431,2,70,25,13.2019,6.259459459459459,8.65,114.76420283707573
3432,2,70,25,5.6097,2.7027027027027026,2.0300000000000002,153.71056203359907
3433,2,70,25,15.6311,8.345945945945946,10.170000000000002,143.87035359179515
3434,2,70,25,22.3813,11.156756756756756,14.839999999999998,135.1526503380915
3435,2,70,25,9.8335,4.216216216216216,4.87,142.7807946730922
3436,2,70,25,8.5533,4.324324324324325,5.42,131.34019151256155
3437,2,70,25,11.146,6.486486486486487,7.88,123.3678658888714
3438,2,70,25,21.5023,9.935135135135136,14.839999999999998,129.00107052055404
3439,2,70,25,10.8141,4.043243243243244,5.54,118.2018133386616
3440,2,75,25,22.0406,10.27027027027027,14.89,125.26002234978307
3441,2,75,25,12.3764,3.9351351351351354,7.49,119.52386705919972
3442,2,75,25,13.3184,8.108108108108109,7.779999999999999,135.02180784340214
3443,2,75,25,22.495,11.35135135135135,16.43,129.6071423449087
3444,2,75,25,9.8031,3.7837837837837838,4.76,115.89671329412855
3445,2,75,25,19.2566,11.891891891891891,14.790000000000001,137.16859762457565
3446,2,75,25,5.9697,2.7027027027027026,2.3899999999999997,135.7449022196804
3447,2,75,25,5.9415,2.1621621621621623,2.13,115.3866142703077
3448,2,75,25,2.5913,0.0,0.0,
3449,2,75,25,20.1344,14.702702702702704,15.879999999999999,131.5796114757119
3450,2,75,25,18.4321,8.183783783783785,12.04,126.12819414272879
3451,2,75,25,4.5422,1.0810810810810811,1.06,117.60360510635905
3452,2,75,25,15.2281,7.502702702702703,9.459999999999999,115.82566987643722
3453,2,75,25,11.8868,5.945945945945946,6.68,119.1767014557612
3454,2,75,25,20.2709,8.108108108108109,11.720000000000002,137.40043303503222
3455,2,75,25,11.3226,5.405405405405405,7.209999999999999,128.7305345422923
3456,2,75,25,7.7299,1.6216216216216217,3.2700000000000005,115.05351212592831
3457,2,75,25,6.4506,2.7027027027027026,2.58,118.44201548767936
3458,2,75,25,9.6196,5.405405405405405,5.67,138.1684720110636
3459,2,75,25,22.702,15.675675675675677,17.23,127.98775730748886
3460,2,80,25,30.4767,18.691891891891892,22.839999999999996,125.54506207010049
3461,2,80,25,15.6493,7.027027027027026,8.620000000000001,124.41470402765152
3462,2,80,25,22.1691,8.108108108108109,14.680000000000001,113.41126817088573
3463,2,80,25,10.006,4.324324324324325,6.24,118.76024946161402
3464,2,80,25,27.9027,14.054054054054054,20.479999999999997,124.01691282144219
3465,2,80,25,11.9543,6.475675675675676,8.239999999999998,128.41554591491794
3466,2,80,25,15.0165,8.108108108108109,9.5,138.4276434570187
3467,2,80,25,13.5571,4.864864864864865,8.52,125.58275043772147
3468,2,80,25,5.8703,1.6216216216216217,2.26,117.19297612590395
3469,2,80,25,12.2082,5.9459459459459465,7.719999999999999,123.92456640553586
3470,2,80,25,21.774,9.18918918918919,13.430000000000001,128.06988036427725
3471,2,80,25,24.8077,12.432432432432432,17.240000000000002,123.99665794444118
3472,2,80,25,10.1114,4.064864864864864,5.2700000000000005,122.14814618343985
3473,2,80,25,20.08,11.891891891891891,14.05,136.40347915870313
3474,2,80,25,12.4918,8.64864864864865,8.370000000000001,141.2960693164672
3475,2,80,25,5.9937,2.7027027027027026,3.3,151.91949185924392
3476,2,80,25,13.7775,7.2972972972972965,8.39,142.85603527745602
3477,2,80,25,9.4954,3.2432432432432434,5.1899999999999995,129.82778766895584
3478,2,80,25,11.566,7.027027027027027,7.3199999999999985,124.20500350278016
3479,2,80,25,7.2725,2.7027027027027026,4.68,126.96887628683098
3480,2,90,25,23.3739,10.27027027027027,14.529999999999998,116.6891786795819
3481,2,90,25,12.9534,4.52972972972973,7.410000000000001,120.30151138007886
3482,2,90,25,22.3807,9.037837837837838,14.010000000000002,122.00164936806058
3483,2,90,25,30.7704,18.64864864864865,22.73,129.50144729024183
3484,2,90,25,4.9177,2.1621621621621623,2.1,174.12227548774283
3485,2,90,25,11.0764,5.405405405405405,6.5200000000000005,123.25022313600746
3486,2,90,25,9.7895,5.405405405405405,5.53,123.90776408120527
3487,2,90,25,5.617,1.6216216216216217,2.3200000000000003,124.6025909125761
3488,2,90,25,8.918,2.1621621621621623,4.2,115.25661597863629
3489,2,90,25,12.2495,4.324324324324325,6.869999999999999,120.84693850387137
3490,2,90,25,15.5133,8.313513513513513,10.809999999999999,124.31543869685194
3491,2,90,25,17.9654,7.5675675675675675,11.12,121.34580131937587
3492,2,90,25,18.6461,10.27027027027027,12.21,125.49627909853119
3493,2,90,25,7.0703,2.1621621621621623,2.9299999999999997,130.04326074324342
3494,2,90,25,31.0893,13.924324324324322,21.919999999999998,132.46180264892877
3495,2,90,25,15.363,9.059459459459458,10.1,112.42639296058678
3496,2,90,25,4.8208,1.6216216216216217,1.51,117.49702560088271
3497,2,90,25,16.7031,8.64864864864865,11.47,125.73370000586903
3498,2,90,25,17.5561,10.27027027027027,11.22,136.54741134181504
3499,2,90,25,9.5941,3.2432432432432434,5.8100000000000005,124.95800437482735
3500,2,100,25,5.7132,3.5351351351351354,3.3899999999999997,131.11558312732748
3501,2,100,25,35.101,22.7027027027027,26.52,124.64239123235319
3502,2,100,25,5.2923,2.7027027027027026,2.31,130.61714965645015
3503,2,100,25,23.5445,11.35135135135135,16.02,124.10088701200266
3504,2,100,25,12.9153,7.5675675675675675,7.659999999999999,132.03869188064124
3505,2,100,25,7.3734,3.2432432432432434,3.5599999999999996,116.44276773499574
3506,2,100,25,23.9527,10.81081081081081,15.45,129.98537843051216
3507,2,100,25,8.232,3.2432432432432434,4.23,126.54988369233585
3508,2,100,25,11.4484,5.405405405405405,6.720000000000001,158.54071316904214
3509,2,100,25,4.9899,0.5405405405405406,1.2,155.8986653353596
3510,2,100,25,15.2733,5.945945945945946,9.750000000000002,125.34473160688661
3511,2,100,25,8.4256,3.275675675675676,4.4,128.03175166367737
3512,2,100,25,20.6491,9.18918918918919,13.34,112.47626217222378
3513,2,100,25,14.5773,8.64864864864865,9.85,129.95173475713702
3514,2,100,25,8.6754,1.6216216216216217,3.4699999999999998,122.77928973251453
3515,2,100,25,15.5657,6.486486486486487,8.83,119.15186643602249
3516,2,100,25,14.6647,7.113513513513513,8.66,125.17006037018636
3517,2,100,25,12.8952,6.486486486486487,8.16,136.86368666268493
3518,2,100,25,5.6225,2.7027027027027026,2.38,127.35036797043533
3519,2,100,25,21.9718,10.259459459459459,14.819999999999999,126.7520310816293
3520,2,10,30,5.0747,4.864864864864865,1.7600000000000002,222.24790343401435
3521,2,10,30,4.3135,2.5081081081081082,1.5699999999999998,166.54827943480987
3522,2,10,30,7.6575,6.821621621621621,4.17,185.2499912459139
3523,2,10,30,3.3091,0.5405405405405406,0.0,515.276604645897
3524,2,10,30,8.5365,5.945945945945946,4.91,214.5415652977478
3525,2,10,30,13.1221,5.945945945945946,8.069999999999999,148.18929035372628
3526,2,10,30,6.4715,6.389189189189189,4.27,268.02539204853974
3527,2,10,30,11.7711,9.427027027027027,6.659999999999999,187.08580516366618
3528,2,10,30,16.5409,12.52972972972973,11.809999999999999,186.36920921052737
3529,2,10,30,14.9442,11.6,10.74,157.7367380442163
3530,2,10,30,9.1103,7.5675675675675675,5.2299999999999995,197.36564680182605
3531,2,10,30,9.4284,3.7837837837837838,5.1,239.1224017729442
3532,2,10,30,13.447,8.64864864864865,8.040000000000001,222.11605509065828
3533,2,10,30,4.3103,0.9621621621621621,0.95,432.352711336261
3534,2,10,30,18.1229,8.64864864864865,10.0,180.59085055577526
3535,2,10,30,11.189,7.027027027027027,7.110000000000001,166.09769542294785
3536,2,10,30,13.7824,9.72972972972973,9.059999999999999,162.81442935061963
3537,2,10,30,7.1507,5.945945945945946,3.65,211.2393456210317
3538,2,10,30,3.3481,2.7027027027027026,0.03,408.20851425790113
3539,2,10,30,13.7718,9.72972972972973,8.06,215.20913432984838
3540,2,20,30,4.6918,2.7027027027027026,2.18,198.70735247755655
3541,2,20,30,10.2583,8.108108108108109,6.0200000000000005,185.2028688025844
3542,2,20,30,9.8323,5.405405405405405,5.69,115.57497727290324
3543,2,20,30,13.9596,7.027027027027026,8.469999999999999,134.21387733997787
3544,2,20,30,9.4707,7.048648648648649,6.779999999999999,160.29307809571145
3545,2,20,30,8.3349,3.7837837837837838,4.3100000000000005,144.12776761028505
3546,2,20,30,16.1033,9.978378378378379,10.23,156.5662690953255
3547,2,20,30,9.5471,4.324324324324325,4.95,160.53784840993075
3548,2,20,30,3.7318,1.0810810810810811,0.43,220.32431306765528
3549,2,20,30,17.0057,8.64864864864865,12.71,130.70502844982687
3550,2,20,30,11.4972,6.486486486486487,7.32,128.69957417728375
3551,2,20,30,14.1762,8.043243243243243,9.27,168.06605954407706
3552,2,20,30,15.9241,10.81081081081081,10.680000000000001,164.37973802823834
3553,2,20,30,14.7447,11.35135135135135,11.120000000000001,153.64024839942425
3554,2,20,30,11.464,7.5675675675675675,7.769999999999999,132.17428664994057
3555,2,20,30,11.7895,5.9459459459459465,7.26,134.72076171113474
3556,2,20,30,14.047,10.27027027027027,9.459999999999999,182.6485135819404
3557,2,20,30,11.6627,8.724324324324325,7.970000000000001,163.8075836294023
3558,2,20,30,4.3667,2.1621621621621623,2.0300000000000002,132.89630398477382
3559,2,20,30,10.3253,7.037837837837839,6.63,161.21447235334674
3560,2,30,30,21.3841,13.17837837837838,15.62,126.85941661125236
3561,2,30,30,7.7953,2.7027027027027026,3.4299999999999997,123.27721662010742
3562,2,30,30,10.4311,5.945945945945946,6.590000000000001,153.6617424501195
3563,2,30,30,15.1535,11.005405405405403,10.650000000000002,145.82420855615362
3564,2,30,30,10.6384,7.978378378378379,6.69,153.9281470765778
3565,2,30,30,8.1356,3.7837837837837838,4.409999999999999,115.22874949810183
3566,2,30,30,15.1983,12.432432432432432,14.13,129.40810307033763
3567,2,30,30,11.9259,7.913513513513513,8.5,129.4325402542975
3568,2,30,30,13.1475,5.405405405405405,7.1800000000000015,151.4239273456184
3569,2,30,30,8.9219,7.027027027027027,4.76,149.75434304895268
3570,2,30,30,2.9869,0.0,0.1,
3571,2,30,30,16.2938,11.502702702702702,10.580000000000002,161.2391621682024
3572,2,30,30,8.0363,5.405405405405405,4.4,149.10629882113432
3573,2,30,30,12.6612,10.27027027027027,8.23,152.9326972706452
3574,2,30,30,6.7809,3.7837837837837838,3.94,144.48603416585982
3575,2,30,30,20.1884,12.432432432432432,13.38,146.42328265091197
3576,2,30,30,6.8698,6.486486486486487,3.19,199.54142155784325
3577,2,30,30,5.9027,2.1837837837837837,2.07,178.01713603828534
3578,2,30,30,11.6523,9.72972972972973,8.37,176.18681902941088
3579,2,30,30,9.7608,5.9459459459459465,6.24,160.15820537691263
3580,2,40,30,17.3595,8.8,11.47,138.63218582319044
3581,2,40,30,9.8472,7.5675675675675675,6.6,139.0490656438047
3582,2,40,30,5.9156,1.6216216216216217,1.9,172.08763192639137
3583,2,40,30,5.1618,2.7027027027027026,2.0200000000000005,185.69134956650058
3584,2,40,30,4.7606,4.864864864864865,2.3899999999999997,161.8366298025797
3585,2,40,30,7.4157,4.324324324324325,4.91,147.25138865499173
3586,2,40,30,18.8944,9.18918918918919,11.76,154.70298551505624
3587,2,40,30,6.4783,3.7837837837837838,4.25,119.52703868390462
3588,2,40,30,9.6508,5.405405405405405,5.7700000000000005,125.34994670905533
3589,2,40,30,5.4289,3.7837837837837838,2.27,129.2440248909477
3590,2,40,30,11.9207,8.108108108108109,7.1,158.50812030342058
3591,2,40,30,6.1698,3.2432432432432434,3.1399999999999997,141.25023182700667
3592,2,40,30,9.0,4.864864864864865,5.11,143.47400210831796
3593,2,40,30,19.8987,13.297297297297296,13.62,140.79121075322507
3594,2,40,30,9.4223,7.859459459459461,5.49,162.10264935133446
3595,2,40,30,14.1932,6.043243243243244,8.99,120.46873954779568
3596,2,40,30,5.6121,3.2432432432432434,2.5100000000000002,123.03369277157776
3597,2,40,30,12.8488,10.27027027027027,9.61,138.29916468165564
3598,2,40,30,11.0692,9.124324324324323,7.83,139.14344112455865
3599,2,40,30,21.0937,18.194594594594594,17.75,152.2719795516518
3600,2,50,30,22.2326,14.129729729729728,17.119999999999997,137.39757178862416
3601,2,50,30,7.715,3.7837837837837838,3.9200000000000004,122.98536100494402
3602,2,50,30,3.563,0.5405405405405406,0.41,131.96516286325706
3603,2,50,30,16.646,7.470270270270271,10.11,129.35799084292248
3604,2,50,30,27.4298,20.097297297297295,22.22,136.35186740695414
3605,2,50,30,4.3969,1.0918918918918918,1.5699999999999998,122.61103671985519
3606,2,50,30,9.9638,7.027027027027027,6.340000000000001,142.13262466567966
3607,2,50,30,14.6165,6.65945945945946,8.65,133.62819868117424
3608,2,50,30,23.2532,14.054054054054054,16.669999999999998,130.42721690690766
3609,2,50,30,20.3054,10.81081081081081,13.65,124.73697644773881
3610,2,50,30,15.8219,12.432432432432432,11.59,135.94019749265613
3611,2,50,30,9.0424,3.7837837837837838,4.37,128.08066674346782
3612,2,50,30,13.0833,9.556756756756757,8.98,130.94117185326468
3613,2,50,30,11.7756,9.18918918918919,7.470000000000001,140.91308138266467
3614,2,50,30,8.3354,3.7837837837837838,4.5,114.33245790281441
3615,2,50,30,8.2325,3.2432432432432434,3.9,138.79603122182596
3616,2,50,30,18.9718,12.4,14.059999999999999,136.2216478651176
3617,2,50,30,7.881,4.324324324324325,4.2299999999999995,144.4196770462228
3618,2,50,30,9.7808,3.0486486486486486,5.279999999999999,140.30194771121703
3619,2,50,30,7.2764,3.7837837837837838,3.35,113.12049185165915
3620,2,60,30,14.4736,8.108108108108109,9.35,133.13717215265234
3621,2,60,30,13.6105,7.491891891891892,8.25,124.21444159753123
3622,2,60,30,7.1008,3.383783783783784,3.8299999999999996,127.07318292853563
3623,2,60,30,3.9685,1.6216216216216217,0.96,154.56878800663165
3624,2,60,30,8.2674,2.1621621621621623,3.4699999999999998,122.2021784405534
3625,2,60,30,11.8373,5.945945945945946,6.76,144.73523132728621
3626,2,60,30,5.7536,3.2432432432432434,2.5100000000000002,150.19260605513443
3627,2,60,30,19.9297,11.783783783783784,13.120000000000001,128.38318264820157
3628,2,60,30,19.5109,12.767567567567568,14.09,132.05199728386512
3629,2,60,30,8.3695,7.5675675675675675,5.319999999999999,151.43464479424793
3630,2,60,30,10.6346,6.691891891891892,7.540000000000001,133.92239097822093
3631,2,60,30,16.2008,8.108108108108109,11.28,129.97998841260878
3632,2,60,30,16.5398,7.027027027027026,9.81,139.0695771593087
3633,2,60,30,4.9593,2.7027027027027026,2.0300000000000002,186.29996634004712
3634,2,60,30,16.0329,10.8,10.540000000000001,126.9747797327805
3635,2,60,30,15.9416,11.264864864864865,10.09,153.63771074272518
3636,2,60,30,4.5969,1.0810810810810811,1.22,133.1347916548642
3637,2,60,30,20.078,9.524324324324324,12.180000000000001,132.7171596483766
3638,2,60,30,13.0304,6.486486486486487,7.76,142.02727140545946
3639,2,60,30,13.5393,6.486486486486487,7.5699999999999985,128.01079876129282
3640,2,70,30,9.6774,5.405405405405405,6.1,145.80898396219726
3641,2,70,30,12.98,6.021621621621621,8.04,127.45248245415655
3642,2,70,30,7.9747,3.7837837837837838,3.91,151.81502041235711
3643,2,70,30,15.1925,9.091891891891892,10.39,118.1046174504822
3644,2,70,30,17.4251,8.64864864864865,10.9,132.33965626686768
3645,2,70,30,7.656,4.27027027027027,4.2700000000000005,132.53081445734216
3646,2,70,30,14.953,10.627027027027028,10.2,127.02823297056379
3647,2,70,30,10.7171,3.2432432432432434,5.1899999999999995,116.67469125835744
3648,2,70,30,5.6304,0.5405405405405406,1.92,128.0322716906395
3649,2,70,30,10.4423,5.4270270270270276,5.9399999999999995,128.057499803946
3650,2,70,30,14.9772,8.475675675675676,9.47,131.88079134420335
3651,2,70,30,7.1775,3.2432432432432434,3.4799999999999995,123.03379332006516
3652,2,70,30,14.7506,4.324324324324325,8.84,133.6994370009064
3653,2,70,30,6.4006,1.0810810810810811,2.0599999999999996,111.3020709026016
3654,2,70,30,9.4894,7.027027027027027,5.14,141.8369476763172
3655,2,70,30,13.1435,6.486486486486487,8.069999999999999,129.45142005641313
3656,2,70,30,6.5993,3.967567567567568,3.6300000000000003,165.19751968414334
3657,2,70,30,8.6343,2.7027027027027026,4.58,122.36343734711795
3658,2,70,30,3.527,0.5405405405405406,0.43,130.22310803927812
3659,2,70,30,4.9237,3.7837837837837838,1.85,158.74861371679472
3660,2,75,30,11.604,9.30810810810811,7.32,140.20260169917984
3661,2,75,30,35.7961,18.497297297297298,26.190000000000005,128.31832619224
3662,2,75,30,6.7324,2.1621621621621623,2.48,153.98596720832896
3663,2,75,30,3.1282,0.5405405405405406,0.32999999999999996,115.028305641262
3664,2,75,30,8.1693,5.9459459459459465,4.41,133.8937195455167
3665,2,75,30,10.2956,5.405405405405405,6.519999999999999,125.75622956720652
3666,2,75,30,12.5512,8.64864864864865,7.409999999999999,144.19838145786392
3667,2,75,30,13.1605,5.405405405405405,7.1,130.03012362554117
3668,2,75,30,11.0452,5.405405405405405,7.239999999999999,124.42953143886902
3669,2,75,30,4.9712,1.6216216216216217,1.55,119.1421873342454
3670,2,75,30,3.9795,0.5405405405405406,0.53,106.40520592462376
3671,2,75,30,9.1302,4.713513513513513,5.16,131.74173166266274
3672,2,75,30,11.516,7.5675675675675675,8.99,122.80086383833441
3673,2,75,30,8.8715,4.205405405405406,4.92,121.61582265786353
3674,2,75,30,8.3189,4.864864864864865,4.99,128.46546137445574
3675,2,75,30,13.319,6.27027027027027,8.2,135.54754567030932
3676,2,75,30,15.4637,8.616216216216216,9.92,131.10328621041623
3677,2,75,30,10.3493,5.286486486486487,5.83,138.27097331740032
3678,2,75,30,20.7665,11.35135135135135,14.479999999999999,145.90949346847665
3679,2,75,30,11.1277,4.324324324324325,6.25,127.7346927413655
3680,2,80,30,9.9473,4.864864864864865,5.25,142.00870416198006
3681,2,80,30,13.9771,8.64864864864865,9.530000000000001,126.88043194986209
3682,2,80,30,2.9782,0.5405405405405406,0.18,127.34822136833417
3683,2,80,30,18.0146,10.81081081081081,12.59,133.41430168345096
3684,2,80,30,11.9202,4.8432432432432435,7.909999999999999,130.03061015052288
3685,2,80,30,18.084,10.162162162162161,11.54,130.11647671447201
3686,2,80,30,15.7056,9.18918918918919,10.62,145.86470473574204
3687,2,80,30,19.7464,12.432432432432432,15.14,134.32607093895197
3688,2,80,30,11.83,10.064864864864864,8.76,139.30629649135355
3689,2,80,30,3.0766,0.0,0.11000000000000001,
3690,2,80,30,6.7874,3.2432432432432434,3.19,124.59227486524541
3691,2,80,30,19.541,9.72972972972973,12.940000000000001,127.90105173993237
3692,2,80,30,6.134,1.6216216216216217,2.2600000000000002,116.01619285825257
3693,2,80,30,23.4283,14.594594594594593,17.380000000000003,123.21744643900787
3694,2,80,30,22.38,12.594594594594595,15.73,128.08691949469105
3695,2,80,30,20.6478,11.891891891891891,13.969999999999999,131.25077795441806
3696,2,80,30,13.0246,9.31891891891892,10.21,145.34498263153446
3697,2,80,30,11.3632,5.945945945945946,7.7,125.35773627115546
3698,2,80,30,21.4398,10.8,13.959999999999999,129.77437967028283
3699,2,80,30,6.0525,2.1621621621621623,2.39,119.88778610337364
3700,2,90,30,12.8739,6.486486486486487,8.459999999999999,119.74556282599094
3701,2,90,30,12.1818,6.281081081081081,7.25,128.0493983687179
3702,2,90,30,12.2932,5.632432432432433,6.590000000000001,128.56087819152054
3703,2,90,30,6.257,2.1621621621621623,2.84,106.2421019878381
3704,2,90,30,12.305,4.324324324324325,6.83,125.77183567947037
3705,2,90,30,4.188,2.1621621621621623,1.31,173.25474241387187
3706,2,90,30,5.5777,3.2432432432432434,2.15,159.88284122187395
3707,2,90,30,10.8853,3.891891891891892,6.38,127.10378872279159
3708,2,90,30,5.5242,2.1621621621621623,2.6700000000000004,122.16213396514875
3709,2,90,30,5.4395,3.2432432432432434,2.66,144.71572382097926
3710,2,90,30,14.4745,8.64864864864865,9.98,126.62651631444437
3711,2,90,30,5.0223,1.6216216216216217,1.77,116.53151178776393
3712,2,90,30,8.842,3.7837837837837838,4.74,119.31770101846278
3713,2,90,30,13.3787,7.027027027027026,8.39,139.46312813979824
3714,2,90,30,23.5453,10.94054054054054,14.459999999999999,125.26168839177704
3715,2,90,30,5.3098,1.0810810810810811,1.4700000000000002,109.61802185440087
3716,2,90,30,8.5778,5.405405405405405,4.7700000000000005,154.96575431187244
3717,2,90,30,6.3103,3.5567567567567564,3.0599999999999996,136.28469864186735
3718,2,90,30,9.1927,4.864864864864865,6.18,114.09089527881578
3719,2,90,30,3.5716,1.0486486486486486,0.8099999999999999,164.97646969593058
3720,2,100,30,12.9806,5.643243243243243,7.090000000000001,126.56190299403373
3721,2,100,30,27.8005,19.36216216216216,20.55,124.97489830052959
3722,2,100,30,17.4718,10.27027027027027,11.85,142.0818537738597
3723,2,100,30,3.5957,1.6216216216216217,0.86,113.60945519182195
3724,2,100,30,14.6026,7.5675675675675675,9.16,118.70673965596356
3725,2,100,30,14.1302,12.432432432432432,10.4,145.36513377383412
3726,2,100,30,10.7648,2.7027027027027026,5.220000000000001,112.20749942154873
3727,2,100,30,17.8706,10.27027027027027,13.029999999999998,121.44324268242683
3728,2,100,30,24.1498,13.513513513513516,16.95,123.5588851976016
3729,2,100,30,17.6695,9.72972972972973,11.72,121.28873569641648
3730,2,100,30,14.4976,4.864864864864865,8.709999999999999,129.2548360552435
3731,2,100,30,6.9133,2.7027027027027026,3.69,142.86521717953323
3732,2,100,30,10.6664,7.3297297297297295,6.659999999999999,128.25056913352387
3733,2,100,30,14.4957,7.935135135135136,8.91,120.97762812308363
3734,2,100,30,27.8222,14.248648648648649,19.709999999999997,126.34733238165657
3735,2,100,30,4.8989,2.7027027027027026,1.9,130.06026770261832
3736,2,100,30,11.4685,6.486486486486487,7.230000000000001,137.10545683290104
3737,2,100,30,9.3228,5.405405405405405,5.25,132.20075704507852
3738,2,100,30,3.985,1.0702702702702704,0.8400000000000001,194.27363004356488
3739,2,100,30,16.6842,9.61081081081081,10.87,126.8995533925584
3740,2,10,50,2.9885,0.5405405405405406,0.14,695.0442725758577
3741,2,10,50,5.774,3.2432432432432434,2.8899999999999997,167.80654017450172
3742,2,10,50,6.9735,7.5675675675675675,3.6900000000000004,261.6664536296825
3743,2,10,50,11.2697,13.383783783783784,9.28,212.62354601279745
3744,2,10,50,4.8717,4.864864864864865,1.86,300.30161677644816
3745,2,10,50,3.1627,1.0810810810810811,0.6,186.62704483636293
3746,2,10,50,2.7729,0.0,0.0,
3747,2,10,50,7.2527,8.64864864864865,4.859999999999999,225.35549509102435
3748,2,10,50,6.6728,7.675675675675675,3.7099999999999995,214.25140056330372
3749,2,10,50,11.5203,15.32972972972973,8.7,185.6451864717252
3750,2,10,50,15.128,21.794594594594592,13.91,193.45297087492585
3751,2,10,50,6.7401,9.18918918918919,4.62,187.2629305586773
3752,2,10,50,14.1278,18.37837837837838,11.52,183.44708124532164
3753,2,10,50,4.9373,7.5675675675675675,2.8600000000000003,268.58943474655126
3754,2,10,50,18.0899,24.691891891891892,15.020000000000001,196.28430489575513
3755,2,10,50,6.8906,6.486486486486487,3.95,210.71947310248115
3756,2,10,50,5.9727,5.9459459459459465,2.8899999999999997,230.24863642297817
3757,2,10,50,10.7045,8.64864864864865,6.45,175.56603005252327
3758,2,10,50,10.4542,12.291891891891893,6.9,225.81445717799932
3759,2,10,50,4.5939,5.405405405405405,1.8700000000000003,245.49489287087573
3760,2,20,50,13.9266,13.513513513513516,11.52,154.4674104813709
3761,2,20,50,6.0286,6.464864864864865,4.290000000000001,156.80444442288663
3762,2,20,50,7.4208,5.9459459459459465,3.8300000000000005,179.84508113589888
3763,2,20,50,15.3479,12.756756756756756,11.42,153.4138824281459
3764,2,20,50,5.2344,1.816216216216216,1.55,198.8505204037004
3765,2,20,50,5.2481,1.3945945945945946,1.61,179.24578908911337
3766,2,20,50,8.7916,10.075675675675676,5.47,163.68281288553902
3767,2,20,50,9.491,7.5675675675675675,6.68,128.96664982788548
3768,2,20,50,6.8751,8.108108108108109,3.75,183.8915371485089
3769,2,20,50,6.1595,4.324324324324325,2.9699999999999998,174.64325591599683
3770,2,20,50,9.4592,9.18918918918919,6.17,159.258524233063
3771,2,20,50,7.1913,6.486486486486487,3.7600000000000002,174.48029501241888
3772,2,20,50,2.8716,1.6216216216216217,0.2,285.0767884195442
3773,2,20,50,10.8676,9.383783783783784,7.24,166.64446568131126
3774,2,20,50,14.866,10.032432432432433,10.68,122.28247548413366
3775,2,20,50,7.9086,5.405405405405405,3.88,178.86645663787488
3776,2,20,50,19.5307,17.102702702702704,15.45,136.59951750748877
3777,2,20,50,9.3229,10.216216216216216,6.35,160.14345075427408
3778,2,20,50,12.1193,14.054054054054054,10.49,153.55306579227573
3779,2,20,50,4.3205,3.7837837837837838,1.55,214.45748665199977
3780,2,30,50,12.5265,7.059459459459459,7.300000000000002,143.94026183550073
3781,2,30,50,12.9795,13.513513513513512,11.370000000000001,158.35141739371977
3782,2,30,50,6.9119,4.324324324324325,3.8,124.3907971291058
3783,2,30,50,6.2016,4.324324324324325,3.53,134.00013129610892
3784,2,30,50,9.1096,5.405405405405405,5.2,139.1367644299834
3785,2,30,50,5.7628,5.405405405405405,3.8699999999999997,150.12843554598962
3786,2,30,50,3.5944,0.5513513513513513,0.8800000000000001,129.9981621352586
3787,2,30,50,3.1414,1.0810810810810811,0.24,251.43809369068322
3788,2,30,50,8.4811,9.72972972972973,5.2299999999999995,161.00423418520344
3789,2,30,50,13.0397,14.108108108108107,10.48,159.94713795540775
3790,2,30,50,6.1217,4.864864864864865,2.77,147.78350834736227
3791,2,30,50,5.7016,2.7027027027027026,1.7600000000000002,202.50385495083069
3792,2,30,50,5.2391,4.2594594594594595,2.54,168.2872907632725
3793,2,30,50,14.9087,14.681081081081084,11.559999999999999,151.32277304436522
3794,2,30,50,6.5678,3.7837837837837838,3.1399999999999997,147.6425490124493
3795,2,30,50,8.0772,7.5675675675675675,5.38,167.69108673303532
3796,2,30,50,3.6823,0.5405405405405406,0.7,129.75052303255853
3797,2,30,50,7.5902,5.891891891891892,4.28,166.54403933404143
3798,2,30,50,8.2599,6.486486486486487,4.97,187.1764344816742
3799,2,30,50,6.0541,3.1027027027027025,2.35,203.25801165996074
3800,2,40,50,17.5506,15.675675675675674,12.489999999999998,148.1367336918592
3801,2,40,50,11.6293,10.27027027027027,9.540000000000001,142.4533251934484
3802,2,40,50,5.0018,3.2432432432432434,2.03,206.52652913555846
3803,2,40,50,7.373,5.405405405405405,4.74,174.7806073288004
3804,2,40,50,8.0358,7.621621621621623,5.21,163.31822623270943
3805,2,40,50,2.5591,0.0,0.0,
3806,2,40,50,4.9163,2.4864864864864864,2.45,127.89168756456652
3807,2,40,50,9.8804,7.5675675675675675,5.68,139.3246389148907
3808,2,40,50,14.0598,13.513513513513516,11.24,150.74076502502814
3809,2,40,50,3.1891,0.0,0.06999999999999999,
3810,2,40,50,6.2337,3.7837837837837838,3.59,137.3310426100363
3811,2,40,50,10.0692,6.637837837837838,6.5200000000000005,135.65755455591164
3812,2,40,50,5.5252,4.345945945945946,3.18,163.1123490261788
3813,2,40,50,4.3318,2.1621621621621623,1.31,132.07877438396756
3814,2,40,50,9.4396,3.7837837837837838,4.76,116.89060300783002
3815,2,40,50,11.2608,5.945945945945946,5.61,164.05852362615315
3816,2,40,50,6.6762,7.027027027027027,4.029999999999999,168.76005024048388
3817,2,40,50,9.495,8.64864864864865,7.12,161.24982015679618
3818,2,40,50,4.6081,3.2432432432432434,1.9100000000000001,159.3483413688344
3819,2,40,50,9.8986,7.027027027027027,6.709999999999999,146.64262691769449
3820,2,50,50,5.6459,4.9513513513513505,3.4699999999999998,175.6668426834323
3821,2,50,50,11.2605,7.5675675675675675,7.890000000000001,141.05793412121105
3822,2,50,50,5.803,3.362162162162162,2.3600000000000003,165.34396706930107
3823,2,50,50,3.6022,1.6216216216216217,0.9199999999999999,180.78119561320338
3824,2,50,50,14.8995,16.021621621621623,12.16,141.87117662612187
3825,2,50,50,7.1681,5.405405405405405,4.470000000000001,127.15391468559235
3826,2,50,50,2.5712,0.0,0.1,
3827,2,50,50,2.5774,0.0,0.13999999999999999,
3828,2,50,50,10.4353,8.108108108108109,7.220000000000001,136.4333949751546
3829,2,50,50,5.1084,3.7837837837837838,1.6800000000000002,158.2457652313917
3830,2,50,50,14.6102,12.972972972972974,10.959999999999999,131.7260727913999
3831,2,50,50,14.9989,13.232432432432432,12.16,157.60285463857628
3832,2,50,50,7.7238,7.5675675675675675,4.890000000000001,169.48575631133863
3833,2,50,50,5.8983,3.7837837837837838,2.38,176.04536463336055
3834,2,50,50,10.6698,10.454054054054055,8.879999999999999,129.6650759253654
3835,2,50,50,15.5333,14.551351351351352,11.34,159.64580608552703
3836,2,50,50,4.9145,3.2432432432432434,2.27,134.99800651286338
3837,2,50,50,4.6741,2.454054054054054,1.2600000000000002,172.97407225907858
3838,2,50,50,12.4935,9.978378378378379,8.72,151.8685829134929
3839,2,50,50,10.6431,9.18918918918919,7.709999999999999,130.99569340237394
3840,2,60,50,11.154,7.124324324324324,7.290000000000001,133.3786569399834
3841,2,60,50,13.9301,7.945945945945946,9.209999999999999,142.46883387254547
3842,2,60,50,6.0726,4.864864864864865,3.1399999999999997,149.413755544944
3843,2,60,50,12.3197,11.870270270270272,9.77,145.0941208875471
3844,2,60,50,8.2866,5.945945945945946,4.959999999999999,178.37995265361124
3845,2,60,50,2.6586,0.0,0.0,
3846,2,60,50,17.6617,17.427027027027027,13.91,136.39356411659972
3847,2,60,50,10.4491,7.5675675675675675,6.51,144.15730619366732
3848,2,60,50,7.3026,3.2432432432432434,3.5100000000000002,127.73447953993171
3849,2,60,50,4.9624,1.7297297297297298,1.95,135.1470932848381
3850,2,60,50,14.2917,12.432432432432433,10.219999999999999,160.48257331056985
3851,2,60,50,7.0389,5.945945945945946,4.5600000000000005,145.36874061696943
3852,2,60,50,4.2362,2.1621621621621623,1.6900000000000002,173.92297159685293
3853,2,60,50,6.5948,3.8378378378378377,3.72,161.98982799311
3854,2,60,50,7.8805,6.648648648648648,5.04,155.25211284963956
3855,2,60,50,5.1641,4.864864864864865,3.5100000000000002,163.48971054383813
3856,2,60,50,5.9829,4.237837837837838,4.01,151.8664361417779
3857,2,60,50,3.4147,0.0,0.0,
3858,2,60,50,8.9415,5.405405405405405,5.15,163.16696944050358
3859,2,60,50,7.2853,4.864864864864865,4.81,142.69713351153356
3860,2,70,50,7.6238,5.85945945945946,5.6,129.3019060994009
3861,2,70,50,5.6494,3.7837837837837838,2.98,120.61682449010293
3862,2,70,50,9.2449,5.632432432432433,5.92,133.0399969562936
3863,2,70,50,2.7195,0.0,0.04,
3864,2,70,50,4.1566,0.908108108108108,1.1,118.54993047853313
3865,2,70,50,4.6701,1.6216216216216217,1.3,116.6619225044451
3866,2,70,50,6.5104,4.324324324324325,3.5,148.0935778903828
3867,2,70,50,8.7391,6.9837837837837835,6.01,132.92881488203233
3868,2,70,50,11.0077,10.81081081081081,8.370000000000001,140.0546207237809
3869,2,70,50,9.5125,4.864864864864865,4.85,117.77346695953737
3870,2,70,50,7.1796,4.075675675675676,4.0,132.17793376487262
3871,2,70,50,5.4673,3.2432432432432434,2.27,123.65205277516036
3872,2,70,50,8.8433,7.5675675675675675,6.7299999999999995,126.5149037958993
3873,2,70,50,13.1991,11.35135135135135,11.27,133.67242053391854
3874,2,70,50,5.764,3.7837837837837838,2.63,148.59212918322675
3875,2,70,50,16.4077,14.454054054054051,12.5,136.8855889073378
3876,2,70,50,2.902,0.0,0.06999999999999999,
3877,2,70,50,18.2505,16.4,14.459999999999999,140.7531980733068
3878,2,70,50,6.495,4.324324324324325,4.01,112.51472537221818
3879,2,70,50,5.6252,2.7027027027027026,2.15,133.86656343645328
3880,2,75,50,3.3963,0.5405405405405406,0.37,215.29483715581387
3881,2,75,50,19.1964,18.237837837837837,14.95,144.28532941956468
3882,2,75,50,3.8487,1.0810810810810811,0.7,198.66433695346836
3883,2,75,50,9.7646,6.486486486486487,6.94,123.48372219281471
3884,2,75,50,5.4608,3.2432432432432434,2.29,121.87658715291523
3885,2,75,50,6.2667,5.405405405405405,3.79,144.2099702547822
3886,2,75,50,4.8737,0.6594594594594595,1.3699999999999999,189.44706365982478
3887,2,75,50,12.7776,9.18918918918919,8.92,130.95299561236868
3888,2,75,50,15.9762,13.437837837837838,11.2,136.91045656537779
3889,2,75,50,3.1387,0.0,0.0,
3890,2,75,50,9.2242,7.027027027027027,6.68,140.03816858717923
3891,2,75,50,5.414,3.0054054054054054,3.5700000000000003,131.94782031036905
3892,2,75,50,4.4866,1.6216216216216217,1.08,150.34449550824283
3893,2,75,50,3.7388,1.0810810810810811,0.8800000000000001,122.58139000919931
3894,2,75,50,10.8493,9.794594594594596,6.830000000000001,148.76653393140347
3895,2,75,50,6.9269,6.486486486486487,5.2700000000000005,140.82079568796664
3896,2,75,50,5.9362,3.2432432432432434,2.16,159.13867208613956
3897,2,75,50,9.875,4.356756756756757,5.63,121.24830524268727
3898,2,75,50,9.1944,6.486486486486487,6.16,128.980462094282
3899,2,75,50,12.5176,10.77837837837838,9.75,128.7368148557326
3900,2,80,50,17.2493,12.421621621621622,12.55,129.1900636219534
3901,2,80,50,3.1741,0.0,0.06,
3902,2,80,50,10.9017,6.518918918918919,6.7299999999999995,126.420058351158
3903,2,80,50,3.6423,1.0810810810810811,0.93,104.98538749443604
3904,2,80,50,9.805,8.108108108108109,7.169999999999999,137.72540536950495
3905,2,80,50,5.901,5.945945945945946,3.65,165.1448030214183
3906,2,80,50,7.9949,5.945945945945946,4.9399999999999995,135.91080590860335
3907,2,80,50,12.7809,8.691891891891892,8.6,125.04271081223118
3908,2,80,50,4.7258,2.7027027027027026,1.9299999999999997,145.70350633355892
3909,2,80,50,6.0149,2.7027027027027026,3.19,129.80566865639724
3910,2,80,50,6.6154,5.3297297297297295,3.4099999999999993,174.313627504797
3911,2,80,50,15.6082,14.248648648648649,12.77,133.43761750031706
3912,2,80,50,12.0393,10.27027027027027,8.66,145.41574163273899
3913,2,80,50,6.708,4.324324324324325,3.7299999999999995,141.48422771262088
3914,2,80,50,12.0438,9.18918918918919,7.7299999999999995,153.54767359264432
3915,2,80,50,14.0853,12.54054054054054,10.99,130.51843704094313
3916,2,80,50,3.078,0.0,0.0,
3917,2,80,50,12.323,9.643243243243244,9.0,124.44430924620994
3918,2,80,50,13.0754,8.497297297297298,9.559999999999999,138.31368242446328
3919,2,80,50,12.6101,8.64864864864865,8.830000000000002,123.95871056877577
3920,2,90,50,11.112,6.929729729729731,7.3,117.57884118803479
3921,2,90,50,4.3335,1.6216216216216217,1.43,149.89761470105745
3922,2,90,50,7.6082,4.324324324324325,4.430000000000001,127.7452035457342
3923,2,90,50,12.3298,11.567567567567568,8.87,128.52529959153162
3924,2,90,50,14.7075,10.994594594594595,11.440000000000001,139.451088469469
3925,2,90,50,3.3656,0.5405405405405406,0.74,125.70680152303623
3926,2,90,50,9.5073,5.72972972972973,6.99,122.28262208671005
3927,2,90,50,8.4188,2.1621621621621623,3.8899999999999997,118.63681063608534
3928,2,90,50,7.5836,6.486486486486487,4.540000000000001,130.59878910958273
3929,2,90,50,10.5987,7.5675675675675675,7.040000000000001,137.95265271483075
3930,2,90,50,3.451,0.0,0.15,
3931,2,90,50,6.6765,3.7837837837837838,3.0100000000000002,119.96877126048211
3932,2,90,50,3.0231,0.0,0.0,
3933,2,90,50,8.225,6.486486486486487,5.529999999999999,139.8133207592174
3934,2,90,50,12.5237,11.286486486486485,10.51,133.8912947552379
3935,2,90,50,11.7709,9.72972972972973,8.260000000000002,143.88664883955772
3936,2,90,50,15.0445,11.35135135135135,11.58,128.44326766211478
3937,2,90,50,7.3509,3.4054054054054057,4.04,138.0916749497856
3938,2,90,50,8.9902,6.486486486486487,5.87,137.20107192448654
3939,2,90,50,11.415,5.945945945945946,7.95,120.73748122765751
3940,2,100,50,13.6693,9.72972972972973,9.0,132.78697768746494
3941,2,100,50,13.0169,12.345945945945946,9.530000000000001,141.06581055111675
3942,2,100,50,9.2144,6.508108108108108,5.33,145.33181967957896
3943,2,100,50,11.9887,10.27027027027027,9.79,122.61992053034201
3944,2,100,50,12.1405,10.63783783783784,8.96,128.5641138817394
3945,2,100,50,10.2282,8.64864864864865,7.6,132.05506907068693
3946,2,100,50,3.3483,0.5405405405405406,0.27999999999999997,111.27282693990409
3947,2,100,50,3.3615,1.0810810810810811,0.45,122.45983186190422
3948,2,100,50,11.7329,8.64864864864865,8.26,132.2311769297139
3949,2,100,50,18.1663,15.71891891891892,14.709999999999999,129.95225201321304
3950,2,100,50,20.6977,10.27027027027027,15.01,119.13040553331867
3951,2,100,50,6.7867,3.135135135135135,3.3,139.21549265120777
3952,2,100,50,6.3985,4.854054054054054,3.72,136.04729345843037
3953,2,100,50,6.0757,5.243243243243243,3.7600000000000002,152.39175385828494
3954,2,100,50,14.9021,11.308108108108108,10.97,140.08100106218126
3955,2,100,50,9.5979,7.027027027027027,5.95,129.05004964468802
3956,2,100,50,5.1406,3.7837837837837838,2.3,117.36520015152965
3957,2,100,50,9.7627,6.940540540540541,6.369999999999999,141.99305260218514
3958,2,100,50,4.6267,1.0810810810810811,0.95,123.77834907111742
3959,2,100,50,12.3195,9.18918918918919,7.780000000000001,129.2270561360882
3960,2,10,75,2.4405,0.0,0.0,
3961,2,10,75,7.9243,10.81081081081081,5.91,239.31359093922862
3962,2,10,75,10.4645,11.891891891891891,8.34,186.65704499047115
3963,2,10,75,11.0711,16.216216216216218,8.16,208.5176275549108
3964,2,10,75,6.9684,7.5675675675675675,5.15,200.3374962509808
3965,2,10,75,6.9345,11.221621621621619,3.6,283.49422670036654
3966,2,10,75,10.2933,13.048648648648648,8.370000000000001,208.43528195756986
3967,2,10,75,3.5897,5.502702702702703,0.9199999999999999,281.7039886491413
3968,2,10,75,5.9487,8.475675675675676,3.37,259.1723261994335
3969,2,10,75,5.2834,9.18918918918919,3.85,284.9310367013891
3970,2,10,75,4.3687,6.486486486486487,1.6300000000000001,248.84175120688744
3971,2,10,75,7.8289,13.740540540540541,5.5,235.8105468124369
3972,2,10,75,3.924,2.1621621621621623,0.8099999999999999,362.3923416507855
3973,2,10,75,9.073,15.437837837837838,6.67,224.72009124456835
3974,2,10,75,5.3135,7.027027027027027,3.11,282.8608021470985
3975,2,10,75,4.3759,3.7837837837837838,2.1,260.85267776104183
3976,2,10,75,8.2839,11.35135135135135,6.889999999999999,215.18155290219428
3977,2,10,75,5.8265,9.254054054054055,4.45,205.51817713357207
3978,2,10,75,8.6448,17.2972972972973,6.769999999999999,224.36682827457395
3979,2,10,75,2.9309,1.0810810810810811,0.0,609.1457238284038
3980,2,20,75,6.987,9.31891891891892,4.68,190.89898667902057
3981,2,20,75,8.3656,10.27027027027027,6.540000000000001,166.30181312608562
3982,2,20,75,4.5955,5.048648648648649,2.88,160.8523374319882
3983,2,20,75,5.5813,4.864864864864865,3.3299999999999996,160.1639731386858
3984,2,20,75,3.0183,0.5405405405405406,0.29,263.16325809790425
3985,2,20,75,9.6335,11.35135135135135,7.24,167.07134499442896
3986,2,20,75,8.650898865120016,9.039022420317384,6.201614716402657,171.70521241689437
3987,2,20,75,12.6076,12.432432432432432,9.440000000000001,149.80954135522654
3988,2,20,75,3.7166,2.7027027027027026,1.04,183.8599910824597
3989,2,20,75,4.6244,4.324324324324325,2.14,153.76466793410313
3990,2,20,75,7.3507,11.891891891891893,5.21,198.51347103608475
3991,2,20,75,5.3622,7.027027027027027,2.57,204.0027108372055
3992,2,20,75,3.7207,1.0810810810810811,0.45,152.73521339277934
3993,2,20,75,6.9478,10.12972972972973,4.58,226.0376324174515
3994,2,20,75,6.143864598025388,4.864864864864865,3.001152647975078,149.22007580593447
3995,2,20,75,5.4962,6.486486486486486,3.7299999999999995,159.0366430857209
3996,2,20,75,7.058,8.108108108108109,5.34,163.1465759171359
3997,2,20,75,13.1391,15.254054054054052,11.59,182.4576725470082
3998,2,20,75,9.9289,13.513513513513512,7.24,181.15973270356162
3999,2,20,75,6.339,10.508108108108107,4.4799999999999995,209.5918912735389
4000,2,30,75,10.1527,12.432432432432432,7.5,174.36551896370725
4001,2,30,75,6.8455,5.405405405405405,3.5300000000000002,172.6635060239459
4002,2,30,75,3.9913,3.7837837837837838,1.02,174.23992634207124
4003,2,30,75,11.12,10.313513513513513,8.28,151.35773779952177
4004,2,30,75,7.8622,10.27027027027027,5.86,184.0433296058292
4005,2,30,75,4.5475,2.983783783783784,1.31,182.47636212516196
4006,2,30,75,4.7725,3.7837837837837838,2.1700000000000004,144.18132747951623
4007,2,30,75,7.3391,4.68108108108108,4.35,146.72533587489448
4008,2,30,75,16.6075,25.43783783783784,14.7,180.1495850523902
4009,2,30,75,7.4948,9.016216216216216,5.4399999999999995,170.38839115902806
4010,2,30,75,5.8018,8.64864864864865,4.659999999999999,181.925755564801
4011,2,30,75,5.9933,8.108108108108107,3.5700000000000003,190.3752211997167
4012,2,30,75,5.4469,7.027027027027026,2.4,228.71030687420347
4013,2,30,75,18.3418,21.45945945945946,15.55,166.42851229287893
4014,2,30,75,12.4729,15.675675675675674,10.819999999999999,164.18370256554522
4015,2,30,75,6.5845,5.416216216216216,3.41,173.04572977470417
4016,2,30,75,8.4515,9.72972972972973,5.75,186.94336288924745
4017,2,30,75,9.0911,7.027027027027027,6.21,159.938503924838
4018,2,30,75,7.0565,11.35135135135135,5.529999999999999,191.53885603477949
4019,2,30,75,5.0477,4.324324324324325,2.27,137.0407580602389
4020,2,40,75,7.4509,7.5675675675675675,4.88,162.99617247012068
4021,2,40,75,3.5208,0.5405405405405406,0.1,282.51580495614274
4022,2,40,75,4.7521,4.864864864864865,2.45,212.3902724578757
4023,2,40,75,8.3519,9.72972972972973,6.28,153.55247684667387
4024,2,40,75,9.3369,7.794594594594595,5.65,143.6696012117653
4025,2,40,75,11.1708,11.891891891891891,8.99,150.60525376858448
4026,2,40,75,4.9035,2.7027027027027026,2.0700000000000003,149.99184257441465
4027,2,40,75,4.7755,3.7837837837837838,1.81,186.0528590134546
4028,2,40,75,12.1202,13.102702702702704,10.33,159.34817148589676
4029,2,40,75,8.6492,8.551351351351352,6.609999999999999,152.4628278665865
4030,2,40,75,10.4592,10.27027027027027,7.790000000000001,180.3697674297123
4031,2,40,75,5.0528,2.7027027027027026,1.9599999999999997,124.12674382451655
4032,2,40,75,4.1427,3.2432432432432434,1.48,185.78518797043
4033,2,40,75,10.9108,11.891891891891891,8.49,150.15252209965882
4034,2,40,75,10.9585,11.437837837837838,7.5,156.2455056305307
4035,2,40,75,3.7188,1.6216216216216217,0.9099999999999999,171.0899179020743
4036,2,40,75,7.0843,7.524324324324324,4.199999999999999,186.39818918383824
4037,2,40,75,3.8426,2.1621621621621623,1.43,160.9869558561475
4038,2,40,75,4.3002,2.1621621621621623,1.67,160.55398839390375
4039,2,40,75,9.7389,13.210810810810813,7.25,171.87328211863397
4040,2,50,75,4.5489,3.2432432432432434,2.2700000000000005,158.67180842447462
4041,2,50,75,5.88,5.405405405405405,3.04,175.31672737035484
4042,2,50,75,5.8182,4.864864864864865,3.9200000000000004,163.02479291537227
4043,2,50,75,6.6121,4.67027027027027,3.4899999999999998,164.13519884370982
4044,2,50,75,10.32,11.35135135135135,7.4399999999999995,140.26320388931475
4045,2,50,75,4.2709,2.7027027027027026,1.8699999999999999,153.28308404922603
4046,2,50,75,7.7077,7.5675675675675675,5.79,166.05342748482113
4047,2,50,75,17.951,22.7027027027027,15.49,147.91013002720896
4048,2,50,75,5.2548,3.4810810810810815,2.67,158.0220409124918
4049,2,50,75,10.9673,10.81081081081081,8.15,132.39709442490812
4050,2,50,75,3.8663,2.1621621621621623,1.15,116.98929358909923
4051,2,50,75,3.0742,0.0,0.0,
4052,2,50,75,7.533,7.027027027027027,4.5200000000000005,184.47460104220102
4053,2,50,75,3.9304,0.5405405405405406,1.01,112.67428164626564
4054,2,50,75,3.0838,0.5405405405405406,0.5599999999999999,120.4852124207146
4055,2,50,75,8.9185,10.27027027027027,7.12,156.6023555422258
4056,2,50,75,5.4139,4.324324324324325,2.96,162.74203133012224
4057,2,50,75,12.8859,13.016216216216216,9.489999999999998,163.25558933822072
4058,2,50,75,6.8879,4.864864864864865,3.9,135.40660520089318
4059,2,50,75,5.2529,4.864864864864865,3.4599999999999995,144.2815267952166
4060,2,60,75,10.1474,10.821621621621622,8.23,152.16882998598683
4061,2,60,75,12.4489,13.58918918918919,10.91,155.74382140111146
4062,2,60,75,11.4679,18.475675675675678,10.1,155.4624771350327
4063,2,60,75,6.3723,5.405405405405405,3.5100000000000002,132.88880718064206
4064,2,60,75,4.8525,4.086486486486487,1.89,186.64281323472653
4065,2,60,75,5.1577,3.1783783783783783,2.27,131.95033700206847
4066,2,60,75,5.3922,4.032432432432432,2.65,160.04686499301442
4067,2,60,75,14.1413,12.432432432432432,11.540000000000001,145.68995582606357
4068,2,60,75,4.8021,2.7027027027027026,1.41,150.7635261954908
4069,2,60,75,9.9531,9.18918918918919,5.99,153.68367086617567
4070,2,60,75,4.0844,3.7837837837837838,1.48,161.5700203054194
4071,2,60,75,8.7563,8.108108108108109,6.42,172.40304406929852
4072,2,60,75,8.6561,9.18918918918919,6.12,139.93151755520157
4073,2,60,75,3.4903,1.0810810810810811,0.33999999999999997,185.1442137159737
4074,2,60,75,8.2257,7.5675675675675675,5.97,126.3404625448039
4075,2,60,75,12.277,12.432432432432432,9.84,149.84250546503873
4076,2,60,75,4.4037,3.2432432432432434,2.37,149.68562930606848
4077,2,60,75,8.7161,7.556756756756757,6.859999999999999,145.14262771764925
4078,2,60,75,4.2148,1.6216216216216217,0.8400000000000001,135.3355604572549
4079,2,60,75,14.4918,12.756756756756758,11.41,142.49186610022454
4080,2,70,75,3.5533,1.6216216216216217,0.9199999999999999,143.12730357597155
4081,2,70,75,5.2196,2.7027027027027026,2.3099999999999996,163.43530226856788
4082,2,70,75,6.025,3.7837837837837838,1.8799999999999997,165.08429693244264
4083,2,70,75,10.3602,8.64864864864865,6.7299999999999995,151.3661658990627
4084,2,70,75,14.3413,19.45945945945946,12.809999999999999,151.86688989203907
4085,2,70,75,7.6852,5.945945945945946,5.21,150.3864083911716
4086,2,70,75,3.3688,1.0810810810810811,0.71,239.5616366198812
4087,2,70,75,6.4178,5.718918918918919,4.34,139.81099005242342
4088,2,70,75,7.7418,7.070270270270271,4.96,171.18394977427656
4089,2,70,75,4.1367,2.1621621621621623,1.2899999999999998,155.1038211833845
4090,2,70,75,13.2954,11.58918918918919,9.43,147.215672781959
4091,2,70,75,6.9993,7.048648648648649,4.6899999999999995,149.86263655349117
4092,2,70,75,13.0323,14.054054054054054,8.59,153.0519182661794
4093,2,70,75,3.8661,1.0810810810810811,0.53,122.12812682021138
4094,2,70,75,6.685,3.2432432432432434,3.16,124.32025035740106
4095,2,70,75,4.4909,3.2432432432432434,2.0100000000000002,163.35069174183997
4096,2,70,75,4.3669,2.7027027027027026,1.59,184.1836093427235
4097,2,70,75,12.8597,14.594594594594593,9.51,159.70771367845447
4098,2,70,75,9.8074,10.81081081081081,7.880000000000001,143.50883963456607
4099,2,70,75,2.5523,0.0,0.0,
4100,2,75,75,5.1989,4.864864864864865,3.2800000000000002,135.59092551452176
4101,2,75,75,3.586,0.8216216216216216,0.36,190.01552691210787
4102,2,75,75,11.2506,11.35135135135135,8.49,144.16676806137525
4103,2,75,75,7.3983,7.027027027027026,5.87,146.94082621183745
4104,2,75,75,4.2759,1.6216216216216217,1.6300000000000001,148.55423200295968
4105,2,75,75,11.9427,11.686486486486485,8.78,147.04821729545188
4106,2,75,75,6.0869,5.945945945945946,4.4799999999999995,151.4729383222984
4107,2,75,75,9.0176,8.108108108108109,7.2,142.3656320768605
4108,2,75,75,4.5477,2.1621621621621623,1.89,122.82393558350027
4109,2,75,75,5.6541,3.7837837837837838,2.64,127.2848614028377
4110,2,75,75,5.0495,3.7837837837837838,2.0100000000000002,173.61954463718072
4111,2,75,75,5.0167,2.7027027027027026,2.59,134.8334483664574
4112,2,75,75,9.8266,10.27027027027027,7.37,137.56789470938497
4113,2,75,75,6.5123,4.324324324324325,3.9200000000000004,127.16271652926947
4114,2,75,75,13.2611,15.470270270270271,11.6,148.07975042581594
4115,2,75,75,8.4812,6.65945945945946,5.82,123.28160329829393
4116,2,75,75,9.3728,8.64864864864865,7.26,157.68727204136331
4117,2,75,75,5.1004,3.437837837837838,2.2199999999999998,119.9301749080239
4118,2,75,75,2.5558,0.0,0.0,
4119,2,75,75,3.8369,1.0810810810810811,0.31,190.54581964059105
4120,2,80,75,15.9558,13.18918918918919,11.920000000000002,132.58485203324148
4121,2,80,75,11.0956,12.724324324324323,9.75,142.1790804375662
4122,2,80,75,3.8899,0.6918918918918919,0.72,128.75801416728135
4123,2,80,75,7.1341,8.108108108108109,4.65,143.5427705139927
4124,2,80,75,4.6221,2.4216216216216218,2.3899999999999997,121.13577707419515
4125,2,80,75,3.7596,1.6216216216216217,0.96,209.8372936457944
4126,2,80,75,5.9446,3.7837837837837838,2.8,145.25401385297346
4127,2,80,75,3.148,0.0,0.04,
4128,2,80,75,9.6088,9.675675675675677,6.81,153.55926572402348
4129,2,80,75,7.5302,4.864864864864865,4.6,153.0438516809872
4130,2,80,75,4.5729,2.7027027027027026,1.78,153.01437832445586
4131,2,80,75,6.8019,6.486486486486486,3.95,129.33094747406682
4132,2,80,75,3.0617,0.0,0.0,
4133,2,80,75,4.6908,2.1297297297297297,1.6,115.33953956286169
4134,2,80,75,7.9302,8.108108108108109,5.159999999999999,149.05051594909017
4135,2,80,75,4.8389,2.7027027027027026,2.04,113.0849115075977
4136,2,80,75,13.2924,13.513513513513516,10.23,133.56520300218025
4137,2,80,75,10.6323,11.967567567567567,7.590000000000001,158.05952917272722
4138,2,80,75,5.9648,2.7027027027027026,2.91,143.28898315527064
4139,2,80,75,6.0182,4.324324324324325,3.12,126.27322817162238
4140,2,90,75,7.745,7.5675675675675675,5.4399999999999995,136.1976753668718
4141,2,90,75,9.7272,9.72972972972973,7.95,138.711748594295
4142,2,90,75,12.006,11.481081081081081,9.34,130.6070026403079
4143,2,90,75,4.8765,3.7837837837837838,2.38,129.37327620083832
4144,2,90,75,6.1908,5.945945945945946,3.0699999999999994,140.8388073185756
4145,2,90,75,11.2877,12.194594594594594,8.73,142.24722060031579
4146,2,90,75,9.2646,10.194594594594594,7.239999999999999,132.18036364195092
4147,2,90,75,9.7883,7.308108108108108,7.0,131.19041231211418
4148,2,90,75,7.8716,5.945945945945946,4.720000000000001,138.9260432698939
4149,2,90,75,9.0912,6.745945945945945,5.85,145.64877196670002
4150,2,90,75,6.6712,6.486486486486487,4.71,145.41095990046156
4151,2,90,75,9.7264,9.405405405405407,6.9799999999999995,156.80587290664164
4152,2,90,75,10.1094,8.194594594594594,7.659999999999999,130.4821118375283
4153,2,90,75,8.0695,6.486486486486487,5.63,127.45520253828518
4154,2,90,75,6.6589,6.345945945945946,4.1899999999999995,157.47274212188572
4155,2,90,75,6.9016,5.513513513513513,3.8899999999999997,132.57137896330138
4156,2,90,75,8.1193,8.432432432432432,5.75,140.5314212537038
4157,2,90,75,5.7115,3.0486486486486486,2.6399999999999997,149.0373351349604
4158,2,90,75,13.2822,11.643243243243244,11.43,135.87142469233234
4159,2,90,75,11.0013,11.318918918918918,8.89,142.8280248481667
4160,2,100,75,13.5877,14.054054054054053,11.14,136.53037287728785
4161,2,100,75,13.4806,16.216216216216218,11.7,139.4171338894744
4162,2,100,75,3.4461,1.6216216216216217,1.48,129.76126979593286
4163,2,100,75,3.2633,0.0,0.11000000000000001,
4164,2,100,75,3.2007,0.0,0.06999999999999999,
4165,2,100,75,8.1037,6.486486486486487,5.880000000000001,128.82756646612975
4166,2,100,75,11.0575,10.81081081081081,8.120000000000001,127.59959378954906
4167,2,100,75,8.3376,5.945945945945946,4.74,134.29059640245805
4168,2,100,75,7.7897,5.405405405405405,4.74,121.73156831576685
4169,2,100,75,4.8399,2.7027027027027026,2.2299999999999995,123.17113239113817
4170,2,100,75,15.4803,14.486486486486488,12.48,136.36647588548482
4171,2,100,75,4.7202,1.4054054054054055,1.78,139.8265106387312
4172,2,100,75,8.1598,4.324324324324325,5.14,130.15446321025647
4173,2,100,75,4.0959,2.1621621621621623,1.86,117.25311163442828
4174,2,100,75,6.0543,5.3297297297297295,3.84,138.45947449928084
4175,2,100,75,6.8659,5.9459459459459465,4.7700000000000005,137.94579987292556
4176,2,100,75,6.9963,4.324324324324325,3.71,121.4067993505276
4177,2,100,75,6.8682,5.945945945945946,4.26,126.46921063018759
4178,2,100,75,6.8897,5.254054054054054,4.17,141.30581898748196
4179,2,100,75,3.2208,0.0,0.0,
4180,2,10,100,3.4676,4.324324324324325,0.5,376.0207475545269
4181,2,10,100,8.2578,19.989189189189187,8.580000000000002,224.82085939038308
4182,2,10,100,3.9923,8.108108108108109,1.86,274.0282652039178
4183,2,10,100,6.96,8.92972972972973,3.5100000000000002,255.04757009329987
4184,2,10,100,4.1431,6.486486486486487,1.53,354.03004740335876
4185,2,10,100,5.6315,9.124324324324323,3.35,271.38279455635677
4186,2,10,100,4.9917,7.5675675675675675,2.4899999999999998,288.4477929811511
4187,2,10,100,3.6456,4.864864864864865,1.5799999999999998,330.01338665089366
4188,2,10,100,2.9144,2.1621621621621623,0.21000000000000002,450.5388788029699
4189,2,10,100,11.4015,14.054054054054054,10.290000000000001,187.31209239984557
4190,2,10,100,6.7423,15.459459459459458,5.430000000000001,246.32040044640155
4191,2,10,100,10.6722,15.924324324324326,10.19,217.36659076929664
4192,2,10,100,7.9828,14.054054054054054,6.49,253.15262354712175
4193,2,10,100,7.3213,14.594594594594593,5.93,258.47159878112035
4194,2,10,100,4.5674,6.756756756756758,2.1399999999999997,270.45381558691463
4195,2,10,100,11.0402,22.648648648648653,9.5,215.35534891889645
4196,2,10,100,3.2203,2.7027027027027026,0.25,354.73004369313765
4197,2,10,100,6.3933,8.108108108108109,3.78,216.52102549552157
4198,2,10,100,2.7755,1.6216216216216217,0.19,365.82181581895594
4199,2,10,100,4.774,8.108108108108109,2.0700000000000003,312.1337599547033
4200,2,20,100,11.4543,15.210810810810809,11.52,180.14889856230184
4201,2,20,100,10.6844,15.675675675675674,9.930000000000001,179.33740475283892
4202,2,20,100,6.7942,8.64864864864865,5.0600000000000005,211.08031601647204
4203,2,20,100,10.2494,11.891891891891891,9.09,189.36098756537442
4204,2,20,100,9.2105,15.135135135135135,8.2,199.89199643580451
4205,2,20,100,3.7823,3.2432432432432434,0.95,256.46752054751806
4206,2,20,100,3.4117,2.7027027027027026,1.05,190.66919084789828
4207,2,20,100,14.2055,23.243243243243246,15.569999999999999,182.46576963593768
4208,2,20,100,6.4186,7.891891891891892,4.459999999999999,186.14345890572974
4209,2,20,100,3.7049,5.405405405405405,1.21,257.43281227937086
4210,2,20,100,6.134,6.6054054054054046,2.71,213.75690093612187
4211,2,20,100,6.5766,9.264864864864865,4.25,202.70926192947175
4212,2,20,100,9.0684,12.951351351351352,8.709999999999999,174.33530594775667
4213,2,20,100,9.5497,14.594594594594593,8.059999999999999,180.21605929980421
4214,2,20,100,7.1649,10.27027027027027,6.15,170.74550816897784
4215,2,20,100,8.4099,11.859459459459458,8.15,173.16407465563128
4216,2,20,100,7.5096,9.18918918918919,5.2,195.00580700965455
4217,2,20,100,7.1373,6.486486486486487,4.33,197.6828559887521
4218,2,20,100,6.9079,10.454054054054055,5.34,188.67774978894622
4219,2,20,100,3.0635,0.0,0.0,
4220,2,30,100,8.05,11.632432432432433,7.1,164.755268181055
4221,2,30,100,8.2857,10.021621621621621,5.58,169.37926547933327
4222,2,30,100,6.0384,8.108108108108109,4.1,187.454950663847
4223,2,30,100,6.6628,7.5675675675675675,4.55,179.9205324475913
4224,2,30,100,12.3747,19.1027027027027,13.0,161.70150017412286
4225,2,30,100,7.7689,9.18918918918919,5.0,191.94239177847768
4226,2,30,100,2.802,0.0,0.01,
4227,2,30,100,7.9549,10.767567567567568,6.33,162.88655216984242
4228,2,30,100,4.3622,4.908108108108108,1.7100000000000002,165.76580330164174
4229,2,30,100,8.1894,11.35135135135135,7.51,150.79742559661102
4230,2,30,100,5.543,4.324324324324325,2.84,152.17604207556758
4231,2,30,100,8.2056,11.08108108108108,7.360000000000001,165.66133464642195
4232,2,30,100,6.5452,8.108108108108109,5.029999999999999,147.12062513389594
4233,2,30,100,6.7192,7.027027027027027,4.0,164.99104703090958
4234,2,30,100,7.5123,8.108108108108109,5.89,138.82608076895613
4235,2,30,100,6.0692,7.027027027027027,4.720000000000001,161.97315758008742
4236,2,30,100,8.0622,12.432432432432432,5.890000000000001,167.6647374277695
4237,2,30,100,10.0132,17.83783783783784,8.9,197.15950739744792
4238,2,30,100,11.7689,19.945945945945947,12.71,166.72990439814626
4239,2,30,100,8.696,12.302702702702703,6.859999999999999,187.16161763326818
4240,2,40,100,5.9147,7.027027027027027,3.47,166.35919648378072
4241,2,40,100,4.6568,3.2,1.9899999999999998,156.65163691726636
4242,2,40,100,8.8402,11.35135135135135,7.780000000000001,170.246743027917
4243,2,40,100,3.3192,0.0,0.02,
4244,2,40,100,12.6494,20.259459459459457,11.930000000000001,171.0276113687306
4245,2,40,100,5.671,5.945945945945946,3.04,166.94517831634175
4246,2,40,100,11.2564,15.37297297297297,9.82,161.50614045916592
4247,2,40,100,3.0895,0.5405405405405406,0.61,128.0856961476502
4248,2,40,100,4.455,2.9513513513513514,1.7899999999999998,185.16238547521615
4249,2,40,100,6.8183,5.405405405405405,4.87,124.87544205421621
4250,2,40,100,4.3516,3.5243243243243243,2.54,161.94827092874604
4251,2,40,100,6.3606,5.405405405405405,3.9799999999999995,170.56316702250604
4252,2,40,100,4.4497,3.956756756756757,1.72,214.33524097700507
4253,2,40,100,7.5404,9.18918918918919,6.65,146.16660414653316
4254,2,40,100,3.5087,2.1621621621621623,1.1,161.81083054043648
4255,2,40,100,3.4237,3.1243243243243244,1.77,172.48612291203696
4256,2,40,100,7.546,9.427027027027027,5.37,158.63097837932762
4257,2,40,100,4.2414,3.2432432432432434,1.5400000000000003,157.59202260895043
4258,2,40,100,2.6427,0.0,0.0,
4259,2,40,100,10.0999,12.432432432432433,8.24,167.64116740222485
4260,2,50,100,4.0215,1.6216216216216217,1.17,161.9489137098058
4261,2,50,100,9.8764,13.362162162162164,8.59,154.90690214499875
4262,2,50,100,12.051,14.054054054054054,10.43,152.2615627618192
4263,2,50,100,7.3021,8.659459459459459,4.7700000000000005,171.52831030549123
4264,2,50,100,3.0262,0.5405405405405406,0.39,234.77863803977124
4265,2,50,100,14.5952,18.56216216216216,13.13,138.49508094117073
4266,2,50,100,6.827,7.145945945945947,4.26,132.82982195265254
4267,2,50,100,13.7516,21.394594594594594,14.1,154.95727133345036
4268,2,50,100,3.6436,1.0810810810810811,1.09,121.75681195090726
4269,2,50,100,7.2614,6.486486486486487,4.62,137.04270346050768
4270,2,50,100,8.1101,12.432432432432432,6.890000000000001,186.30188589294286
4271,2,50,100,8.1778,6.886486486486487,5.11,141.37537007782083
4272,2,50,100,6.0197,5.405405405405405,2.73,159.6748938044662
4273,2,50,100,7.2596,4.864864864864865,4.99,134.88143843621413
4274,2,50,100,5.8736,5.102702702702703,3.6300000000000003,139.8948320438382
4275,2,50,100,4.8172,3.2432432432432434,2.5200000000000005,128.95461002111088
4276,2,50,100,9.6002,12.378378378378377,7.32,163.00952685835603
4277,2,50,100,6.6865,6.486486486486487,3.0799999999999996,193.33616039227527
4278,2,50,100,8.5678,10.27027027027027,6.839999999999999,162.36374276843335
4279,2,50,100,6.5678,6.583783783783784,4.32,190.82427433848582
4280,2,60,100,11.8708,18.37837837837838,12.469999999999999,151.43414925935676
4281,2,60,100,6.0977,6.486486486486487,3.44,201.19331636112886
4282,2,60,100,4.0233,2.1621621621621623,1.5,132.93265279416656
4283,2,60,100,6.3504,4.324324324324325,3.6799999999999997,157.76543905703602
4284,2,60,100,6.8099,4.864864864864865,4.2299999999999995,133.25073361637462
4285,2,60,100,3.5575,2.1621621621621623,1.0699999999999998,182.60238879213392
4286,2,60,100,3.04,0.5405405405405406,0.15,128.4094049423042
4287,2,60,100,5.2943,5.405405405405405,2.56,172.65319924301204
4288,2,60,100,6.5565,5.805405405405405,4.17,142.2843093885881
4289,2,60,100,4.9335,3.7837837837837838,2.52,200.20431878983135
4290,2,60,100,9.4617,10.27027027027027,7.87,162.716409392386
4291,2,60,100,10.9643,15.675675675675674,10.11,142.30748842483356
4292,2,60,100,11.2754,15.135135135135135,9.059999999999999,168.50431079695383
4293,2,60,100,5.5384,4.864864864864865,2.95,155.02752445982316
4294,2,60,100,7.5397,10.27027027027027,5.660000000000001,171.65921516649098
4295,2,60,100,3.4695,0.5405405405405406,0.43,205.6266579769387
4296,2,60,100,7.0225,6.486486486486486,4.369999999999999,144.87785953587002
4297,2,60,100,7.15,7.5675675675675675,4.33,167.22137284286336
4298,2,60,100,8.883,7.956756756756756,6.43,149.22961579261934
4299,2,60,100,6.5947,6.81081081081081,5.140000000000001,129.9234141370867
4300,2,70,100,4.4903,3.2216216216216216,1.9100000000000001,178.94050156249628
4301,2,70,100,8.7393,9.6,5.82,170.07446215899944
4302,2,70,100,7.0107,9.372972972972974,6.469999999999999,125.3841329697649
4303,2,70,100,5.2198,3.2432432432432434,2.52,152.524556527176
4304,2,70,100,7.3582,7.621621621621623,5.83,151.5509814910596
4305,2,70,100,8.0432,9.18918918918919,5.470000000000001,160.33213958226602
4306,2,70,100,7.168,8.843243243243244,5.23,162.63986476642722
4307,2,70,100,3.5566,1.6216216216216217,0.82,160.35700873852667
4308,2,70,100,15.0707,20.854054054054053,13.27,154.0440453069517
4309,2,70,100,7.5602,7.124324324324324,5.4,143.30717809823392
4310,2,70,100,7.1095,8.64864864864865,5.96,130.98122931284888
4311,2,70,100,7.7006,5.405405405405405,4.74,152.42633663381153
4312,2,70,100,7.8486,7.3621621621621625,4.7700000000000005,154.4231351634928
4313,2,70,100,4.3495,1.6216216216216217,1.8400000000000003,136.1249842852984
4314,2,70,100,2.9267,0.0,0.0,
4315,2,70,100,9.4191,10.81081081081081,7.37,150.96062994319317
4316,2,70,100,8.3151,10.27027027027027,6.7299999999999995,161.6059482284128
4317,2,70,100,4.3868,4.616216216216216,1.85,192.4027319285937
4318,2,70,100,4.2773,3.2432432432432434,1.58,146.73104735184177
4319,2,70,100,4.5627,3.2432432432432434,2.18,147.08548076472803
4320,2,75,100,8.4168,7.945945945945946,6.069999999999999,135.6531203455954
4321,2,75,100,11.8687,15.027027027027026,10.2,134.93650753640085
4322,2,75,100,4.6861,3.102702702702703,1.6800000000000002,144.41398433164218
4323,2,75,100,5.24,2.7027027027027026,2.1399999999999997,169.83184408357153
4324,2,75,100,6.4535,6.486486486486486,4.14,142.51441703796294
4325,2,75,100,6.1802,4.324324324324325,3.1499999999999995,153.1228673613941
4326,2,75,100,6.0694,3.2432432432432434,2.41,148.44725996434966
4327,2,75,100,6.6162,5.405405405405405,3.13,159.8333295130126
4328,2,75,100,5.1775,2.0108108108108107,2.53,119.02645584384366
4329,2,75,100,10.8271,11.35135135135135,8.07,140.88118363535182
4330,2,75,100,8.2988,10.27027027027027,7.08,142.26389748016095
4331,2,75,100,7.4477,10.389189189189189,6.719999999999999,149.01771650478983
4332,2,75,100,3.5729,1.6216216216216217,0.8300000000000001,165.09963584195108
4333,2,75,100,5.6604,4.324324324324325,2.73,136.96009282422943
4334,2,75,100,5.127,4.864864864864865,2.6,165.78889162719986
4335,2,75,100,4.6015,2.7027027027027026,2.25,161.1655506829743
4336,2,75,100,5.6255,4.281081081081081,2.86,163.1492532599289
4337,2,75,100,9.7748,13.567567567567568,7.909999999999999,150.62060496272522
4338,2,75,100,2.2702,0.0,0.0,
4339,2,75,100,11.1338,12.432432432432432,8.540000000000001,133.9839644209874
4340,2,80,100,5.9778,5.945945945945946,3.79,134.16139210510767
4341,2,80,100,4.1347,3.2108108108108104,2.13,174.1168639273428
4342,2,80,100,11.6631,10.735135135135135,9.25,142.9275584733924
4343,2,80,100,11.8314,16.756756756756758,10.95,142.83850617857158
4344,2,80,100,4.371,3.2432432432432434,2.54,147.5163756797997
4345,2,80,100,5.7111,4.389189189189189,2.96,176.60026512422493
4346,2,80,100,5.510119826804954,3.264185016009834,3.3553702744691867,146.8692762624213
4347,2,80,100,6.5052,7.027027027027027,4.96,147.0149442314576
4348,2,80,100,3.1651,0.5405405405405406,0.24,118.30888809232322
4349,2,80,100,7.0138,7.5675675675675675,5.67,155.12412056790183
4350,2,80,100,4.7338,3.7837837837837838,2.27,140.76008997748275
4351,2,80,100,6.808,8.64864864864865,5.88,152.70049268995174
4352,2,80,100,8.7423,11.85945945945946,7.85,161.72545023493038
4353,2,80,100,6.021463119709795,6.038575215576342,4.26912681912682,155.64473731664796
4354,2,80,100,2.5727,0.0,0.02,
4355,2,80,100,5.7209,4.324324324324325,3.2600000000000002,136.771145893214
4356,2,80,100,10.248373210531584,10.356756756756758,7.431050779286073,131.4488684503105
4357,2,80,100,5.5079,5.405405405405405,3.1100000000000003,129.25421793142135
4358,2,80,100,7.2156,8.108108108108109,5.16,141.2514026315653
4359,2,80,100,5.7695,4.864864864864865,3.1100000000000003,150.4023796543199
4360,2,90,100,9.6231,12.183783783783785,7.220000000000001,141.5839691120144
4361,2,90,100,5.5404,4.324324324324325,3.71,149.032603821213
4362,2,90,100,6.0019,4.324324324324325,2.9899999999999998,149.76885993519136
4363,2,90,100,2.8837,0.0,0.0,
4364,2,90,100,9.2712,7.491891891891892,6.45,129.60729428867518
4365,2,90,100,5.9859,6.735135135135136,4.67,153.6440691063942
4366,2,90,100,3.8165,0.5405405405405406,0.56,112.6984232079442
4367,2,90,100,3.4372,0.5405405405405406,0.75,113.40543083706213
4368,2,90,100,10.2171,12.248648648648649,8.120000000000001,153.30686101166862
4369,2,90,100,4.0852,1.816216216216216,1.4100000000000001,155.27751684169348
4370,2,90,100,9.0948,9.72972972972973,6.04,153.59255703761903
4371,2,90,100,8.1452,8.29189189189189,5.06,151.6764305998048
4372,2,90,100,5.8283,5.1567567567567565,3.4,138.24718247309733
4373,2,90,100,3.8803,2.1621621621621623,1.4,125.95631098147729
4374,2,90,100,5.7911,4.864864864864865,4.4,137.16736316820163
4375,2,90,100,5.8234,5.405405405405405,2.4899999999999998,165.9081213606956
4376,2,90,100,6.6924,5.945945945945946,3.47,158.56540626583435
4377,2,90,100,5.8121,4.324324324324325,3.3299999999999996,142.84594350134984
4378,2,90,100,4.5939,1.6216216216216217,1.39,129.05165161537013
4379,2,90,100,4.1903,0.5405405405405406,0.9,135.96794434457695
4380,2,100,100,5.492,4.324324324324325,2.61,140.7760999308691
4381,2,100,100,8.0282,7.221621621621621,4.450000000000001,153.70299226518424
4382,2,100,100,7.4337,7.5675675675675675,5.16,140.51543359479103
4383,2,100,100,9.0308,7.5675675675675675,6.37,129.40590280306864
4384,2,100,100,12.6812,15.6,12.56,135.20129580124635
4385,2,100,100,5.1164,3.2432432432432434,2.1100000000000003,139.14231355908814
4386,2,100,100,5.2986,4.324324324324325,2.2399999999999998,159.44778481466363
4387,2,100,100,7.4697,7.027027027027026,5.12,138.2144669886983
4388,2,100,100,11.6912,11.35135135135135,10.37,132.98965991339205
4389,2,100,100,3.4117,0.5405405405405406,0.55,117.65986906997361
4390,2,100,100,4.5326,3.2432432432432434,2.2299999999999995,131.17693151338784
4391,2,100,100,6.8947,5.827027027027027,4.529999999999999,146.53208355687934
4392,2,100,100,4.4819,1.0810810810810811,1.1,118.5681699263406
4393,2,100,100,16.933,18.475675675675678,14.280000000000001,129.23409427746344
4394,2,100,100,5.2332,5.081081081081082,3.2400000000000007,135.38783221190374
4395,2,100,100,2.8162,0.5405405405405406,0.1,226.14078911102268
4396,2,100,100,3.1421,0.5405405405405406,0.41999999999999993,130.7195744533595
4397,2,100,100,12.1546,11.372972972972972,8.93,152.70946104629945
4398,2,100,100,9.7937,9.978378378378377,8.05,134.1050784113017
4399,2,100,100,6.2152,4.864864864864865,3.87,153.59451368492228
4400,3,10,1,87.8402,2.1621621621621623,29.490000000000002,101.17912843323074
4401,3,10,1,129.2892,2.1621621621621623,43.769999999999996,105.90325486826623
4402,3,10,1,62.4318,1.6216216216216217,20.56,105.97753429134991
4403,3,10,1,51.0875,1.0810810810810811,16.919999999999998,103.21203559247544
4404,3,10,1,160.6467,3.7837837837837838,56.07000000000001,100.58917944506081
4405,3,10,1,160.8186,1.6216216216216217,55.029999999999994,107.75883978183116
4406,3,10,1,86.7347,1.0810810810810811,28.75,95.0041804134954
4407,3,10,1,12.4985,0.0,3.0,
4408,3,10,1,63.8148,1.0810810810810811,20.360000000000003,98.64548529270347
4409,3,10,1,129.1218,1.6216216216216217,43.15,91.85296125007108
4410,3,10,1,146.6598,2.1621621621621623,52.0,109.6977312297772
4411,3,10,1,25.5259,1.6216216216216217,7.65,147.64122618942704
4412,3,10,1,103.6484,2.1621621621621623,35.4,101.5377212551183
4413,3,10,1,21.1255,0.2054054054054054,6.0600000000000005,98.26396352907327
4414,3,10,1,141.2232,2.7027027027027026,49.9,103.33765548932092
4415,3,10,1,113.4687,2.7027027027027026,40.25,108.26870163601681
4416,3,10,1,85.8198,1.6216216216216217,30.4,110.53329178721513
4417,3,10,1,4.1298,1.0810810810810811,0.02,361.1675168735327
4418,3,10,1,62.8685,2.1621621621621623,20.65,195.44888694257116
4419,3,10,1,62.4519,1.0810810810810811,20.69,100.8833641172448
4420,3,20,1,100.3519,2.1621621621621623,34.410000000000004,105.02254629949311
4421,3,20,1,85.0908,1.6216216216216217,29.169999999999998,107.40466865812213
4422,3,20,1,94.0539,0.5405405405405406,30.95,98.41453955791198
4423,3,20,1,69.5762,0.5405405405405406,24.410000000000004,127.48059247732017
4424,3,20,1,39.2189,0.5405405405405406,12.85,98.25621607021499
4425,3,20,1,136.5443,1.6216216216216217,46.989999999999995,102.38549659674659
4426,3,20,1,128.1396,0.0,43.92,
4427,3,20,1,60.1725,0.0,20.630000000000003,
4428,3,20,1,64.865,1.0810810810810811,21.68,106.76404239783929
4429,3,20,1,81.1046,1.0810810810810811,26.93,103.50856449821467
4430,3,20,1,57.7903,0.0,18.43,
4431,3,20,1,81.732,1.0810810810810811,27.580000000000002,102.84945727581264
4432,3,20,1,43.8245,0.33513513513513515,13.99,104.15515344429453
4433,3,20,1,97.5711,0.0,32.07000000000001,
4434,3,20,1,117.9327,2.1621621621621623,42.5,104.1993417583679
4435,3,20,1,27.4312,0.5405405405405406,8.370000000000001,100.44015649575016
4436,3,20,1,52.3757,1.0810810810810811,17.21,107.17320804162193
4437,3,20,1,50.2481,0.5405405405405406,16.369999999999997,114.06554150022873
4438,3,20,1,122.5616,2.7027027027027026,42.81,102.85002547603305
4439,3,20,1,128.7542,2.1621621621621623,44.16,105.84087790446708
4440,3,30,1,28.3991,1.6216216216216217,9.059999999999999,90.24530533768537
4441,3,30,1,116.4832,1.9675675675675677,40.26,105.88763478925587
4442,3,30,1,108.5299,1.8486486486486484,38.07000000000001,108.11642869439355
4443,3,30,1,183.2776,4.324324324324325,65.55999999999999,105.00959791472482
4444,3,30,1,105.2279,2.1621621621621623,34.56,101.2720042173656
4445,3,30,1,3.7979,0.0,0.01,
4446,3,30,1,33.2186,0.5405405405405406,11.03,106.80142298555408
4447,3,30,1,122.8162,0.5405405405405406,41.370000000000005,118.00879946484065
4448,3,30,1,71.938,0.08648648648648649,23.5,100.20955532745857
4449,3,30,1,90.515,0.5405405405405406,31.059999999999995,116.17113798537163
4450,3,30,1,92.6996,1.0810810810810811,31.470000000000006,115.18519286620393
4451,3,30,1,135.1281,1.0810810810810811,45.93,104.73800781130383
4452,3,30,1,157.2213,1.6756756756756759,56.15999999999999,103.61267003928393
4453,3,30,1,75.3014,1.6216216216216217,25.660000000000004,104.65852636390645
4454,3,30,1,109.2035,3.7837837837837838,39.58,112.3925006662263
4455,3,30,1,59.2704,1.6216216216216217,19.65,117.24155436853054
4456,3,30,1,84.2474,1.6216216216216217,28.169999999999998,101.30342410768542
4457,3,30,1,113.6939,0.0,38.17,
4458,3,30,1,137.5761,3.2,48.339999999999996,98.01831770324482
4459,3,30,1,3.9833,0.0,0.05,
4460,3,40,1,78.2456,0.5405405405405406,26.54,89.56171770142292
4461,3,40,1,131.5446,2.1621621621621623,44.47,107.6503076056002
4462,3,40,1,34.4242,0.5405405405405406,11.379999999999999,107.88950218916405
4463,3,40,1,131.1591,2.1621621621621623,45.790000000000006,108.10672857613123
4464,3,40,1,87.0861,1.0810810810810811,29.420000000000005,113.82174919854322
4465,3,40,1,8.4865,0.0,1.9100000000000001,
4466,3,40,1,30.9063,0.5405405405405406,10.09,113.34696820168827
4467,3,40,1,84.6598,1.6216216216216217,28.48,102.65666107264165
4468,3,40,1,56.5696,0.5405405405405406,18.770000000000003,106.55828168019494
4469,3,40,1,58.2798,1.6216216216216217,20.240000000000002,101.96662742993927
4470,3,40,1,85.1989,2.1621621621621623,29.55,113.83256935630506
4471,3,40,1,54.1652,0.5405405405405406,18.71,116.79242495233312
4472,3,40,1,124.9619,1.6216216216216217,43.089999999999996,104.47159101548162
4473,3,40,1,66.5862,1.0810810810810811,21.310000000000002,97.68257516630555
4474,3,40,1,8.0256,0.0,1.8400000000000003,
4475,3,40,1,42.782,0.5405405405405406,13.469999999999999,94.7557804224784
4476,3,40,1,53.6588,1.0810810810810811,17.740000000000002,102.5971003099065
4477,3,40,1,7.4179,0.0,1.29,
4478,3,40,1,165.0502,1.0810810810810811,55.489999999999995,97.49149606333813
4479,3,40,1,127.3276,1.0810810810810811,43.12,87.77576232162022
4480,3,50,1,83.9078,1.6216216216216217,29.860000000000003,118.23380790498759
4481,3,50,1,150.7096,2.6270270270270273,52.85,106.55445489327697
4482,3,50,1,81.676,1.0810810810810811,27.48,100.40830861791494
4483,3,50,1,36.3906,0.5405405405405406,11.49,104.60519247736386
4484,3,50,1,73.9751,1.6216216216216217,24.53,104.7665399119461
4485,3,50,1,54.1096,0.0,18.0,
4486,3,50,1,50.2766,0.5405405405405406,15.819999999999999,100.64676048830883
4487,3,50,1,4.1348,0.0,0.0,
4488,3,50,1,40.4942,3.2432432432432434,13.52,106.44401224036197
4489,3,50,1,58.0903,1.0810810810810811,19.53,117.0373448750197
4490,3,50,1,100.2678,1.0810810810810811,33.739999999999995,107.68867409404099
4491,3,50,1,19.1661,1.6216216216216217,5.99,108.83360243491609
4492,3,50,1,74.6754,1.0810810810810811,24.73,107.44911390433505
4493,3,50,1,7.2721,0.5405405405405406,1.17,100.82715262812555
4494,3,50,1,129.844,0.5405405405405406,44.28,110.24338133415132
4495,3,50,1,49.909,1.6216216216216217,16.2,95.64718428619653
4496,3,50,1,144.9733,1.0810810810810811,48.77,97.77759992895191
4497,3,50,1,93.8854,0.5405405405405406,32.49,126.1617208666311
4498,3,50,1,58.1215,0.0,19.5,
4499,3,50,1,28.919,1.0810810810810811,9.47,123.36437373298477
4500,3,60,1,114.7633,1.6216216216216217,38.739999999999995,102.22675044666921
4501,3,60,1,97.2422,2.7027027027027026,32.220000000000006,99.01617234360965
4502,3,60,1,151.0547,1.0810810810810811,52.3,106.14143707185696
4503,3,60,1,8.3025,0.0,1.61,
4504,3,60,1,111.8965,4.097297297297297,39.39,105.55693811842707
4505,3,60,1,32.9048,1.0810810810810811,10.68,103.04733534727795
4506,3,60,1,120.0374,1.6216216216216217,41.18,108.28950252436137
4507,3,60,1,135.9645,2.1621621621621623,46.39,99.13982657967526
4508,3,60,1,47.3632,0.0,14.559999999999999,
4509,3,60,1,4.9259,0.0,0.02,
4510,3,60,1,21.9231,1.0810810810810811,6.57,97.11358231695068
4511,3,60,1,66.6134,2.7027027027027026,22.98,104.13800642819983
4512,3,60,1,110.6041,3.2432432432432434,38.86,107.76501290844236
4513,3,60,1,35.4255,3.2432432432432434,12.25,107.27269179338687
4514,3,60,1,79.6117,0.5405405405405406,28.709999999999997,122.28578193781934
4515,3,60,1,38.5972,1.6216216216216217,12.819999999999999,101.06749647720945
4516,3,60,1,76.5859,2.7027027027027026,26.04,101.77492754354635
4517,3,60,1,4.2572,0.0,0.0,
4518,3,60,1,116.6055,1.0810810810810811,40.39,113.56840830534381
4519,3,60,1,27.9378,1.0810810810810811,9.22,108.99399029553419
4520,3,70,1,4.2481,0.0,0.05,
4521,3,70,1,4.3725,0.0,0.06999999999999999,
4522,3,70,1,61.6268,0.5405405405405406,20.119999999999997,100.79302500970012
4523,3,70,1,113.5285,1.6216216216216217,38.42,102.46313831191473
4524,3,70,1,43.0269,0.0,12.819999999999999,
4525,3,70,1,38.878,1.6216216216216217,12.77,101.6052042246335
4526,3,70,1,68.2142,2.7027027027027026,24.82,107.73451802962305
4527,3,70,1,41.9649,2.1621621621621623,13.51,102.67742572097583
4528,3,70,1,103.5151,1.6216216216216217,34.71,96.24940345519242
4529,3,70,1,73.6599,1.6216216216216217,25.76,97.86174556038408
4530,3,70,1,82.1329,0.854054054054054,26.919999999999998,97.50449994980085
4531,3,70,1,36.8478,1.0810810810810811,11.65,108.61916558213314
4532,3,70,1,45.364,0.0,14.39,
4533,3,70,1,126.4136,1.6216216216216217,43.37,102.3536131448076
4534,3,70,1,116.8867,2.583783783783784,40.37,104.55882453558775
4535,3,70,1,67.9176,0.5405405405405406,21.919999999999998,97.89283882730287
4536,3,70,1,45.1768,0.5405405405405406,15.77,117.25974465788983
4537,3,70,1,8.5776,0.5405405405405406,1.7099999999999997,100.33874308695911
4538,3,70,1,75.4626,1.6216216216216217,25.939999999999998,106.28555795555337
4539,3,70,1,3.9164,0.0,0.0,
4540,3,75,1,31.8405,0.5405405405405406,10.16,102.06481845471754
4541,3,75,1,95.5523,2.3891891891891888,33.23,106.03035075703096
4542,3,75,1,98.5727,4.324324324324325,34.190000000000005,109.7532717562178
4543,3,75,1,29.3584,2.1621621621621623,9.469999999999999,108.68633112138642
4544,3,75,1,49.414,0.0,15.920000000000002,
4545,3,75,1,120.8437,1.6216216216216217,40.25,109.25665603828259
4546,3,75,1,120.1848,1.6216216216216217,40.46,94.37594081920501
4547,3,75,1,34.0347,0.5405405405405406,11.07,109.40878240885576
4548,3,75,1,4.3381,0.0,0.0,
4549,3,75,1,125.082,2.7027027027027026,45.129999999999995,109.57290615320161
4550,3,75,1,66.9739,1.6216216216216217,23.04,106.20638760298283
4551,3,75,1,102.1998,1.0810810810810811,34.67999999999999,104.38207857716833
4552,3,75,1,120.8793,1.0810810810810811,40.52,102.78003495784776
4553,3,75,1,127.003,1.0810810810810811,42.86,105.62117738670788
4554,3,75,1,51.4122,0.5405405405405406,16.96,108.03858703399192
4555,3,75,1,83.0426,0.5405405405405406,27.810000000000002,117.43016091066838
4556,3,75,1,114.7979,2.1621621621621623,39.690000000000005,104.83557825473417
4557,3,75,1,57.9652,1.0810810810810811,19.839999999999996,106.37396382655243
4558,3,75,1,131.2861,1.6216216216216217,44.36,101.40140843736386
4559,3,75,1,57.6227,0.0,18.25,
4560,3,80,1,60.5881,1.6216216216216217,19.830000000000002,100.49851570669252
4561,3,80,1,38.1654,0.5405405405405406,12.2,106.4146340924976
4562,3,80,1,37.7747,1.0810810810810811,12.66,112.3350771034766
4563,3,80,1,38.9964,0.5405405405405406,12.610000000000001,110.26615595226599
4564,3,80,1,58.6101,1.0810810810810811,19.16,104.65366445358748
4565,3,80,1,82.8042,1.0810810810810811,27.310000000000002,107.10047014314245
4566,3,80,1,86.6895,1.6216216216216217,29.170000000000005,105.82283531243013
4567,3,80,1,11.9702,0.5405405405405406,3.2399999999999998,150.36558941127322
4568,3,80,1,27.6939,0.5405405405405406,8.09,98.65390471742612
4569,3,80,1,106.9654,0.0,34.980000000000004,
4570,3,80,1,65.092,1.0810810810810811,21.479999999999997,114.53396952732427
4571,3,80,1,43.9155,0.0,14.330000000000002,
4572,3,80,1,23.553,1.6216216216216217,7.7,106.420989283894
4573,3,80,1,81.0076,2.7027027027027026,27.369999999999997,106.68355557303104
4574,3,80,1,37.2452,1.0810810810810811,12.08,97.54503923665834
4575,3,80,1,134.0774,2.7027027027027026,45.02,92.55821275588264
4576,3,80,1,135.9229,2.7027027027027026,47.55,104.62776424097918
4577,3,80,1,50.6222,1.0810810810810811,15.95,105.57461960435371
4578,3,80,1,104.106,2.1621621621621623,36.089999999999996,101.17492356631448
4579,3,80,1,102.9067,0.0,34.36,
4580,3,90,1,78.2583,1.6216216216216217,27.380000000000003,104.26853523773373
4581,3,90,1,85.7413,1.6216216216216217,29.2,101.4593335999089
4582,3,90,1,195.1246,2.5729729729729733,66.53,98.65685290098847
4583,3,90,1,104.9039,2.1621621621621623,36.1,96.57561296144084
4584,3,90,1,103.2666,1.6216216216216217,35.11,109.2562727102749
4585,3,90,1,146.883,3.7837837837837838,49.660000000000004,100.82863253634096
4586,3,90,1,53.0692,1.0810810810810811,18.380000000000003,104.581370675812
4587,3,90,1,113.1761,1.6216216216216217,39.27,104.45090482980527
4588,3,90,1,126.1954,1.6216216216216217,43.9,103.64678788325664
4589,3,90,1,52.4382,1.6216216216216217,16.990000000000002,101.36874341564983
4590,3,90,1,53.0148,1.0810810810810811,17.72,107.03487063028116
4591,3,90,1,61.2804,1.4702702702702704,20.18,103.94130456498469
4592,3,90,1,62.7679,1.6216216216216217,21.84,102.19556167657419
4593,3,90,1,128.9424,0.5405405405405406,43.67,98.01044035406794
4594,3,90,1,113.9782,2.7027027027027026,40.05,106.05294830522271
4595,3,90,1,118.2613,1.32972972972973,40.87,103.79677342083035
4596,3,90,1,99.6318,1.6216216216216217,35.0,106.5091525873219
4597,3,90,1,71.0511,1.0810810810810811,24.82,112.04621717207789
4598,3,90,1,68.8068,0.0,23.130000000000003,
4599,3,90,1,77.3633,1.6216216216216217,25.96,100.89182685587544
4600,3,100,1,92.7322,1.6216216216216217,31.6,104.79932716133489
4601,3,100,1,66.9587,1.6216216216216217,23.07,123.39203383145586
4602,3,100,1,140.3335,2.1621621621621623,47.31,97.03150499464866
4603,3,100,1,76.5454,0.0,25.18,
4604,3,100,1,4.2054,0.0,0.0,
4605,3,100,1,105.1459,1.0810810810810811,36.4,111.76474710805294
4606,3,100,1,37.5838,0.5405405405405406,11.83,93.53904086462138
4607,3,100,1,73.647,1.1027027027027025,24.56,100.32527962599922
4608,3,100,1,86.4334,1.0810810810810811,28.75,100.05859490720371
4609,3,100,1,141.5692,0.5405405405405406,46.660000000000004,98.85903712599965
4610,3,100,1,103.9884,1.0810810810810811,34.209999999999994,114.23277221816618
4611,3,100,1,50.3116,0.0,15.680000000000001,
4612,3,100,1,45.0276,0.0,13.62,
4613,3,100,1,63.0092,1.6216216216216217,21.280000000000005,116.74397224700279
4614,3,100,1,57.9553,1.0810810810810811,18.45,99.63353694084583
4615,3,100,1,48.302,0.5405405405405406,15.719999999999999,105.48504061461823
4616,3,100,1,4.0629,0.0,0.02,
4617,3,100,1,89.9374,2.118918918918919,30.830000000000002,108.66434386237172
4618,3,100,1,47.004,1.6,15.74,108.75168632792717
4619,3,100,1,95.6584,0.5405405405405406,31.360000000000003,91.1290315964593
4620,3,10,5,69.6952,5.405405405405405,25.009999999999998,115.56668238938919
4621,3,10,5,63.1254,4.864864864864865,24.32,108.75997497351005
4622,3,10,5,34.0412,6.356756756756757,12.73,216.00268474329036
4623,3,10,5,4.2209,1.0810810810810811,0.0,816.2233680786455
4624,3,10,5,49.0387,5.9459459459459465,17.53,120.23815304897843
4625,3,10,5,59.4631,4.864864864864865,21.240000000000002,159.60052758965855
4626,3,10,5,4.4637,1.0810810810810811,0.01,535.5903036606692
4627,3,10,5,53.1473,7.3297297297297295,19.130000000000003,125.92252275564381
4628,3,10,5,24.395,2.7027027027027026,7.6899999999999995,146.15775676455394
4629,3,10,5,45.4766,3.4810810810810815,16.02,132.61120231677953
4630,3,10,5,19.4099,0.5405405405405406,5.95,111.3816781059501
4631,3,10,5,94.6402,9.135135135135135,35.86,107.0758565628373
4632,3,10,5,38.404,4.324324324324325,13.680000000000001,107.46181169020647
4633,3,10,5,22.7305,2.7027027027027026,7.530000000000001,111.69568868953588
4634,3,10,5,32.0149,2.1621621621621623,10.1,113.77148320344311
4635,3,10,5,77.5197,7.027027027027027,29.169999999999998,106.20439150701495
4636,3,10,5,53.2702,4.8,19.229999999999997,140.02552539314192
4637,3,10,5,37.7431,4.324324324324325,12.930000000000001,223.94982318530757
4638,3,10,5,58.4745,5.405405405405405,21.93,134.17625600861558
4639,3,10,5,24.6725,2.4864864864864864,7.8199999999999985,103.56457102757876
4640,3,20,5,91.0481444332999,5.2718740718740715,31.27934010152284,102.03798507910591
4641,3,20,5,98.6912,4.864864864864865,34.13,101.21497758234953
4642,3,20,5,32.9165,3.2432432432432434,10.58,109.74621223146237
4643,3,20,5,69.62958843159066,5.010247810694988,25.57774097142328,118.80361432243129
4644,3,20,5,78.7016,6.540540540540542,29.380000000000003,113.12343844439468
4645,3,20,5,62.7571,5.945945945945946,22.839999999999996,111.4485563162683
4646,3,20,5,61.120733313076066,4.324324324324325,22.4,113.13709124005813
4647,3,20,5,53.6842,6.486486486486487,19.669999999999998,115.49570190270002
4648,3,20,5,37.8494,3.7837837837837838,13.25,105.30958386402678
4649,3,20,5,6.2351,0.0,0.9800000000000001,
4650,3,20,5,68.3156,4.6702702702702705,24.369999999999997,101.65164109295961
4651,3,20,5,121.0275,5.405405405405405,44.14,103.56755082844252
4652,3,20,5,3.121,0.0,0.0,
4653,3,20,5,3.8404,0.0,0.0,
4654,3,20,5,29.6197,1.535135135135135,9.440000000000001,103.31370423927554
4655,3,20,5,4.229368810643193,0.0,0.0,
4656,3,20,5,9.6882,1.0810810810810811,2.71,121.03500429958842
4657,3,20,5,83.5696,5.405405405405405,30.5,131.67568827406006
4658,3,20,5,25.173926103935116,2.7027027027027026,8.84,108.81920349489849
4659,3,20,5,53.9081,4.616216216216216,18.28,103.28127357897073
4660,3,30,5,4.1635,0.0,0.0,
4661,3,30,5,111.8339,10.810810810810812,41.75,115.08034926250632
4662,3,30,5,17.3761,0.5405405405405406,4.77,101.13898938943854
4663,3,30,5,92.1324,6.486486486486487,36.559999999999995,115.46838308692202
4664,3,30,5,93.503,7.027027027027027,33.98,110.51420592950701
4665,3,30,5,75.2205,4.6378378378378375,26.71,108.83375639498061
4666,3,30,5,79.3916,7.027027027027027,28.78,107.372634834342
4667,3,30,5,73.9244,6.486486486486487,27.32,107.4032634163804
4668,3,30,5,11.4956,1.6216216216216217,3.29,104.94693562441398
4669,3,30,5,76.9453,6.486486486486487,30.119999999999997,108.72196527231792
4670,3,30,5,71.2632,6.562162162162162,27.49,112.82419323107426
4671,3,30,5,45.6174,3.7837837837837838,17.15,127.92960687119694
4672,3,30,5,54.0638,5.945945945945946,19.27,118.6346992478724
4673,3,30,5,77.3109,5.221621621621622,29.160000000000004,104.84536039078583
4674,3,30,5,51.6381,3.2432432432432434,18.119999999999997,102.55513158813092
4675,3,30,5,39.6616,1.6216216216216217,13.209999999999999,111.53370063550067
4676,3,30,5,62.0829,2.7027027027027026,20.96,105.93681391129205
4677,3,30,5,33.6255,3.4270270270270276,12.059999999999999,111.42084662453615
4678,3,30,5,47.4586,2.108108108108108,16.110000000000003,99.07255747391726
4679,3,30,5,51.9062,6.594594594594595,19.32,110.0377043331225
4680,3,40,5,22.0761,2.7027027027027026,8.1,108.85130430224407
4681,3,40,5,41.1738,1.6216216216216217,13.059999999999999,106.63482487732665
4682,3,40,5,67.4665,6.032432432432432,24.25,106.03190107906505
4683,3,40,5,17.1661,3.2432432432432434,6.01,107.00639584507003
4684,3,40,5,32.0223,2.237837837837838,10.48,104.5339231622585
4685,3,40,5,56.82,5.405405405405405,21.8,107.66307447426672
4686,3,40,5,21.5495,2.7567567567567566,7.4,109.10946686398984
4687,3,40,5,31.0382,2.7027027027027026,10.67,110.9047708082447
4688,3,40,5,49.617,4.864864864864865,18.59,106.3877116820364
4689,3,40,5,51.3755,5.945945945945946,19.85,115.64589711229047
4690,3,40,5,61.9226,4.864864864864865,22.75,107.82248570541954
4691,3,40,5,38.5775,3.2432432432432434,13.51,123.65473504318294
4692,3,40,5,21.1506,2.1621621621621623,6.63,107.10298875616255
4693,3,40,5,39.6674,4.324324324324325,13.260000000000002,106.36199934204895
4694,3,40,5,3.4757,0.0,0.0,
4695,3,40,5,60.0078,6.486486486486487,24.34,117.55953445706125
4696,3,40,5,33.828,3.7837837837837838,12.27,114.88821356930443
4697,3,40,5,35.4079,2.1621621621621623,12.05,108.73161469369066
4698,3,40,5,69.5295,5.945945945945946,25.39,107.72482784894561
4699,3,40,5,44.0803,2.1621621621621623,14.95,106.42024689625254
4700,3,50,5,80.5173,6.108108108108108,29.65,106.3922081385303
4701,3,50,5,60.915,6.583783783783784,23.5,119.08178969694542
4702,3,50,5,100.8896,5.945945945945946,37.35,106.53324304409566
4703,3,50,5,60.4389,9.18918918918919,24.160000000000004,118.62841832179227
4704,3,50,5,64.9794,7.027027027027026,24.810000000000002,129.70902315605397
4705,3,50,5,22.3622,1.6216216216216217,6.6899999999999995,105.75043980368132
4706,3,50,5,40.5141,5.945945945945946,14.8,117.21886755495325
4707,3,50,5,56.0781,5.383783783783784,19.610000000000003,102.85898839725469
4708,3,50,5,45.4921,2.7027027027027026,14.88,97.06788533165795
4709,3,50,5,99.668,5.945945945945946,36.04,106.7933729265239
4710,3,50,5,55.5725,4.864864864864865,20.68,103.11793611691706
4711,3,50,5,38.2148,2.1621621621621623,12.39,106.19607035519891
4712,3,50,5,93.9324,6.486486486486487,34.739999999999995,106.40419869035684
4713,3,50,5,17.1075,3.0054054054054054,5.93,108.27843492194852
4714,3,50,5,49.5288,5.945945945945946,18.450000000000003,103.82966469395286
4715,3,50,5,56.2122,6.497297297297297,20.990000000000002,109.05593902664326
4716,3,50,5,15.6069,1.6216216216216217,4.6,106.83919371617584
4717,3,50,5,70.2437,3.2432432432432434,24.47,110.2709498473959
4718,3,50,5,31.3928,3.2432432432432434,11.209999999999999,109.27220291931519
4719,3,50,5,45.8203,7.84864864864865,18.000000000000004,105.92411510969586
4720,3,60,5,22.4212,2.7027027027027026,8.07,114.1347854169067
4721,3,60,5,27.2928,4.324324324324325,9.209999999999999,108.23888859531093
4722,3,60,5,24.732,1.6216216216216217,7.720000000000001,106.62248690396784
4723,3,60,5,47.2571,5.9459459459459465,17.130000000000003,104.49245281839477
4724,3,60,5,70.36,7.5675675675675675,25.610000000000003,107.87182765586088
4725,3,60,5,50.4144,2.7027027027027026,16.380000000000003,101.16856482641688
4726,3,60,5,53.6176,2.1621621621621623,18.54,104.76842630157373
4727,3,60,5,42.7708,4.324324324324325,16.07,101.6421476668128
4728,3,60,5,43.009,5.9459459459459465,16.380000000000003,110.09907967834405
4729,3,60,5,5.0809,0.0,0.45999999999999996,
4730,3,60,5,85.2823,9.275675675675677,32.589999999999996,111.7278180424933
4731,3,60,5,35.0069,4.605405405405405,13.319999999999999,113.11197267579584
4732,3,60,5,4.1787,0.0,0.030000000000000006,
4733,3,60,5,43.6006,5.405405405405405,17.16,120.22865449168398
4734,3,60,5,49.2648,1.308108108108108,17.15,99.80090955072865
4735,3,60,5,28.3037,3.243243243243243,9.679999999999998,107.92186084382773
4736,3,60,5,24.5756,2.7027027027027026,8.36,102.59062160417359
4737,3,60,5,10.2051,2.1621621621621623,2.87,109.94808814347039
4738,3,60,5,55.7294,4.864864864864865,19.589999999999996,100.99592926812244
4739,3,60,5,72.2336,3.2432432432432434,24.47,102.51393482477046
4740,3,70,5,66.0487,5.405405405405405,23.55,110.10379624523333
4741,3,70,5,35.3806,1.9027027027027028,11.79,96.96205505878835
4742,3,70,5,39.6682,3.2432432432432434,13.01,106.00403732515092
4743,3,70,5,36.7381,3.2432432432432434,12.540000000000001,106.03852284713285
4744,3,70,5,61.487,3.7837837837837838,21.0,106.00035414347222
4745,3,70,5,105.0545,8.216216216216216,40.15,119.11978687029648
4746,3,70,5,64.5246,5.783783783783784,23.059999999999995,108.13364697803017
4747,3,70,5,49.6355,6.14054054054054,18.26,106.51820171864749
4748,3,70,5,73.4361,6.335135135135135,26.729999999999997,108.3032842837239
4749,3,70,5,46.262,3.2324324324324323,15.969999999999999,103.1279548446091
4750,3,70,5,60.7126,4.324324324324325,21.41,104.91433063541666
4751,3,70,5,6.8024,0.5405405405405406,1.2200000000000002,100.98814943056912
4752,3,70,5,24.2011,2.7027027027027026,7.76,102.4256902128659
4753,3,70,5,4.4831,0.0,0.06,
4754,3,70,5,12.9506,0.5405405405405406,3.62,106.4698151153946
4755,3,70,5,64.9934,7.4270270270270276,25.0,114.2170410465309
4756,3,70,5,7.9907,1.0810810810810811,2.0300000000000002,109.09447559607013
4757,3,70,5,53.3715,4.778378378378378,18.69,114.53079368512621
4758,3,70,5,26.3138,2.7027027027027026,8.58,101.11145952459295
4759,3,70,5,27.6475,3.2432432432432434,9.01,110.33671798599882
4760,3,75,5,80.1342,7.405405405405406,30.080000000000002,101.67065060200817
4761,3,75,5,46.6523,5.945945945945946,17.589999999999996,113.4872583322151
4762,3,75,5,67.172,5.945945945945946,23.919999999999998,106.0509033150504
4763,3,75,5,24.5197,1.6216216216216217,8.02,98.40309409716689
4764,3,75,5,50.0601,2.691891891891892,16.98,111.0666166244428
4765,3,75,5,42.9252,2.1621621621621623,14.12,114.36348884479096
4766,3,75,5,42.1324,4.864864864864865,14.73,123.87926118560274
4767,3,75,5,58.696,4.864864864864865,22.660000000000004,110.07284304596945
4768,3,75,5,34.927,4.864864864864865,13.34,114.9549493085103
4769,3,75,5,87.9812,6.410810810810811,31.0,110.88362647143036
4770,3,75,5,17.2612,0.5405405405405406,4.540000000000001,92.34562626200476
4771,3,75,5,47.4363,7.5675675675675675,19.08,125.75776043477754
4772,3,75,5,66.4711,3.7837837837837838,23.26,103.47081829372561
4773,3,75,5,68.7078,2.5189189189189194,22.82,105.78738153028988
4774,3,75,5,6.8295,0.454054054054054,0.95,107.16287121578065
4775,3,75,5,34.806,2.4756756756756757,12.01,102.83767012096796
4776,3,75,5,50.2892,7.178378378378378,19.25,109.14407301973152
4777,3,75,5,26.8671,1.0810810810810811,8.28,102.46159189363428
4778,3,75,5,14.2392,1.6216216216216217,4.470000000000001,113.77720520625432
4779,3,75,5,3.8363,0.0,0.0,
4780,3,80,5,10.0754,1.0810810810810811,2.57,111.10318397363474
4781,3,80,5,46.5755,2.2162162162162162,16.009999999999998,103.52654134202385
4782,3,80,5,72.0126,5.405405405405405,25.020000000000003,110.14242128424625
4783,3,80,5,57.0153,4.324324324324325,20.89,111.60374554189565
4784,3,80,5,6.9978,1.0810810810810811,1.44,166.40153048040662
4785,3,80,5,19.7969,2.1621621621621623,6.2,105.47749268036993
4786,3,80,5,55.3619,5.405405405405405,20.59,106.99229261777188
4787,3,80,5,70.1124,7.5675675675675675,26.380000000000003,107.76549737670321
4788,3,80,5,43.4151,4.864864864864865,15.319999999999999,112.06977124592392
4789,3,80,5,85.4033,7.5675675675675675,32.03,105.4048960214861
4790,3,80,5,71.4912,5.405405405405405,26.68,108.63763945293131
4791,3,80,5,60.5346,2.151351351351351,20.85,106.29761273939357
4792,3,80,5,65.6363,4.864864864864865,24.169999999999998,108.19585410823544
4793,3,80,5,48.9111,3.2432432432432434,17.24,102.67863073738454
4794,3,80,5,19.6359,1.6216216216216217,6.159999999999999,111.62672420644878
4795,3,80,5,10.8694,0.5405405405405406,2.38,100.25083954621506
4796,3,80,5,31.7981,1.6216216216216217,10.29,106.5717792804755
4797,3,80,5,33.8971,2.7027027027027026,12.180000000000001,110.36940742814049
4798,3,80,5,36.1985,4.864864864864865,13.26,124.97066234375588
4799,3,80,5,33.1033,1.6216216216216217,10.91,113.53056579284693
4800,3,90,5,79.2268,6.854054054054055,28.370000000000005,106.84951091901051
4801,3,90,5,59.0012,0.9513513513513514,18.96,95.98752159506162
4802,3,90,5,69.9621,7.027027027027027,25.610000000000003,114.92492841393012
4803,3,90,5,57.7002,2.8756756756756756,20.48,108.93556063656331
4804,3,90,5,45.1405,6.486486486486487,16.369999999999997,110.30518383308855
4805,3,90,5,35.7417,2.1621621621621623,12.389999999999999,99.99990972476232
4806,3,90,5,53.1185,4.324324324324325,20.05,105.8315306676742
4807,3,90,5,82.433,5.935135135135136,30.630000000000003,107.72382447402941
4808,3,90,5,55.4671,4.864864864864865,20.21,112.50838722014288
4809,3,90,5,93.6822,7.5675675675675675,34.37,106.75034023313137
4810,3,90,5,87.9858,8.108108108108109,33.88,106.27135833273165
4811,3,90,5,4.1949,0.0,0.18,
4812,3,90,5,18.7307,1.0810810810810811,5.569999999999999,105.44117439552602
4813,3,90,5,76.3811,4.324324324324325,27.229999999999997,107.52691545110558
4814,3,90,5,21.3447,2.7027027027027026,8.24,106.900360174454
4815,3,90,5,94.162,7.027027027027027,34.4,107.60514660838663
4816,3,90,5,64.4809,4.324324324324325,22.53,105.50586056811333
4817,3,90,5,17.0734,1.945945945945946,5.4,105.68070941405779
4818,3,90,5,57.0214,5.502702702702703,20.84,111.62525261478186
4819,3,90,5,52.1747,5.945945945945946,18.65,105.25191798190353
4820,3,100,5,50.3304,5.027027027027027,18.729999999999997,105.63339404118531
4821,3,100,5,74.5945,3.578378378378379,25.82,100.42712012322261
4822,3,100,5,81.2973,5.405405405405405,29.29,100.61719455238897
4823,3,100,5,66.7809,4.864864864864865,24.55,108.82652262948233
4824,3,100,5,52.2946,4.54054054054054,18.77,104.99628006883628
4825,3,100,5,95.9777,10.25945945945946,36.96,108.5748184295516
4826,3,100,5,39.8077,1.0810810810810811,12.370000000000001,101.636676826042
4827,3,100,5,23.7018,4.324324324324325,8.16,115.8291249442967
4828,3,100,5,31.9179,1.0810810810810811,10.83,106.09819862360385
4829,3,100,5,25.8917,1.6216216216216217,7.9,100.55289073028125
4830,3,100,5,58.5381,4.324324324324325,20.69,111.39940145391307
4831,3,100,5,76.1317,4.324324324324325,27.879999999999995,110.32737391744033
4832,3,100,5,32.8356,1.6216216216216217,10.59,107.9726208422319
4833,3,100,5,25.4168,2.7027027027027026,8.629999999999999,110.65277239488132
4834,3,100,5,54.408,5.059459459459459,20.69,105.82977637217459
4835,3,100,5,40.476,3.243243243243243,13.610000000000003,110.35257757104485
4836,3,100,5,54.7477,5.945945945945946,19.75,105.79837842112929
4837,3,100,5,31.4781,2.7027027027027026,10.330000000000002,106.0125203892446
4838,3,100,5,68.1311,7.5675675675675675,25.96,108.56954681755384
4839,3,100,5,51.4175,1.6216216216216217,17.77,105.33323877495924
4840,3,10,10,13.3469,2.7027027027027026,3.81,282.68306206202436
4841,3,10,10,24.6302,2.151351351351351,8.24,106.283268849851
4842,3,10,10,28.4551,7.567567567567567,10.68,222.86135357157383
4843,3,10,10,26.1228,3.7837837837837838,8.98,126.98702618089166
4844,3,10,10,55.6414,7.3297297297297295,22.119999999999997,135.14926918901395
4845,3,10,10,47.7778,5.9459459459459465,18.990000000000002,117.79152796374768
4846,3,10,10,6.7423,0.5405405405405406,1.1800000000000002,108.22840435242834
4847,3,10,10,16.9667,3.2432432432432434,4.9,187.32859081169488
4848,3,10,10,17.868,9.18918918918919,7.58,216.8880896375504
4849,3,10,10,20.184,6.486486486486487,8.25,159.35468956930114
4850,3,10,10,11.9466,2.1621621621621623,3.56,576.4622921438681
4851,3,10,10,22.2394,5.945945945945946,8.059999999999999,214.58930868986192
4852,3,10,10,38.1309,8.64864864864865,15.190000000000001,163.9620469790642
4853,3,10,10,25.3184,8.108108108108109,9.709999999999999,145.03470869190684
4854,3,10,10,60.3324,10.713513513513515,23.860000000000003,160.09909711758283
4855,3,10,10,38.6311,8.64864864864865,16.4,128.7284434924718
4856,3,10,10,22.78,6.897297297297297,9.540000000000001,157.28464216805853
4857,3,10,10,49.0275,10.562162162162164,20.240000000000002,119.9371229658348
4858,3,10,10,35.6006,5.405405405405405,12.559999999999999,207.43633928450691
4859,3,10,10,10.7086,1.6216216216216217,2.91,111.14302299390282
4860,3,20,10,3.8637,0.0,0.0,
4861,3,20,10,49.0921,9.102702702702704,19.56,121.14686478819436
4862,3,20,10,4.4164,0.5405405405405406,0.32999999999999996,104.85936682677284
4863,3,20,10,17.817,3.7837837837837838,6.45,143.87130352842402
4864,3,20,10,39.7591,8.64864864864865,15.670000000000002,124.22244208584458
4865,3,20,10,44.5481,8.572972972972973,17.759999999999998,129.41922600822903
4866,3,20,10,4.2387,0.0,0.0,
4867,3,20,10,46.536,9.72972972972973,19.2,115.9557735700629
4868,3,20,10,19.9062,5.405405405405405,7.540000000000001,138.8085236787917
4869,3,20,10,24.855,5.059459459459459,8.879999999999999,123.90527611484201
4870,3,20,10,22.6495,3.7837837837837838,7.790000000000001,119.33078263971876
4871,3,20,10,15.2449,2.1621621621621623,4.55,109.39121445123327
4872,3,20,10,12.572,2.1621621621621623,3.7,111.67762311499507
4873,3,20,10,5.5643,1.0810810810810811,0.9400000000000001,106.65625929392766
4874,3,20,10,84.4299,11.935135135135134,32.7,109.97416787429992
4875,3,20,10,7.8343,2.7027027027027026,1.95,154.33190604357907
4876,3,20,10,57.119,5.945945945945946,22.080000000000002,125.80049790165948
4877,3,20,10,44.2644,9.18918918918919,18.94,112.32566745126135
4878,3,20,10,35.4877,6.745945945945945,12.819999999999999,136.28443546402096
4879,3,20,10,9.2312,2.1621621621621623,2.8,117.74597533256966
4880,3,30,10,51.8927,9.72972972972973,21.72,124.11536923686046
4881,3,30,10,17.2241,2.7027027027027026,5.8,103.31624458578499
4882,3,30,10,23.509,3.7837837837837838,8.129999999999999,109.11446906852981
4883,3,30,10,19.4302,2.7027027027027026,6.63,110.12882171349875
4884,3,30,10,8.4094,1.0810810810810811,1.67,105.01306269476262
4885,3,30,10,9.8481,1.6216216216216217,2.84,105.85675164721216
4886,3,30,10,20.9421,3.8054054054054047,7.76,108.54489198486576
4887,3,30,10,10.6202,2.0,2.88,148.30205992343767
4888,3,30,10,36.0042,8.108108108108109,14.36,115.10766394467483
4889,3,30,10,46.6143,5.405405405405405,16.299999999999997,158.00390445279024
4890,3,30,10,31.8102,4.324324324324325,12.16,128.8105606211239
4891,3,30,10,7.5357,0.5405405405405406,1.41,94.46254109907885
4892,3,30,10,8.7892,0.5405405405405406,2.07,102.08464343770721
4893,3,30,10,25.1878,3.254054054054054,8.7,108.44952320835034
4894,3,30,10,26.4798,5.945945945945946,10.059999999999999,113.36409613734544
4895,3,30,10,46.1848,9.935135135135136,19.32,109.60568305627413
4896,3,30,10,49.5455,8.367567567567567,19.110000000000003,116.31368538349973
4897,3,30,10,44.6186,8.108108108108109,16.630000000000003,106.75609665701872
4898,3,30,10,29.5156,3.2432432432432434,9.790000000000001,132.70497033892298
4899,3,30,10,34.1849,7.027027027027027,12.739999999999998,130.40986018522273
4900,3,40,10,23.6181,2.7027027027027026,7.62,117.92289497225056
4901,3,40,10,70.8342,11.891891891891893,28.939999999999998,116.50847460694673
4902,3,40,10,5.2888,1.6216216216216217,0.96,112.93839089998893
4903,3,40,10,22.5494,2.1621621621621623,6.709999999999999,100.52627806662514
4904,3,40,10,45.4989,7.5675675675675675,17.009999999999998,111.73403056633218
4905,3,40,10,27.1019,1.0810810810810811,8.1,109.39303316561038
4906,3,40,10,36.331,4.864864864864865,14.14,112.45113797480005
4907,3,40,10,25.0645,4.5729729729729724,8.51,119.20493087789343
4908,3,40,10,14.9964,4.443243243243243,5.619999999999999,120.17054831068198
4909,3,40,10,72.6454,10.227027027027027,28.829999999999995,111.55494067459063
4910,3,40,10,56.7083,5.405405405405405,20.970000000000002,105.06236256106313
4911,3,40,10,31.1458,6.464864864864865,11.639999999999999,114.88508357782341
4912,3,40,10,40.0588,8.108108108108109,15.66,106.67903529607678
4913,3,40,10,7.8765,1.0810810810810811,1.55,106.50440577851029
4914,3,40,10,17.1011,2.140540540540541,5.58,115.12737562635566
4915,3,40,10,7.9179,2.7027027027027026,2.08,134.11891688106326
4916,3,40,10,70.9394,7.98918918918919,26.25,111.12481396518484
4917,3,40,10,12.9954,2.1621621621621623,4.54,116.39353627886024
4918,3,40,10,26.6583,4.52972972972973,9.49,119.99837270261911
4919,3,40,10,42.8368,4.324324324324325,15.73,119.3382653422185
4920,3,50,10,3.9901,0.0,0.0,
4921,3,50,10,8.7412,0.5405405405405406,1.8800000000000001,107.22992777813401
4922,3,50,10,3.947,0.0,0.0,
4923,3,50,10,25.6408,4.864864864864865,9.69,119.05010609963864
4924,3,50,10,65.4289,11.124324324324323,25.95,109.4787314125286
4925,3,50,10,29.829,7.027027027027026,11.77,122.08368207359794
4926,3,50,10,28.5534,4.324324324324325,9.779999999999998,129.7537941138703
4927,3,50,10,46.0436,8.64864864864865,20.139999999999997,113.81112686750984
4928,3,50,10,40.1143,6.810810810810811,15.61,110.24384723955217
4929,3,50,10,27.9228,2.1621621621621623,8.9,100.91863844425275
4930,3,50,10,61.8969,4.908108108108108,22.46,109.12659388138597
4931,3,50,10,22.9631,3.2432432432432434,7.43,110.8164315480358
4932,3,50,10,30.7468,5.945945945945946,12.309999999999999,107.78472230130586
4933,3,50,10,68.8622,8.756756756756758,28.15,106.85545489794825
4934,3,50,10,25.911,1.4378378378378378,7.85,111.0740535928533
4935,3,50,10,9.6851,1.2756756756756755,2.5300000000000002,106.09059554533756
4936,3,50,10,7.1278,1.481081081081081,1.7600000000000002,142.3217430288553
4937,3,50,10,53.0297,11.891891891891891,22.1,120.92122877910752
4938,3,50,10,29.4693,6.486486486486487,10.92,110.96653804249554
4939,3,50,10,37.0028,8.043243243243243,15.970000000000002,118.63943150352098
4940,3,60,10,12.431,1.6216216216216217,3.35,104.88790336901866
4941,3,60,10,37.3084,8.108108108108109,15.25,111.94282077101234
4942,3,60,10,11.1713,1.6216216216216217,3.2599999999999993,114.5488939308028
4943,3,60,10,16.2822,2.1621621621621623,5.2299999999999995,106.89667851165241
4944,3,60,10,73.5184,11.491891891891893,28.920000000000005,108.10902947733042
4945,3,60,10,6.1234,0.5405405405405406,1.02,114.9097265938115
4946,3,60,10,43.7722,6.486486486486487,15.940000000000001,129.97291106175055
4947,3,60,10,65.1843,9.491891891891893,25.419999999999998,122.31796551125609
4948,3,60,10,35.966,4.324324324324325,12.91,118.81105089215994
4949,3,60,10,66.6201,7.027027027027027,25.160000000000004,108.01124549892928
4950,3,60,10,37.2112,7.848648648648648,14.419999999999998,117.04352897055163
4951,3,60,10,11.8737,2.1621621621621623,3.7299999999999995,105.14441781692511
4952,3,60,10,4.3846,0.0,0.01,
4953,3,60,10,31.573,3.7837837837837833,11.2,110.1147817894719
4954,3,60,10,4.0699,0.5405405405405406,0.6,112.84578497979726
4955,3,60,10,21.2758,4.324324324324325,8.309999999999999,107.18251964370657
4956,3,60,10,57.616,10.27027027027027,23.560000000000002,113.75584404430899
4957,3,60,10,63.9104,6.691891891891892,24.060000000000002,107.84273925666872
4958,3,60,10,51.0176,7.027027027027027,19.139999999999997,110.20472857305903
4959,3,60,10,57.9226,10.27027027027027,22.41,108.3273875802026
4960,3,70,10,18.4424,3.6648648648648647,7.18,114.577269538265
4961,3,70,10,19.1439,4.799999999999999,6.859999999999999,112.73551341490821
4962,3,70,10,16.2974,2.7027027027027026,5.5200000000000005,114.20609444594183
4963,3,70,10,57.8673,8.64864864864865,21.660000000000004,114.67272950313273
4964,3,70,10,13.872,2.1621621621621623,4.0600000000000005,102.63012450601154
4965,3,70,10,45.9859,7.5675675675675675,18.28,109.1714350219493
4966,3,70,10,46.7163,5.9459459459459465,17.4,108.01566227169064
4967,3,70,10,3.6179,0.0,0.0,
4968,3,70,10,6.8452,0.5405405405405406,1.02,115.97601976327645
4969,3,70,10,43.6127,5.945945945945946,16.27,102.58670175726705
4970,3,70,10,37.0966,8.64864864864865,16.73,114.82334049827958
4971,3,70,10,68.4142,8.64864864864865,26.520000000000003,104.85423901371314
4972,3,70,10,48.1709,7.027027027027027,18.98,100.0110631200028
4973,3,70,10,25.2381,3.2432432432432434,7.959999999999999,117.04663636495621
4974,3,70,10,7.6067,0.5297297297297298,1.41,105.61758384198444
4975,3,70,10,15.6969,2.7027027027027026,5.13,113.67366171924463
4976,3,70,10,35.0198,3.2432432432432434,12.940000000000001,111.43728404035694
4977,3,70,10,19.8414,2.7027027027027026,6.74,101.50461165821612
4978,3,70,10,23.8002,3.7405405405405405,8.67,107.13226579095776
4979,3,70,10,42.7234,9.156756756756758,17.2,119.43910075753378
4980,3,75,10,19.3666,3.2432432432432434,6.619999999999999,104.8247045750026
4981,3,75,10,4.1796,1.0810810810810811,0.5599999999999999,169.61793938141017
4982,3,75,10,37.8351,6.486486486486487,14.530000000000001,107.44844264740038
4983,3,75,10,34.8024,7.027027027027027,14.09,113.7391521205926
4984,3,75,10,47.693,9.72972972972973,19.78,120.84809227630522
4985,3,75,10,41.9114,8.108108108108109,17.02,110.231018059216
4986,3,75,10,7.3418,1.0810810810810811,2.32,103.01060501692041
4987,3,75,10,5.8833,0.7891891891891892,0.96,133.5950082238891
4988,3,75,10,23.3641,4.864864864864865,9.34,105.2649242000892
4989,3,75,10,33.5138,6.486486486486487,12.15,110.26248546089789
4990,3,75,10,15.5495,2.443243243243243,5.220000000000001,109.4578327756872
4991,3,75,10,30.8361,6.486486486486487,11.78,120.35159279970048
4992,3,75,10,6.9874,1.6216216216216217,2.09,110.54070291149928
4993,3,75,10,25.8163,3.9027027027027033,9.35,116.78037197145954
4994,3,75,10,57.8696,10.27027027027027,23.05,115.57672054653257
4995,3,75,10,5.4862,2.1621621621621623,0.9199999999999999,114.2821372352631
4996,3,75,10,50.4955,7.027027027027027,18.95,105.34170183366473
4997,3,75,10,71.6991,9.059459459459458,26.9,101.21915867497633
4998,3,75,10,8.4062,1.0810810810810811,1.8399999999999999,111.10328430171836
4999,3,75,10,32.5059,4.627027027027027,11.69,111.43087474343375
5000,3,80,10,9.4426,1.0810810810810811,2.41,114.56150424541721
5001,3,80,10,46.4128,6.6702702702702705,17.509999999999998,104.25699421877364
5002,3,80,10,22.2926,4.864864864864865,8.940000000000001,108.34736632537104
5003,3,80,10,44.4652,5.405405405405405,16.2,105.944407828257
5004,3,80,10,59.062,8.259459459459459,22.79,117.58902512607744
5005,3,80,10,13.8329,3.945945945945946,4.61,112.73718521803212
5006,3,80,10,43.52,7.5675675675675675,16.580000000000002,103.77402679799981
5007,3,80,10,45.0726,6.486486486486487,16.34,108.50269849817487
5008,3,80,10,35.9829,3.2432432432432434,12.15,107.99203809281715
5009,3,80,10,25.834,6.12972972972973,10.75,118.15260851892458
5010,3,80,10,4.095,0.0,0.0,
5011,3,80,10,12.6624,1.6216216216216217,4.04,101.71702848665456
5012,3,80,10,45.5156,9.72972972972973,18.610000000000003,109.80328930099355
5013,3,80,10,9.9713,2.1621621621621623,2.7299999999999995,112.1177731836267
5014,3,80,10,39.7957,4.324324324324325,14.5,112.96762177943077
5015,3,80,10,57.366,8.843243243243244,22.119999999999997,110.1344405136089
5016,3,80,10,43.7008,5.945945945945946,16.43,103.5377467303269
5017,3,80,10,66.5121,8.8,26.1,109.05828194573299
5018,3,80,10,11.4108,2.7027027027027026,3.6,112.99756241095835
5019,3,80,10,18.3655,2.1621621621621623,5.75,100.80966748824798
5020,3,90,10,47.2988,6.367567567567567,17.93,108.25052164261244
5021,3,90,10,37.784,3.2432432432432434,13.4,111.01095675558042
5022,3,90,10,8.9858,2.7027027027027026,2.44,135.94173027939172
5023,3,90,10,40.9166,5.405405405405405,15.280000000000001,110.28189395715044
5024,3,90,10,26.799,4.324324324324325,10.41,108.88166134501061
5025,3,90,10,39.2176,4.324324324324325,14.0,118.80068341022155
5026,3,90,10,42.5067,6.486486486486487,15.469999999999999,108.37704862470088
5027,3,90,10,10.405,2.1621621621621623,3.35,114.17131305226853
5028,3,90,10,25.8608,2.7027027027027026,8.6,101.7684625176467
5029,3,90,10,14.1798,1.0810810810810811,4.010000000000001,120.17699760742718
5030,3,90,10,11.941,1.837837837837838,3.3600000000000003,103.56251743345382
5031,3,90,10,22.8804,4.864864864864865,8.680000000000001,111.61162014136272
5032,3,90,10,31.305,3.7837837837837838,10.830000000000002,111.76847804676767
5033,3,90,10,32.095,2.7027027027027026,10.870000000000001,112.66174821018929
5034,3,90,10,54.6172,6.486486486486487,20.860000000000003,106.68163753431423
5035,3,90,10,67.8933,10.27027027027027,26.110000000000003,105.88527093080714
5036,3,90,10,91.9941,14.594594594594593,36.95,109.0952712901757
5037,3,90,10,46.4855,6.486486486486487,18.23,106.74193734297263
5038,3,90,10,8.9503,2.7027027027027026,2.8200000000000003,115.14220853785498
5039,3,90,10,56.9779,9.18918918918919,21.58,108.3625720135113
5040,3,100,10,26.3824,4.864864864864865,9.87,121.09623910936095
5041,3,100,10,24.3024,3.7837837837837838,8.23,109.09891744020271
5042,3,100,10,56.5826,7.027027027027027,21.0,108.62938178205069
5043,3,100,10,46.0395,7.567567567567567,17.44,107.38526752858994
5044,3,100,10,23.9756,4.864864864864865,8.51,107.82430695450793
5045,3,100,10,46.7738,8.64864864864865,18.6,105.39591153159785
5046,3,100,10,22.6438,5.275675675675676,8.32,113.42242566922414
5047,3,100,10,55.5058,10.572972972972973,23.03,111.97480256865371
5048,3,100,10,65.5387,7.5675675675675675,24.020000000000003,117.56243845585325
5049,3,100,10,13.2973,1.6216216216216217,4.32,105.59798928339076
5050,3,100,10,63.8511,10.562162162162164,26.839999999999996,109.0018741053464
5051,3,100,10,40.4296,6.551351351351352,15.819999999999999,108.2804211999229
5052,3,100,10,36.917,7.783783783783784,14.540000000000001,112.70265839198524
5053,3,100,10,23.5282,2.1621621621621623,7.68,120.91235989680821
5054,3,100,10,40.2292,8.108108108108109,16.419999999999998,114.4958780485069
5055,3,100,10,44.2014,5.9459459459459465,16.689999999999998,106.17346931007629
5056,3,100,10,27.5726,5.978378378378379,11.16,113.9241740711986
5057,3,100,10,17.1338,1.6216216216216217,5.15,98.85841755725846
5058,3,100,10,55.8724,10.81081081081081,22.5,113.91132206038341
5059,3,100,10,25.0389,4.227027027027027,8.819999999999999,116.66676395642011
5060,3,10,15,21.2397,9.18918918918919,9.36,137.29127361777407
5061,3,10,15,23.6992,8.227027027027027,10.059999999999999,211.3199507073782
5062,3,10,15,32.0249,9.124324324324325,11.8,162.75434157060104
5063,3,10,15,23.1993,8.108108108108109,8.73,158.04954119979092
5064,3,10,15,9.8709,5.405405405405405,2.37,382.06834649361963
5065,3,10,15,37.5764,8.108108108108109,14.820000000000002,158.6010326800653
5066,3,10,15,33.9695,9.72972972972973,13.2,160.39815044683172
5067,3,10,15,15.3714,3.7837837837837838,5.8100000000000005,288.542106225822
5068,3,10,15,39.3449,15.135135135135135,16.940000000000005,177.31857082332613
5069,3,10,15,50.9977,16.27027027027027,22.43,176.4638612021401
5070,3,10,15,10.8513,6.486486486486487,4.779999999999999,209.46788945246922
5071,3,10,15,12.7616,4.194594594594594,3.5799999999999996,323.87392098409646
5072,3,10,15,16.7456,4.864864864864865,6.25,125.71451846530289
5073,3,10,15,57.2296,13.513513513513512,22.64,143.82239336250908
5074,3,10,15,40.849,11.22162162162162,17.57,157.8998317915934
5075,3,10,15,17.1536,3.243243243243243,5.61,180.51117368212604
5076,3,10,15,34.0975,7.85945945945946,13.48,107.9968470854587
5077,3,10,15,22.0193,5.405405405405405,8.51,185.78456132940008
5078,3,10,15,18.563,2.7027027027027026,6.05,236.85460863389693
5079,3,10,15,5.1641,1.6216216216216217,0.9,365.6632518340611
5080,3,20,15,18.4839,4.864864864864865,6.2299999999999995,125.15671591848104
5081,3,20,15,43.997,12.432432432432432,19.15,120.0591302008322
5082,3,20,15,38.8324,8.64864864864865,15.459999999999999,125.69743690296664
5083,3,20,15,49.1946,7.5675675675675675,18.919999999999998,121.10354305392589
5084,3,20,15,14.0998,2.1621621621621623,4.34,133.16220852927333
5085,3,20,15,19.7784,6.043243243243243,7.389999999999999,113.4778315643634
5086,3,20,15,28.8687,9.178378378378378,12.59,120.42014018192106
5087,3,20,15,12.9767,3.7837837837837838,4.41,134.6954653048144
5088,3,20,15,11.2917,3.7837837837837838,4.38,133.20203753685954
5089,3,20,15,35.9435,10.81081081081081,15.439999999999998,111.49350348068329
5090,3,20,15,17.2584,1.6216216216216217,5.39,104.0668455726451
5091,3,20,15,42.164,10.65945945945946,17.48,121.20122861255757
5092,3,20,15,11.5401,2.4,3.6700000000000004,108.64319940828497
5093,3,20,15,4.8194,0.5405405405405406,0.54,109.55683582236112
5094,3,20,15,25.0483,7.027027027027027,9.73,126.31776004490439
5095,3,20,15,4.809,0.2054054054054054,0.42000000000000004,101.50720546395138
5096,3,20,15,40.0984,8.108108108108109,16.04,110.76132213810146
5097,3,20,15,3.9963,0.0,0.0,
5098,3,20,15,17.246,3.2432432432432434,5.9399999999999995,130.41905828713575
5099,3,20,15,26.9567,5.351351351351352,9.79,122.69474075901255
5100,3,30,15,20.4604,5.405405405405405,7.640000000000001,113.06232902968995
5101,3,30,15,35.0212,10.27027027027027,14.540000000000001,134.0562385581642
5102,3,30,15,7.5199,2.1621621621621623,1.98,119.05812311952526
5103,3,30,15,49.7892,8.64864864864865,19.059999999999995,105.74958347786921
5104,3,30,15,13.8001,5.816216216216216,5.13,127.98934187875288
5105,3,30,15,3.514,0.0,0.0,
5106,3,30,15,33.0419,12.227027027027026,13.440000000000001,137.013859148078
5107,3,30,15,28.6579,4.324324324324325,11.01,107.78432657237317
5108,3,30,15,53.908,12.843243243243245,21.52,109.70462853500403
5109,3,30,15,11.4385,3.2432432432432434,4.1,120.13103249601357
5110,3,30,15,54.0267,12.432432432432432,23.04,109.77970997752753
5111,3,30,15,27.2366,8.108108108108109,11.219999999999999,145.4784646978701
5112,3,30,15,48.0436,12.713513513513513,20.6,112.92746291087822
5113,3,30,15,38.8665,12.432432432432432,16.75,123.21719757711449
5114,3,30,15,15.6598,2.7027027027027026,5.15,109.08465886972503
5115,3,30,15,21.1661,4.324324324324325,7.159999999999999,113.64139755493593
5116,3,30,15,47.3235,9.72972972972973,18.369999999999997,110.33978285498857
5117,3,30,15,26.8073,9.18918918918919,11.66,135.322819675927
5118,3,30,15,15.9085,2.7027027027027026,4.87,105.49713159059272
5119,3,30,15,32.0467,9.08108108108108,13.809999999999999,121.90483109393635
5120,3,40,15,13.2566,2.7027027027027026,4.0200000000000005,112.2528941490726
5121,3,40,15,3.8259,0.0,0.0,
5122,3,40,15,23.8182,5.405405405405405,8.080000000000002,108.83641832086445
5123,3,40,15,9.2047,1.6216216216216217,2.42,121.8652135860407
5124,3,40,15,4.0322,0.0,0.0,
5125,3,40,15,39.3343,9.72972972972973,17.84,117.72581543605341
5126,3,40,15,4.0662,0.0,0.06,
5127,3,40,15,30.1828,9.72972972972973,12.88,123.58067308424984
5128,3,40,15,11.0351,3.2432432432432434,4.09,129.61382558726004
5129,3,40,15,48.7386,11.059459459459458,20.28,109.09974042078618
5130,3,40,15,14.6014,3.2432432432432434,5.02,109.57107898749307
5131,3,40,15,18.361,3.1891891891891895,6.2700000000000005,114.52629605509757
5132,3,40,15,4.216,0.0,0.0,
5133,3,40,15,16.8642,5.405405405405405,6.18,119.97791152902312
5134,3,40,15,20.5569,3.7837837837837838,8.01,123.24521063138492
5135,3,40,15,21.4462,5.405405405405405,8.4,117.25231793387472
5136,3,40,15,3.9063,0.0,0.0,
5137,3,40,15,27.3752,4.324324324324325,9.66,118.69574796433783
5138,3,40,15,45.1966,11.35135135135135,18.740000000000002,132.6079609953944
5139,3,40,15,42.9199,7.027027027027027,16.21,108.87010440009804
5140,3,50,15,33.0044,5.9459459459459465,12.37,112.5489780162794
5141,3,50,15,7.5912,1.0810810810810811,1.97,112.10841644127396
5142,3,50,15,38.3825,10.367567567567567,17.619999999999997,112.98683654275642
5143,3,50,15,23.2612,5.945945945945946,9.76,107.60139498989741
5144,3,50,15,13.1042,1.6216216216216217,3.8200000000000003,114.15490137210304
5145,3,50,15,14.87,4.864864864864865,5.37,115.96215874876533
5146,3,50,15,34.4544,7.070270270270271,13.680000000000001,109.74383763005712
5147,3,50,15,34.2978,8.4,14.179999999999998,109.44205680900936
5148,3,50,15,23.747,5.945945945945946,9.749999999999998,107.14196403147663
5149,3,50,15,41.2485,11.632432432432433,16.8,121.55553181385359
5150,3,50,15,8.6018,2.1621621621621623,2.1399999999999997,117.86121447867251
5151,3,50,15,32.374,8.108108108108109,13.1,120.7807851078231
5152,3,50,15,11.2582,3.027027027027027,3.8200000000000003,109.30541378438801
5153,3,50,15,40.6099,7.5675675675675675,15.460000000000003,118.89465079348079
5154,3,50,15,34.8647,7.664864864864865,13.73,124.11452770007655
5155,3,50,15,15.5864,3.2432432432432434,5.31,106.24945362392953
5156,3,50,15,31.2339,9.72972972972973,14.35,109.81911822425936
5157,3,50,15,12.0725,2.1621621621621623,3.31,149.014143918564
5158,3,50,15,12.0002,4.864864864864865,3.9400000000000004,119.10897502795056
5159,3,50,15,60.8793,17.697297297297297,29.119999999999997,117.8722596066042
5160,3,60,15,6.4783,1.6216216216216217,1.28,105.40683803226337
5161,3,60,15,36.8265,9.72972972972973,14.450000000000003,119.56597107449095
5162,3,60,15,8.0973,1.0810810810810811,1.8,122.9768046932204
5163,3,60,15,39.4965,11.35135135135135,16.490000000000002,130.10407524191993
5164,3,60,15,75.0678,16.8,31.919999999999998,114.33605040961194
5165,3,60,15,21.8865,4.864864864864865,7.779999999999999,109.4334299934138
5166,3,60,15,36.4846,9.18918918918919,15.610000000000003,118.25158615341937
5167,3,60,15,35.3954,9.72972972972973,13.77,115.59255784527392
5168,3,60,15,33.8613,4.962162162162163,12.280000000000001,118.52672675574154
5169,3,60,15,16.9645,4.864864864864865,6.9799999999999995,123.64084634348335
5170,3,60,15,45.103,11.254054054054055,18.560000000000002,106.64119078985553
5171,3,60,15,22.9896,4.864864864864865,7.6,115.55914226339206
5172,3,60,15,20.0156,3.0594594594594593,6.55,129.51823684096794
5173,3,60,15,13.9859,4.324324324324325,5.609999999999999,110.02989908089828
5174,3,60,15,4.5903,1.0810810810810811,0.53,158.98515734594378
5175,3,60,15,38.0935,9.71891891891892,17.43,116.8711218304
5176,3,60,15,31.0429,9.18918918918919,12.190000000000001,114.10163636638515
5177,3,60,15,11.6735,3.2432432432432434,3.62,116.32879349062561
5178,3,60,15,28.408,5.945945945945946,10.209999999999999,108.9396145550027
5179,3,60,15,26.1638,8.108108108108109,11.48,116.9567526179343
5180,3,70,15,11.1511,1.6216216216216217,3.3,102.38257044412497
5181,3,70,15,64.1811,15.243243243243242,26.47,109.05114412644706
5182,3,70,15,22.6078,2.7027027027027026,7.92,107.83371173509795
5183,3,70,15,7.1798,0.5405405405405406,1.34,113.73937033251312
5184,3,70,15,18.7861,4.864864864864865,7.089999999999999,112.03805543456674
5185,3,70,15,4.6607,0.5405405405405406,0.31,107.52993217783191
5186,3,70,15,8.2059,2.1621621621621623,1.9100000000000001,120.50992100696652
5187,3,70,15,20.2379,3.7837837837837838,6.68,109.01150567665437
5188,3,70,15,59.1994,16.216216216216218,26.35,121.93029477076628
5189,3,70,15,31.4857,7.5675675675675675,12.42,112.43040238600642
5190,3,70,15,6.523,0.5405405405405406,0.97,113.92301765812799
5191,3,70,15,19.2288,5.9459459459459465,7.65,111.01628593893805
5192,3,70,15,24.6671,2.237837837837838,7.959999999999999,110.33182374109015
5193,3,70,15,4.1391,0.0,0.0,
5194,3,70,15,22.0249,4.864864864864865,7.889999999999999,138.42775799828303
5195,3,70,15,4.0251,0.0,0.0,
5196,3,70,15,22.3323,6.486486486486487,9.53,106.93873792168318
5197,3,70,15,37.2466,7.5675675675675675,14.48,113.9914626528304
5198,3,70,15,22.1494,4.324324324324325,8.24,103.96607787236476
5199,3,70,15,19.8222,5.945945945945946,7.2700000000000005,116.28235135076844
5200,3,75,15,50.8386,13.232432432432432,21.21,115.23451898431114
5201,3,75,15,24.892,7.989189189189188,10.750000000000002,119.28644729194656
5202,3,75,15,29.9153,8.043243243243243,11.74,110.80248232634158
5203,3,75,15,20.7284,3.859459459459459,6.5,109.42416222534386
5204,3,75,15,29.489,6.929729729729729,11.860000000000001,120.52062217343442
5205,3,75,15,14.8422,3.7837837837837838,4.69,109.30747163873993
5206,3,75,15,64.5272,13.913513513513516,26.79,111.93159898351193
5207,3,75,15,5.739,0.5405405405405406,0.8200000000000001,122.13299354027043
5208,3,75,15,8.9008,1.0810810810810811,2.2800000000000002,119.61054359072634
5209,3,75,15,44.0276,11.275675675675675,19.109999999999996,114.72758751910995
5210,3,75,15,10.7581,1.6216216216216217,3.0300000000000002,109.00204133240504
5211,3,75,15,12.933,3.0486486486486486,3.7600000000000002,124.43941537203075
5212,3,75,15,16.5772,3.7837837837837838,6.62,116.4657488013611
5213,3,75,15,4.0636,0.5405405405405406,0.41000000000000003,135.1145435123848
5214,3,75,15,8.3289,0.5405405405405406,1.9600000000000002,112.78307447087472
5215,3,75,15,21.3856,3.2432432432432434,7.56,123.13243220506858
5216,3,75,15,41.8207,9.18918918918919,16.669999999999998,113.91313880015856
5217,3,75,15,34.0748,8.108108108108109,15.080000000000002,107.52550122286851
5218,3,75,15,36.603,9.58918918918919,15.809999999999999,118.52921494896775
5219,3,75,15,16.4533,5.945945945945946,6.2299999999999995,111.00750762776666
5220,3,80,15,11.6506,3.2432432432432434,4.14,140.39422184303842
5221,3,80,15,9.5909,1.0810810810810811,2.1100000000000003,108.71389553025485
5222,3,80,15,4.5354,0.0,0.0,
5223,3,80,15,56.3821,12.38918918918919,22.41,110.62210413110427
5224,3,80,15,30.5595,6.810810810810811,11.65,105.5680111214747
5225,3,80,15,21.7227,4.324324324324325,7.489999999999999,108.2434738882451
5226,3,80,15,19.7022,4.14054054054054,6.4799999999999995,106.24788417818831
5227,3,80,15,13.6197,2.7027027027027026,4.3100000000000005,118.28789596202174
5228,3,80,15,24.2032,3.2432432432432434,8.190000000000001,112.85518666590963
5229,3,80,15,4.3559,0.0,0.0,
5230,3,80,15,10.9697,2.7027027027027026,3.1399999999999997,104.89014294870326
5231,3,80,15,53.5701,11.091891891891892,21.119999999999997,111.25502080006433
5232,3,80,15,38.8499,13.513513513513516,18.13,121.27282726128274
5233,3,80,15,4.0278,0.0,0.0,
5234,3,80,15,35.2139,14.054054054054054,16.54,123.42788863927929
5235,3,80,15,18.0158,4.14054054054054,7.140000000000001,115.62772841613423
5236,3,80,15,12.2957,2.7027027027027026,3.7900000000000005,117.5125991150496
5237,3,80,15,49.8473,10.227027027027027,19.11,107.86011977885573
5238,3,80,15,21.1951,3.5783783783783782,7.38,116.84235895161018
5239,3,80,15,11.7092,2.627027027027027,4.01,118.36626444045267
5240,3,90,15,25.3457,6.486486486486487,9.6,112.15413733822491
5241,3,90,15,31.2588,7.027027027027027,11.8,105.30437954018028
5242,3,90,15,21.4351,6.486486486486487,8.65,112.9049813435626
5243,3,90,15,31.2449,7.437837837837838,12.62,114.19741454496004
5244,3,90,15,60.212,10.27027027027027,25.080000000000002,109.40427413558417
5245,3,90,15,12.7225,2.7027027027027026,4.19,148.1732212621974
5246,3,90,15,34.6644,3.513513513513513,11.72,109.19723586341188
5247,3,90,15,21.2045,4.324324324324325,7.280000000000001,135.4290293077384
5248,3,90,15,28.5243,7.816216216216216,12.0,114.06879376870526
5249,3,90,15,18.9591,2.4756756756756757,6.889999999999999,105.44996599035389
5250,3,90,15,29.6032,4.562162162162163,10.99,109.97672814934944
5251,3,90,15,33.6963,6.486486486486487,13.37,110.55315704714333
5252,3,90,15,49.4223,11.891891891891891,20.34,105.78440001284822
5253,3,90,15,11.8863,5.45945945945946,4.68,140.65490915148087
5254,3,90,15,44.4517,8.529729729729729,16.919999999999998,120.92770845736104
5255,3,90,15,22.4179,4.324324324324325,8.08,104.36805503731787
5256,3,90,15,4.1267,0.0,0.13999999999999999,
5257,3,90,15,58.3397,14.378378378378377,24.94,118.28439626506064
5258,3,90,15,32.3496,5.945945945945946,12.830000000000002,118.51484743166998
5259,3,90,15,13.595,2.908108108108108,4.35,109.21803929898789
5260,3,100,15,21.5757,6.464864864864865,8.760000000000002,113.25703647720381
5261,3,100,15,9.7367,1.0810810810810811,2.35,107.15022156163391
5262,3,100,15,88.7925,18.7027027027027,37.92,114.79963368409007
5263,3,100,15,32.5275,10.27027027027027,13.48,116.22955134709788
5264,3,100,15,12.6991,1.6216216216216217,3.04,108.59464004230193
5265,3,100,15,28.7384,5.945945945945946,10.940000000000001,115.57832385097905
5266,3,100,15,24.8478,2.291891891891892,8.33,111.36824937724074
5267,3,100,15,10.8385,2.1621621621621623,2.93,113.11917876035903
5268,3,100,15,46.5636,15.254054054054052,20.509999999999998,110.29199492955019
5269,3,100,15,15.9018,2.1621621621621623,5.86,129.97685941739846
5270,3,100,15,20.6883,3.2432432432432434,7.530000000000001,113.96888187778637
5271,3,100,15,4.9574,0.5405405405405406,0.41,108.72063057656455
5272,3,100,15,29.7187,4.864864864864865,10.98,112.61614523162959
5273,3,100,15,3.9421,0.0,0.0,
5274,3,100,15,26.6512,5.275675675675676,10.28,112.32189826997254
5275,3,100,15,40.7169,7.275675675675676,15.280000000000001,107.13370351660308
5276,3,100,15,8.6833,2.1621621621621623,2.4899999999999998,111.37472796722479
5277,3,100,15,31.5305,7.5675675675675675,12.2,116.12876106982137
5278,3,100,15,45.0036,12.14054054054054,20.35,109.1607389540048
5279,3,100,15,55.115,11.891891891891891,22.610000000000003,119.85400982864745
5280,3,10,20,16.3236,5.945945945945946,5.9799999999999995,128.70605760461842
5281,3,10,20,17.0855,6.010810810810812,6.24,218.98396697840883
5282,3,10,20,23.4222,12.432432432432433,9.75,200.0911329025155
5283,3,10,20,32.3249,8.724324324324325,12.930000000000001,185.10519459728977
5284,3,10,20,29.8537,12.583783783783783,12.919999999999998,246.94598650096484
5285,3,10,20,23.944,7.5675675675675675,9.739999999999998,155.65836646610458
5286,3,10,20,21.7256,6.486486486486487,8.24,174.57928874245204
5287,3,10,20,16.4588,9.72972972972973,7.140000000000001,280.79053986786266
5288,3,10,20,8.8158,6.486486486486486,2.4099999999999997,316.2095103226538
5289,3,10,20,28.4889,12.25945945945946,13.87,145.89986842391363
5290,3,10,20,17.2611,7.027027027027027,6.35,250.9317171074237
5291,3,10,20,21.3858,10.27027027027027,8.91,213.15815482656635
5292,3,10,20,37.9786,17.643243243243244,18.21,166.86131257206642
5293,3,10,20,25.5747,11.027027027027026,11.96,157.90829312677565
5294,3,10,20,16.4922,9.18918918918919,7.85,204.87959862246365
5295,3,10,20,29.4689,7.027027027027027,12.18,122.4701233399883
5296,3,10,20,35.1585,11.35135135135135,14.780000000000001,158.931045900467
5297,3,10,20,16.6081,5.405405405405405,5.569999999999999,241.71959265838063
5298,3,10,20,20.5792,8.78918918918919,8.930000000000001,184.04350150494045
5299,3,10,20,39.6443,13.243243243243246,16.9,152.04043941345972
5300,3,20,20,7.6062,1.6216216216216217,1.5,111.34896080487367
5301,3,20,20,45.8173,16.745945945945948,21.830000000000002,133.71870198843413
5302,3,20,20,42.5432,11.36216216216216,17.96,128.70314707356
5303,3,20,20,49.7449,16.983783783783785,23.119999999999997,126.34035778374326
5304,3,20,20,48.0429,12.313513513513513,20.830000000000002,131.5312440887361
5305,3,20,20,13.6859,4.864864864864865,4.51,110.22940685715955
5306,3,20,20,20.3257,10.81081081081081,10.2,140.27612562793607
5307,3,20,20,13.4175,5.405405405405405,4.2,172.81783585835325
5308,3,20,20,15.8769,4.324324324324325,5.67,121.91750673834578
5309,3,20,20,26.161,5.405405405405405,10.16,120.52157456388633
5310,3,20,20,13.2717,2.1621621621621623,3.55,113.89433013993491
5311,3,20,20,8.3072,1.6216216216216217,1.5699999999999998,153.06086511163585
5312,3,20,20,21.1943,5.405405405405405,8.66,122.53132495623974
5313,3,20,20,4.8024,0.5405405405405406,0.27999999999999997,103.82249609344038
5314,3,20,20,17.3713,9.72972972972973,6.95,184.52864785283396
5315,3,20,20,21.7738,9.805405405405406,9.379999999999999,129.6276764895864
5316,3,20,20,4.0131,0.5405405405405406,0.1,253.8582915853775
5317,3,20,20,25.959,7.027027027027027,9.940000000000001,116.09496904112027
5318,3,20,20,24.2809,9.72972972972973,10.7,131.8918106534927
5319,3,20,20,18.3343,3.4270270270270276,5.82,150.5008605097898
5320,3,30,20,26.8515,6.540540540540542,9.6,105.83267075325797
5321,3,30,20,17.875,7.027027027027027,7.789999999999999,117.89411872898259
5322,3,30,20,41.5385,14.594594594594593,20.04,129.09188680600474
5323,3,30,20,20.8867,4.864864864864865,7.56,102.81792479619986
5324,3,30,20,32.9719,6.962162162162161,13.55,111.29700564839244
5325,3,30,20,25.9103,8.367567567567567,10.830000000000002,128.9276174230568
5326,3,30,20,19.0848,6.745945945945945,7.090000000000001,126.68389546382838
5327,3,30,20,7.8925,2.7027027027027026,1.59,135.01015464605024
5328,3,30,20,13.4831,3.32972972972973,4.959999999999999,121.45404361019659
5329,3,30,20,31.3959,9.297297297297296,14.190000000000001,110.03536566058858
5330,3,30,20,21.3826,9.243243243243242,9.809999999999999,135.0355952860768
5331,3,30,20,4.3475,0.0,0.0,
5332,3,30,20,32.173,10.81081081081081,13.459999999999999,112.20696088703949
5333,3,30,20,21.3005,7.459459459459458,8.08,130.6325631012089
5334,3,30,20,17.5618,4.864864864864865,7.470000000000001,103.14219725875769
5335,3,30,20,36.3322,8.875675675675677,14.699999999999998,130.2888265392617
5336,3,30,20,3.6089,0.0,0.0,
5337,3,30,20,4.2308,0.5405405405405406,0.33999999999999997,118.2307318461616
5338,3,30,20,14.0262,4.551351351351352,5.05,112.28458776352016
5339,3,30,20,4.6589,0.0,0.02,
5340,3,40,20,54.8336,19.513513513513512,26.71,121.80441293475643
5341,3,40,20,38.5692,8.108108108108109,14.960000000000003,123.48908442098474
5342,3,40,20,17.3681,7.027027027027027,7.209999999999999,130.28153250545375
5343,3,40,20,7.5649,2.1621621621621623,1.65,143.8997552241417
5344,3,40,20,24.4708,5.945945945945946,9.750000000000002,112.02087802064047
5345,3,40,20,12.4016,2.3027027027027027,4.08,116.46562034737556
5346,3,40,20,10.2052,2.1621621621621623,3.0700000000000003,129.714610448143
5347,3,40,20,4.1514,0.5405405405405406,0.06,236.36939295065443
5348,3,40,20,11.7772,2.7027027027027026,4.2,121.60700337363828
5349,3,40,20,34.2871,9.72972972972973,13.84,120.93567046947634
5350,3,40,20,50.0849,14.21621621621622,21.410000000000004,117.9234249737451
5351,3,40,20,31.5159,9.72972972972973,13.860000000000003,121.53626949787619
5352,3,40,20,16.6362,3.7837837837837838,5.89,115.9186721667728
5353,3,40,20,11.3017,3.7837837837837838,3.69,108.15267347877246
5354,3,40,20,34.8348,11.783783783783784,16.369999999999997,114.04165185863127
5355,3,40,20,14.11,3.9135135135135135,5.18,117.05122890836505
5356,3,40,20,25.7279,11.329729729729731,12.819999999999999,126.77955709145657
5357,3,40,20,15.6363,3.7837837837837838,4.92,121.23384292767619
5358,3,40,20,15.4339,2.7027027027027026,4.6,115.22051211759697
5359,3,40,20,48.1498,14.518918918918917,18.97,118.13430013312255
5360,3,50,20,9.8154,1.0810810810810811,1.95,104.61396403646346
5361,3,50,20,10.043,4.324324324324325,3.66,148.24816300080388
5362,3,50,20,10.2966,1.6216216216216217,2.4699999999999998,101.17851123156079
5363,3,50,20,3.8355,0.0,0.0,
5364,3,50,20,33.4237,10.810810810810812,14.370000000000001,120.34584160776221
5365,3,50,20,22.7287,7.545945945945945,10.629999999999999,142.73688884394747
5366,3,50,20,23.4024,7.502702702702703,9.719999999999999,128.9949993061794
5367,3,50,20,15.2426,2.745945945945946,4.91,124.47605517490466
5368,3,50,20,20.8953,7.027027027027027,8.46,130.7362514990003
5369,3,50,20,17.4586,8.25945945945946,9.16,133.4986421178018
5370,3,50,20,32.4546,11.891891891891891,14.39,117.49411150141682
5371,3,50,20,26.27,8.108108108108109,10.74,122.06022642507693
5372,3,50,20,13.5534,4.324324324324325,5.0600000000000005,126.62791269397498
5373,3,50,20,10.1394,1.6216216216216217,2.43,110.46013195478774
5374,3,50,20,8.232,2.1621621621621623,2.08,116.32382003890746
5375,3,50,20,38.0395,15.437837837837838,18.32,123.35619039650221
5376,3,50,20,16.816,5.405405405405405,7.4799999999999995,132.47228304079945
5377,3,50,20,31.5852,10.27027027027027,14.060000000000002,116.38395557728434
5378,3,50,20,24.6174,8.562162162162162,10.24,135.36658845389184
5379,3,50,20,25.0731,8.108108108108109,10.2,127.75999550206234
5380,3,60,20,22.9206,5.405405405405405,8.569999999999999,111.14901380792935
5381,3,60,20,17.429,4.864864864864865,6.0200000000000005,112.29020378716683
5382,3,60,20,6.0711,1.0810810810810811,1.25,156.3463934033532
5383,3,60,20,39.9852,14.594594594594593,19.520000000000003,112.92241524281253
5384,3,60,20,16.4592,4.562162162162162,6.4,133.88084492895143
5385,3,60,20,41.7675,11.35135135135135,17.7,108.75450306583642
5386,3,60,20,28.1465,8.508108108108107,10.830000000000002,118.85527744811462
5387,3,60,20,20.5544,7.5675675675675675,8.58,106.5221513244018
5388,3,60,20,29.9008,7.383783783783784,11.66,114.77737459899193
5389,3,60,20,14.514,5.081081081081082,6.2700000000000005,114.11143956609494
5390,3,60,20,24.8133,9.135135135135135,9.84,118.99930551061784
5391,3,60,20,8.9464,2.7027027027027026,2.73,111.0288300335249
5392,3,60,20,13.1624,4.864864864864865,4.58,124.96227701911896
5393,3,60,20,32.3406,13.556756756756755,15.36,119.68265798316287
5394,3,60,20,25.3862,10.702702702702704,11.33,114.04996444543261
5395,3,60,20,21.0458,5.405405405405405,8.690000000000001,107.66860942435487
5396,3,60,20,20.2688,5.816216216216216,7.659999999999999,132.79114880256336
5397,3,60,20,10.5268,2.5513513513513515,3.5,112.92414198042657
5398,3,60,20,65.1476,19.36216216216216,30.160000000000004,114.2568801187399
5399,3,60,20,16.804,4.27027027027027,6.5,124.79353091276397
5400,3,70,20,25.5859,6.205405405405406,10.059999999999999,114.9321331672737
5401,3,70,20,25.3075,6.086486486486487,9.93,107.9167412068643
5402,3,70,20,33.538,10.627027027027026,14.580000000000002,121.76786838532686
5403,3,70,20,34.581,9.18918918918919,13.620000000000001,125.86037209331931
5404,3,70,20,21.0982,8.108108108108109,9.120000000000001,110.0439478928722
5405,3,70,20,7.496,1.6216216216216217,1.33,111.55519702945868
5406,3,70,20,12.2384,4.324324324324325,5.42,112.80637900095675
5407,3,70,20,31.124,7.5675675675675675,12.74,107.37995347911605
5408,3,70,20,16.3705,3.7837837837837838,5.590000000000001,121.99183340844398
5409,3,70,20,18.2952,7.027027027027027,7.75,137.80115431051723
5410,3,70,20,8.6487,2.1621621621621623,2.2399999999999998,138.82936966285084
5411,3,70,20,34.8574,11.383783783783784,14.819999999999999,115.3790567988843
5412,3,70,20,31.2895,8.691891891891892,13.190000000000001,115.12384112880224
5413,3,70,20,16.9951,7.351351351351352,6.9300000000000015,119.18417625036182
5414,3,70,20,4.6694,0.5405405405405406,0.13999999999999999,109.66766933435512
5415,3,70,20,14.6986,3.7837837837837838,4.92,116.80255871812368
5416,3,70,20,24.8644,7.654054054054055,9.620000000000001,115.13336031848581
5417,3,70,20,15.6297,4.864864864864865,5.92,116.94652337655081
5418,3,70,20,19.9289,8.108108108108109,9.669999999999998,119.95156884955603
5419,3,70,20,4.044,0.0,0.0,
5420,3,75,20,47.2014,12.972972972972974,21.29,116.02148147995409
5421,3,75,20,12.0812,4.648648648648648,4.42,131.3312720017583
5422,3,75,20,19.5663,6.486486486486487,8.14,119.2797332955056
5423,3,75,20,21.1701,8.64864864864865,10.09,120.6933309095265
5424,3,75,20,4.3576,0.0,0.09,
5425,3,75,20,37.2613,5.9459459459459465,14.39,117.12160091607802
5426,3,75,20,18.5598,7.027027027027027,7.340000000000001,127.36440852360592
5427,3,75,20,12.8902,2.1621621621621623,3.6900000000000004,116.82059440348434
5428,3,75,20,47.4165,12.432432432432432,20.2,114.25554535379806
5429,3,75,20,7.673,1.6216216216216217,1.7399999999999998,131.80783980640393
5430,3,75,20,34.6462,10.81081081081081,14.91,118.94473232357036
5431,3,75,20,12.4795,3.7837837837837838,4.82,109.67554898955946
5432,3,75,20,28.7234,14.054054054054054,14.62,124.46375490071156
5433,3,75,20,12.7906,3.2432432432432434,4.03,117.849488550854
5434,3,75,20,56.0758,14.0,24.189999999999998,113.89099842452099
5435,3,75,20,21.1846,4.864864864864865,7.76,123.97545254077461
5436,3,75,20,19.9941,7.535135135135135,8.9,127.6388548273394
5437,3,75,20,12.8468,4.324324324324325,3.85,131.1356287425002
5438,3,75,20,4.1161,0.0,0.0,
5439,3,75,20,16.3768,2.227027027027027,4.85,133.5987674414776
5440,3,80,20,29.2871,10.81081081081081,13.419999999999998,116.73672777777813
5441,3,80,20,7.3944,2.7027027027027026,1.9600000000000002,127.28779640606538
5442,3,80,20,30.3846,9.72972972972973,13.690000000000001,115.2816997141944
5443,3,80,20,24.5441,3.2432432432432434,8.239999999999998,107.62114680784542
5444,3,80,20,12.386,2.324324324324324,3.66,122.95637356760002
5445,3,80,20,6.3057,1.0810810810810811,0.67,105.45079720722137
5446,3,80,20,29.4726,7.5675675675675675,13.330000000000002,113.69127403624988
5447,3,80,20,42.5655,15.178378378378378,19.939999999999998,112.04650936440233
5448,3,80,20,22.5469,7.837837837837839,9.66,111.20339819221884
5449,3,80,20,24.0565,9.72972972972973,10.669999999999998,124.79560787012808
5450,3,80,20,4.7902,0.0,0.02,
5451,3,80,20,11.1403,3.4702702702702704,3.41,127.1484330616294
5452,3,80,20,47.0105,12.713513513513513,21.48,119.11408711977448
5453,3,80,20,7.6814,1.6216216216216217,1.3599999999999999,110.97490784540794
5454,3,80,20,17.5936,3.2432432432432434,6.409999999999999,131.15561111538815
5455,3,80,20,32.7157,8.64864864864865,13.220000000000002,118.7807620611384
5456,3,80,20,7.0982,1.6216216216216217,1.49,109.50936095001394
5457,3,80,20,20.945,4.324324324324325,7.910000000000001,107.91115340002943
5458,3,80,20,7.412,2.7027027027027026,1.9300000000000002,131.09689561418685
5459,3,80,20,7.3195,2.7027027027027026,1.78,121.85163203202187
5460,3,90,20,31.3481,7.5675675675675675,11.92,118.82696259463762
5461,3,90,20,6.6515,1.0810810810810811,1.77,113.34896670416646
5462,3,90,20,21.0103,4.14054054054054,7.94,112.67048031483628
5463,3,90,20,23.4834,7.027027027027027,9.05,119.13306748662467
5464,3,90,20,14.3737,4.324324324324325,5.5200000000000005,111.81091058487957
5465,3,90,20,33.9662,10.345945945945946,15.179999999999998,110.64266812282862
5466,3,90,20,41.1013,10.81081081081081,18.16,111.36997483646135
5467,3,90,20,42.5139,13.848648648648652,17.32,113.27712974283781
5468,3,90,20,31.7182,7.567567567567567,11.940000000000001,104.74557702755263
5469,3,90,20,16.518,4.864864864864865,6.090000000000001,122.48038140618584
5470,3,90,20,35.7574,10.972972972972972,14.84,119.99872392547626
5471,3,90,20,14.1605,4.864864864864865,5.029999999999999,115.15668978834489
5472,3,90,20,16.933,7.5675675675675675,7.2,117.16426420888263
5473,3,90,20,31.6033,7.5675675675675675,12.64,117.43660805689288
5474,3,90,20,18.6094,4.972972972972973,7.159999999999999,111.1872202842928
5475,3,90,20,39.7655,16.594594594594593,19.529999999999998,116.71690940256073
5476,3,90,20,25.9491,8.108108108108109,10.91,109.30670288187069
5477,3,90,20,20.7164,5.405405405405405,8.16,115.15351260149544
5478,3,90,20,25.4811,5.405405405405405,10.22,108.19476587952832
5479,3,90,20,20.1132,5.45945945945946,8.61,113.71880736361021
5480,3,100,20,27.1521,8.108108108108109,10.76,111.29167345840008
5481,3,100,20,70.0979,18.16216216216216,29.5,113.72370043848022
5482,3,100,20,16.4001,4.324324324324325,5.88,115.49109150817185
5483,3,100,20,4.0515,0.0,0.0,
5484,3,100,20,33.9626,8.68108108108108,13.74,108.3110872350438
5485,3,100,20,14.1693,3.2432432432432434,5.029999999999999,115.69395495051542
5486,3,100,20,4.613,0.5405405405405406,0.49000000000000005,111.75348139435812
5487,3,100,20,17.8096,3.7837837837837838,6.4399999999999995,114.43290826978212
5488,3,100,20,28.0816,8.172972972972975,11.35,111.44438469108435
5489,3,100,20,10.4696,4.864864864864865,3.85,132.10187137017863
5490,3,100,20,22.4023,6.410810810810811,9.73,111.40221604449835
5491,3,100,20,4.6562,0.0,0.03,
5492,3,100,20,35.0429,13.167567567567568,15.35,114.042263831448
5493,3,100,20,4.7212,0.454054054054054,0.41,144.9337359030984
5494,3,100,20,11.7697,6.335135135135135,5.02,122.72805365982781
5495,3,100,20,20.8283,9.18918918918919,9.030000000000001,120.17777285055188
5496,3,100,20,5.079,1.0810810810810811,0.75,120.64321597199567
5497,3,100,20,25.9522,7.027027027027027,11.219999999999999,119.37577381851287
5498,3,100,20,19.005,2.7027027027027026,6.6,112.12377937571068
5499,3,100,20,52.3661,12.432432432432433,22.119999999999997,120.57091892648435
5500,3,10,25,8.3435,5.405405405405405,3.05,240.60051293087776
5501,3,10,25,12.8056,6.486486486486487,4.25,248.53105342930516
5502,3,10,25,7.1177,6.4,2.65,367.32068201274143
5503,3,10,25,19.4795,11.891891891891891,9.030000000000001,152.73457151022313
5504,3,10,25,24.9773,12.486486486486488,12.09,198.2448933696747
5505,3,10,25,7.8294,3.7837837837837838,1.45,334.7074941687709
5506,3,10,25,23.9626,9.72972972972973,10.579999999999998,139.17521748319814
5507,3,10,25,41.3535,14.756756756756754,20.32,134.2492189424951
5508,3,10,25,7.0826,3.7837837837837838,1.75,516.3342963684993
5509,3,10,25,21.5362,10.27027027027027,9.61,178.8142623330248
5510,3,10,25,21.6976,9.72972972972973,10.23,275.71244712756567
5511,3,10,25,4.4394,2.1621621621621623,0.0,660.0392505172098
5512,3,10,25,9.0413,5.405405405405405,3.0,361.89391245684465
5513,3,10,25,18.424,10.075675675675678,7.88,149.3587109286703
5514,3,10,25,9.9629,5.9459459459459465,4.11,264.891462180514
5515,3,10,25,10.7284,4.864864864864865,3.0700000000000003,315.6077146158134
5516,3,10,25,10.5118,9.72972972972973,4.93,216.35695891912974
5517,3,10,25,21.7166,10.756756756756756,9.72,220.6664223508144
5518,3,10,25,22.5972,17.44864864864865,11.49,200.1052663624813
5519,3,10,25,15.4115,9.71891891891892,6.95,205.72357722735873
5520,3,20,25,18.277,9.72972972972973,8.690000000000001,137.74508294234224
5521,3,20,25,28.883,13.49189189189189,13.35,133.14497116094984
5522,3,20,25,4.1708,0.5405405405405406,0.25,116.64347864083678
5523,3,20,25,21.2094,7.027027027027027,8.459999999999999,123.35625743290022
5524,3,20,25,25.577,7.027027027027027,10.09,120.76115810333037
5525,3,20,25,21.7837,8.302702702702703,10.24,121.61087297401231
5526,3,20,25,33.0632,13.372972972972974,15.430000000000001,132.0177737704446
5527,3,20,25,9.4897,4.324324324324325,3.31,149.6860064667181
5528,3,20,25,10.2541,3.7837837837837838,2.81,153.04781839211472
5529,3,20,25,12.4601,4.324324324324325,4.04,155.0425802146868
5530,3,20,25,28.5396,5.945945945945946,9.620000000000001,133.86959013128248
5531,3,20,25,9.4248,2.7027027027027026,2.7,118.37407444139319
5532,3,20,25,20.8358,5.978378378378379,8.569999999999999,129.7352584043971
5533,3,20,25,20.4214,5.945945945945946,7.35,149.09983559395434
5534,3,20,25,10.5469,1.6216216216216217,2.7800000000000002,103.76748109900429
5535,3,20,25,24.9883,8.162162162162161,11.91,145.12631631473585
5536,3,20,25,16.0268,7.027027027027026,6.610000000000001,161.60205880694394
5537,3,20,25,11.1891,4.864864864864865,4.59,122.95172129937191
5538,3,20,25,25.9578,9.72972972972973,11.7,122.81443728106599
5539,3,20,25,8.454,4.864864864864865,2.8299999999999996,150.36171814965363
5540,3,30,25,16.6546,7.372972972972974,7.19,116.30359101740402
5541,3,30,25,31.4297,15.135135135135135,16.139999999999997,124.59455854984832
5542,3,30,25,16.6415,8.108108108108109,7.5,125.20660905179177
5543,3,30,25,5.0517,1.0810810810810811,0.76,152.87653098221273
5544,3,30,25,26.7224,12.28108108108108,13.219999999999999,119.7236880499388
5545,3,30,25,13.5833,3.7837837837837838,4.14,149.97342195413904
5546,3,30,25,34.4014,16.551351351351354,16.22,126.31235189744045
5547,3,30,25,7.3701,2.7027027027027026,1.8800000000000001,160.45605465965892
5548,3,30,25,24.1773,9.902702702702703,10.200000000000001,140.88486947213275
5549,3,30,25,21.801,8.832432432432432,10.02,133.14583049912082
5550,3,30,25,25.7915,13.513513513513512,12.16,139.0888308659074
5551,3,30,25,11.666,1.9351351351351351,3.05,114.38852010698612
5552,3,30,25,5.2719,0.5405405405405406,0.6,93.86672798417518
5553,3,30,25,17.6253,4.864864864864865,7.05,117.20149646274996
5554,3,30,25,12.7493,4.248648648648649,5.2299999999999995,131.25665932499953
5555,3,30,25,20.9936,5.686486486486487,7.51,121.74029085020669
5556,3,30,25,6.1019,2.1621621621621623,0.99,155.2373309126329
5557,3,30,25,16.9599,6.27027027027027,6.34,156.0104736670053
5558,3,30,25,15.3183,7.545945945945945,7.12,122.68946684972384
5559,3,30,25,33.9658,13.36216216216216,16.34,126.78474290368423
5560,3,40,25,11.8757,4.324324324324325,4.35,129.12296543462844
5561,3,40,25,10.8952,2.5081081081081082,3.62,143.7931925985999
5562,3,40,25,12.5663,1.0810810810810811,3.56,98.53286529450189
5563,3,40,25,19.5862,7.027027027027027,8.03,119.90263500807434
5564,3,40,25,11.9000900090009,3.7837837837837838,3.65,112.61347696786595
5565,3,40,25,20.366,11.135135135135135,10.1,133.17067508586894
5566,3,40,25,9.1741,3.9351351351351354,3.9899999999999998,163.06160884050058
5567,3,40,25,19.19301972685888,5.24081485811935,7.792816180235536,118.63576720923959
5568,3,40,25,9.6371,3.7837837837837838,2.9200000000000004,121.7879247979901
5569,3,40,25,47.8271,21.772972972972973,24.119999999999997,121.86740965020311
5570,3,40,25,19.8203,9.145945945945945,8.07,117.2401817751478
5571,3,40,25,12.5532,5.405405405405405,4.09,126.21089019109618
5572,3,40,25,11.0643,2.7027027027027026,3.4200000000000004,111.92981341227139
5573,3,40,25,36.5543,14.054054054054054,16.869999999999997,127.15237779517719
5574,3,40,25,61.6066,16.756756756756758,25.73,109.17963471831429
5575,3,40,25,9.9601,3.2432432432432434,3.3899999999999997,113.95022531870775
5576,3,40,25,4.388,0.0,0.0,
5577,3,40,25,10.2453,4.864864864864865,4.64,145.85354348805157
5578,3,40,25,7.482,2.1621621621621623,1.98,111.35134053697254
5579,3,40,25,4.8756,0.5405405405405406,0.38,231.04889495884214
5580,3,50,25,19.5238,4.864864864864865,7.26,119.92807751127849
5581,3,50,25,7.8759,2.1621621621621623,2.0,132.4739259502793
5582,3,50,25,16.0323,4.324324324324325,5.37,133.34912076840897
5583,3,50,25,20.7259,10.27027027027027,9.92,144.19207681742887
5584,3,50,25,25.9362,9.18918918918919,11.27,112.5015102842403
5585,3,50,25,14.8509,4.324324324324325,5.32,119.80874379250581
5586,3,50,25,25.6659,10.572972972972973,12.219999999999999,131.6310906944739
5587,3,50,25,5.2921,1.0810810810810811,0.9199999999999999,105.30409213312731
5588,3,50,25,24.065,10.41081081081081,11.73,124.3245503347279
5589,3,50,25,11.6802,3.2432432432432434,3.3200000000000003,116.76460750621493
5590,3,50,25,12.1525,3.7837837837837838,4.18,112.06051090779341
5591,3,50,25,6.7311,1.0810810810810811,1.72,111.37409303080526
5592,3,50,25,6.6712,1.0810810810810811,1.43,109.27469832656631
5593,3,50,25,14.3104,2.7027027027027026,4.890000000000001,99.07860460844532
5594,3,50,25,6.4603,2.1621621621621623,1.24,137.40278131018857
5595,3,50,25,16.7059,4.864864864864865,6.390000000000001,110.31505537174573
5596,3,50,25,22.1326,6.486486486486487,8.879999999999999,110.08324996507694
5597,3,50,25,23.5084,8.951351351351352,10.11,128.65027215273477
5598,3,50,25,21.2527,6.756756756756758,8.0,119.23856047207056
5599,3,50,25,8.1096,2.2810810810810813,2.55,120.73331727064365
5600,3,60,25,9.4111,3.2432432432432434,3.04,124.32771336832333
5601,3,60,25,15.1158,5.848648648648648,6.19,124.96323131088845
5602,3,60,25,10.1978,2.1621621621621623,2.7700000000000005,111.37149718180646
5603,3,60,25,3.9661,0.0,0.0,
5604,3,60,25,15.7182,5.945945945945946,6.709999999999999,117.91957225385217
5605,3,60,25,18.4565,7.027027027027026,7.63,116.88770128524136
5606,3,60,25,13.3351,4.864864864864865,4.6,126.29427407198217
5607,3,60,25,27.3034,7.5675675675675675,12.16,119.1612161819446
5608,3,60,25,7.0992,2.7027027027027026,1.92,110.24816626341911
5609,3,60,25,18.2069,7.081081081081081,7.43,127.03497861559872
5610,3,60,25,29.9018,10.129729729729728,13.01,123.2947360902153
5611,3,60,25,36.1934,11.04864864864865,15.48,115.63155959218645
5612,3,60,25,23.2556,5.405405405405405,9.45,111.2497429393679
5613,3,60,25,30.0129,11.037837837837838,13.930000000000001,119.73320784532196
5614,3,60,25,13.5882,5.945945945945946,4.9799999999999995,115.52029898537859
5615,3,60,25,12.6308,3.7837837837837838,4.4,141.03983823970447
5616,3,60,25,23.8571,5.935135135135136,9.39,118.58994473552976
5617,3,60,25,13.1325,5.945945945945946,5.08,135.1130038991066
5618,3,60,25,16.4369,5.697297297297298,6.37,112.1180081837607
5619,3,60,25,4.3912,0.0,0.02,
5620,3,70,25,17.3393,5.654054054054054,6.56,122.29163645999932
5621,3,70,25,16.0779,7.481081081081081,6.75,114.58545047157115
5622,3,70,25,33.7399,13.945945945945946,15.12,122.14933809268366
5623,3,70,25,25.4188,12.432432432432432,11.709999999999999,122.61436834273881
5624,3,70,25,14.2507,7.027027027027027,5.5,146.00637490780645
5625,3,70,25,10.9304,1.6216216216216217,2.7600000000000002,113.95559851195564
5626,3,70,25,18.1321,7.5675675675675675,7.380000000000001,119.52131904110016
5627,3,70,25,6.7555,2.1621621621621623,1.8199999999999998,110.61720390782214
5628,3,70,25,20.7072,4.864864864864865,7.540000000000001,112.99455840060935
5629,3,70,25,10.7605,4.864864864864865,4.92,142.89806920582157
5630,3,70,25,4.5002,0.5405405405405406,0.22999999999999998,98.54287509180516
5631,3,70,25,33.2995,7.783783783783784,12.99,115.19288638793559
5632,3,70,25,14.8578,6.854054054054053,6.289999999999999,125.26023333051616
5633,3,70,25,28.6466,8.64864864864865,11.470000000000002,114.86053421446731
5634,3,70,25,25.0089,7.675675675675675,10.969999999999999,117.1472061618412
5635,3,70,25,23.3252,8.108108108108109,8.98,110.88327745673989
5636,3,70,25,27.5443,5.945945945945946,10.459999999999999,113.38129934357539
5637,3,70,25,16.4794,5.405405405405405,5.9,120.12804610347746
5638,3,70,25,22.1809,8.64864864864865,10.62,119.24211128776696
5639,3,70,25,31.0698,8.64864864864865,12.47,103.21754253099891
5640,3,75,25,28.1854,8.64864864864865,11.870000000000001,124.84622108843283
5641,3,75,25,20.2385,7.275675675675676,8.95,132.4149932107229
5642,3,75,25,11.3717,3.5675675675675675,3.6700000000000004,111.6300033113546
5643,3,75,25,20.7278,7.5675675675675675,8.870000000000001,121.12389157482825
5644,3,75,25,24.688,9.72972972972973,10.18,113.54271865585662
5645,3,75,25,16.6543,5.405405405405405,6.62,113.18353034711936
5646,3,75,25,19.7348,7.027027027027027,8.51,111.73116493098398
5647,3,75,25,12.9996,5.945945945945946,5.19,110.27540498508797
5648,3,75,25,47.0447,15.135135135135135,21.05,115.1027029007738
5649,3,75,25,36.1015,14.594594594594593,17.06,125.15086431722521
5650,3,75,25,12.0427,3.7837837837837838,4.39,116.0676307733492
5651,3,75,25,19.1641,6.65945945945946,8.24,115.55194798137236
5652,3,75,25,5.7487,1.2108108108108109,0.95,123.16239317873767
5653,3,75,25,12.917,3.7837837837837838,4.74,114.24400555580249
5654,3,75,25,15.7838,6.486486486486487,6.5,124.59553058830728
5655,3,75,25,7.6664,1.5243243243243243,2.06,132.79525049704026
5656,3,75,25,12.8714,5.405405405405405,5.13,126.40600874224424
5657,3,75,25,23.7728,7.027027027027027,10.54,111.52666638351931
5658,3,75,25,16.6479,6.486486486486487,6.9799999999999995,123.78791417953873
5659,3,75,25,24.0558,8.064864864864864,9.95,120.78774606018331
5660,3,80,25,15.1125,4.8108108108108105,6.140000000000001,111.87650192674141
5661,3,80,25,7.1777,1.2,1.6600000000000001,115.22337256258568
5662,3,80,25,12.5747,1.6216216216216217,3.5200000000000005,111.8463432799971
5663,3,80,25,32.1144,8.108108108108109,12.940000000000001,113.17930418398784
5664,3,80,25,15.4405,7.027027027027027,7.25,121.40155522279436
5665,3,80,25,9.9314,2.8972972972972975,2.8200000000000003,111.32114561526656
5666,3,80,25,12.9554,3.7837837837837838,4.92,102.01212128873837
5667,3,80,25,15.5628,3.621621621621621,5.090000000000001,113.4150088346116
5668,3,80,25,19.4759,5.945945945945946,7.42,111.55733318395183
5669,3,80,25,4.439,0.0,0.18,
5670,3,80,25,35.1643,10.81081081081081,15.040000000000001,121.05005560582944
5671,3,80,25,6.5623,0.2810810810810811,0.85,98.07081710814934
5672,3,80,25,8.9524,3.8270270270270275,3.1799999999999997,124.09499673608968
5673,3,80,25,14.3337,3.102702702702703,5.01,110.73447885182175
5674,3,80,25,7.0902,1.0810810810810811,1.44,111.50713599657604
5675,3,80,25,17.5145,7.5675675675675675,7.92,125.57761722703792
5676,3,80,25,3.9887,0.5405405405405406,0.26,119.0951182699069
5677,3,80,25,6.9812,1.362162162162162,1.64,148.3335633507307
5678,3,80,25,22.0193,10.27027027027027,10.059999999999999,128.18158513844455
5679,3,80,25,16.7332,4.9837837837837835,6.410000000000001,111.1368148838499
5680,3,90,25,26.7143,8.972972972972972,12.040000000000001,117.45573006631881
5681,3,90,25,12.492,5.632432432432433,4.78,122.12200048977957
5682,3,90,25,15.092,7.5675675675675675,6.0600000000000005,117.4444878341156
5683,3,90,25,9.5622,4.14054054054054,3.65,127.92131120593287
5684,3,90,25,40.8835,13.513513513513512,17.880000000000003,113.54947054898362
5685,3,90,25,9.4289,2.7027027027027026,3.18,133.72399756098355
5686,3,90,25,26.0683,11.891891891891893,13.120000000000001,119.33128366647033
5687,3,90,25,28.535,9.124324324324325,11.66,114.12384075011106
5688,3,90,25,26.7322,8.843243243243242,11.35,123.11925442573174
5689,3,90,25,8.6706,3.7837837837837838,3.35,130.79871977739998
5690,3,90,25,29.3775,8.108108108108109,11.629999999999999,108.3005301620297
5691,3,90,25,3.8702,0.5405405405405406,0.2,224.41357780382467
5692,3,90,25,17.0279,4.864864864864865,6.55,112.60966779511796
5693,3,90,25,33.9848,11.945945945945946,16.619999999999997,114.71534015006254
5694,3,90,25,30.6086,9.2,12.579999999999998,113.23936684223142
5695,3,90,25,46.0758,12.972972972972974,21.049999999999997,112.7342528490956
5696,3,90,25,12.3798,5.405405405405405,5.9399999999999995,128.93214442189384
5697,3,90,25,21.6108,6.486486486486487,8.52,111.37902321874463
5698,3,90,25,4.4598,0.5405405405405406,0.15,135.4516050792409
5699,3,90,25,12.8301,3.708108108108108,4.279999999999999,115.76253293542459
5700,3,100,25,11.388,2.1621621621621623,3.6799999999999997,122.48615879396567
5701,3,100,25,19.4654,5.9459459459459465,7.68,109.11623315885568
5702,3,100,25,9.1214,2.7027027027027026,2.5,113.58232278038358
5703,3,100,25,15.8074,4.864864864864865,6.01,114.167152720753
5704,3,100,25,13.05,5.243243243243244,4.96,114.97184634633909
5705,3,100,25,13.2009,3.3729729729729727,4.0,116.56265803095019
5706,3,100,25,8.9413,3.7837837837837838,2.5,123.5612153270393
5707,3,100,25,20.7369,7.5675675675675675,9.040000000000001,116.37777874415676
5708,3,100,25,7.2603,1.0810810810810811,1.16,122.62123638083514
5709,3,100,25,4.2971,0.0,0.01,
5710,3,100,25,14.2172,4.324324324324325,4.9,121.44219015398123
5711,3,100,25,10.8874,3.2432432432432434,3.79,113.70003056925397
5712,3,100,25,8.888,2.7027027027027026,2.62,102.22538167527324
5713,3,100,25,38.2621,11.221621621621622,16.25,110.06467974470156
5714,3,100,25,23.351,8.443243243243243,10.34,125.03801858882346
5715,3,100,25,13.7954,4.324324324324325,5.68,130.74431315602828
5716,3,100,25,7.2857,1.6216216216216217,1.28,114.44794618255077
5717,3,100,25,30.8449,8.28108108108108,13.729999999999999,117.63705182047235
5718,3,100,25,13.2392,5.405405405405405,5.4799999999999995,119.99694905089689
5719,3,100,25,26.0712,9.005405405405407,10.540000000000001,113.68168487144919
5720,3,10,30,4.5385,4.324324324324325,0.01,520.2534154658831
5721,3,10,30,19.5825,10.27027027027027,7.94,229.28373466773877
5722,3,10,30,9.7928,5.232432432432432,3.53,237.28707683307547
5723,3,10,30,17.0636,13.891891891891891,8.870000000000001,194.33552839125755
5724,3,10,30,33.2712,11.891891891891891,14.530000000000001,176.9932456781651
5725,3,10,30,18.7976,11.913513513513513,8.78,219.7276194403451
5726,3,10,30,25.0904,11.35135135135135,10.879999999999999,193.32048041644674
5727,3,10,30,12.0384,6.486486486486487,4.56,301.4204319634412
5728,3,10,30,23.3693,15.135135135135135,12.739999999999998,155.82107921021483
5729,3,10,30,15.6173,5.675675675675675,6.409999999999999,134.97551599199002
5730,3,10,30,8.1702,2.1621621621621623,1.75,295.939169245814
5731,3,10,30,32.9634,17.35135135135135,17.45,150.97933091805493
5732,3,10,30,11.3317,6.486486486486487,3.78,299.73774298303084
5733,3,10,30,22.8299,8.702702702702704,9.82,145.2716655992271
5734,3,10,30,16.4391,10.27027027027027,6.25,220.24437643667707
5735,3,10,30,30.2628,14.594594594594597,14.73,182.20205527371266
5736,3,10,30,4.3309,2.1621621621621623,0.09,483.0613939527633
5737,3,10,30,20.6931,14.054054054054054,9.33,220.91326081930947
5738,3,10,30,8.5166,4.324324324324325,2.56,284.31512404485807
5739,3,10,30,22.84,18.37837837837838,12.110000000000001,228.72754620296132
5740,3,20,30,4.949,1.0810810810810811,0.54,129.3671125816599
5741,3,20,30,5.7823,1.0810810810810811,0.76,125.17150459281913
5742,3,20,30,9.1151,6.486486486486487,3.2599999999999993,174.57645932267874
5743,3,20,30,24.1402,9.275675675675675,9.489999999999998,127.02070387809027
5744,3,20,30,8.7386,4.864864864864865,3.7300000000000004,189.16927803755308
5745,3,20,30,9.6214,4.4324324324324325,4.090000000000001,146.50582057564088
5746,3,20,30,23.8556,14.183783783783785,12.25,144.70737155698765
5747,3,20,30,5.0587,0.5405405405405406,0.7,108.51823750004051
5748,3,20,30,36.3539,19.97837837837838,19.099999999999998,146.72765889755945
5749,3,20,30,11.0164,4.378378378378379,4.19,137.44476884234342
5750,3,20,30,10.8228,5.945945945945946,4.220000000000001,141.94283779063406
5751,3,20,30,13.7533,6.486486486486487,5.66,130.87195932750646
5752,3,20,30,4.1212,0.0,0.02,
5753,3,20,30,22.5956,7.5675675675675675,9.88,120.29397795735655
5754,3,20,30,7.0936,3.7189189189189187,1.97,151.95090046485328
5755,3,20,30,7.0547,1.0810810810810811,1.47,182.82585835257743
5756,3,20,30,4.4476,0.5405405405405406,0.27999999999999997,117.4714804417061
5757,3,20,30,11.2855,3.7837837837837838,3.689999999999999,112.81364008046558
5758,3,20,30,19.2685,6.486486486486487,7.33,144.64607015946117
5759,3,20,30,9.3009,4.864864864864865,3.06,132.06484205855656
5760,3,30,30,28.1066,13.502702702702702,14.11,123.89335916263573
5761,3,30,30,9.8024,3.7837837837837838,3.2,114.43579625213022
5762,3,30,30,27.086,10.81081081081081,12.41,134.25002496278378
5763,3,30,30,13.877,7.027027027027027,6.090000000000001,115.9962613798955
5764,3,30,30,17.3419,4.324324324324325,5.99,108.38044410813919
5765,3,30,30,5.8654,1.0810810810810811,1.06,112.17513761800396
5766,3,30,30,15.0228,6.68108108108108,6.459999999999999,131.45239226525803
5767,3,30,30,21.4932,10.91891891891892,9.879999999999999,121.04871282070859
5768,3,30,30,16.8253,10.27027027027027,6.859999999999999,127.51574350480941
5769,3,30,30,22.8365,9.405405405405405,11.66,128.0697945716006
5770,3,30,30,6.1521,2.389189189189189,1.59,167.77060248059308
5771,3,30,30,32.3144,14.735135135135135,15.940000000000001,132.68568572745212
5772,3,30,30,11.2014,5.945945945945946,4.7,147.68113258223303
5773,3,30,30,9.3305,1.6216216216216217,2.96,116.59274641942706
5774,3,30,30,6.0641,2.1621621621621623,1.11,110.39805099635508
5775,3,30,30,8.9971,2.1621621621621623,2.5100000000000002,141.83860443481353
5776,3,30,30,37.8662,15.394594594594594,18.07,126.4075581641167
5777,3,30,30,11.35,1.1027027027027025,3.0100000000000002,149.28561736959793
5778,3,30,30,20.5959,9.72972972972973,9.61,119.54940742669763
5779,3,30,30,9.9876,3.2432432432432434,3.95,147.1534044804039
5780,3,40,30,24.7727,10.216216216216216,11.999999999999998,117.90248995643587
5781,3,40,30,12.597,5.9459459459459465,5.0200000000000005,148.62835179417718
5782,3,40,30,7.813,3.7837837837837838,2.98,146.82318606682225
5783,3,40,30,11.798,5.945945945945946,4.43,120.42137876940552
5784,3,40,30,33.7504,11.016216216216216,15.36,119.24271198408749
5785,3,40,30,9.357,4.324324324324325,2.74,123.8313778027761
5786,3,40,30,9.3126,1.6216216216216217,2.89,104.44426668422325
5787,3,40,30,16.9266,3.9567567567567563,6.2299999999999995,110.54804046018941
5788,3,40,30,31.8832,16.086486486486486,14.95,129.19250790114705
5789,3,40,30,16.1684,5.945945945945946,6.33,121.62435336122896
5790,3,40,30,21.5453,5.989189189189188,8.04,111.72743594854893
5791,3,40,30,16.9864,7.027027027027027,7.18,116.63821052382094
5792,3,40,30,51.1365,27.36216216216216,28.01,126.16652812065078
5793,3,40,30,11.7782,4.324324324324325,3.91,117.6416313781158
5794,3,40,30,39.3092,17.491891891891893,18.880000000000003,121.74124116628535
5795,3,40,30,22.6472,9.372972972972972,9.790000000000001,147.2538859346669
5796,3,40,30,8.9164,2.1621621621621623,2.12,113.77317639787353
5797,3,40,30,16.4154,4.648648648648649,5.9799999999999995,110.50361138597869
5798,3,40,30,45.6684,14.616216216216216,21.05,125.71000167134657
5799,3,40,30,7.7564,1.6216216216216217,1.56,106.57231653776951
5800,3,50,30,14.0683,4.324324324324325,4.9,125.70168863015522
5801,3,50,30,17.9997,10.27027027027027,8.040000000000001,155.54387698135278
5802,3,50,30,8.5358,4.864864864864865,3.45,133.4603394356126
5803,3,50,30,19.4568,11.35135135135135,9.969999999999999,123.32224949564159
5804,3,50,30,24.581,7.7405405405405405,9.959999999999999,114.2538733683686
5805,3,50,30,10.0979,4.864864864864865,4.09,119.8355773335798
5806,3,50,30,8.7404,4.172972972972973,3.18,159.84579426196015
5807,3,50,30,11.7885,4.627027027027028,4.340000000000001,132.70709274170883
5808,3,50,30,26.4857,11.35135135135135,12.610000000000003,120.3365776088267
5809,3,50,30,7.5482,2.983783783783784,1.77,123.29615795411115
5810,3,50,30,6.6794,2.1621621621621623,1.41,149.09749731128304
5811,3,50,30,16.181,7.264864864864864,7.529999999999999,141.62385643590636
5812,3,50,30,11.2613,3.2216216216216216,4.25,134.2826319713994
5813,3,50,30,15.0024,5.405405405405405,6.22,117.74952319211386
5814,3,50,30,29.5099,12.972972972972974,16.380000000000003,125.80323183221056
5815,3,50,30,6.8592,1.6216216216216217,1.8099999999999998,114.7508996284635
5816,3,50,30,15.7718,6.38918918918919,6.92,123.78429435571766
5817,3,50,30,7.3351,2.1621621621621623,2.1,126.31885591452668
5818,3,50,30,11.4404,3.7837837837837838,4.0,122.26629559595617
5819,3,50,30,8.9861,6.0,4.1,131.44741141769984
5820,3,60,30,8.3437,3.2432432432432434,2.8200000000000003,113.12005484862355
5821,3,60,30,12.0989,4.864864864864865,4.57,137.95113431655307
5822,3,60,30,11.5804,5.405405405405405,5.13,111.75791717099705
5823,3,60,30,12.8595,4.864864864864865,5.05,147.23489369604627
5824,3,60,30,13.4435,7.027027027027027,5.6899999999999995,122.17806084890542
5825,3,60,30,13.7669,5.275675675675676,5.64,122.2215741112398
5826,3,60,30,17.3282,5.967567567567568,6.220000000000001,115.40550931419413
5827,3,60,30,13.449,7.027027027027027,5.05,129.65319941365325
5828,3,60,30,38.7936,20.043243243243243,20.32,122.24504602218657
5829,3,60,30,8.2419,2.1621621621621623,2.5700000000000003,151.77130560197466
5830,3,60,30,21.4151,9.481081081081083,9.629999999999999,118.05979490257641
5831,3,60,30,19.4496,11.35135135135135,8.56,122.51444802643044
5832,3,60,30,26.9176,9.72972972972973,11.57,118.21226146868895
5833,3,60,30,23.6103,7.102702702702703,10.440000000000001,119.64147531447497
5834,3,60,30,9.0272,2.1621621621621623,2.78,131.60330267033393
5835,3,60,30,3.7594,0.5405405405405406,0.06,205.5651849282989
5836,3,60,30,30.2442,16.259459459459457,15.830000000000002,118.83645384219703
5837,3,60,30,15.1017,4.335135135135135,5.45,145.82946418827802
5838,3,60,30,13.2703,5.405405405405405,4.45,124.54012175043317
5839,3,60,30,22.0777,7.027027027027027,8.41,109.04941577253766
5840,3,70,30,57.5058,25.70810810810811,30.339999999999996,114.26130495811441
5841,3,70,30,16.9883,9.18918918918919,7.790000000000001,123.52339614635987
5842,3,70,30,19.444,7.027027027027027,7.5,127.66089101077397
5843,3,70,30,21.6554,10.27027027027027,10.239999999999998,125.0148637915334
5844,3,70,30,13.6393,7.027027027027027,6.45,120.8767142365514
5845,3,70,30,31.2759,12.972972972972974,14.4,114.04892509753968
5846,3,70,30,29.424,12.410810810810812,13.330000000000002,125.21975145103498
5847,3,70,30,21.8213,9.18918918918919,8.64,123.33351782907638
5848,3,70,30,7.7736,1.6216216216216217,1.9600000000000002,112.79223649584621
5849,3,70,30,7.9394,2.1621621621621623,1.81,111.86145705130015
5850,3,70,30,17.3868,8.108108108108109,7.42,130.71003894826632
5851,3,70,30,21.6386,9.18918918918919,11.24,124.23802869286243
5852,3,70,30,8.2427,2.1621621621621623,2.62,104.42701029270525
5853,3,70,30,3.5667,0.0,0.0,
5854,3,70,30,24.1132,8.64864864864865,9.88,131.932461432129
5855,3,70,30,14.9225,6.486486486486487,6.0,113.19556701333795
5856,3,70,30,21.7881,11.145945945945947,9.93,123.85611222745183
5857,3,70,30,11.5938,3.2432432432432434,3.5799999999999996,106.22717931649971
5858,3,70,30,13.8787,5.405405405405405,4.38,118.89818512849206
5859,3,70,30,16.9337,7.372972972972972,7.56,125.58399676618949
5860,3,75,30,12.1418,5.945945945945946,4.71,127.58258556567874
5861,3,75,30,8.3655,1.6216216216216217,2.7,104.32026015813754
5862,3,75,30,29.5216,15.135135135135135,13.719999999999999,119.33173337770596
5863,3,75,30,18.6125,9.45945945945946,8.65,122.64977446287338
5864,3,75,30,19.0562,8.108108108108109,8.42,139.39401801851304
5865,3,75,30,17.5962,6.486486486486487,6.99,133.55941570959817
5866,3,75,30,13.8543,4.324324324324325,4.7299999999999995,106.02815256657965
5867,3,75,30,13.1092,6.378378378378378,5.93,128.8850123973356
5868,3,75,30,35.0853,11.124324324324325,15.510000000000002,113.50606727018568
5869,3,75,30,5.9441,1.6216216216216217,1.7,128.19450753098712
5870,3,75,30,3.8007,0.0,0.06,
5871,3,75,30,3.911,0.0,0.0,
5872,3,75,30,18.9707,10.27027027027027,9.790000000000001,131.2841686658628
5873,3,75,30,51.3812,24.29189189189189,24.889999999999997,121.6319587866334
5874,3,75,30,25.5693,8.27027027027027,10.08,120.84209905524236
5875,3,75,30,17.1337,8.27027027027027,7.95,120.04417146184639
5876,3,75,30,10.1705,4.864864864864865,3.95,119.64212370601179
5877,3,75,30,16.8044,5.978378378378379,6.93,118.3566414439883
5878,3,75,30,19.8388,11.58918918918919,10.219999999999999,126.29345020793703
5879,3,75,30,26.2138,12.972972972972974,12.020000000000001,121.52649840285449
5880,3,80,30,10.9793,3.2432432432432434,3.7299999999999995,146.32015394982125
5881,3,80,30,30.5087,15.394594594594594,14.74,120.60013139646823
5882,3,80,30,17.069,10.81081081081081,7.090000000000001,123.60358643441509
5883,3,80,30,17.8911,5.405405405405405,7.07,105.96595260835075
5884,3,80,30,26.995,10.81081081081081,11.260000000000002,116.79514342490411
5885,3,80,30,13.8028,2.1621621621621623,4.74,114.32806486597494
5886,3,80,30,7.3761,1.6216216216216217,1.9099999999999997,131.7511780242891
5887,3,80,30,22.8769,6.486486486486487,10.36,115.62993964098591
5888,3,80,30,42.168,19.6,20.75,119.72467103667576
5889,3,80,30,16.0368,4.324324324324325,6.45,115.05065331880822
5890,3,80,30,9.5905,2.1621621621621623,2.66,122.15996011106267
5891,3,80,30,10.5104,2.7027027027027026,3.07,111.15945712150271
5892,3,80,30,6.1724,2.1621621621621623,1.44,152.0745477101979
5893,3,80,30,8.0228,4.324324324324325,2.68,164.58189742394148
5894,3,80,30,33.7883,13.891891891891893,16.17,125.59552049498143
5895,3,80,30,22.5743,8.929729729729731,10.03,115.26288379795024
5896,3,80,30,12.0603,4.5729729729729724,4.5600000000000005,128.7201444050525
5897,3,80,30,9.1215,2.1621621621621623,3.13,115.09932772647808
5898,3,80,30,23.7155,12.68108108108108,11.9,116.816950605866
5899,3,80,30,4.2784,0.0,0.13,
5900,3,90,30,19.0557,8.508108108108107,8.919999999999998,118.64333814945212
5901,3,90,30,22.5947,8.64864864864865,10.76,110.24028822750168
5902,3,90,30,15.0985,7.5675675675675675,5.7,114.76353518602544
5903,3,90,30,18.871,9.72972972972973,9.58,113.06884949599333
5904,3,90,30,27.0581,11.275675675675675,12.65,117.62120656311892
5905,3,90,30,11.9264,4.864864864864865,4.29,113.20617693889785
5906,3,90,30,9.9057,2.5081081081081082,2.65,108.6725245658337
5907,3,90,30,20.358,7.210810810810811,9.09,115.87776011276105
5908,3,90,30,8.4909,3.7837837837837838,2.84,125.88367231482553
5909,3,90,30,12.9489,4.864864864864865,3.8899999999999997,118.9770609808343
5910,3,90,30,16.6843,7.221621621621621,6.45,127.1911836145468
5911,3,90,30,17.0654,5.6,6.85,116.28381882092168
5912,3,90,30,26.0539,10.81081081081081,12.47,118.07619036536671
5913,3,90,30,32.048,15.870270270270272,16.830000000000002,115.01167917612943
5914,3,90,30,18.1472,8.108108108108109,7.9799999999999995,124.00990590256073
5915,3,90,30,34.6273,14.054054054054054,15.530000000000001,114.98937039724153
5916,3,90,30,30.1931,11.18918918918919,14.23,112.14412425964271
5917,3,90,30,14.5271,4.324324324324325,5.15,118.29067000799694
5918,3,90,30,31.6075,10.886486486486486,13.580000000000002,118.75248159501405
5919,3,90,30,30.8161,10.63783783783784,13.0,112.90972280355493
5920,3,100,30,35.5396,16.756756756756758,15.89,120.91239804981144
5921,3,100,30,13.821,5.405405405405405,5.94,118.82615130807422
5922,3,100,30,36.0875,15.08108108108108,15.89,109.95598805762604
5923,3,100,30,16.5272,6.486486486486487,7.05,117.14642728202921
5924,3,100,30,4.1087,0.0,0.01,
5925,3,100,30,25.4056,9.72972972972973,10.770000000000001,111.81283504798586
5926,3,100,30,15.6747,7.254054054054054,7.2,123.41946766145824
5927,3,100,30,19.4309,8.108108108108109,7.790000000000001,119.7111362125067
5928,3,100,30,15.3243,6.486486486486487,6.0,122.48923125139703
5929,3,100,30,16.2981,4.908108108108108,6.08,123.55713276772164
5930,3,100,30,19.1558,6.486486486486487,8.16,116.37627024641965
5931,3,100,30,10.998,4.324324324324325,4.18,110.87993083086165
5932,3,100,30,31.348,12.972972972972974,14.169999999999998,110.62505279690801
5933,3,100,30,9.719,2.4108108108108106,2.5,114.75961028725433
5934,3,100,30,40.2613,17.243243243243242,19.56,120.18066809527079
5935,3,100,30,18.9415,4.324324324324325,6.830000000000001,112.42144427865227
5936,3,100,30,7.4209,0.5405405405405406,1.8,108.78973093406955
5937,3,100,30,21.2201,9.18918918918919,8.719999999999999,123.27525635261475
5938,3,100,30,4.9934,0.5405405405405406,0.45999999999999996,94.56003385517363
5939,3,100,30,26.4817,10.810810810810812,12.47,120.88496084247596
5940,3,10,50,9.828,9.35135135135135,3.8299999999999996,309.63719153317385
5941,3,10,50,8.4601,12.972972972972974,4.35,255.9998635355469
5942,3,10,50,30.2751,24.735135135135135,18.080000000000002,159.6235364426036
5943,3,10,50,11.6336,14.90810810810811,5.85,290.87777108809604
5944,3,10,50,4.9272,5.156756756756757,0.62,518.4203752429091
5945,3,10,50,7.6122,8.108108108108109,3.25,278.51042415528246
5946,3,10,50,6.033,4.864864864864865,1.39,283.52314107452065
5947,3,10,50,9.0446,11.35135135135135,4.659999999999999,336.68633531236503
5948,3,10,50,15.7831,16.691891891891892,9.18,188.90492794949412
5949,3,10,50,17.4674,19.45945945945946,10.489999999999998,201.16448530409028
5950,3,10,50,7.0228,5.945945945945946,2.0,371.56290572993225
5951,3,10,50,19.1297,14.313513513513513,8.9,238.15110777366976
5952,3,10,50,13.5634,9.016216216216216,5.6,255.25008057922722
5953,3,10,50,9.424,9.340540540540541,5.26,232.53503129078146
5954,3,10,50,11.25,10.81081081081081,4.760000000000001,332.4086753741602
5955,3,10,50,9.5612,7.027027027027027,3.55,289.5092490772746
5956,3,10,50,10.7535,8.108108108108109,4.7,205.9169837588077
5957,3,10,50,19.8837,20.0,12.85,184.33414580039792
5958,3,10,50,4.6942,4.324324324324325,0.6300000000000001,426.27769123595317
5959,3,10,50,3.813,1.0810810810810811,0.0,650.3856854825767
5960,3,20,50,7.5338,4.324324324324325,2.94,143.69141551969912
5961,3,20,50,4.6278,0.5405405405405406,0.18,262.157964515577
5962,3,20,50,25.929,17.027027027027025,13.7,141.281399098252
5963,3,20,50,8.4412,3.7837837837837838,2.32,181.5351049775359
5964,3,20,50,4.6199,0.5405405405405406,0.01,257.8127456776079
5965,3,20,50,7.3943,3.7837837837837838,2.04,179.22373834213542
5966,3,20,50,9.6194,4.324324324324325,4.14,152.1539063747397
5967,3,20,50,16.2577,12.972972972972974,9.14,138.03448543626047
5968,3,20,50,11.6068,4.745945945945946,5.0200000000000005,159.3947757117973
5969,3,20,50,15.0173,10.81081081081081,7.2700000000000005,148.34708904247424
5970,3,20,50,6.9146,2.7027027027027026,2.18,143.05812974438564
5971,3,20,50,14.0259,5.945945945945946,5.35,133.41547509060067
5972,3,20,50,14.9459,8.886486486486486,6.55,170.6846297127653
5973,3,20,50,16.4323,14.054054054054054,9.14,146.48593386664476
5974,3,20,50,13.9082,7.621621621621621,5.89,145.20376256868786
5975,3,20,50,5.1605,3.2432432432432434,0.8,193.72211302586393
5976,3,20,50,15.4297,7.5675675675675675,7.260000000000001,158.09319091155862
5977,3,20,50,6.4517,2.7027027027027026,1.23,121.32519240229894
5978,3,20,50,21.0411,10.81081081081081,9.96,137.98630728609186
5979,3,20,50,13.5011,8.108108108108109,6.1899999999999995,154.7600300405227
5980,3,30,50,7.7574,3.7837837837837838,2.13,137.94373240275894
5981,3,30,50,7.8345,6.486486486486487,3.3899999999999997,173.80364841140997
5982,3,30,50,14.9044,10.81081081081081,8.2,150.4149152771816
5983,3,30,50,5.9838,1.9675675675675677,1.7899999999999998,140.47860318335464
5984,3,30,50,14.1861,11.35135135135135,6.26,148.20903735651123
5985,3,30,50,20.4886,14.594594594594593,11.820000000000002,152.2010565291022
5986,3,30,50,8.3456,4.864864864864865,3.0100000000000002,167.61113936849574
5987,3,30,50,10.2721,5.037837837837838,3.9799999999999995,146.12294606283996
5988,3,30,50,9.5852,4.864864864864865,3.03,157.43054297450342
5989,3,30,50,13.1038,6.2270270270270265,5.819999999999999,141.35060502410994
5990,3,30,50,7.6747,3.2432432432432434,1.9,163.57176716037634
5991,3,30,50,17.1225,10.27027027027027,8.09,133.25009879863316
5992,3,30,50,8.8472,5.45945945945946,3.95,160.20492415669256
5993,3,30,50,21.1636,20.0,12.48,156.78272258146035
5994,3,30,50,14.6499,7.027027027027027,6.33,128.74464985882435
5995,3,30,50,18.3333,12.432432432432432,8.67,151.41467838081718
5996,3,30,50,23.5246,11.935135135135136,10.9,124.00615857122203
5997,3,30,50,5.3952,2.7027027027027026,0.95,198.2207529663652
5998,3,30,50,9.1544,5.405405405405405,3.2299999999999995,151.2400944899379
5999,3,30,50,6.3437,1.6216216216216217,1.1199999999999999,117.45064310419359
6000,3,40,50,8.5689,5.945945945945946,3.4,153.56540295220336
6001,3,40,50,24.0642,13.383783783783784,12.709999999999999,138.15706666072256
6002,3,40,50,8.5485,2.7027027027027026,2.44,113.55729681190078
6003,3,40,50,13.0477,9.18918918918919,7.31,121.47404583529185
6004,3,40,50,10.9012,7.027027027027027,4.4399999999999995,133.0905309465427
6005,3,40,50,7.9749,3.2432432432432434,1.78,118.62052119284085
6006,3,40,50,13.564,5.945945945945946,5.63,116.11781501601335
6007,3,40,50,16.2245,10.27027027027027,9.28,142.99047603212685
6008,3,40,50,12.3041,5.275675675675676,4.74,112.7980742769283
6009,3,40,50,34.8348,28.10810810810811,19.669999999999998,146.22833600894148
6010,3,40,50,15.9233,8.108108108108109,7.029999999999999,122.70229187328628
6011,3,40,50,9.771,6.962162162162161,4.290000000000001,164.24056035628172
6012,3,40,50,9.2394,5.9459459459459465,3.3600000000000003,148.68821688854726
6013,3,40,50,9.27,5.945945945945946,3.87,148.75947078438585
6014,3,40,50,5.0652,1.6216216216216217,1.49,150.94123742641418
6015,3,40,50,15.0688,7.4702702702702695,7.08,127.21866460375593
6016,3,40,50,6.9617,2.1621621621621623,1.56,120.58559857657545
6017,3,40,50,15.2427,11.416216216216217,8.06,140.04181224914916
6018,3,40,50,3.9782,0.0,0.0,
6019,3,40,50,8.7095,5.405405405405405,2.29,136.0017712372187
6020,3,50,50,10.2994,8.64864864864865,4.6899999999999995,141.03509106720946
6021,3,50,50,8.1373,3.7837837837837838,3.3299999999999996,114.76259386439683
6022,3,50,50,18.8589,15.135135135135135,11.059999999999999,146.64463081369794
6023,3,50,50,18.3022,11.027027027027028,10.47,115.26277061227603
6024,3,50,50,13.0883,8.64864864864865,5.92,148.3501123639744
6025,3,50,50,7.8835,4.864864864864865,3.4,148.33249874243432
6026,3,50,50,14.1412,8.551351351351352,7.280000000000001,136.50727373641146
6027,3,50,50,18.0302,7.6,7.290000000000001,132.80230092137225
6028,3,50,50,12.3729,8.64864864864865,6.470000000000001,136.60762956665695
6029,3,50,50,11.3566,7.5675675675675675,5.12,132.93444455727712
6030,3,50,50,10.5284,5.275675675675676,3.7600000000000002,111.62767576895581
6031,3,50,50,15.1184,10.756756756756758,7.720000000000001,132.6337035228945
6032,3,50,50,14.4964,5.956756756756756,5.680000000000001,118.51957579863671
6033,3,50,50,6.8485,4.864864864864865,2.32,154.48972955852025
6034,3,50,50,19.1305,17.83783783783784,11.040000000000001,140.24653829470427
6035,3,50,50,8.9595,3.2432432432432434,3.09,128.71170846398758
6036,3,50,50,7.508,2.7027027027027026,2.48,124.06791505482597
6037,3,50,50,6.8745,2.7027027027027026,1.67,144.68938985698853
6038,3,50,50,27.376,16.345945945945946,13.470000000000002,125.39937511772936
6039,3,50,50,10.6326,4.821621621621622,5.34,124.04864813642732
6040,3,60,50,4.8711,0.5405405405405406,0.32999999999999996,126.0142932111996
6041,3,60,50,12.2275,7.027027027027027,4.87,127.99093787587857
6042,3,60,50,6.4697,1.881081081081081,1.6800000000000002,109.3512969668361
6043,3,60,50,11.4981,8.129729729729728,5.85,153.87253413698198
6044,3,60,50,11.9087,7.027027027027027,4.9,126.30194433709173
6045,3,60,50,4.4344,0.0,0.0,
6046,3,60,50,10.3769,2.1621621621621623,2.8,122.12326030629062
6047,3,60,50,6.2141,1.6216216216216217,1.58,122.92280162805552
6048,3,60,50,9.051,8.108108108108107,4.49,160.15677072120266
6049,3,60,50,15.2339,10.27027027027027,7.590000000000001,131.376408726545
6050,3,60,50,34.1479,24.864864864864863,20.54,131.64384440026316
6051,3,60,50,19.5803,12.972972972972974,10.09,137.46424115517127
6052,3,60,50,16.4296,9.18918918918919,8.34,127.82630371411233
6053,3,60,50,3.9998,0.5405405405405406,0.33999999999999997,100.85827212002174
6054,3,60,50,6.575,1.0810810810810811,1.34,107.91447135196071
6055,3,60,50,17.3133,11.35135135135135,8.25,148.12574024534592
6056,3,60,50,15.3215,8.108108108108109,6.76,141.08482162967147
6057,3,60,50,13.0433,8.64864864864865,6.11,119.96726035897663
6058,3,60,50,12.8995,7.027027027027027,5.6899999999999995,140.6159138073819
6059,3,60,50,8.1715,2.7027027027027026,2.38,128.38501328986763
6060,3,70,50,6.0622,3.2432432432432434,1.92,156.20160184140244
6061,3,70,50,8.5396,3.7837837837837838,3.2299999999999995,126.96301706531123
6062,3,70,50,9.4008,2.7891891891891896,2.9099999999999997,116.51111401450652
6063,3,70,50,3.8895,0.0,0.0,
6064,3,70,50,21.4447,17.83783783783784,12.440000000000001,132.07109182591662
6065,3,70,50,4.1846,0.0,0.04,
6066,3,70,50,19.0444,13.513513513513516,10.74,132.90513127829928
6067,3,70,50,27.0851,17.82702702702703,14.530000000000001,121.79048662077435
6068,3,70,50,6.6323,2.454054054054054,1.53,155.04472264375352
6069,3,70,50,21.6289,14.594594594594593,11.959999999999999,132.20933633660255
6070,3,70,50,11.0602,6.486486486486487,5.15,129.3910665326918
6071,3,70,50,18.7026,11.891891891891891,9.290000000000001,132.1754629398414
6072,3,70,50,14.8469,11.351351351351353,7.159999999999999,139.8118592397261
6073,3,70,50,20.492,11.297297297297296,10.98,128.65818359268033
6074,3,70,50,8.1728,4.864864864864865,2.9,130.31230467804022
6075,3,70,50,18.7966,13.178378378378378,10.129999999999999,132.83688768736246
6076,3,70,50,23.9126,15.535135135135135,11.870000000000001,142.57782277756607
6077,3,70,50,15.2901,7.027027027027027,6.369999999999999,141.9830680135046
6078,3,70,50,28.6275,19.45945945945946,17.25,129.2920814144422
6079,3,70,50,11.6612,5.9459459459459465,4.8100000000000005,127.77128860471403
6080,3,75,50,8.7023,6.486486486486487,4.220000000000001,131.3523519235233
6081,3,75,50,8.2903,5.72972972972973,3.3,133.59488337086725
6082,3,75,50,9.7153,4.324324324324325,3.53,123.2297304395538
6083,3,75,50,21.4976,12.432432432432432,10.93,116.84000025439109
6084,3,75,50,13.7806,9.18918918918919,6.380000000000001,137.26995718438252
6085,3,75,50,14.4402,7.8810810810810805,6.13,129.7945338319653
6086,3,75,50,6.5431,2.8864864864864863,1.1300000000000001,158.84040835064997
6087,3,75,50,14.9336,9.72972972972973,7.790000000000001,133.01283104741577
6088,3,75,50,13.4462,7.027027027027027,6.610000000000001,124.99873016682419
6089,3,75,50,5.7192,1.145945945945946,0.7300000000000001,109.9926020664363
6090,3,75,50,18.6707,10.81081081081081,8.6,121.24036490057263
6091,3,75,50,12.6554,8.108108108108109,5.57,126.98195731678811
6092,3,75,50,13.2657,7.027027027027027,6.6,116.28872227378123
6093,3,75,50,9.9889,5.945945945945946,3.65,133.2014530914466
6094,3,75,50,5.1831,0.5405405405405406,0.67,106.45447759125187
6095,3,75,50,18.3457,8.64864864864865,7.9,123.21745030685214
6096,3,75,50,24.9431,14.594594594594593,12.2,136.0800265516154
6097,3,75,50,6.2124,1.2432432432432432,1.08,122.4368742729422
6098,3,75,50,10.6891,5.945945945945946,4.43,126.32577864834633
6099,3,75,50,21.8053,13.513513513513512,11.59,124.93435567399625
6100,3,80,50,11.0536,6.486486486486487,4.58,121.67890926739688
6101,3,80,50,12.7085,6.486486486486487,5.3100000000000005,122.78498992329749
6102,3,80,50,5.4519,1.0810810810810811,0.8099999999999999,107.15703971025766
6103,3,80,50,8.6279,5.405405405405405,3.1,170.34214883991916
6104,3,80,50,14.7443,7.956756756756756,6.7299999999999995,128.25897788205762
6105,3,80,50,13.7606,6.508108108108108,6.18,122.71540765535241
6106,3,80,50,12.586,8.108108108108109,6.109999999999999,128.68495564590472
6107,3,80,50,11.2355,8.64864864864865,5.92,128.63552282452827
6108,3,80,50,7.2707,2.745945945945946,2.06,129.4861455430361
6109,3,80,50,13.5495,8.64864864864865,6.609999999999999,124.70495816802412
6110,3,80,50,9.4705,4.324324324324325,3.29,124.62414764838917
6111,3,80,50,25.295,15.437837837837838,12.8,126.30967556095398
6112,3,80,50,5.3382,0.0,0.32999999999999996,
6113,3,80,50,17.9703,9.621621621621623,8.2,116.46034797380975
6114,3,80,50,7.6739,2.7027027027027026,2.91,139.13390565473532
6115,3,80,50,12.3357,7.5675675675675675,4.55,131.57157871323233
6116,3,80,50,4.2594,0.5405405405405406,0.3,230.42653749529285
6117,3,80,50,16.8316,7.783783783783784,6.630000000000001,128.4710869547974
6118,3,80,50,7.7434,3.7837837837837838,2.31,152.09629173748021
6119,3,80,50,4.3957,1.0810810810810811,0.61,132.93920734308568
6120,3,90,50,23.4189,12.724324324324325,11.74,123.11803558197614
6121,3,90,50,13.7924,4.324324324324325,4.779999999999999,122.2876898801981
6122,3,90,50,22.7378,12.194594594594594,10.329999999999998,114.75807118113651
6123,3,90,50,8.6681,3.762162162162162,2.46,129.41320238076005
6124,3,90,50,28.0371,17.740540540540543,17.04,125.52135391877897
6125,3,90,50,5.2582,1.6216216216216217,0.76,129.3768009238617
6126,3,90,50,18.7157,11.891891891891893,8.580000000000002,119.30041484842413
6127,3,90,50,4.2096,0.918918918918919,0.55,155.33357106826907
6128,3,90,50,5.7929,1.6216216216216217,1.65,119.0472574944297
6129,3,90,50,16.7482,8.64864864864865,7.32,119.18408078999275
6130,3,90,50,16.1177,11.35135135135135,8.629999999999999,117.63613062598407
6131,3,90,50,12.3157,6.486486486486487,5.709999999999999,122.20641171937295
6132,3,90,50,8.8766,3.2432432432432434,2.81,134.1088080001939
6133,3,90,50,7.3828,3.913513513513513,2.78,135.00256412922806
6134,3,90,50,8.1996,4.216216216216216,2.81,147.89149548191492
6135,3,90,50,7.304,2.7027027027027026,2.29,137.6413021162596
6136,3,90,50,4.3234,0.0,0.0,
6137,3,90,50,11.0355,5.405405405405405,4.86,113.5282745311905
6138,3,90,50,15.9784,9.632432432432433,6.6,141.01306015422975
6139,3,90,50,6.4405,1.6216216216216217,1.6300000000000001,159.14371218753172
6140,3,100,50,19.5041,10.27027027027027,8.65,126.38162549711474
6141,3,100,50,21.8434,13.513513513513512,11.1,127.73195329308274
6142,3,100,50,3.5123,0.0,0.0,
6143,3,100,50,14.9595,9.18918918918919,7.32,128.0248072322935
6144,3,100,50,20.9454,11.35135135135135,10.02,128.7361595503043
6145,3,100,50,11.9594,4.324324324324325,4.28,119.61790738838653
6146,3,100,50,4.6323,1.0810810810810811,0.65,174.428852722672
6147,3,100,50,13.1309,8.27027027027027,6.2299999999999995,127.9274163287049
6148,3,100,50,13.6808,5.297297297297297,5.709999999999999,128.08066895045232
6149,3,100,50,4.887,2.1621621621621623,1.26,124.4265999770767
6150,3,100,50,10.1723,8.64864864864865,5.07,132.18198782902695
6151,3,100,50,30.0179,20.8,17.419999999999998,129.39134192800128
6152,3,100,50,15.5168,10.616216216216216,8.26,125.31116705527461
6153,3,100,50,18.3374,8.27027027027027,8.57,118.76133321374618
6154,3,100,50,14.0897,5.405405405405405,5.6899999999999995,111.52822548940382
6155,3,100,50,17.7974,11.891891891891891,8.14,122.12617147714086
6156,3,100,50,14.6043,7.027027027027027,7.029999999999999,115.95808347316935
6157,3,100,50,8.4632,2.1621621621621623,2.43,117.4622968497257
6158,3,100,50,6.6625,3.2432432432432434,1.95,124.91351127324293
6159,3,100,50,21.0238,13.956756756756757,10.559999999999999,124.71273091881179
6160,3,10,75,8.3647,10.810810810810812,4.2700000000000005,261.82179378546465
6161,3,10,75,7.918,11.35135135135135,4.069999999999999,262.73769080642626
6162,3,10,75,10.7089,18.972972972972975,6.4,259.43965120351
6163,3,10,75,4.7409,4.864864864864865,0.85,397.7315953686843
6164,3,10,75,16.656,16.313513513513513,10.06,224.9462064098644
6165,3,10,75,7.1729,9.578378378378378,2.6799999999999997,385.4160225396772
6166,3,10,75,9.6381,14.713513513513513,5.6,280.2416919741025
6167,3,10,75,6.5621,9.999999999999998,2.83,362.1807622462521
6168,3,10,75,8.0937,11.416216216216217,3.2700000000000005,290.0851520663538
6169,3,10,75,12.6084,13.459459459459461,6.290000000000001,276.1363321501693
6170,3,10,75,4.9061,7.5675675675675675,0.5900000000000001,635.2772651407382
6171,3,10,75,3.7569,2.7027027027027026,0.0,700.2848934411965
6172,3,10,75,6.8717,9.18918918918919,1.9,314.28325743267686
6173,3,10,75,6.9141,11.35135135135135,3.21,251.59183468842917
6174,3,10,75,6.9343,7.362162162162162,2.27,283.54515207788546
6175,3,10,75,15.4932,20.345945945945946,8.59,228.13515630783155
6176,3,10,75,7.5654,5.405405405405405,2.43,389.176461847506
6177,3,10,75,10.2191,12.054054054054054,4.86,279.65383493428163
6178,3,10,75,8.9646,13.513513513513516,4.11,272.27054800825755
6179,3,10,75,18.5613,25.405405405405407,12.8,224.28587750288995
6180,3,20,75,11.6648,12.78918918918919,7.01,176.98632512529807
6181,3,20,75,11.0745,11.891891891891891,5.84,177.15098454288326
6182,3,20,75,11.6878,13.513513513513512,8.209999999999999,154.91973130952255
6183,3,20,75,7.5363,3.2432432432432434,2.0599999999999996,152.18835556316455
6184,3,20,75,4.8702,0.5405405405405406,0.8899999999999999,106.12297270458407
6185,3,20,75,12.0592,9.513513513513512,6.2,159.37109043922626
6186,3,20,75,11.9737,9.135135135135135,6.38,160.91874653986088
6187,3,20,75,6.7676,6.486486486486487,2.4200000000000004,204.13119693119086
6188,3,20,75,9.5829,6.486486486486487,4.16,151.08269857540836
6189,3,20,75,17.1384,19.978378378378377,11.65,168.20879247474608
6190,3,20,75,14.8058,14.064864864864864,8.96,162.07056444754048
6191,3,20,75,17.1166,16.216216216216218,10.24,164.73628276154884
6192,3,20,75,6.8314,5.405405405405405,1.98,207.42619666465242
6193,3,20,75,4.8336,0.5405405405405406,0.75,120.5647936919488
6194,3,20,75,13.5016,14.616216216216216,7.42,158.88041044974307
6195,3,20,75,8.6973,11.567567567567568,4.85,203.75958251838253
6196,3,20,75,15.5772,14.054054054054054,10.76,147.6611946629033
6197,3,20,75,10.2704,8.962162162162162,3.7900000000000005,195.1300892602968
6198,3,20,75,5.9625,5.945945945945946,1.5899999999999999,226.43270505694963
6199,3,20,75,10.6683,8.108108108108109,5.58,127.98877008425396
6200,3,30,75,8.8489,7.027027027027027,3.6,143.33692548405924
6201,3,30,75,7.128,3.7837837837837838,2.1399999999999997,159.94871483202067
6202,3,30,75,5.0031,0.5405405405405406,0.47000000000000003,92.3342392786542
6203,3,30,75,15.9587,12.875675675675677,8.959999999999999,165.39879301043666
6204,3,30,75,4.6585,0.5405405405405406,0.06,251.70263466034655
6205,3,30,75,10.7037,5.945945945945946,4.0,156.7169607642611
6206,3,30,75,7.5695,6.8,2.3,185.30349774814115
6207,3,30,75,15.323,14.594594594594593,7.82,163.96356353414538
6208,3,30,75,9.1889,5.9459459459459465,3.3299999999999996,147.61836298003527
6209,3,30,75,11.6621,9.87027027027027,6.890000000000001,168.01398005675185
6210,3,30,75,10.7385,10.27027027027027,5.43,158.05621231459892
6211,3,30,75,9.8079,8.702702702702704,4.470000000000001,163.79759159906368
6212,3,30,75,9.3986,7.027027027027027,3.7,170.74993516664892
6213,3,30,75,6.6241,3.7837837837837838,2.04,169.6906292067051
6214,3,30,75,16.2841,16.10810810810811,8.75,144.71333154814448
6215,3,30,75,7.5175,6.010810810810812,2.63,171.89452922804026
6216,3,30,75,13.8104,9.243243243243244,7.640000000000001,133.43015953195388
6217,3,30,75,15.2293,11.351351351351353,7.3,155.6058974149513
6218,3,30,75,8.1516,3.2432432432432434,2.3899999999999997,138.92220651347432
6219,3,30,75,9.1817,3.7837837837837838,2.88,147.02643376848417
6220,3,40,75,15.722,15.135135135135135,8.9,141.69823712141732
6221,3,40,75,9.5614,5.632432432432433,3.96,138.11818550531717
6222,3,40,75,13.7443,10.724324324324325,7.33,142.70281479708146
6223,3,40,75,10.3189,5.405405405405405,3.59,154.7927633856223
6224,3,40,75,8.2018,5.945945945945946,3.53,156.42976963586432
6225,3,40,75,4.0509,0.0,0.0,
6226,3,40,75,5.1426,1.362162162162162,0.6,186.35595619525824
6227,3,40,75,11.1326,5.9459459459459465,4.359999999999999,161.68831993711464
6228,3,40,75,21.2052,19.62162162162162,12.690000000000001,149.5390060314243
6229,3,40,75,8.3623,6.486486486486487,4.09,142.3206690636972
6230,3,40,75,7.5456,6.627027027027026,3.5799999999999996,178.3806416310103
6231,3,40,75,14.0087,8.64864864864865,6.2,122.05862482686051
6232,3,40,75,9.3488,7.027027027027027,4.9799999999999995,168.12557590970658
6233,3,40,75,9.6904,7.027027027027027,4.2,147.40415266969637
6234,3,40,75,5.953,3.2432432432432434,1.77,169.27876022942772
6235,3,40,75,10.899,9.18918918918919,5.99,147.78810194772467
6236,3,40,75,17.5656,20.054054054054053,11.74,159.7335261831857
6237,3,40,75,15.7644,11.891891891891893,9.52,149.59840168867615
6238,3,40,75,8.7525,5.945945945945946,3.4,142.84256882415082
6239,3,40,75,11.2159,7.059459459459459,5.2700000000000005,151.9792185232356
6240,3,50,75,11.8472,8.108108108108109,5.95,136.99700081900062
6241,3,50,75,14.6342,14.594594594594593,9.11,155.47709650874697
6242,3,50,75,11.0314,9.437837837837838,5.88,148.01297517198174
6243,3,50,75,8.4711,5.405405405405405,3.45,158.15565697523112
6244,3,50,75,6.9985,5.945945945945946,2.6700000000000004,167.79405613666555
6245,3,50,75,10.7533,12.972972972972974,7.56,163.76979700896825
6246,3,50,75,15.0058,10.335135135135136,8.83,128.09917425982866
6247,3,50,75,9.0364,4.864864864864865,3.31,123.2043841685498
6248,3,50,75,17.0782,13.816216216216215,10.39,138.10238241373295
6249,3,50,75,5.2117,1.6216216216216217,0.6699999999999999,119.40011197621523
6250,3,50,75,13.3987,8.64864864864865,6.33,137.72658945990264
6251,3,50,75,7.2931,3.675675675675676,2.56,158.35777987515027
6252,3,50,75,5.8608,2.497297297297297,1.4,150.30335143555607
6253,3,50,75,8.2858,5.945945945945946,3.6799999999999997,146.2429036035917
6254,3,50,75,15.1882,7.027027027027027,6.720000000000001,133.09803120776564
6255,3,50,75,8.8779,7.027027027027027,4.279999999999999,145.93983465539372
6256,3,50,75,7.0733,5.945945945945946,3.1,153.89463414435093
6257,3,50,75,8.7587,5.9459459459459465,4.01,137.57715700266743
6258,3,50,75,10.6555,9.18918918918919,5.1,146.7762012259481
6259,3,50,75,13.2348,10.81081081081081,7.67,148.36382709930842
6260,3,60,75,10.2883,8.237837837837837,5.069999999999999,149.26953359848193
6261,3,60,75,14.4958,11.891891891891891,8.309999999999999,131.57623272332577
6262,3,60,75,17.947,13.848648648648648,10.55,138.65218506004956
6263,3,60,75,17.4803,10.81081081081081,8.059999999999999,130.0049746596056
6264,3,60,75,12.031,10.81081081081081,6.599999999999999,145.49275397832912
6265,3,60,75,5.1037,2.7027027027027026,1.1199999999999999,206.9955556502849
6266,3,60,75,9.2211,7.5675675675675675,4.58,132.67023560805674
6267,3,60,75,12.9868,5.9459459459459465,5.779999999999999,156.6708002492609
6268,3,60,75,12.3054,8.875675675675675,6.659999999999999,141.19457287647535
6269,3,60,75,6.1288,2.7027027027027026,1.77,162.31960163347125
6270,3,60,75,4.4843,1.0810810810810811,0.7,120.9259281826387
6271,3,60,75,17.3663,12.432432432432432,9.67,140.0448604100095
6272,3,60,75,9.9809,5.9459459459459465,4.93,138.6686049244668
6273,3,60,75,9.1086,5.9459459459459465,3.25,153.39574920847096
6274,3,60,75,16.7167,16.216216216216218,10.02,139.85642264234917
6275,3,60,75,11.0824,7.027027027027027,5.11,137.6929519657074
6276,3,60,75,8.2931,2.7027027027027026,2.71,116.78525614717742
6277,3,60,75,9.2794,4.464864864864865,3.6,113.6705330118049
6278,3,60,75,14.0726,11.708108108108108,8.22,137.75153089329194
6279,3,60,75,11.7503,8.108108108108109,6.2,136.93934061992488
6280,3,70,75,7.3558,3.2432432432432434,2.5100000000000002,152.72311425965714
6281,3,70,75,15.2961,9.18918918918919,8.27,136.46634963236448
6282,3,70,75,12.955,5.405405405405405,5.08,127.8327135584693
6283,3,70,75,6.1793,3.2432432432432434,1.77,126.70088215652818
6284,3,70,75,13.2627,10.108108108108109,7.7799999999999985,126.25149459822823
6285,3,70,75,17.3371,15.675675675675677,10.73,133.00955058982083
6286,3,70,75,9.7775,10.032432432432433,5.82,141.39702326504104
6287,3,70,75,9.4732,7.027027027027026,3.8,129.22043804930615
6288,3,70,75,6.8241,2.1621621621621623,1.6300000000000001,117.45560397274429
6289,3,70,75,8.0669,4.864864864864865,2.5100000000000002,123.16820379099971
6290,3,70,75,11.6451,5.945945945945946,4.4799999999999995,134.50170323014342
6291,3,70,75,10.8637,6.594594594594595,3.8099999999999996,138.65428454266092
6292,3,70,75,14.4647,11.891891891891893,6.68,138.04638938154795
6293,3,70,75,7.0164,2.1621621621621623,1.52,160.15910969007084
6294,3,70,75,10.7495,9.71891891891892,5.12,143.89481400253024
6295,3,70,75,8.5601,7.308108108108108,3.9,153.86496395250643
6296,3,70,75,10.0944,7.5675675675675675,5.319999999999999,145.40200711258362
6297,3,70,75,5.9801,2.7027027027027026,1.64,139.71722701246932
6298,3,70,75,20.1175,16.756756756756758,11.54,131.90324533418425
6299,3,70,75,9.0082,5.124324324324324,3.38,143.0520885561853
6300,3,75,75,5.0785,1.0810810810810811,0.51,173.8338694071797
6301,3,75,75,8.0601,4.864864864864865,3.3,121.78635544777619
6302,3,75,75,7.3503,2.1621621621621623,1.7899999999999998,112.08507298418746
6303,3,75,75,12.1983,10.27027027027027,7.55,140.42271502581812
6304,3,75,75,6.3878,3.7837837837837838,1.7600000000000002,156.3654437505284
6305,3,75,75,3.9179,0.0,0.0,
6306,3,75,75,13.6088,9.978378378378377,6.7700000000000005,126.73074764999235
6307,3,75,75,9.6376,5.945945945945946,4.23,153.43865432776667
6308,3,75,75,18.515,16.7027027027027,12.989999999999998,131.46895273461297
6309,3,75,75,17.2037,15.135135135135135,11.98,145.09104420497357
6310,3,75,75,12.7949,10.27027027027027,6.069999999999999,142.55335009953112
6311,3,75,75,9.8326,6.486486486486487,5.14,125.59117893579817
6312,3,75,75,4.7083,1.0810810810810811,0.41,169.87976615384724
6313,3,75,75,13.236,11.870270270270272,7.960000000000001,151.38564214206755
6314,3,75,75,5.7911,2.1621621621621623,1.3,129.35952935293844
6315,3,75,75,21.089,21.232432432432432,13.35,134.53986042672733
6316,3,75,75,5.201,1.0810810810810811,0.9099999999999999,126.1871591342498
6317,3,75,75,18.2139,11.340540540540541,10.16,125.41424459961675
6318,3,75,75,8.6268,6.486486486486487,4.0,134.7725498321513
6319,3,75,75,15.7327,11.35135135135135,8.03,149.4130860476193
6320,3,80,75,31.597,23.28648648648649,19.89,124.32792436898222
6321,3,80,75,3.994,0.0,0.0,
6322,3,80,75,11.3827,7.805405405405405,5.8,128.0091163004519
6323,3,80,75,10.4915,10.421621621621622,4.9399999999999995,135.60455337710886
6324,3,80,75,9.4083,4.324324324324325,3.56,138.57276977145884
6325,3,80,75,3.9771,0.5405405405405406,0.11000000000000001,114.74191078875705
6326,3,80,75,7.9763,5.405405405405405,3.15,124.43740974528671
6327,3,80,75,15.2024,12.086486486486486,7.529999999999999,144.76766425876482
6328,3,80,75,6.7522,3.7837837837837838,1.8299999999999996,142.60682598392694
6329,3,80,75,17.7098,14.054054054054054,10.08,126.28238406295911
6330,3,80,75,11.0494,8.64864864864865,6.0,132.3715478144781
6331,3,80,75,6.1559,2.1621621621621623,1.2,137.61693777235178
6332,3,80,75,15.5662,11.35135135135135,8.14,142.69621400949922
6333,3,80,75,8.2071,4.864864864864865,3.02,131.00047653008576
6334,3,80,75,5.0105,1.0810810810810811,0.5599999999999999,128.36458887450763
6335,3,80,75,14.0432,13.416216216216217,8.7,137.25191215577203
6336,3,80,75,10.1513,7.372972972972972,4.9399999999999995,145.02321633851898
6337,3,80,75,16.0704,13.383783783783784,9.58,136.8566889492835
6338,3,80,75,5.7614,1.0810810810810811,0.78,158.3463456138545
6339,3,80,75,13.3688,10.27027027027027,6.6800000000000015,136.86082797577478
6340,3,90,75,3.3546,0.5405405405405406,0.24,104.36143234581036
6341,3,90,75,10.3979,7.7405405405405405,5.090000000000001,126.75811403619898
6342,3,90,75,6.4236,3.2432432432432434,1.75,142.42785734613565
6343,3,90,75,13.2794,6.486486486486486,5.35,134.42855777171283
6344,3,90,75,5.3394,0.5405405405405406,0.18,108.46459764795436
6345,3,90,75,10.5369,5.945945945945946,4.46,145.5931264787536
6346,3,90,75,8.2454,4.4324324324324325,3.71,118.03893973814496
6347,3,90,75,7.1318,4.54054054054054,2.54,136.56863275801976
6348,3,90,75,13.5776,12.01081081081081,7.56,138.0961774926202
6349,3,90,75,3.6573,0.0,0.06999999999999999,
6350,3,90,75,17.3709,13.654054054054054,10.15,134.7718713062147
6351,3,90,75,10.1351,5.351351351351352,3.9799999999999995,123.9928115976088
6352,3,90,75,8.939,4.864864864864865,3.55,129.87318155086297
6353,3,90,75,4.6619,0.0,0.02,
6354,3,90,75,11.5188,8.108108108108109,5.109999999999999,148.89454221060925
6355,3,90,75,8.4792,7.5675675675675675,4.08,122.47635081950558
6356,3,90,75,12.2746,9.956756756756757,6.2,132.5189054960183
6357,3,90,75,10.8393,5.945945945945946,4.279999999999999,120.44028318592696
6358,3,90,75,16.32,9.913513513513513,8.97,132.02908772918542
6359,3,90,75,8.3533,4.6702702702702705,3.75,124.43397944259024
6360,3,100,75,11.3345,8.64864864864865,6.15,136.87010503774104
6361,3,100,75,10.3636,5.481081081081081,4.63,136.07340756474707
6362,3,100,75,17.3283,14.572972972972973,10.580000000000002,132.51551249287144
6363,3,100,75,15.8113,10.81081081081081,8.959999999999999,119.97795616487747
6364,3,100,75,5.0816,1.6216216216216217,0.54,132.8429793816549
6365,3,100,75,8.2794,5.935135135135136,3.1300000000000003,145.35613594849724
6366,3,100,75,12.4021,6.248648648648649,6.119999999999999,112.07865532467379
6367,3,100,75,9.0051,4.962162162162162,3.6,123.28367459089591
6368,3,100,75,16.7359,17.2972972972973,11.23,128.3133526201516
6369,3,100,75,12.9837,9.18918918918919,6.959999999999999,127.39222501634876
6370,3,100,75,6.8533,1.6216216216216217,1.7100000000000002,140.5336295536436
6371,3,100,75,9.3521,3.3513513513513518,2.84,114.90000027460823
6372,3,100,75,11.8231,7.027027027027027,5.7700000000000005,137.6131680472342
6373,3,100,75,8.3809,5.405405405405405,3.65,131.34703747456817
6374,3,100,75,12.9996,8.64864864864865,6.17,135.2830400174194
6375,3,100,75,19.8376,13.891891891891893,11.27,129.70990539738227
6376,3,100,75,12.6273,7.027027027027027,5.2299999999999995,114.28247345203886
6377,3,100,75,11.222,9.72972972972973,6.13,129.04245592803554
6378,3,100,75,3.8198,0.0,0.02,
6379,3,100,75,10.1419,5.945945945945946,4.2,124.29665451585487
6380,3,10,100,9.2507,15.675675675675674,5.32,254.48778251533966
6381,3,10,100,6.7151,5.945945945945946,2.4299999999999997,304.04306987560227
6382,3,10,100,4.3158,6.78918918918919,0.45999999999999996,618.218103852919
6383,3,10,100,6.4047,8.475675675675676,2.95,348.1535796651241
6384,3,10,100,11.4586,19.394594594594594,7.25,240.33412706570027
6385,3,10,100,11.7271,19.167567567567566,7.3,238.36073632378623
6386,3,10,100,6.4719,9.72972972972973,1.95,397.88703977630246
6387,3,10,100,11.8059,18.37837837837838,7.49,250.73658022442723
6388,3,10,100,7.0054,7.113513513513513,2.7600000000000002,376.13291356540674
6389,3,10,100,9.3257,14.464864864864865,6.18,271.12414008365096
6390,3,10,100,7.739,14.054054054054053,3.3600000000000003,274.55741646409285
6391,3,10,100,8.237207896857374,13.513513513513512,3.9,279.9811376015514
6392,3,10,100,8.7781,13.383783783783784,4.9799999999999995,238.85133824429406
6393,3,10,100,6.7829,8.648648648648647,2.5,444.5930558185271
6394,3,10,100,12.045,21.081081081081084,6.17,273.30182717291024
6395,3,10,100,5.4202,5.956756756756756,1.56,394.11930553470535
6396,3,10,100,7.8434,14.518918918918919,4.4399999999999995,278.28546038527605
6397,3,10,100,9.425,13.513513513513516,4.970000000000001,289.3940878749212
6398,3,10,100,7.043,11.891891891891891,3.2399999999999998,284.5078632102943
6399,3,10,100,11.7352,20.54054054054054,7.9,260.4107491828879
6400,3,20,100,11.6799,13.6,6.590000000000001,181.9118876349148
6401,3,20,100,4.5095,1.0810810810810811,0.75,198.89213982633544
6402,3,20,100,8.6576,7.5675675675675675,3.6,181.75436286079707
6403,3,20,100,9.4008,10.27027027027027,4.37,154.2988990499845
6404,3,20,100,6.1198,3.2432432432432434,1.55,168.50287374681264
6405,3,20,100,9.0579,9.394594594594595,4.2,170.72636461410653
6406,3,20,100,8.2963,6.486486486486487,3.12,179.9913762627832
6407,3,20,100,11.4491,15.945945945945946,6.28,192.9388128635994
6408,3,20,100,9.9451,11.264864864864865,4.769999999999999,183.11123179513834
6409,3,20,100,5.2027,2.810810810810811,1.22,178.5640699898183
6410,3,20,100,8.5403,7.027027027027027,4.42,152.65363843546808
6411,3,20,100,7.5144,4.324324324324325,2.0,167.62230786354831
6412,3,20,100,4.9782,0.5405405405405406,0.44000000000000006,115.7795054974205
6413,3,20,100,7.1729,4.864864864864865,2.5200000000000005,179.22305095738432
6414,3,20,100,16.6144,18.454054054054055,12.26,179.9254277221963
6415,3,20,100,6.2683,5.048648648648649,1.48,216.29365758120096
6416,3,20,100,10.8595,13.513513513513516,6.720000000000001,190.0342698118238
6417,3,20,100,5.8792,4.864864864864865,2.02,188.36830448440094
6418,3,20,100,6.2544,5.945945945945946,1.83,183.14065910745688
6419,3,20,100,7.1004,4.864864864864865,2.45,187.49023934418202
6420,3,30,100,9.5827,12.572972972972973,5.79,172.6456367481983
6421,3,30,100,4.6509,1.6216216216216217,0.35,257.21918692880166
6422,3,30,100,7.5386,5.945945945945946,3.16,179.69816579037715
6423,3,30,100,4.1344,0.0,0.0,
6424,3,30,100,6.3912,2.7027027027027026,1.59,165.3211746576854
6425,3,30,100,11.1684,10.27027027027027,6.409999999999999,140.81200282000762
6426,3,30,100,8.3479,7.027027027027026,3.3200000000000003,168.17767213273243
6427,3,30,100,11.6593,12.78918918918919,6.580000000000001,165.65815551457305
6428,3,30,100,4.4725,0.0,0.04,
6429,3,30,100,4.1667,0.5405405405405406,0.31,137.41161452376437
6430,3,30,100,5.0279,1.0810810810810811,0.39,174.6617063916363
6431,3,30,100,4.6878,1.3297297297297297,0.68,157.4983515738676
6432,3,30,100,10.1997,10.767567567567568,4.42,178.5474334880034
6433,3,30,100,17.4952,22.194594594594594,14.319999999999999,165.96726936333508
6434,3,30,100,9.2328,11.308108108108108,4.97,178.73891571122198
6435,3,30,100,5.8882,2.7027027027027026,1.59,109.4378064638526
6436,3,30,100,5.4027,3.7837837837837838,2.0799999999999996,183.4095784691306
6437,3,30,100,8.4704,8.108108108108109,4.17,161.22730756552042
6438,3,30,100,5.4962,3.7837837837837838,1.85,215.88327660644362
6439,3,30,100,6.7703,5.405405405405405,2.4699999999999998,175.25757657387538
6440,3,40,100,12.9096,11.891891891891891,7.530000000000001,173.95140333110484
6441,3,40,100,11.5922,11.102702702702704,6.7,152.7623892542122
6442,3,40,100,10.1071,9.675675675675674,4.9799999999999995,183.9713564528589
6443,3,40,100,16.7335,15.675675675675677,10.309999999999999,153.5884619102074
6444,3,40,100,9.4062,10.27027027027027,4.279999999999999,156.2413524076591
6445,3,40,100,15.9692,14.054054054054054,9.610000000000001,158.7401453372445
6446,3,40,100,7.5894,7.232432432432432,3.5400000000000005,172.070333716131
6447,3,40,100,9.7877,9.556756756756759,6.2700000000000005,138.06360715870812
6448,3,40,100,4.501,0.0,0.0,
6449,3,40,100,6.0017,4.324324324324325,2.04,172.17309047363761
6450,3,40,100,6.1384,4.324324324324325,1.6299999999999997,170.9987075487958
6451,3,40,100,8.748,8.64864864864865,4.53,151.73978251602963
6452,3,40,100,3.822,0.0,0.0,
6453,3,40,100,12.5318,12.313513513513513,7.56,158.96002467114812
6454,3,40,100,9.0956,11.35135135135135,4.94,164.65188063987037
6455,3,40,100,4.9314,1.6216216216216217,0.54,155.93781353822013
6456,3,40,100,5.2966,4.864864864864865,1.54,194.98994610710173
6457,3,40,100,8.5818,7.5675675675675675,4.62,136.30813243556298
6458,3,40,100,7.9605,4.464864864864865,2.75,146.26890071586712
6459,3,40,100,12.5891,17.83783783783784,8.629999999999999,162.8729507540165
6460,3,50,100,8.7729,8.108108108108109,5.51,140.2266797257081
6461,3,50,100,4.4906,1.0810810810810811,0.42000000000000004,180.21188613338128
6462,3,50,100,12.3942,13.275675675675675,6.5699999999999985,152.47522183180317
6463,3,50,100,9.1213,7.5675675675675675,3.8899999999999997,161.16836054564268
6464,3,50,100,4.8473,1.0810810810810811,0.9899999999999999,135.71782201956407
6465,3,50,100,10.1848,6.8,4.380000000000001,147.15298575387763
6466,3,50,100,16.073,12.972972972972974,9.379999999999999,160.25595561798733
6467,3,50,100,9.2409,7.816216216216216,4.4799999999999995,153.11520953233256
6468,3,50,100,11.9061,11.35135135135135,6.07,149.5427675834575
6469,3,50,100,11.0696,8.010810810810812,5.49,144.65088035245026
6470,3,50,100,10.8862,10.508108108108107,6.12,148.89549004262113
6471,3,50,100,10.9152,12.432432432432433,6.669999999999999,158.2788942697775
6472,3,50,100,9.3756,8.64864864864865,5.069999999999999,153.9616000369093
6473,3,50,100,6.2602,3.7837837837837838,2.49,171.90344546315933
6474,3,50,100,12.9604,10.043243243243243,6.389999999999999,157.22645112556515
6475,3,50,100,15.3939,18.151351351351348,11.690000000000001,146.9995497757361
6476,3,50,100,7.1596,4.324324324324325,2.1100000000000003,137.33467450542872
6477,3,50,100,9.5988,6.648648648648648,3.84,136.78282672628654
6478,3,50,100,7.4145,4.324324324324325,2.6599999999999997,136.3322607694605
6479,3,50,100,8.3343,8.64864864864865,4.3,160.15352499675316
6480,3,60,100,11.6467,8.64864864864865,5.62,139.60508997503865
6481,3,60,100,12.0963,9.72972972972973,5.950000000000001,134.25381116447755
6482,3,60,100,18.056,20.778378378378378,13.39,142.8686686285011
6483,3,60,100,16.4268,16.756756756756758,12.03,146.3172547994447
6484,3,60,100,7.8654,4.324324324324325,3.06,124.7318553537123
6485,3,60,100,11.8882,8.64864864864865,6.6,131.68689368805303
6486,3,60,100,15.6787,15.686486486486487,10.22,141.94805285529927
6487,3,60,100,8.5153,6.486486486486487,4.15,158.50892321035192
6488,3,60,100,5.2965,1.6216216216216217,1.2399999999999998,171.41943043267588
6489,3,60,100,18.5003,16.756756756756758,13.8,140.42878186200994
6490,3,60,100,11.5175,10.67027027027027,6.87,156.0670770698247
6491,3,60,100,6.698,4.324324324324325,1.8399999999999999,155.0297910560181
6492,3,60,100,6.6121,3.7837837837837838,1.42,142.6310637117545
6493,3,60,100,12.0355,11.35135135135135,6.13,155.27497789549494
6494,3,60,100,7.8874,3.7837837837837838,3.09,146.54477542579528
6495,3,60,100,9.079,8.64864864864865,4.5600000000000005,153.4582050162329
6496,3,60,100,8.6297,5.113513513513514,3.3599999999999994,142.14639626953428
6497,3,60,100,9.3409,4.324324324324325,4.1899999999999995,122.04706741983489
6498,3,60,100,4.8225,1.5675675675675675,0.71,206.36842869841553
6499,3,60,100,12.99,13.31891891891892,7.99,146.57428661717623
6500,3,70,100,10.0327,7.264864864864864,4.7,138.59109578921823
6501,3,70,100,3.6505,0.0,0.08,
6502,3,70,100,5.0501,0.5405405405405406,0.54,121.7410609986169
6503,3,70,100,5.6151,2.7027027027027026,1.05,171.3308811191078
6504,3,70,100,5.2134,2.1621621621621623,1.18,155.13947524858037
6505,3,70,100,19.5733,14.4,12.0,133.95977074708887
6506,3,70,100,10.8431,9.45945945945946,5.37,139.72916840942887
6507,3,70,100,7.5073,4.324324324324325,3.1799999999999997,139.7552553195407
6508,3,70,100,9.4497,6.724324324324324,4.52,144.1920803719565
6509,3,70,100,6.9302,4.864864864864865,2.84,157.12962701156337
6510,3,70,100,10.8868,8.183783783783785,5.49,142.29865600980892
6511,3,70,100,12.7615,13.297297297297296,8.77,144.98884348881018
6512,3,70,100,19.3878,24.108108108108105,13.059999999999999,146.20630406461837
6513,3,70,100,8.9644,6.540540540540542,3.97,127.21618390705922
6514,3,70,100,3.6541,0.0,0.0,
6515,3,70,100,4.596,1.5243243243243243,0.9,120.59144787647818
6516,3,70,100,5.897,4.486486486486486,1.43,175.61643749621632
6517,3,70,100,4.7065,1.6216216216216217,0.6599999999999999,184.74477152018335
6518,3,70,100,8.1343,4.951351351351351,3.01,132.09713037357764
6519,3,70,100,7.9013,4.1189189189189195,2.2800000000000002,137.99820158311562
6520,3,75,100,4.1601,0.0,0.0,
6521,3,75,100,7.9726,3.7837837837837838,2.7399999999999998,122.26802904693879
6522,3,75,100,7.6713,6.237837837837838,3.14,138.88781462561892
6523,3,75,100,15.8907,13.189189189189188,11.379999999999999,136.23519840290143
6524,3,75,100,8.1605,3.2432432432432434,2.58,118.28548283994667
6525,3,75,100,11.5263,12.843243243243242,6.609999999999999,145.24272803427218
6526,3,75,100,11.761,10.27027027027027,6.24,131.75422364242806
6527,3,75,100,6.7774,3.4270270270270276,2.0700000000000003,153.47361527426253
6528,3,75,100,7.6186,5.794594594594595,3.2600000000000002,133.07929590909563
6529,3,75,100,10.0765,5.405405405405405,4.409999999999999,120.22464262319122
6530,3,75,100,6.236,3.7837837837837838,2.35,124.42384837627962
6531,3,75,100,14.3186,11.35135135135135,9.76,126.71928768582183
6532,3,75,100,10.169,4.789189189189189,4.16,121.95863856501481
6533,3,75,100,10.1358,6.8432432432432435,4.7299999999999995,132.88359293472098
6534,3,75,100,8.4325,5.405405405405405,2.8,139.08428962478828
6535,3,75,100,9.7175,7.4702702702702695,5.36,159.9214544114225
6536,3,75,100,14.7297,14.054054054054054,8.870000000000001,139.10729888482982
6537,3,75,100,7.4039,6.486486486486487,3.4099999999999993,166.27983701877517
6538,3,75,100,10.6246,7.102702702702703,5.75,116.2905113794928
6539,3,75,100,9.6875,6.486486486486487,4.85,150.74884360465919
6540,3,80,100,7.1676,5.405405405405405,3.29,157.144222057071
6541,3,80,100,7.4999,2.7027027027027026,2.07,119.09701650243582
6542,3,80,100,8.0757,5.945945945945946,3.53,157.76509723820388
6543,3,80,100,11.97,11.891891891891891,5.85,143.3603756441498
6544,3,80,100,8.4854,3.7837837837837838,2.82,150.35173908525556
6545,3,80,100,4.2871,0.0,0.0,
6546,3,80,100,15.9601,14.054054054054053,9.67,136.62750330461523
6547,3,80,100,7.8912,4.324324324324325,2.63,156.5771098119739
6548,3,80,100,4.5705,0.5405405405405406,0.27,117.95404628807027
6549,3,80,100,8.1133,3.2432432432432434,3.5800000000000005,123.28043898821598
6550,3,80,100,7.6278,5.816216216216216,3.3600000000000003,146.1546122509037
6551,3,80,100,10.335,6.929729729729729,5.38,140.99903871950988
6552,3,80,100,7.6167,3.7837837837837838,2.4000000000000004,155.87528701092197
6553,3,80,100,16.9283,13.891891891891891,9.85,129.73233053440785
6554,3,80,100,9.0846,8.108108108108109,4.39,133.40301877757506
6555,3,80,100,7.5564,4.324324324324325,3.4099999999999993,128.93969540573798
6556,3,80,100,12.5526,10.82162162162162,7.24,140.0133574434709
6557,3,80,100,4.679,1.0810810810810811,0.71,121.46671835785651
6558,3,80,100,7.5974,3.243243243243243,2.0,118.81620057296078
6559,3,80,100,4.4948,0.8648648648648649,0.8899999999999999,154.48018721963575
6560,3,90,100,15.0877,14.594594594594593,10.08,140.38086530628408
6561,3,90,100,6.6157,2.8756756756756756,2.1100000000000003,125.88537957078051
6562,3,90,100,6.2268,3.2432432432432434,1.3800000000000001,179.41295319203562
6563,3,90,100,22.2592,22.681081081081082,16.19,135.5142568351029
6564,3,90,100,6.8426,3.3189189189189188,1.98,128.26595550883104
6565,3,90,100,20.814,20.54054054054054,14.62,128.93139908708113
6566,3,90,100,7.4657,2.7027027027027026,2.46,118.11385081241505
6567,3,90,100,4.2648,0.0,0.02,
6568,3,90,100,4.2898,1.0810810810810811,0.32999999999999996,126.02358629861425
6569,3,90,100,5.55,2.7027027027027026,1.5,153.14703589421612
6570,3,90,100,8.8369,6.486486486486486,4.32,127.11755945675246
6571,3,90,100,16.5381,17.502702702702702,11.0,139.18468534373713
6572,3,90,100,4.9844,1.6216216216216217,0.62,136.19589510383688
6573,3,90,100,13.8738,10.745945945945946,9.15,135.514927112252
6574,3,90,100,6.5374,2.6054054054054054,1.61,120.97473569439221
6575,3,90,100,12.7493,9.18918918918919,5.83,121.1695329447175
6576,3,90,100,6.4083,3.7837837837837838,1.7399999999999998,136.73617420551963
6577,3,90,100,12.5434,10.81081081081081,7.530000000000001,126.46428295200016
6578,3,90,100,14.2186,12.972972972972974,8.73,131.70641858705173
6579,3,90,100,12.3238,11.891891891891891,7.37,134.1723143020666
6580,3,100,100,4.6864,0.5405405405405406,0.62,103.87225177208435
6581,3,100,100,12.1014,12.972972972972974,8.52,129.42259995069693
6582,3,100,100,9.1706,5.9459459459459465,3.18,137.02617317457236
6583,3,100,100,13.985,12.432432432432432,8.7,132.56703255380128
6584,3,100,100,7.0757,3.7837837837837838,2.5,136.68971165415888
6585,3,100,100,5.0005,1.6216216216216217,1.1400000000000001,162.17763799560856
6586,3,100,100,13.3612,11.556756756756757,7.81,123.15328346290862
6587,3,100,100,13.4049,11.048648648648648,7.95,124.54089961461932
6588,3,100,100,14.7074,10.940540540540542,7.720000000000001,133.2530288952321
6589,3,100,100,6.577,1.772972972972973,1.3900000000000001,117.78769537915024
6590,3,100,100,9.3263,8.64864864864865,5.14,134.1022650240675
6591,3,100,100,8.2687,4.410810810810811,2.97,121.84136945125437
6592,3,100,100,5.4231,0.5405405405405406,1.09,100.07352330918395
6593,3,100,100,8.8102,5.848648648648648,4.05,146.61101206180712
6594,3,100,100,15.4062,15.675675675675677,10.139999999999997,139.25236027367308
6595,3,100,100,9.6537,5.945945945945946,4.57,127.06838819730233
6596,3,100,100,11.4551,12.432432432432432,5.8,126.43718701510629
6597,3,100,100,4.9056,1.6216216216216217,0.8699999999999999,130.30102625929058
6598,3,100,100,4.4681,0.0,0.04,
6599,3,100,100,14.3934,14.594594594594593,8.219999999999999,135.22439708088174
